B_mean,B_mean_sq_over_B2_mean,B_rms,accepted_measurements,actual_shell_center_cells,cube_id,dBB,deltaB,deltaB_sq_over_B2_mean,direction,p_value,pre_wedge_shell_exclusion_total,pre_wedge_shell_exclusions,q_name,raw_moment_S_p_perpendicular,requested_ell_cells,rooted_amplitude_A_p_perpendicular,supported_rooted_amplitude
0.9195855259895325,0.8785194754600525,0.9811071157455444,1439,31.984371183438952,L640_sub00370,0.3718584179878235,0.34195560216903687,0.12148050963878632,parallel,1.0,0,"{""invalid_B"": 0, ""invalid_q"": 0, ""weak_B_direction"": 0, ""weak_q_perp_for_phi"": 0, ""weak_r_perp_for_phi"": 0}",B,0.05897013454379535,32.0,0.05897013454379535,True
0.9195855259895325,0.8785194754600525,0.9811071157455444,1393,62.96824596572466,L640_sub00370,0.3718584179878235,0.34195560216903687,0.12148050963878632,parallel,1.0,0,"{""invalid_B"": 0, ""invalid_q"": 0, ""weak_B_direction"": 0, ""weak_q_perp_for_phi"": 0, ""weak_r_perp_for_phi"": 0}",B,0.09724800079002528,64.0,0.09724800079002528,True
0.9195855259895325,0.8785194754600525,0.9811071157455444,1460,125.193849689192,L640_sub00370,0.3718584179878235,0.34195560216903687,0.12148050963878632,parallel,1.0,0,"{""invalid_B"": 0, ""invalid_q"": 0, ""weak_B_direction"": 0, ""weak_q_perp_for_phi"": 0, ""weak_r_perp_for_phi"": 0}",B,0.13602121117303628,128.0,0.13602121117303628,True
0.9195855259895325,0.8785194754600525,0.9811071157455444,1339,31.984371183438952,L640_sub00370,0.3718584179878235,0.34195560216903687,0.12148050963878632,xi,1.0,0,"{""invalid_B"": 0, ""invalid_q"": 0, ""weak_B_direction"": 0, ""weak_q_perp_for_phi"": 0, ""weak_r_perp_for_phi"": 0}",B,0.08809286044587146,32.0,0.08809286044587146,True
0.9195855259895325,0.8785194754600525,0.9811071157455444,1333,62.96824596572466,L640_sub00370,0.3718584179878235,0.34195560216903687,0.12148050963878632,xi,1.0,0,"{""invalid_B"": 0, ""invalid_q"": 0, ""weak_B_direction"": 0, ""weak_q_perp_for_phi"": 0, ""weak_r_perp_for_phi"": 0}",B,0.12008029140418236,64.0,0.12008029140418236,True
0.9195855259895325,0.8785194754600525,0.9811071157455444,1251,125.193849689192,L640_sub00370,0.3718584179878235,0.34195560216903687,0.12148050963878632,xi,1.0,0,"{""invalid_B"": 0, ""invalid_q"": 0, ""weak_B_direction"": 0, ""weak_q_perp_for_phi"": 0, ""weak_r_perp_for_phi"": 0}",B,0.1642366271280286,128.0,0.1642366271280286,True
0.9195855259895325,0.8785194754600525,0.9811071157455444,2542,31.984371183438952,L640_sub00370,0.3718584179878235,0.34195560216903687,0.12148050963878632,lambda,1.0,0,"{""invalid_B"": 0, ""invalid_q"": 0, ""weak_B_direction"": 0, ""weak_q_perp_for_phi"": 0, ""weak_r_perp_for_phi"": 0}",B,0.1473040995899587,32.0,0.1473040995899587,True
0.9195855259895325,0.8785194754600525,0.9811071157455444,2570,62.96824596572466,L640_sub00370,0.3718584179878235,0.34195560216903687,0.12148050963878632,lambda,1.0,0,"{""invalid_B"": 0, ""invalid_q"": 0, ""weak_B_direction"": 0, ""weak_q_perp_for_phi"": 0, ""weak_r_perp_for_phi"": 0}",B,0.18465689033668733,64.0,0.18465689033668733,True
0.9195855259895325,0.8785194754600525,0.9811071157455444,2718,125.193849689192,L640_sub00370,0.3718584179878235,0.34195560216903687,0.12148050963878632,lambda,1.0,0,"{""invalid_B"": 0, ""invalid_q"": 0, ""weak_B_direction"": 0, ""weak_q_perp_for_phi"": 0, ""weak_r_perp_for_phi"": 0}",B,0.23002045788581435,128.0,0.23002045788581435,True
0.9195855259895325,0.8785194754600525,0.9811071157455444,1439,31.984371183438952,L640_sub00370,0.3718584179878235,0.34195560216903687,0.12148050963878632,parallel,1.0,0,"{""invalid_B"": 0, ""invalid_q"": 0, ""weak_B_direction"": 0, ""weak_q_perp_for_phi"": 0, ""weak_r_perp_for_phi"": 0}",u,0.0508011240035382,32.0,0.0508011240035382,True
0.9195855259895325,0.8785194754600525,0.9811071157455444,1393,62.96824596572466,L640_sub00370,0.3718584179878235,0.34195560216903687,0.12148050963878632,parallel,1.0,0,"{""invalid_B"": 0, ""invalid_q"": 0, ""weak_B_direction"": 0, ""weak_q_perp_for_phi"": 0, ""weak_r_perp_for_phi"": 0}",u,0.08131339335187804,64.0,0.08131339335187804,True
0.9195855259895325,0.8785194754600525,0.9811071157455444,1460,125.193849689192,L640_sub00370,0.3718584179878235,0.34195560216903687,0.12148050963878632,parallel,1.0,0,"{""invalid_B"": 0, ""invalid_q"": 0, ""weak_B_direction"": 0, ""weak_q_perp_for_phi"": 0, ""weak_r_perp_for_phi"": 0}",u,0.11512848440162751,128.0,0.11512848440162751,True
0.9195855259895325,0.8785194754600525,0.9811071157455444,1489,31.984371183438952,L640_sub00370,0.3718584179878235,0.34195560216903687,0.12148050963878632,xi,1.0,0,"{""invalid_B"": 0, ""invalid_q"": 0, ""weak_B_direction"": 0, ""weak_q_perp_for_phi"": 0, ""weak_r_perp_for_phi"": 0}",u,0.08062390241630758,32.0,0.08062390241630758,True
0.9195855259895325,0.8785194754600525,0.9811071157455444,1570,62.96824596572466,L640_sub00370,0.3718584179878235,0.34195560216903687,0.12148050963878632,xi,1.0,0,"{""invalid_B"": 0, ""invalid_q"": 0, ""weak_B_direction"": 0, ""weak_q_perp_for_phi"": 0, ""weak_r_perp_for_phi"": 0}",u,0.10612062041464222,64.0,0.10612062041464222,True
0.9195855259895325,0.8785194754600525,0.9811071157455444,1616,125.193849689192,L640_sub00370,0.3718584179878235,0.34195560216903687,0.12148050963878632,xi,1.0,0,"{""invalid_B"": 0, ""invalid_q"": 0, ""weak_B_direction"": 0, ""weak_q_perp_for_phi"": 0, ""weak_r_perp_for_phi"": 0}",u,0.14363313122279162,128.0,0.14363313122279162,True
0.9195855259895325,0.8785194754600525,0.9811071157455444,2620,31.984371183438952,L640_sub00370,0.3718584179878235,0.34195560216903687,0.12148050963878632,lambda,1.0,0,"{""invalid_B"": 0, ""invalid_q"": 0, ""weak_B_direction"": 0, ""weak_q_perp_for_phi"": 0, ""weak_r_perp_for_phi"": 0}",u,0.12718614986283688,32.0,0.12718614986283688,True
0.9195855259895325,0.8785194754600525,0.9811071157455444,2389,62.96824596572466,L640_sub00370,0.3718584179878235,0.34195560216903687,0.12148050963878632,lambda,1.0,0,"{""invalid_B"": 0, ""invalid_q"": 0, ""weak_B_direction"": 0, ""weak_q_perp_for_phi"": 0, ""weak_r_perp_for_phi"": 0}",u,0.1604535503523925,64.0,0.1604535503523925,True
0.9195855259895325,0.8785194754600525,0.9811071157455444,2311,125.193849689192,L640_sub00370,0.3718584179878235,0.34195560216903687,0.12148050963878632,lambda,1.0,0,"{""invalid_B"": 0, ""invalid_q"": 0, ""weak_B_direction"": 0, ""weak_q_perp_for_phi"": 0, ""weak_r_perp_for_phi"": 0}",u,0.20026642768107775,128.0,0.20026642768107775,True
0.9195855259895325,0.8785194754600525,0.9811071157455444,1439,31.984371183438952,L640_sub00370,0.3718584179878235,0.34195560216903687,0.12148050963878632,parallel,2.0,0,"{""invalid_B"": 0, ""invalid_q"": 0, ""weak_B_direction"": 0, ""weak_q_perp_for_phi"": 0, ""weak_r_perp_for_phi"": 0}",B,0.0064866383232050715,32.0,0.08053966925189768,True
0.9195855259895325,0.8785194754600525,0.9811071157455444,1393,62.96824596572466,L640_sub00370,0.3718584179878235,0.34195560216903687,0.12148050963878632,parallel,2.0,0,"{""invalid_B"": 0, ""invalid_q"": 0, ""weak_B_direction"": 0, ""weak_q_perp_for_phi"": 0, ""weak_r_perp_for_phi"": 0}",B,0.015443514178817279,64.0,0.12427193640889836,True
0.9195855259895325,0.8785194754600525,0.9811071157455444,1460,125.193849689192,L640_sub00370,0.3718584179878235,0.34195560216903687,0.12148050963878632,parallel,2.0,0,"{""invalid_B"": 0, ""invalid_q"": 0, ""weak_B_direction"": 0, ""weak_q_perp_for_phi"": 0, ""weak_r_perp_for_phi"": 0}",B,0.026850719409470248,128.0,0.16386189126660977,True
0.9195855259895325,0.8785194754600525,0.9811071157455444,1339,31.984371183438952,L640_sub00370,0.3718584179878235,0.34195560216903687,0.12148050963878632,xi,2.0,0,"{""invalid_B"": 0, ""invalid_q"": 0, ""weak_B_direction"": 0, ""weak_q_perp_for_phi"": 0, ""weak_r_perp_for_phi"": 0}",B,0.01238071868754087,32.0,0.11126867792663338,True
0.9195855259895325,0.8785194754600525,0.9811071157455444,1333,62.96824596572466,L640_sub00370,0.3718584179878235,0.34195560216903687,0.12148050963878632,xi,2.0,0,"{""invalid_B"": 0, ""invalid_q"": 0, ""weak_B_direction"": 0, ""weak_q_perp_for_phi"": 0, ""weak_r_perp_for_phi"": 0}",B,0.021112707346220446,64.0,0.14530212436926188,True
0.9195855259895325,0.8785194754600525,0.9811071157455444,1251,125.193849689192,L640_sub00370,0.3718584179878235,0.34195560216903687,0.12148050963878632,xi,2.0,0,"{""invalid_B"": 0, ""invalid_q"": 0, ""weak_B_direction"": 0, ""weak_q_perp_for_phi"": 0, ""weak_r_perp_for_phi"": 0}",B,0.040322058042141846,128.0,0.20080353095038406,True
0.9195855259895325,0.8785194754600525,0.9811071157455444,2542,31.984371183438952,L640_sub00370,0.3718584179878235,0.34195560216903687,0.12148050963878632,lambda,2.0,0,"{""invalid_B"": 0, ""invalid_q"": 0, ""weak_B_direction"": 0, ""weak_q_perp_for_phi"": 0, ""weak_r_perp_for_phi"": 0}",B,0.0358242265529606,32.0,0.18927288911241516,True
0.9195855259895325,0.8785194754600525,0.9811071157455444,2570,62.96824596572466,L640_sub00370,0.3718584179878235,0.34195560216903687,0.12148050963878632,lambda,2.0,0,"{""invalid_B"": 0, ""invalid_q"": 0, ""weak_B_direction"": 0, ""weak_q_perp_for_phi"": 0, ""weak_r_perp_for_phi"": 0}",B,0.053737896531458086,64.0,0.2318143579061877,True
0.9195855259895325,0.8785194754600525,0.9811071157455444,2718,125.193849689192,L640_sub00370,0.3718584179878235,0.34195560216903687,0.12148050963878632,lambda,2.0,0,"{""invalid_B"": 0, ""invalid_q"": 0, ""weak_B_direction"": 0, ""weak_q_perp_for_phi"": 0, ""weak_r_perp_for_phi"": 0}",B,0.07370914234395516,128.0,0.27149427681620686,True
0.9195855259895325,0.8785194754600525,0.9811071157455444,1439,31.984371183438952,L640_sub00370,0.3718584179878235,0.34195560216903687,0.12148050963878632,parallel,2.0,0,"{""invalid_B"": 0, ""invalid_q"": 0, ""weak_B_direction"": 0, ""weak_q_perp_for_phi"": 0, ""weak_r_perp_for_phi"": 0}",u,0.004576370719974399,32.0,0.06764887818710964,True
0.9195855259895325,0.8785194754600525,0.9811071157455444,1393,62.96824596572466,L640_sub00370,0.3718584179878235,0.34195560216903687,0.12148050963878632,parallel,2.0,0,"{""invalid_B"": 0, ""invalid_q"": 0, ""weak_B_direction"": 0, ""weak_q_perp_for_phi"": 0, ""weak_r_perp_for_phi"": 0}",u,0.011402422890835165,64.0,0.1067821281434078,True
0.9195855259895325,0.8785194754600525,0.9811071157455444,1460,125.193849689192,L640_sub00370,0.3718584179878235,0.34195560216903687,0.12148050963878632,parallel,2.0,0,"{""invalid_B"": 0, ""invalid_q"": 0, ""weak_B_direction"": 0, ""weak_q_perp_for_phi"": 0, ""weak_r_perp_for_phi"": 0}",u,0.020084453021407378,128.0,0.1417196282150337,True
0.9195855259895325,0.8785194754600525,0.9811071157455444,1489,31.984371183438952,L640_sub00370,0.3718584179878235,0.34195560216903687,0.12148050963878632,xi,2.0,0,"{""invalid_B"": 0, ""invalid_q"": 0, ""weak_B_direction"": 0, ""weak_q_perp_for_phi"": 0, ""weak_r_perp_for_phi"": 0}",u,0.010418136263598738,32.0,0.10206927188727632,True
0.9195855259895325,0.8785194754600525,0.9811071157455444,1570,62.96824596572466,L640_sub00370,0.3718584179878235,0.34195560216903687,0.12148050963878632,xi,2.0,0,"{""invalid_B"": 0, ""invalid_q"": 0, ""weak_B_direction"": 0, ""weak_q_perp_for_phi"": 0, ""weak_r_perp_for_phi"": 0}",u,0.016663827927990385,64.0,0.1290884500177703,True
0.9195855259895325,0.8785194754600525,0.9811071157455444,1616,125.193849689192,L640_sub00370,0.3718584179878235,0.34195560216903687,0.12148050963878632,xi,2.0,0,"{""invalid_B"": 0, ""invalid_q"": 0, ""weak_B_direction"": 0, ""weak_q_perp_for_phi"": 0, ""weak_r_perp_for_phi"": 0}",u,0.030534907246671524,128.0,0.17474240254349122,True
0.9195855259895325,0.8785194754600525,0.9811071157455444,2620,31.984371183438952,L640_sub00370,0.3718584179878235,0.34195560216903687,0.12148050963878632,lambda,2.0,0,"{""invalid_B"": 0, ""invalid_q"": 0, ""weak_B_direction"": 0, ""weak_q_perp_for_phi"": 0, ""weak_r_perp_for_phi"": 0}",u,0.0264188306730693,32.0,0.16253870515378574,True
0.9195855259895325,0.8785194754600525,0.9811071157455444,2389,62.96824596572466,L640_sub00370,0.3718584179878235,0.34195560216903687,0.12148050963878632,lambda,2.0,0,"{""invalid_B"": 0, ""invalid_q"": 0, ""weak_B_direction"": 0, ""weak_q_perp_for_phi"": 0, ""weak_r_perp_for_phi"": 0}",u,0.04107484917777113,64.0,0.20266930990599225,True
0.9195855259895325,0.8785194754600525,0.9811071157455444,2311,125.193849689192,L640_sub00370,0.3718584179878235,0.34195560216903687,0.12148050963878632,lambda,2.0,0,"{""invalid_B"": 0, ""invalid_q"": 0, ""weak_B_direction"": 0, ""weak_q_perp_for_phi"": 0, ""weak_r_perp_for_phi"": 0}",u,0.06436280102388972,128.0,0.2536982479716597,True
0.9195855259895325,0.8785194754600525,0.9811071157455444,1439,31.984371183438952,L640_sub00370,0.3718584179878235,0.34195560216903687,0.12148050963878632,parallel,3.0,0,"{""invalid_B"": 0, ""invalid_q"": 0, ""weak_B_direction"": 0, ""weak_q_perp_for_phi"": 0, ""weak_r_perp_for_phi"": 0}",B,0.0011791963704909246,32.0,0.10564818601508817,True
0.9195855259895325,0.8785194754600525,0.9811071157455444,1393,62.96824596572466,L640_sub00370,0.3718584179878235,0.34195560216903687,0.12148050963878632,parallel,3.0,0,"{""invalid_B"": 0, ""invalid_q"": 0, ""weak_B_direction"": 0, ""weak_q_perp_for_phi"": 0, ""weak_r_perp_for_phi"": 0}",B,0.003588640067770734,64.0,0.15310050877768933,True
0.9195855259895325,0.8785194754600525,0.9811071157455444,1460,125.193849689192,L640_sub00370,0.3718584179878235,0.34195560216903687,0.12148050963878632,parallel,3.0,0,"{""invalid_B"": 0, ""invalid_q"": 0, ""weak_B_direction"": 0, ""weak_q_perp_for_phi"": 0, ""weak_r_perp_for_phi"": 0}",B,0.006976878900045076,128.0,0.19108227132933742,True
0.9195855259895325,0.8785194754600525,0.9811071157455444,1339,31.984371183438952,L640_sub00370,0.3718584179878235,0.34195560216903687,0.12148050963878632,xi,3.0,0,"{""invalid_B"": 0, ""invalid_q"": 0, ""weak_B_direction"": 0, ""weak_q_perp_for_phi"": 0, ""weak_r_perp_for_phi"": 0}",B,0.002686193086958028,32.0,0.13900990366365842,True
0.9195855259895325,0.8785194754600525,0.9811071157455444,1333,62.96824596572466,L640_sub00370,0.3718584179878235,0.34195560216903687,0.12148050963878632,xi,3.0,0,"{""invalid_B"": 0, ""invalid_q"": 0, ""weak_B_direction"": 0, ""weak_q_perp_for_phi"": 0, ""weak_r_perp_for_phi"": 0}",B,0.004893815462377806,64.0,0.16977843641452167,True
0.9195855259895325,0.8785194754600525,0.9811071157455444,1251,125.193849689192,L640_sub00370,0.3718584179878235,0.34195560216903687,0.12148050963878632,xi,3.0,0,"{""invalid_B"": 0, ""invalid_q"": 0, ""weak_B_direction"": 0, ""weak_q_perp_for_phi"": 0, ""weak_r_perp_for_phi"": 0}",B,0.0131828934503748,128.0,0.23623101392023838,True
0.9195855259895325,0.8785194754600525,0.9811071157455444,2542,31.984371183438952,L640_sub00370,0.3718584179878235,0.34195560216903687,0.12148050963878632,lambda,3.0,0,"{""invalid_B"": 0, ""invalid_q"": 0, ""weak_B_direction"": 0, ""weak_q_perp_for_phi"": 0, ""weak_r_perp_for_phi"": 0}",B,0.012028661144596609,32.0,0.22912497481356828,True
0.9195855259895325,0.8785194754600525,0.9811071157455444,2570,62.96824596572466,L640_sub00370,0.3718584179878235,0.34195560216903687,0.12148050963878632,lambda,3.0,0,"{""invalid_B"": 0, ""invalid_q"": 0, ""weak_B_direction"": 0, ""weak_q_perp_for_phi"": 0, ""weak_r_perp_for_phi"": 0}",B,0.020945377208154828,64.0,0.27565300336596704,True
0.9195855259895325,0.8785194754600525,0.9811071157455444,2718,125.193849689192,L640_sub00370,0.3718584179878235,0.34195560216903687,0.12148050963878632,lambda,3.0,0,"{""invalid_B"": 0, ""invalid_q"": 0, ""weak_B_direction"": 0, ""weak_q_perp_for_phi"": 0, ""weak_r_perp_for_phi"": 0}",B,0.0287795035846918,128.0,0.30645103997647677,True
0.9195855259895325,0.8785194754600525,0.9811071157455444,1439,31.984371183438952,L640_sub00370,0.3718584179878235,0.34195560216903687,0.12148050963878632,parallel,3.0,0,"{""invalid_B"": 0, ""invalid_q"": 0, ""weak_B_direction"": 0, ""weak_q_perp_for_phi"": 0, ""weak_r_perp_for_phi"": 0}",u,0.000609419463073243,32.0,0.0847823480242856,True
0.9195855259895325,0.8785194754600525,0.9811071157455444,1393,62.96824596572466,L640_sub00370,0.3718584179878235,0.34195560216903687,0.12148050963878632,parallel,3.0,0,"{""invalid_B"": 0, ""invalid_q"": 0, ""weak_B_direction"": 0, ""weak_q_perp_for_phi"": 0, ""weak_r_perp_for_phi"": 0}",u,0.0023800156106385606,64.0,0.13351393684569324,True
0.9195855259895325,0.8785194754600525,0.9811071157455444,1460,125.193849689192,L640_sub00370,0.3718584179878235,0.34195560216903687,0.12148050963878632,parallel,3.0,0,"{""invalid_B"": 0, ""invalid_q"": 0, ""weak_B_direction"": 0, ""weak_q_perp_for_phi"": 0, ""weak_r_perp_for_phi"": 0}",u,0.004623695968327364,128.0,0.16659543228935805,True
0.9195855259895325,0.8785194754600525,0.9811071157455444,1489,31.984371183438952,L640_sub00370,0.3718584179878235,0.34195560216903687,0.12148050963878632,xi,3.0,0,"{""invalid_B"": 0, ""invalid_q"": 0, ""weak_B_direction"": 0, ""weak_q_perp_for_phi"": 0, ""weak_r_perp_for_phi"": 0}",u,0.0019800201495987864,32.0,0.12557114952248952,True
0.9195855259895325,0.8785194754600525,0.9811071157455444,1570,62.96824596572466,L640_sub00370,0.3718584179878235,0.34195560216903687,0.12148050963878632,xi,3.0,0,"{""invalid_B"": 0, ""invalid_q"": 0, ""weak_B_direction"": 0, ""weak_q_perp_for_phi"": 0, ""weak_r_perp_for_phi"": 0}",u,0.003465981521673729,64.0,0.1513359408196508,True
0.9195855259895325,0.8785194754600525,0.9811071157455444,1616,125.193849689192,L640_sub00370,0.3718584179878235,0.34195560216903687,0.12148050963878632,xi,3.0,0,"{""invalid_B"": 0, ""invalid_q"": 0, ""weak_B_direction"": 0, ""weak_q_perp_for_phi"": 0, ""weak_r_perp_for_phi"": 0}",u,0.008672315992005956,128.0,0.20545262664039224,True
0.9195855259895325,0.8785194754600525,0.9811071157455444,2620,31.984371183438952,L640_sub00370,0.3718584179878235,0.34195560216903687,0.12148050963878632,lambda,3.0,0,"{""invalid_B"": 0, ""invalid_q"": 0, ""weak_B_direction"": 0, ""weak_q_perp_for_phi"": 0, ""weak_r_perp_for_phi"": 0}",u,0.007499132555514316,32.0,0.1957358352555998,True
0.9195855259895325,0.8785194754600525,0.9811071157455444,2389,62.96824596572466,L640_sub00370,0.3718584179878235,0.34195560216903687,0.12148050963878632,lambda,3.0,0,"{""invalid_B"": 0, ""invalid_q"": 0, ""weak_B_direction"": 0, ""weak_q_perp_for_phi"": 0, ""weak_r_perp_for_phi"": 0}",u,0.014235753913475584,64.0,0.2423595610880304,True
0.9195855259895325,0.8785194754600525,0.9811071157455444,2311,125.193849689192,L640_sub00370,0.3718584179878235,0.34195560216903687,0.12148050963878632,lambda,3.0,0,"{""invalid_B"": 0, ""invalid_q"": 0, ""weak_B_direction"": 0, ""weak_q_perp_for_phi"": 0, ""weak_r_perp_for_phi"": 0}",u,0.027756161499937135,128.0,0.30277485298488865,True
0.9195855259895325,0.8785194754600525,0.9811071157455444,1439,31.984371183438952,L640_sub00370,0.3718584179878235,0.34195560216903687,0.12148050963878632,parallel,4.0,0,"{""invalid_B"": 0, ""invalid_q"": 0, ""weak_B_direction"": 0, ""weak_q_perp_for_phi"": 0, ""weak_r_perp_for_phi"": 0}",B,0.00030382793880532916,32.0,0.1320252282051894,True
0.9195855259895325,0.8785194754600525,0.9811071157455444,1393,62.96824596572466,L640_sub00370,0.3718584179878235,0.34195560216903687,0.12148050963878632,parallel,4.0,0,"{""invalid_B"": 0, ""invalid_q"": 0, ""weak_B_direction"": 0, ""weak_q_perp_for_phi"": 0, ""weak_r_perp_for_phi"": 0}",B,0.001089577903631515,64.0,0.1816831168663647,True
0.9195855259895325,0.8785194754600525,0.9811071157455444,1460,125.193849689192,L640_sub00370,0.3718584179878235,0.34195560216903687,0.12148050963878632,parallel,4.0,0,"{""invalid_B"": 0, ""invalid_q"": 0, ""weak_B_direction"": 0, ""weak_q_perp_for_phi"": 0, ""weak_r_perp_for_phi"": 0}",B,0.00224031508430374,128.0,0.21755911112442186,True
0.9195855259895325,0.8785194754600525,0.9811071157455444,1339,31.984371183438952,L640_sub00370,0.3718584179878235,0.34195560216903687,0.12148050963878632,xi,4.0,0,"{""invalid_B"": 0, ""invalid_q"": 0, ""weak_B_direction"": 0, ""weak_q_perp_for_phi"": 0, ""weak_r_perp_for_phi"": 0}",B,0.0008822069411512045,32.0,0.1723425909083542,True
0.9195855259895325,0.8785194754600525,0.9811071157455444,1333,62.96824596572466,L640_sub00370,0.3718584179878235,0.34195560216903687,0.12148050963878632,xi,4.0,0,"{""invalid_B"": 0, ""invalid_q"": 0, ""weak_B_direction"": 0, ""weak_q_perp_for_phi"": 0, ""weak_r_perp_for_phi"": 0}",B,0.0013992378179032317,64.0,0.1934073095682895,True
0.9195855259895325,0.8785194754600525,0.9811071157455444,1251,125.193849689192,L640_sub00370,0.3718584179878235,0.34195560216903687,0.12148050963878632,xi,4.0,0,"{""invalid_B"": 0, ""invalid_q"": 0, ""weak_B_direction"": 0, ""weak_q_perp_for_phi"": 0, ""weak_r_perp_for_phi"": 0}",B,0.005282391273391181,128.0,0.2695923979718595,True
0.9195855259895325,0.8785194754600525,0.9811071157455444,2542,31.984371183438952,L640_sub00370,0.3718584179878235,0.34195560216903687,0.12148050963878632,lambda,4.0,0,"{""invalid_B"": 0, ""invalid_q"": 0, ""weak_B_direction"": 0, ""weak_q_perp_for_phi"": 0, ""weak_r_perp_for_phi"": 0}",B,0.004955676455104329,32.0,0.2653235112998948,True
0.9195855259895325,0.8785194754600525,0.9811071157455444,2570,62.96824596572466,L640_sub00370,0.3718584179878235,0.34195560216903687,0.12148050963878632,lambda,4.0,0,"{""invalid_B"": 0, ""invalid_q"": 0, ""weak_B_direction"": 0, ""weak_q_perp_for_phi"": 0, ""weak_r_perp_for_phi"": 0}",B,0.00989608131049617,64.0,0.3154029955563443,True
0.9195855259895325,0.8785194754600525,0.9811071157455444,2718,125.193849689192,L640_sub00370,0.3718584179878235,0.34195560216903687,0.12148050963878632,lambda,4.0,0,"{""invalid_B"": 0, ""invalid_q"": 0, ""weak_B_direction"": 0, ""weak_q_perp_for_phi"": 0, ""weak_r_perp_for_phi"": 0}",B,0.012750349791442843,128.0,0.3360319133628263,True
0.9195855259895325,0.8785194754600525,0.9811071157455444,1439,31.984371183438952,L640_sub00370,0.3718584179878235,0.34195560216903687,0.12148050963878632,parallel,4.0,0,"{""invalid_B"": 0, ""invalid_q"": 0, ""weak_B_direction"": 0, ""weak_q_perp_for_phi"": 0, ""weak_r_perp_for_phi"": 0}",u,0.00010438940506737844,32.0,0.10107973755001341,True
0.9195855259895325,0.8785194754600525,0.9811071157455444,1393,62.96824596572466,L640_sub00370,0.3718584179878235,0.34195560216903687,0.12148050963878632,parallel,4.0,0,"{""invalid_B"": 0, ""invalid_q"": 0, ""weak_B_direction"": 0, ""weak_q_perp_for_phi"": 0, ""weak_r_perp_for_phi"": 0}",u,0.0006487687455084736,64.0,0.15959617550214014,True
0.9195855259895325,0.8785194754600525,0.9811071157455444,1460,125.193849689192,L640_sub00370,0.3718584179878235,0.34195560216903687,0.12148050963878632,parallel,4.0,0,"{""invalid_B"": 0, ""invalid_q"": 0, ""weak_B_direction"": 0, ""weak_q_perp_for_phi"": 0, ""weak_r_perp_for_phi"": 0}",u,0.001287104969252394,128.0,0.18941025630744326,True
0.9195855259895325,0.8785194754600525,0.9811071157455444,1489,31.984371183438952,L640_sub00370,0.3718584179878235,0.34195560216903687,0.12148050963878632,xi,4.0,0,"{""invalid_B"": 0, ""invalid_q"": 0, ""weak_B_direction"": 0, ""weak_q_perp_for_phi"": 0, ""weak_r_perp_for_phi"": 0}",u,0.0005125207467584452,32.0,0.1504623576179289,True
0.9195855259895325,0.8785194754600525,0.9811071157455444,1570,62.96824596572466,L640_sub00370,0.3718584179878235,0.34195560216903687,0.12148050963878632,xi,4.0,0,"{""invalid_B"": 0, ""invalid_q"": 0, ""weak_B_direction"": 0, ""weak_q_perp_for_phi"": 0, ""weak_r_perp_for_phi"": 0}",u,0.0008899934851636293,64.0,0.1727216216669098,True
0.9195855259895325,0.8785194754600525,0.9811071157455444,1616,125.193849689192,L640_sub00370,0.3718584179878235,0.34195560216903687,0.12148050963878632,xi,4.0,0,"{""invalid_B"": 0, ""invalid_q"": 0, ""weak_B_direction"": 0, ""weak_q_perp_for_phi"": 0, ""weak_r_perp_for_phi"": 0}",u,0.0030272027629287103,128.0,0.2345634700317963,True
0.9195855259895325,0.8785194754600525,0.9811071157455444,2620,31.984371183438952,L640_sub00370,0.3718584179878235,0.34195560216903687,0.12148050963878632,lambda,4.0,0,"{""invalid_B"": 0, ""invalid_q"": 0, ""weak_B_direction"": 0, ""weak_q_perp_for_phi"": 0, ""weak_r_perp_for_phi"": 0}",u,0.0025942232629147938,32.0,0.225684554343648,True
0.9195855259895325,0.8785194754600525,0.9811071157455444,2389,62.96824596572466,L640_sub00370,0.3718584179878235,0.34195560216903687,0.12148050963878632,lambda,4.0,0,"{""invalid_B"": 0, ""invalid_q"": 0, ""weak_B_direction"": 0, ""weak_q_perp_for_phi"": 0, ""weak_r_perp_for_phi"": 0}",u,0.005953414157156595,64.0,0.2777739559835356,True
0.9195855259895325,0.8785194754600525,0.9811071157455444,2311,125.193849689192,L640_sub00370,0.3718584179878235,0.34195560216903687,0.12148050963878632,lambda,4.0,0,"{""invalid_B"": 0, ""invalid_q"": 0, ""weak_B_direction"": 0, ""weak_q_perp_for_phi"": 0, ""weak_r_perp_for_phi"": 0}",u,0.014271115707969857,128.0,0.345632427719569,True
0.9195855259895325,0.8785194754600525,0.9811071157455444,1439,31.984371183438952,L640_sub00370,0.3718584179878235,0.34195560216903687,0.12148050963878632,parallel,5.0,0,"{""invalid_B"": 0, ""invalid_q"": 0, ""weak_B_direction"": 0, ""weak_q_perp_for_phi"": 0, ""weak_r_perp_for_phi"": 0}",B,9.702227186054827e-05,32.0,0.15753399546246288,True
0.9195855259895325,0.8785194754600525,0.9811071157455444,1393,62.96824596572466,L640_sub00370,0.3718584179878235,0.34195560216903687,0.12148050963878632,parallel,5.0,0,"{""invalid_B"": 0, ""invalid_q"": 0, ""weak_B_direction"": 0, ""weak_q_perp_for_phi"": 0, ""weak_r_perp_for_phi"": 0}",B,0.00039292268639017574,64.0,0.20838258487823175,True
0.9195855259895325,0.8785194754600525,0.9811071157455444,1460,125.193849689192,L640_sub00370,0.3718584179878235,0.34195560216903687,0.12148050963878632,parallel,5.0,0,"{""invalid_B"": 0, ""invalid_q"": 0, ""weak_B_direction"": 0, ""weak_q_perp_for_phi"": 0, ""weak_r_perp_for_phi"": 0}",B,0.0008439371059673405,128.0,0.24280745474665286,True
0.9195855259895325,0.8785194754600525,0.9811071157455444,1339,31.984371183438952,L640_sub00370,0.3718584179878235,0.34195560216903687,0.12148050963878632,xi,5.0,0,"{""invalid_B"": 0, ""invalid_q"": 0, ""weak_B_direction"": 0, ""weak_q_perp_for_phi"": 0, ""weak_r_perp_for_phi"": 0}",B,0.0004014154890477533,32.0,0.20927571059013608,True
0.9195855259895325,0.8785194754600525,0.9811071157455444,1333,62.96824596572466,L640_sub00370,0.3718584179878235,0.34195560216903687,0.12148050963878632,xi,5.0,0,"{""invalid_B"": 0, ""invalid_q"": 0, ""weak_B_direction"": 0, ""weak_q_perp_for_phi"": 0, ""weak_r_perp_for_phi"": 0}",B,0.00046965462801673065,64.0,0.2159512495113554,True
0.9195855259895325,0.8785194754600525,0.9811071157455444,1251,125.193849689192,L640_sub00370,0.3718584179878235,0.34195560216903687,0.12148050963878632,xi,5.0,0,"{""invalid_B"": 0, ""invalid_q"": 0, ""weak_B_direction"": 0, ""weak_q_perp_for_phi"": 0, ""weak_r_perp_for_phi"": 0}",B,0.00244555452369441,128.0,0.3003830827142426,True
0.9195855259895325,0.8785194754600525,0.9811071157455444,2542,31.984371183438952,L640_sub00370,0.3718584179878235,0.34195560216903687,0.12148050963878632,lambda,5.0,0,"{""invalid_B"": 0, ""invalid_q"": 0, ""weak_B_direction"": 0, ""weak_q_perp_for_phi"": 0, ""weak_r_perp_for_phi"": 0}",B,0.002329920006353785,32.0,0.2974871438718964,True
0.9195855259895325,0.8785194754600525,0.9811071157455444,2570,62.96824596572466,L640_sub00370,0.3718584179878235,0.34195560216903687,0.12148050963878632,lambda,5.0,0,"{""invalid_B"": 0, ""invalid_q"": 0, ""weak_B_direction"": 0, ""weak_q_perp_for_phi"": 0, ""weak_r_perp_for_phi"": 0}",B,0.005361515179974032,64.0,0.35144511247404087,True
0.9195855259895325,0.8785194754600525,0.9811071157455444,2718,125.193849689192,L640_sub00370,0.3718584179878235,0.34195560216903687,0.12148050963878632,lambda,5.0,0,"{""invalid_B"": 0, ""invalid_q"": 0, ""weak_B_direction"": 0, ""weak_q_perp_for_phi"": 0, ""weak_r_perp_for_phi"": 0}",B,0.006164753833891025,128.0,0.36139583896097377,True
0.9195855259895325,0.8785194754600525,0.9811071157455444,1439,31.984371183438952,L640_sub00370,0.3718584179878235,0.34195560216903687,0.12148050963878632,parallel,5.0,0,"{""invalid_B"": 0, ""invalid_q"": 0, ""weak_B_direction"": 0, ""weak_q_perp_for_phi"": 0, ""weak_r_perp_for_phi"": 0}",u,2.1069651450216394e-05,32.0,0.11607306974982176,True
0.9195855259895325,0.8785194754600525,0.9811071157455444,1393,62.96824596572466,L640_sub00370,0.3718584179878235,0.34195560216903687,0.12148050963878632,parallel,5.0,0,"{""invalid_B"": 0, ""invalid_q"": 0, ""weak_B_direction"": 0, ""weak_q_perp_for_phi"": 0, ""weak_r_perp_for_phi"": 0}",u,0.00020954016981418052,64.0,0.18376104770624718,True
0.9195855259895325,0.8785194754600525,0.9811071157455444,1460,125.193849689192,L640_sub00370,0.3718584179878235,0.34195560216903687,0.12148050963878632,parallel,5.0,0,"{""invalid_B"": 0, ""invalid_q"": 0, ""weak_B_direction"": 0, ""weak_q_perp_for_phi"": 0, ""weak_r_perp_for_phi"": 0}",u,0.0004109243687829935,128.0,0.21025792752833095,True
0.9195855259895325,0.8785194754600525,0.9811071157455444,1489,31.984371183438952,L640_sub00370,0.3718584179878235,0.34195560216903687,0.12148050963878632,xi,5.0,0,"{""invalid_B"": 0, ""invalid_q"": 0, ""weak_B_direction"": 0, ""weak_q_perp_for_phi"": 0, ""weak_r_perp_for_phi"": 0}",u,0.00016547925779440687,32.0,0.17528659825673176,True
0.9195855259895325,0.8785194754600525,0.9811071157455444,1570,62.96824596572466,L640_sub00370,0.3718584179878235,0.34195560216903687,0.12148050963878632,xi,5.0,0,"{""invalid_B"": 0, ""invalid_q"": 0, ""weak_B_direction"": 0, ""weak_q_perp_for_phi"": 0, ""weak_r_perp_for_phi"": 0}",u,0.00026842598546383166,64.0,0.19309228026229916,True
0.9195855259895325,0.8785194754600525,0.9811071157455444,1616,125.193849689192,L640_sub00370,0.3718584179878235,0.34195560216903687,0.12148050963878632,xi,5.0,0,"{""invalid_B"": 0, ""invalid_q"": 0, ""weak_B_direction"": 0, ""weak_q_perp_for_phi"": 0, ""weak_r_perp_for_phi"": 0}",u,0.0012176832902557851,128.0,0.2612804222744266,True
0.9195855259895325,0.8785194754600525,0.9811071157455444,2620,31.984371183438952,L640_sub00370,0.3718584179878235,0.34195560216903687,0.12148050963878632,lambda,5.0,0,"{""invalid_B"": 0, ""invalid_q"": 0, ""weak_B_direction"": 0, ""weak_q_perp_for_phi"": 0, ""weak_r_perp_for_phi"": 0}",u,0.001022998932442169,32.0,0.25233357231808184,True
0.9195855259895325,0.8785194754600525,0.9811071157455444,2389,62.96824596572466,L640_sub00370,0.3718584179878235,0.34195560216903687,0.12148050963878632,lambda,5.0,0,"{""invalid_B"": 0, ""invalid_q"": 0, ""weak_B_direction"": 0, ""weak_q_perp_for_phi"": 0, ""weak_r_perp_for_phi"": 0}",u,0.0028151921274834385,64.0,0.30895953860667497,True
0.9195855259895325,0.8785194754600525,0.9811071157455444,2311,125.193849689192,L640_sub00370,0.3718584179878235,0.34195560216903687,0.12148050963878632,lambda,5.0,0,"{""invalid_B"": 0, ""invalid_q"": 0, ""weak_B_direction"": 0, ""weak_q_perp_for_phi"": 0, ""weak_r_perp_for_phi"": 0}",u,0.00818493772687183,128.0,0.38247501990813987,True
0.9195855259895325,0.8785194754600525,0.9811071157455444,1439,31.984371183438952,L640_sub00370,0.3718584179878235,0.34195560216903687,0.12148050963878632,parallel,6.0,0,"{""invalid_B"": 0, ""invalid_q"": 0, ""weak_B_direction"": 0, ""weak_q_perp_for_phi"": 0, ""weak_r_perp_for_phi"": 0}",B,3.5084532530204326e-05,32.0,0.18093362417987857,True
0.9195855259895325,0.8785194754600525,0.9811071157455444,1393,62.96824596572466,L640_sub00370,0.3718584179878235,0.34195560216903687,0.12148050963878632,parallel,6.0,0,"{""invalid_B"": 0, ""invalid_q"": 0, ""weak_B_direction"": 0, ""weak_q_perp_for_phi"": 0, ""weak_r_perp_for_phi"": 0}",B,0.0001580083083424378,64.0,0.23251268639296063,True
0.9195855259895325,0.8785194754600525,0.9811071157455444,1460,125.193849689192,L640_sub00370,0.3718584179878235,0.34195560216903687,0.12148050963878632,parallel,6.0,0,"{""invalid_B"": 0, ""invalid_q"": 0, ""weak_B_direction"": 0, ""weak_q_perp_for_phi"": 0, ""weak_r_perp_for_phi"": 0}",B,0.00035771964760719307,128.0,0.2664345035339692,True
0.9195855259895325,0.8785194754600525,0.9811071157455444,1339,31.984371183438952,L640_sub00370,0.3718584179878235,0.34195560216903687,0.12148050963878632,xi,6.0,0,"{""invalid_B"": 0, ""invalid_q"": 0, ""weak_B_direction"": 0, ""weak_q_perp_for_phi"": 0, ""weak_r_perp_for_phi"": 0}",B,0.0002238468830553911,32.0,0.24641010204474587,True
0.9195855259895325,0.8785194754600525,0.9811071157455444,1333,62.96824596572466,L640_sub00370,0.3718584179878235,0.34195560216903687,0.12148050963878632,xi,6.0,0,"{""invalid_B"": 0, ""invalid_q"": 0, ""weak_B_direction"": 0, ""weak_q_perp_for_phi"": 0, ""weak_r_perp_for_phi"": 0}",B,0.0001778764719110727,64.0,0.23714815550732551,True
0.9195855259895325,0.8785194754600525,0.9811071157455444,1251,125.193849689192,L640_sub00370,0.3718584179878235,0.34195560216903687,0.12148050963878632,xi,6.0,0,"{""invalid_B"": 0, ""invalid_q"": 0, ""weak_B_direction"": 0, ""weak_q_perp_for_phi"": 0, ""weak_r_perp_for_phi"": 0}",B,0.0012566534069689342,128.0,0.3285004121919424,True
0.9195855259895325,0.8785194754600525,0.9811071157455444,2542,31.984371183438952,L640_sub00370,0.3718584179878235,0.34195560216903687,0.12148050963878632,lambda,6.0,0,"{""invalid_B"": 0, ""invalid_q"": 0, ""weak_B_direction"": 0, ""weak_q_perp_for_phi"": 0, ""weak_r_perp_for_phi"": 0}",B,0.0011963464610606253,32.0,0.3258188162884231,True
0.9195855259895325,0.8785194754600525,0.9811071157455444,2570,62.96824596572466,L640_sub00370,0.3718584179878235,0.34195560216903687,0.12148050963878632,lambda,6.0,0,"{""invalid_B"": 0, ""invalid_q"": 0, ""weak_B_direction"": 0, ""weak_q_perp_for_phi"": 0, ""weak_r_perp_for_phi"": 0}",B,0.003227394561340141,64.0,0.38442239238178105,True
0.9195855259895325,0.8785194754600525,0.9811071157455444,2718,125.193849689192,L640_sub00370,0.3718584179878235,0.34195560216903687,0.12148050963878632,lambda,6.0,0,"{""invalid_B"": 0, ""invalid_q"": 0, ""weak_B_direction"": 0, ""weak_q_perp_for_phi"": 0, ""weak_r_perp_for_phi"": 0}",B,0.0031807691651281333,128.0,0.3834911612857766,True
0.9195855259895325,0.8785194754600525,0.9811071157455444,1439,31.984371183438952,L640_sub00370,0.3718584179878235,0.34195560216903687,0.12148050963878632,parallel,6.0,0,"{""invalid_B"": 0, ""invalid_q"": 0, ""weak_B_direction"": 0, ""weak_q_perp_for_phi"": 0, ""weak_r_perp_for_phi"": 0}",u,4.765142494812193e-06,32.0,0.1297217051465669,True
0.9195855259895325,0.8785194754600525,0.9811071157455444,1393,62.96824596572466,L640_sub00370,0.3718584179878235,0.34195560216903687,0.12148050963878632,parallel,6.0,0,"{""invalid_B"": 0, ""invalid_q"": 0, ""weak_B_direction"": 0, ""weak_q_perp_for_phi"": 0, ""weak_r_perp_for_phi"": 0}",u,7.53275158406626e-05,64.0,0.20550652118630044,True
0.9195855259895325,0.8785194754600525,0.9811071157455444,1460,125.193849689192,L640_sub00370,0.3718584179878235,0.34195560216903687,0.12148050963878632,parallel,6.0,0,"{""invalid_B"": 0, ""invalid_q"": 0, ""weak_B_direction"": 0, ""weak_q_perp_for_phi"": 0, ""weak_r_perp_for_phi"": 0}",u,0.00014568672444072818,128.0,0.22938763112731567,True
0.9195855259895325,0.8785194754600525,0.9811071157455444,1489,31.984371183438952,L640_sub00370,0.3718584179878235,0.34195560216903687,0.12148050963878632,xi,6.0,0,"{""invalid_B"": 0, ""invalid_q"": 0, ""weak_B_direction"": 0, ""weak_q_perp_for_phi"": 0, ""weak_r_perp_for_phi"": 0}",u,6.154602502572024e-05,32.0,0.19870097654348254,True
0.9195855259895325,0.8785194754600525,0.9811071157455444,1570,62.96824596572466,L640_sub00370,0.3718584179878235,0.34195560216903687,0.12148050963878632,xi,6.0,0,"{""invalid_B"": 0, ""invalid_q"": 0, ""weak_B_direction"": 0, ""weak_q_perp_for_phi"": 0, ""weak_r_perp_for_phi"": 0}",u,9.15358956710745e-05,64.0,0.21229115794010237,True
0.9195855259895325,0.8785194754600525,0.9811071157455444,1616,125.193849689192,L640_sub00370,0.3718584179878235,0.34195560216903687,0.12148050963878632,xi,6.0,0,"{""invalid_B"": 0, ""invalid_q"": 0, ""weak_B_direction"": 0, ""weak_q_perp_for_phi"": 0, ""weak_r_perp_for_phi"": 0}",u,0.0005395891780792289,128.0,0.28532765809880434,True
0.9195855259895325,0.8785194754600525,0.9811071157455444,2620,31.984371183438952,L640_sub00370,0.3718584179878235,0.34195560216903687,0.12148050963878632,lambda,6.0,0,"{""invalid_B"": 0, ""invalid_q"": 0, ""weak_B_direction"": 0, ""weak_q_perp_for_phi"": 0, ""weak_r_perp_for_phi"": 0}",u,0.00044219942843048765,32.0,0.27601733782905236,True
0.9195855259895325,0.8785194754600525,0.9811071157455444,2389,62.96824596572466,L640_sub00370,0.3718584179878235,0.34195560216903687,0.12148050963878632,lambda,6.0,0,"{""invalid_B"": 0, ""invalid_q"": 0, ""weak_B_direction"": 0, ""weak_q_perp_for_phi"": 0, ""weak_r_perp_for_phi"": 0}",u,0.0014572757047624858,64.0,0.3367107282703281,True
0.9195855259895325,0.8785194754600525,0.9811071157455444,2311,125.193849689192,L640_sub00370,0.3718584179878235,0.34195560216903687,0.12148050963878632,lambda,6.0,0,"{""invalid_B"": 0, ""invalid_q"": 0, ""weak_B_direction"": 0, ""weak_q_perp_for_phi"": 0, ""weak_r_perp_for_phi"": 0}",u,0.005046028798247047,128.0,0.4141505929245749,True
0.8803566098213196,0.8783842325210571,0.9393259882926941,2445,31.984371183438952,L640_sub02822,0.3720940053462982,0.3275754153728485,0.12161577492952347,parallel,1.0,0,"{""invalid_B"": 0, ""invalid_q"": 0, ""weak_B_direction"": 0, ""weak_q_perp_for_phi"": 0, ""weak_r_perp_for_phi"": 0}",B,0.04348803284670533,32.0,0.04348803284670533,True
0.8803566098213196,0.8783842325210571,0.9393259882926941,2285,62.96824596572466,L640_sub02822,0.3720940053462982,0.3275754153728485,0.12161577492952347,parallel,1.0,0,"{""invalid_B"": 0, ""invalid_q"": 0, ""weak_B_direction"": 0, ""weak_q_perp_for_phi"": 0, ""weak_r_perp_for_phi"": 0}",B,0.07028132428636281,64.0,0.07028132428636281,True
0.8803566098213196,0.8783842325210571,0.9393259882926941,2458,125.193849689192,L640_sub02822,0.3720940053462982,0.3275754153728485,0.12161577492952347,parallel,1.0,0,"{""invalid_B"": 0, ""invalid_q"": 0, ""weak_B_direction"": 0, ""weak_q_perp_for_phi"": 0, ""weak_r_perp_for_phi"": 0}",B,0.10707957426209645,128.0,0.10707957426209645,True
0.8803566098213196,0.8783842325210571,0.9393259882926941,1461,31.984371183438952,L640_sub02822,0.3720940053462982,0.3275754153728485,0.12161577492952347,xi,1.0,0,"{""invalid_B"": 0, ""invalid_q"": 0, ""weak_B_direction"": 0, ""weak_q_perp_for_phi"": 0, ""weak_r_perp_for_phi"": 0}",B,0.08928039989185775,32.0,0.08928039989185775,True
0.8803566098213196,0.8783842325210571,0.9393259882926941,1529,62.96824596572466,L640_sub02822,0.3720940053462982,0.3275754153728485,0.12161577492952347,xi,1.0,0,"{""invalid_B"": 0, ""invalid_q"": 0, ""weak_B_direction"": 0, ""weak_q_perp_for_phi"": 0, ""weak_r_perp_for_phi"": 0}",B,0.12381494207412014,64.0,0.12381494207412014,True
0.8803566098213196,0.8783842325210571,0.9393259882926941,1461,125.193849689192,L640_sub02822,0.3720940053462982,0.3275754153728485,0.12161577492952347,xi,1.0,0,"{""invalid_B"": 0, ""invalid_q"": 0, ""weak_B_direction"": 0, ""weak_q_perp_for_phi"": 0, ""weak_r_perp_for_phi"": 0}",B,0.16967725131019518,128.0,0.16967725131019518,True
0.8803566098213196,0.8783842325210571,0.9393259882926941,2497,31.984371183438952,L640_sub02822,0.3720940053462982,0.3275754153728485,0.12161577492952347,lambda,1.0,0,"{""invalid_B"": 0, ""invalid_q"": 0, ""weak_B_direction"": 0, ""weak_q_perp_for_phi"": 0, ""weak_r_perp_for_phi"": 0}",B,0.13260463247079704,32.0,0.13260463247079704,True
0.8803566098213196,0.8783842325210571,0.9393259882926941,2479,62.96824596572466,L640_sub02822,0.3720940053462982,0.3275754153728485,0.12161577492952347,lambda,1.0,0,"{""invalid_B"": 0, ""invalid_q"": 0, ""weak_B_direction"": 0, ""weak_q_perp_for_phi"": 0, ""weak_r_perp_for_phi"": 0}",B,0.1771646031247705,64.0,0.1771646031247705,True
0.8803566098213196,0.8783842325210571,0.9393259882926941,2266,125.193849689192,L640_sub02822,0.3720940053462982,0.3275754153728485,0.12161577492952347,lambda,1.0,0,"{""invalid_B"": 0, ""invalid_q"": 0, ""weak_B_direction"": 0, ""weak_q_perp_for_phi"": 0, ""weak_r_perp_for_phi"": 0}",B,0.23051111514230863,128.0,0.23051111514230863,True
0.8803566098213196,0.8783842325210571,0.9393259882926941,2445,31.984371183438952,L640_sub02822,0.3720940053462982,0.3275754153728485,0.12161577492952347,parallel,1.0,0,"{""invalid_B"": 0, ""invalid_q"": 0, ""weak_B_direction"": 0, ""weak_q_perp_for_phi"": 0, ""weak_r_perp_for_phi"": 0}",u,0.03242677388697713,32.0,0.03242677388697713,True
0.8803566098213196,0.8783842325210571,0.9393259882926941,2285,62.96824596572466,L640_sub02822,0.3720940053462982,0.3275754153728485,0.12161577492952347,parallel,1.0,0,"{""invalid_B"": 0, ""invalid_q"": 0, ""weak_B_direction"": 0, ""weak_q_perp_for_phi"": 0, ""weak_r_perp_for_phi"": 0}",u,0.052850694189932886,64.0,0.052850694189932886,True
0.8803566098213196,0.8783842325210571,0.9393259882926941,2458,125.193849689192,L640_sub02822,0.3720940053462982,0.3275754153728485,0.12161577492952347,parallel,1.0,0,"{""invalid_B"": 0, ""invalid_q"": 0, ""weak_B_direction"": 0, ""weak_q_perp_for_phi"": 0, ""weak_r_perp_for_phi"": 0}",u,0.07961236668950006,128.0,0.07961236668950006,True
0.8803566098213196,0.8783842325210571,0.9393259882926941,1607,31.984371183438952,L640_sub02822,0.3720940053462982,0.3275754153728485,0.12161577492952347,xi,1.0,0,"{""invalid_B"": 0, ""invalid_q"": 0, ""weak_B_direction"": 0, ""weak_q_perp_for_phi"": 0, ""weak_r_perp_for_phi"": 0}",u,0.06871282379293764,32.0,0.06871282379293764,True
0.8803566098213196,0.8783842325210571,0.9393259882926941,1671,62.96824596572466,L640_sub02822,0.3720940053462982,0.3275754153728485,0.12161577492952347,xi,1.0,0,"{""invalid_B"": 0, ""invalid_q"": 0, ""weak_B_direction"": 0, ""weak_q_perp_for_phi"": 0, ""weak_r_perp_for_phi"": 0}",u,0.09446747551171675,64.0,0.09446747551171675,True
0.8803566098213196,0.8783842325210571,0.9393259882926941,1643,125.193849689192,L640_sub02822,0.3720940053462982,0.3275754153728485,0.12161577492952347,xi,1.0,0,"{""invalid_B"": 0, ""invalid_q"": 0, ""weak_B_direction"": 0, ""weak_q_perp_for_phi"": 0, ""weak_r_perp_for_phi"": 0}",u,0.11631436644952992,128.0,0.11631436644952992,True
0.8803566098213196,0.8783842325210571,0.9393259882926941,2609,31.984371183438952,L640_sub02822,0.3720940053462982,0.3275754153728485,0.12161577492952347,lambda,1.0,0,"{""invalid_B"": 0, ""invalid_q"": 0, ""weak_B_direction"": 0, ""weak_q_perp_for_phi"": 0, ""weak_r_perp_for_phi"": 0}",u,0.09916942123993835,32.0,0.09916942123993835,True
0.8803566098213196,0.8783842325210571,0.9393259882926941,2464,62.96824596572466,L640_sub02822,0.3720940053462982,0.3275754153728485,0.12161577492952347,lambda,1.0,0,"{""invalid_B"": 0, ""invalid_q"": 0, ""weak_B_direction"": 0, ""weak_q_perp_for_phi"": 0, ""weak_r_perp_for_phi"": 0}",u,0.12124626890829032,64.0,0.12124626890829032,True
0.8803566098213196,0.8783842325210571,0.9393259882926941,2333,125.193849689192,L640_sub02822,0.3720940053462982,0.3275754153728485,0.12161577492952347,lambda,1.0,0,"{""invalid_B"": 0, ""invalid_q"": 0, ""weak_B_direction"": 0, ""weak_q_perp_for_phi"": 0, ""weak_r_perp_for_phi"": 0}",u,0.14244562632120783,128.0,0.14244562632120783,True
0.8803566098213196,0.8783842325210571,0.9393259882926941,2445,31.984371183438952,L640_sub02822,0.3720940053462982,0.3275754153728485,0.12161577492952347,parallel,2.0,0,"{""invalid_B"": 0, ""invalid_q"": 0, ""weak_B_direction"": 0, ""weak_q_perp_for_phi"": 0, ""weak_r_perp_for_phi"": 0}",B,0.004539805765859447,32.0,0.06737808075227023,True
0.8803566098213196,0.8783842325210571,0.9393259882926941,2285,62.96824596572466,L640_sub02822,0.3720940053462982,0.3275754153728485,0.12161577492952347,parallel,2.0,0,"{""invalid_B"": 0, ""invalid_q"": 0, ""weak_B_direction"": 0, ""weak_q_perp_for_phi"": 0, ""weak_r_perp_for_phi"": 0}",B,0.009646956777941078,64.0,0.0982189227081069,True
0.8803566098213196,0.8783842325210571,0.9393259882926941,2458,125.193849689192,L640_sub02822,0.3720940053462982,0.3275754153728485,0.12161577492952347,parallel,2.0,0,"{""invalid_B"": 0, ""invalid_q"": 0, ""weak_B_direction"": 0, ""weak_q_perp_for_phi"": 0, ""weak_r_perp_for_phi"": 0}",B,0.020013087462250518,128.0,0.14146761983666267,True
0.8803566098213196,0.8783842325210571,0.9393259882926941,1461,31.984371183438952,L640_sub02822,0.3720940053462982,0.3275754153728485,0.12161577492952347,xi,2.0,0,"{""invalid_B"": 0, ""invalid_q"": 0, ""weak_B_direction"": 0, ""weak_q_perp_for_phi"": 0, ""weak_r_perp_for_phi"": 0}",B,0.013518384457890269,32.0,0.11626858758018122,True
0.8803566098213196,0.8783842325210571,0.9393259882926941,1529,62.96824596572466,L640_sub02822,0.3720940053462982,0.3275754153728485,0.12161577492952347,xi,2.0,0,"{""invalid_B"": 0, ""invalid_q"": 0, ""weak_B_direction"": 0, ""weak_q_perp_for_phi"": 0, ""weak_r_perp_for_phi"": 0}",B,0.02764672319391096,64.0,0.16627303808468455,True
0.8803566098213196,0.8783842325210571,0.9393259882926941,1461,125.193849689192,L640_sub02822,0.3720940053462982,0.3275754153728485,0.12161577492952347,xi,2.0,0,"{""invalid_B"": 0, ""invalid_q"": 0, ""weak_B_direction"": 0, ""weak_q_perp_for_phi"": 0, ""weak_r_perp_for_phi"": 0}",B,0.05143060186295198,128.0,0.22678316044837188,True
0.8803566098213196,0.8783842325210571,0.9393259882926941,2497,31.984371183438952,L640_sub02822,0.3720940053462982,0.3275754153728485,0.12161577492952347,lambda,2.0,0,"{""invalid_B"": 0, ""invalid_q"": 0, ""weak_B_direction"": 0, ""weak_q_perp_for_phi"": 0, ""weak_r_perp_for_phi"": 0}",B,0.03513214507941817,32.0,0.18743570918962632,True
0.8803566098213196,0.8783842325210571,0.9393259882926941,2479,62.96824596572466,L640_sub02822,0.3720940053462982,0.3275754153728485,0.12161577492952347,lambda,2.0,0,"{""invalid_B"": 0, ""invalid_q"": 0, ""weak_B_direction"": 0, ""weak_q_perp_for_phi"": 0, ""weak_r_perp_for_phi"": 0}",B,0.05856994179837489,64.0,0.24201227613155266,True
0.8803566098213196,0.8783842325210571,0.9393259882926941,2266,125.193849689192,L640_sub02822,0.3720940053462982,0.3275754153728485,0.12161577492952347,lambda,2.0,0,"{""invalid_B"": 0, ""invalid_q"": 0, ""weak_B_direction"": 0, ""weak_q_perp_for_phi"": 0, ""weak_r_perp_for_phi"": 0}",B,0.09151739684310728,128.0,0.30251842397299916,True
0.8803566098213196,0.8783842325210571,0.9393259882926941,2445,31.984371183438952,L640_sub02822,0.3720940053462982,0.3275754153728485,0.12161577492952347,parallel,2.0,0,"{""invalid_B"": 0, ""invalid_q"": 0, ""weak_B_direction"": 0, ""weak_q_perp_for_phi"": 0, ""weak_r_perp_for_phi"": 0}",u,0.0020012797158834522,32.0,0.04473566492054692,True
0.8803566098213196,0.8783842325210571,0.9393259882926941,2285,62.96824596572466,L640_sub02822,0.3720940053462982,0.3275754153728485,0.12161577492952347,parallel,2.0,0,"{""invalid_B"": 0, ""invalid_q"": 0, ""weak_B_direction"": 0, ""weak_q_perp_for_phi"": 0, ""weak_r_perp_for_phi"": 0}",u,0.00498758782667119,64.0,0.07062285626248198,True
0.8803566098213196,0.8783842325210571,0.9393259882926941,2458,125.193849689192,L640_sub02822,0.3720940053462982,0.3275754153728485,0.12161577492952347,parallel,2.0,0,"{""invalid_B"": 0, ""invalid_q"": 0, ""weak_B_direction"": 0, ""weak_q_perp_for_phi"": 0, ""weak_r_perp_for_phi"": 0}",u,0.009919253834190319,128.0,0.09959545087096257,True
0.8803566098213196,0.8783842325210571,0.9393259882926941,1607,31.984371183438952,L640_sub02822,0.3720940053462982,0.3275754153728485,0.12161577492952347,xi,2.0,0,"{""invalid_B"": 0, ""invalid_q"": 0, ""weak_B_direction"": 0, ""weak_q_perp_for_phi"": 0, ""weak_r_perp_for_phi"": 0}",u,0.006865917719739868,32.0,0.0828608334482575,True
0.8803566098213196,0.8783842325210571,0.9393259882926941,1671,62.96824596572466,L640_sub02822,0.3720940053462982,0.3275754153728485,0.12161577492952347,xi,2.0,0,"{""invalid_B"": 0, ""invalid_q"": 0, ""weak_B_direction"": 0, ""weak_q_perp_for_phi"": 0, ""weak_r_perp_for_phi"": 0}",u,0.012645640795937637,64.0,0.11245283809641105,True
0.8803566098213196,0.8783842325210571,0.9393259882926941,1643,125.193849689192,L640_sub02822,0.3720940053462982,0.3275754153728485,0.12161577492952347,xi,2.0,0,"{""invalid_B"": 0, ""invalid_q"": 0, ""weak_B_direction"": 0, ""weak_q_perp_for_phi"": 0, ""weak_r_perp_for_phi"": 0}",u,0.018246004587249454,128.0,0.13507777236558743,True
0.8803566098213196,0.8783842325210571,0.9393259882926941,2609,31.984371183438952,L640_sub02822,0.3720940053462982,0.3275754153728485,0.12161577492952347,lambda,2.0,0,"{""invalid_B"": 0, ""invalid_q"": 0, ""weak_B_direction"": 0, ""weak_q_perp_for_phi"": 0, ""weak_r_perp_for_phi"": 0}",u,0.015185633003804443,32.0,0.1232300004211817,True
0.8803566098213196,0.8783842325210571,0.9393259882926941,2464,62.96824596572466,L640_sub02822,0.3720940053462982,0.3275754153728485,0.12161577492952347,lambda,2.0,0,"{""invalid_B"": 0, ""invalid_q"": 0, ""weak_B_direction"": 0, ""weak_q_perp_for_phi"": 0, ""weak_r_perp_for_phi"": 0}",u,0.02218171247826522,64.0,0.14893526270922283,True
0.8803566098213196,0.8783842325210571,0.9393259882926941,2333,125.193849689192,L640_sub02822,0.3720940053462982,0.3275754153728485,0.12161577492952347,lambda,2.0,0,"{""invalid_B"": 0, ""invalid_q"": 0, ""weak_B_direction"": 0, ""weak_q_perp_for_phi"": 0, ""weak_r_perp_for_phi"": 0}",u,0.028247682438118447,128.0,0.1680704686675159,True
0.8803566098213196,0.8783842325210571,0.9393259882926941,2445,31.984371183438952,L640_sub02822,0.3720940053462982,0.3275754153728485,0.12161577492952347,parallel,3.0,0,"{""invalid_B"": 0, ""invalid_q"": 0, ""weak_B_direction"": 0, ""weak_q_perp_for_phi"": 0, ""weak_r_perp_for_phi"": 0}",B,0.001275600926219396,32.0,0.10845217727866074,True
0.8803566098213196,0.8783842325210571,0.9393259882926941,2285,62.96824596572466,L640_sub02822,0.3720940053462982,0.3275754153728485,0.12161577492952347,parallel,3.0,0,"{""invalid_B"": 0, ""invalid_q"": 0, ""weak_B_direction"": 0, ""weak_q_perp_for_phi"": 0, ""weak_r_perp_for_phi"": 0}",B,0.0027175006304179902,64.0,0.13954787187942574,True
0.8803566098213196,0.8783842325210571,0.9393259882926941,2458,125.193849689192,L640_sub02822,0.3720940053462982,0.3275754153728485,0.12161577492952347,parallel,3.0,0,"{""invalid_B"": 0, ""invalid_q"": 0, ""weak_B_direction"": 0, ""weak_q_perp_for_phi"": 0, ""weak_r_perp_for_phi"": 0}",B,0.006934908680129631,128.0,0.19069834128942703,True
0.8803566098213196,0.8783842325210571,0.9393259882926941,1461,31.984371183438952,L640_sub02822,0.3720940053462982,0.3275754153728485,0.12161577492952347,xi,3.0,0,"{""invalid_B"": 0, ""invalid_q"": 0, ""weak_B_direction"": 0, ""weak_q_perp_for_phi"": 0, ""weak_r_perp_for_phi"": 0}",B,0.003427590134145789,32.0,0.1507751009894033,True
0.8803566098213196,0.8783842325210571,0.9393259882926941,1529,62.96824596572466,L640_sub02822,0.3720940053462982,0.3275754153728485,0.12161577492952347,xi,3.0,0,"{""invalid_B"": 0, ""invalid_q"": 0, ""weak_B_direction"": 0, ""weak_q_perp_for_phi"": 0, ""weak_r_perp_for_phi"": 0}",B,0.011228627179064022,64.0,0.22392825069091474,True
0.8803566098213196,0.8783842325210571,0.9393259882926941,1461,125.193849689192,L640_sub02822,0.3720940053462982,0.3275754153728485,0.12161577492952347,xi,3.0,0,"{""invalid_B"": 0, ""invalid_q"": 0, ""weak_B_direction"": 0, ""weak_q_perp_for_phi"": 0, ""weak_r_perp_for_phi"": 0}",B,0.027556787807859823,128.0,0.3020481620185102,True
0.8803566098213196,0.8783842325210571,0.9393259882926941,2497,31.984371183438952,L640_sub02822,0.3720940053462982,0.3275754153728485,0.12161577492952347,lambda,3.0,0,"{""invalid_B"": 0, ""invalid_q"": 0, ""weak_B_direction"": 0, ""weak_q_perp_for_phi"": 0, ""weak_r_perp_for_phi"": 0}",B,0.01774807521186453,32.0,0.26084574303511265,True
0.8803566098213196,0.8783842325210571,0.9393259882926941,2479,62.96824596572466,L640_sub02822,0.3720940053462982,0.3275754153728485,0.12161577492952347,lambda,3.0,0,"{""invalid_B"": 0, ""invalid_q"": 0, ""weak_B_direction"": 0, ""weak_q_perp_for_phi"": 0, ""weak_r_perp_for_phi"": 0}",B,0.03161198702233005,64.0,0.316191796661143,True
0.8803566098213196,0.8783842325210571,0.9393259882926941,2266,125.193849689192,L640_sub02822,0.3720940053462982,0.3275754153728485,0.12161577492952347,lambda,3.0,0,"{""invalid_B"": 0, ""invalid_q"": 0, ""weak_B_direction"": 0, ""weak_q_perp_for_phi"": 0, ""weak_r_perp_for_phi"": 0}",B,0.05104930749550105,128.0,0.3709624504478042,True
0.8803566098213196,0.8783842325210571,0.9393259882926941,2445,31.984371183438952,L640_sub02822,0.3720940053462982,0.3275754153728485,0.12161577492952347,parallel,3.0,0,"{""invalid_B"": 0, ""invalid_q"": 0, ""weak_B_direction"": 0, ""weak_q_perp_for_phi"": 0, ""weak_r_perp_for_phi"": 0}",u,0.00022145863225572944,32.0,0.06050123005997856,True
0.8803566098213196,0.8783842325210571,0.9393259882926941,2285,62.96824596572466,L640_sub02822,0.3720940053462982,0.3275754153728485,0.12161577492952347,parallel,3.0,0,"{""invalid_B"": 0, ""invalid_q"": 0, ""weak_B_direction"": 0, ""weak_q_perp_for_phi"": 0, ""weak_r_perp_for_phi"": 0}",u,0.000761823218969256,64.0,0.09133096961129213,True
0.8803566098213196,0.8783842325210571,0.9393259882926941,2458,125.193849689192,L640_sub02822,0.3720940053462982,0.3275754153728485,0.12161577492952347,parallel,3.0,0,"{""invalid_B"": 0, ""invalid_q"": 0, ""weak_B_direction"": 0, ""weak_q_perp_for_phi"": 0, ""weak_r_perp_for_phi"": 0}",u,0.0017769211138034405,128.0,0.1211219114573026,True
0.8803566098213196,0.8783842325210571,0.9393259882926941,1607,31.984371183438952,L640_sub02822,0.3720940053462982,0.3275754153728485,0.12161577492952347,xi,3.0,0,"{""invalid_B"": 0, ""invalid_q"": 0, ""weak_B_direction"": 0, ""weak_q_perp_for_phi"": 0, ""weak_r_perp_for_phi"": 0}",u,0.0009359478468185154,32.0,0.09781764808862851,True
0.8803566098213196,0.8783842325210571,0.9393259882926941,1671,62.96824596572466,L640_sub02822,0.3720940053462982,0.3275754153728485,0.12161577492952347,xi,3.0,0,"{""invalid_B"": 0, ""invalid_q"": 0, ""weak_B_direction"": 0, ""weak_q_perp_for_phi"": 0, ""weak_r_perp_for_phi"": 0}",u,0.002349503111417624,64.0,0.13294091844012665,True
0.8803566098213196,0.8783842325210571,0.9393259882926941,1643,125.193849689192,L640_sub02822,0.3720940053462982,0.3275754153728485,0.12161577492952347,xi,3.0,0,"{""invalid_B"": 0, ""invalid_q"": 0, ""weak_B_direction"": 0, ""weak_q_perp_for_phi"": 0, ""weak_r_perp_for_phi"": 0}",u,0.0035797583497528727,128.0,0.15297409887709515,True
0.8803566098213196,0.8783842325210571,0.9393259882926941,2609,31.984371183438952,L640_sub02822,0.3720940053462982,0.3275754153728485,0.12161577492952347,lambda,3.0,0,"{""invalid_B"": 0, ""invalid_q"": 0, ""weak_B_direction"": 0, ""weak_q_perp_for_phi"": 0, ""weak_r_perp_for_phi"": 0}",u,0.0032747684208693064,32.0,0.14850014051265384,True
0.8803566098213196,0.8783842325210571,0.9393259882926941,2464,62.96824596572466,L640_sub02822,0.3720940053462982,0.3275754153728485,0.12161577492952347,lambda,3.0,0,"{""invalid_B"": 0, ""invalid_q"": 0, ""weak_B_direction"": 0, ""weak_q_perp_for_phi"": 0, ""weak_r_perp_for_phi"": 0}",u,0.005677411083638181,64.0,0.17839531594466798,True
0.8803566098213196,0.8783842325210571,0.9393259882926941,2333,125.193849689192,L640_sub02822,0.3720940053462982,0.3275754153728485,0.12161577492952347,lambda,3.0,0,"{""invalid_B"": 0, ""invalid_q"": 0, ""weak_B_direction"": 0, ""weak_q_perp_for_phi"": 0, ""weak_r_perp_for_phi"": 0}",u,0.007188956332372433,128.0,0.19299909914272914,True
0.8803566098213196,0.8783842325210571,0.9393259882926941,2445,31.984371183438952,L640_sub02822,0.3720940053462982,0.3275754153728485,0.12161577492952347,parallel,4.0,0,"{""invalid_B"": 0, ""invalid_q"": 0, ""weak_B_direction"": 0, ""weak_q_perp_for_phi"": 0, ""weak_r_perp_for_phi"": 0}",B,0.0007185729547950181,32.0,0.16372602457596902,True
0.8803566098213196,0.8783842325210571,0.9393259882926941,2285,62.96824596572466,L640_sub02822,0.3720940053462982,0.3275754153728485,0.12161577492952347,parallel,4.0,0,"{""invalid_B"": 0, ""invalid_q"": 0, ""weak_B_direction"": 0, ""weak_q_perp_for_phi"": 0, ""weak_r_perp_for_phi"": 0}",B,0.001439697484065049,64.0,0.1947905175187554,True
0.8803566098213196,0.8783842325210571,0.9393259882926941,2458,125.193849689192,L640_sub02822,0.3720940053462982,0.3275754153728485,0.12161577492952347,parallel,4.0,0,"{""invalid_B"": 0, ""invalid_q"": 0, ""weak_B_direction"": 0, ""weak_q_perp_for_phi"": 0, ""weak_r_perp_for_phi"": 0}",B,0.00407430123363652,128.0,0.2526464986474302,True
0.8803566098213196,0.8783842325210571,0.9393259882926941,1461,31.984371183438952,L640_sub02822,0.3720940053462982,0.3275754153728485,0.12161577492952347,xi,4.0,0,"{""invalid_B"": 0, ""invalid_q"": 0, ""weak_B_direction"": 0, ""weak_q_perp_for_phi"": 0, ""weak_r_perp_for_phi"": 0}",B,0.0014061756851808526,32.0,0.19364660885916266,True
0.8803566098213196,0.8783842325210571,0.9393259882926941,1529,62.96824596572466,L640_sub02822,0.3720940053462982,0.3275754153728485,0.12161577492952347,xi,4.0,0,"{""invalid_B"": 0, ""invalid_q"": 0, ""weak_B_direction"": 0, ""weak_q_perp_for_phi"": 0, ""weak_r_perp_for_phi"": 0}",B,0.007245669907773517,64.0,0.2917558925793939,True
0.8803566098213196,0.8783842325210571,0.9393259882926941,1461,125.193849689192,L640_sub02822,0.3720940053462982,0.3275754153728485,0.12161577492952347,xi,4.0,0,"{""invalid_B"": 0, ""invalid_q"": 0, ""weak_B_direction"": 0, ""weak_q_perp_for_phi"": 0, ""weak_r_perp_for_phi"": 0}",B,0.02134933947644059,128.0,0.38224878244338883,True
0.8803566098213196,0.8783842325210571,0.9393259882926941,2497,31.984371183438952,L640_sub02822,0.3720940053462982,0.3275754153728485,0.12161577492952347,lambda,4.0,0,"{""invalid_B"": 0, ""invalid_q"": 0, ""weak_B_direction"": 0, ""weak_q_perp_for_phi"": 0, ""weak_r_perp_for_phi"": 0}",B,0.013249100347407457,32.0,0.33927088944490047,True
0.8803566098213196,0.8783842325210571,0.9393259882926941,2479,62.96824596572466,L640_sub02822,0.3720940053462982,0.3275754153728485,0.12161577492952347,lambda,4.0,0,"{""invalid_B"": 0, ""invalid_q"": 0, ""weak_B_direction"": 0, ""weak_q_perp_for_phi"": 0, ""weak_r_perp_for_phi"": 0}",B,0.02286876229279679,64.0,0.38887557392133304,True
0.8803566098213196,0.8783842325210571,0.9393259882926941,2266,125.193849689192,L640_sub02822,0.3720940053462982,0.3275754153728485,0.12161577492952347,lambda,4.0,0,"{""invalid_B"": 0, ""invalid_q"": 0, ""weak_B_direction"": 0, ""weak_q_perp_for_phi"": 0, ""weak_r_perp_for_phi"": 0}",B,0.03405385487485567,128.0,0.42957754351964467,True
0.8803566098213196,0.8783842325210571,0.9393259882926941,2445,31.984371183438952,L640_sub02822,0.3720940053462982,0.3275754153728485,0.12161577492952347,parallel,4.0,0,"{""invalid_B"": 0, ""invalid_q"": 0, ""weak_B_direction"": 0, ""weak_q_perp_for_phi"": 0, ""weak_r_perp_for_phi"": 0}",u,4.154653650509826e-05,32.0,0.08028486958729368,True
0.8803566098213196,0.8783842325210571,0.9393259882926941,2285,62.96824596572466,L640_sub02822,0.3720940053462982,0.3275754153728485,0.12161577492952347,parallel,4.0,0,"{""invalid_B"": 0, ""invalid_q"": 0, ""weak_B_direction"": 0, ""weak_q_perp_for_phi"": 0, ""weak_r_perp_for_phi"": 0}",u,0.00016257625302602764,64.0,0.11291828604325957,True
0.8803566098213196,0.8783842325210571,0.9393259882926941,2458,125.193849689192,L640_sub02822,0.3720940053462982,0.3275754153728485,0.12161577492952347,parallel,4.0,0,"{""invalid_B"": 0, ""invalid_q"": 0, ""weak_B_direction"": 0, ""weak_q_perp_for_phi"": 0, ""weak_r_perp_for_phi"": 0}",u,0.00042666368401213126,128.0,0.14372139360956607,True
0.8803566098213196,0.8783842325210571,0.9393259882926941,1607,31.984371183438952,L640_sub02822,0.3720940053462982,0.3275754153728485,0.12161577492952347,xi,4.0,0,"{""invalid_B"": 0, ""invalid_q"": 0, ""weak_B_direction"": 0, ""weak_q_perp_for_phi"": 0, ""weak_r_perp_for_phi"": 0}",u,0.00017197206457542798,32.0,0.11451555342956288,True
0.8803566098213196,0.8783842325210571,0.9393259882926941,1671,62.96824596572466,L640_sub02822,0.3720940053462982,0.3275754153728485,0.12161577492952347,xi,4.0,0,"{""invalid_B"": 0, ""invalid_q"": 0, ""weak_B_direction"": 0, ""weak_q_perp_for_phi"": 0, ""weak_r_perp_for_phi"": 0}",u,0.0006169089982040141,64.0,0.15759965999970071,True
0.8803566098213196,0.8783842325210571,0.9393259882926941,1643,125.193849689192,L640_sub02822,0.3720940053462982,0.3275754153728485,0.12161577492952347,xi,4.0,0,"{""invalid_B"": 0, ""invalid_q"": 0, ""weak_B_direction"": 0, ""weak_q_perp_for_phi"": 0, ""weak_r_perp_for_phi"": 0}",u,0.0008449125819985277,128.0,0.17049158346754167,True
0.8803566098213196,0.8783842325210571,0.9393259882926941,2609,31.984371183438952,L640_sub02822,0.3720940053462982,0.3275754153728485,0.12161577492952347,lambda,4.0,0,"{""invalid_B"": 0, ""invalid_q"": 0, ""weak_B_direction"": 0, ""weak_q_perp_for_phi"": 0, ""weak_r_perp_for_phi"": 0}",u,0.0009266692646175103,32.0,0.17447418956150007,True
0.8803566098213196,0.8783842325210571,0.9393259882926941,2464,62.96824596572466,L640_sub02822,0.3720940053462982,0.3275754153728485,0.12161577492952347,lambda,4.0,0,"{""invalid_B"": 0, ""invalid_q"": 0, ""weak_B_direction"": 0, ""weak_q_perp_for_phi"": 0, ""weak_r_perp_for_phi"": 0}",u,0.00188753222909969,64.0,0.20843641453961645,True
0.8803566098213196,0.8783842325210571,0.9393259882926941,2333,125.193849689192,L640_sub02822,0.3720940053462982,0.3275754153728485,0.12161577492952347,lambda,4.0,0,"{""invalid_B"": 0, ""invalid_q"": 0, ""weak_B_direction"": 0, ""weak_q_perp_for_phi"": 0, ""weak_r_perp_for_phi"": 0}",u,0.0022138349134060756,128.0,0.21691336320116286,True
0.8803566098213196,0.8783842325210571,0.9393259882926941,2445,31.984371183438952,L640_sub02822,0.3720940053462982,0.3275754153728485,0.12161577492952347,parallel,5.0,0,"{""invalid_B"": 0, ""invalid_q"": 0, ""weak_B_direction"": 0, ""weak_q_perp_for_phi"": 0, ""weak_r_perp_for_phi"": 0}",B,0.0005466860975934413,32.0,0.22261150509498004,True
0.8803566098213196,0.8783842325210571,0.9393259882926941,2285,62.96824596572466,L640_sub02822,0.3720940053462982,0.3275754153728485,0.12161577492952347,parallel,5.0,0,"{""invalid_B"": 0, ""invalid_q"": 0, ""weak_B_direction"": 0, ""weak_q_perp_for_phi"": 0, ""weak_r_perp_for_phi"": 0}",B,0.0011322310056122095,64.0,0.25750579602630264,True
0.8803566098213196,0.8783842325210571,0.9393259882926941,2458,125.193849689192,L640_sub02822,0.3720940053462982,0.3275754153728485,0.12161577492952347,parallel,5.0,0,"{""invalid_B"": 0, ""invalid_q"": 0, ""weak_B_direction"": 0, ""weak_q_perp_for_phi"": 0, ""weak_r_perp_for_phi"": 0}",B,0.0032199857822467885,128.0,0.3173735946602383,True
0.8803566098213196,0.8783842325210571,0.9393259882926941,1461,31.984371183438952,L640_sub02822,0.3720940053462982,0.3275754153728485,0.12161577492952347,xi,5.0,0,"{""invalid_B"": 0, ""invalid_q"": 0, ""weak_B_direction"": 0, ""weak_q_perp_for_phi"": 0, ""weak_r_perp_for_phi"": 0}",B,0.000824760105351676,32.0,0.2416938106767379,True
0.8803566098213196,0.8783842325210571,0.9393259882926941,1529,62.96824596572466,L640_sub02822,0.3720940053462982,0.3275754153728485,0.12161577492952347,xi,5.0,0,"{""invalid_B"": 0, ""invalid_q"": 0, ""weak_B_direction"": 0, ""weak_q_perp_for_phi"": 0, ""weak_r_perp_for_phi"": 0}",B,0.0059763477152696524,64.0,0.359159345545667,True
0.8803566098213196,0.8783842325210571,0.9393259882926941,1461,125.193849689192,L640_sub02822,0.3720940053462982,0.3275754153728485,0.12161577492952347,xi,5.0,0,"{""invalid_B"": 0, ""invalid_q"": 0, ""weak_B_direction"": 0, ""weak_q_perp_for_phi"": 0, ""weak_r_perp_for_phi"": 0}",B,0.01959389302628867,128.0,0.45543263378287263,True
0.8803566098213196,0.8783842325210571,0.9393259882926941,2497,31.984371183438952,L640_sub02822,0.3720940053462982,0.3275754153728485,0.12161577492952347,lambda,5.0,0,"{""invalid_B"": 0, ""invalid_q"": 0, ""weak_B_direction"": 0, ""weak_q_perp_for_phi"": 0, ""weak_r_perp_for_phi"": 0}",B,0.011807328786982147,32.0,0.41155732081173096,True
0.8803566098213196,0.8783842325210571,0.9393259882926941,2479,62.96824596572466,L640_sub02822,0.3720940053462982,0.3275754153728485,0.12161577492952347,lambda,5.0,0,"{""invalid_B"": 0, ""invalid_q"": 0, ""weak_B_direction"": 0, ""weak_q_perp_for_phi"": 0, ""weak_r_perp_for_phi"": 0}",B,0.019226275051869454,64.0,0.4537107091128639,True
0.8803566098213196,0.8783842325210571,0.9393259882926941,2266,125.193849689192,L640_sub02822,0.3720940053462982,0.3275754153728485,0.12161577492952347,lambda,5.0,0,"{""invalid_B"": 0, ""invalid_q"": 0, ""weak_B_direction"": 0, ""weak_q_perp_for_phi"": 0, ""weak_r_perp_for_phi"": 0}",B,0.025012109947256552,128.0,0.47822256643495853,True
0.8803566098213196,0.8783842325210571,0.9393259882926941,2445,31.984371183438952,L640_sub02822,0.3720940053462982,0.3275754153728485,0.12161577492952347,parallel,5.0,0,"{""invalid_B"": 0, ""invalid_q"": 0, ""weak_B_direction"": 0, ""weak_q_perp_for_phi"": 0, ""weak_r_perp_for_phi"": 0}",u,1.153914334671649e-05,32.0,0.10290458219135995,True
0.8803566098213196,0.8783842325210571,0.9393259882926941,2285,62.96824596572466,L640_sub02822,0.3720940053462982,0.3275754153728485,0.12161577492952347,parallel,5.0,0,"{""invalid_B"": 0, ""invalid_q"": 0, ""weak_B_direction"": 0, ""weak_q_perp_for_phi"": 0, ""weak_r_perp_for_phi"": 0}",u,4.263397794857827e-05,64.0,0.13364452484069803,True
0.8803566098213196,0.8783842325210571,0.9393259882926941,2458,125.193849689192,L640_sub02822,0.3720940053462982,0.3275754153728485,0.12161577492952347,parallel,5.0,0,"{""invalid_B"": 0, ""invalid_q"": 0, ""weak_B_direction"": 0, ""weak_q_perp_for_phi"": 0, ""weak_r_perp_for_phi"": 0}",u,0.00012809762162811962,128.0,0.16653603223553512,True
0.8803566098213196,0.8783842325210571,0.9393259882926941,1607,31.984371183438952,L640_sub02822,0.3720940053462982,0.3275754153728485,0.12161577492952347,xi,5.0,0,"{""invalid_B"": 0, ""invalid_q"": 0, ""weak_B_direction"": 0, ""weak_q_perp_for_phi"": 0, ""weak_r_perp_for_phi"": 0}",u,4.225808223428886e-05,32.0,0.13340802559964063,True
0.8803566098213196,0.8783842325210571,0.9393259882926941,1671,62.96824596572466,L640_sub02822,0.3720940053462982,0.3275754153728485,0.12161577492952347,xi,5.0,0,"{""invalid_B"": 0, ""invalid_q"": 0, ""weak_B_direction"": 0, ""weak_q_perp_for_phi"": 0, ""weak_r_perp_for_phi"": 0}",u,0.00022747878180101835,64.0,0.18680486340898206,True
0.8803566098213196,0.8783842325210571,0.9393259882926941,1643,125.193849689192,L640_sub02822,0.3720940053462982,0.3275754153728485,0.12161577492952347,xi,5.0,0,"{""invalid_B"": 0, ""invalid_q"": 0, ""weak_B_direction"": 0, ""weak_q_perp_for_phi"": 0, ""weak_r_perp_for_phi"": 0}",u,0.0002332306744528277,128.0,0.18774013837693534,True
0.8803566098213196,0.8783842325210571,0.9393259882926941,2609,31.984371183438952,L640_sub02822,0.3720940053462982,0.3275754153728485,0.12161577492952347,lambda,5.0,0,"{""invalid_B"": 0, ""invalid_q"": 0, ""weak_B_direction"": 0, ""weak_q_perp_for_phi"": 0, ""weak_r_perp_for_phi"": 0}",u,0.00031941553958990583,32.0,0.1999268890161147,True
0.8803566098213196,0.8783842325210571,0.9393259882926941,2464,62.96824596572466,L640_sub02822,0.3720940053462982,0.3275754153728485,0.12161577492952347,lambda,5.0,0,"{""invalid_B"": 0, ""invalid_q"": 0, ""weak_B_direction"": 0, ""weak_q_perp_for_phi"": 0, ""weak_r_perp_for_phi"": 0}",u,0.0007578557263194519,64.0,0.2376387762695179,True
0.8803566098213196,0.8783842325210571,0.9393259882926941,2333,125.193849689192,L640_sub02822,0.3720940053462982,0.3275754153728485,0.12161577492952347,lambda,5.0,0,"{""invalid_B"": 0, ""invalid_q"": 0, ""weak_B_direction"": 0, ""weak_q_perp_for_phi"": 0, ""weak_r_perp_for_phi"": 0}",u,0.0007905060298823798,128.0,0.23965198879042948,True
0.8803566098213196,0.8783842325210571,0.9393259882926941,2445,31.984371183438952,L640_sub02822,0.3720940053462982,0.3275754153728485,0.12161577492952347,parallel,6.0,0,"{""invalid_B"": 0, ""invalid_q"": 0, ""weak_B_direction"": 0, ""weak_q_perp_for_phi"": 0, ""weak_r_perp_for_phi"": 0}",B,0.0004668853472264819,32.0,0.2785276879013927,True
0.8803566098213196,0.8783842325210571,0.9393259882926941,2285,62.96824596572466,L640_sub02822,0.3720940053462982,0.3275754153728485,0.12161577492952347,parallel,6.0,0,"{""invalid_B"": 0, ""invalid_q"": 0, ""weak_B_direction"": 0, ""weak_q_perp_for_phi"": 0, ""weak_r_perp_for_phi"": 0}",B,0.0010751024226853124,64.0,0.32006754601348375,True
0.8803566098213196,0.8783842325210571,0.9393259882926941,2458,125.193849689192,L640_sub02822,0.3720940053462982,0.3275754153728485,0.12161577492952347,parallel,6.0,0,"{""invalid_B"": 0, ""invalid_q"": 0, ""weak_B_direction"": 0, ""weak_q_perp_for_phi"": 0, ""weak_r_perp_for_phi"": 0}",B,0.002910293877074038,128.0,0.3778529416291144,True
0.8803566098213196,0.8783842325210571,0.9393259882926941,1461,31.984371183438952,L640_sub02822,0.3720940053462982,0.3275754153728485,0.12161577492952347,xi,6.0,0,"{""invalid_B"": 0, ""invalid_q"": 0, ""weak_B_direction"": 0, ""weak_q_perp_for_phi"": 0, ""weak_r_perp_for_phi"": 0}",B,0.0005913339640136414,32.0,0.2897157711186902,True
0.8803566098213196,0.8783842325210571,0.9393259882926941,1529,62.96824596572466,L640_sub02822,0.3720940053462982,0.3275754153728485,0.12161577492952347,xi,6.0,0,"{""invalid_B"": 0, ""invalid_q"": 0, ""weak_B_direction"": 0, ""weak_q_perp_for_phi"": 0, ""weak_r_perp_for_phi"": 0}",B,0.00550735491876701,64.0,0.42023334568531945,True
0.8803566098213196,0.8783842325210571,0.9393259882926941,1461,125.193849689192,L640_sub02822,0.3720940053462982,0.3275754153728485,0.12161577492952347,xi,6.0,0,"{""invalid_B"": 0, ""invalid_q"": 0, ""weak_B_direction"": 0, ""weak_q_perp_for_phi"": 0, ""weak_r_perp_for_phi"": 0}",B,0.019335303239971232,128.0,0.5180740404206233,True
0.8803566098213196,0.8783842325210571,0.9393259882926941,2497,31.984371183438952,L640_sub02822,0.3720940053462982,0.3275754153728485,0.12161577492952347,lambda,6.0,0,"{""invalid_B"": 0, ""invalid_q"": 0, ""weak_B_direction"": 0, ""weak_q_perp_for_phi"": 0, ""weak_r_perp_for_phi"": 0}",B,0.011440812054035266,32.0,0.4746893358849013,True
0.8803566098213196,0.8783842325210571,0.9393259882926941,2479,62.96824596572466,L640_sub02822,0.3720940053462982,0.3275754153728485,0.12161577492952347,lambda,6.0,0,"{""invalid_B"": 0, ""invalid_q"": 0, ""weak_B_direction"": 0, ""weak_q_perp_for_phi"": 0, ""weak_r_perp_for_phi"": 0}",B,0.017481017075078827,64.0,0.5094416513713509,True
0.8803566098213196,0.8783842325210571,0.9393259882926941,2266,125.193849689192,L640_sub02822,0.3720940053462982,0.3275754153728485,0.12161577492952347,lambda,6.0,0,"{""invalid_B"": 0, ""invalid_q"": 0, ""weak_B_direction"": 0, ""weak_q_perp_for_phi"": 0, ""weak_r_perp_for_phi"": 0}",B,0.01948999976919022,128.0,0.5187625770143505,True
0.8803566098213196,0.8783842325210571,0.9393259882926941,2445,31.984371183438952,L640_sub02822,0.3720940053462982,0.3275754153728485,0.12161577492952347,parallel,6.0,0,"{""invalid_B"": 0, ""invalid_q"": 0, ""weak_B_direction"": 0, ""weak_q_perp_for_phi"": 0, ""weak_r_perp_for_phi"": 0}",u,3.995892266361128e-06,32.0,0.1259705315062596,True
0.8803566098213196,0.8783842325210571,0.9393259882926941,2285,62.96824596572466,L640_sub02822,0.3720940053462982,0.3275754153728485,0.12161577492952347,parallel,6.0,0,"{""invalid_B"": 0, ""invalid_q"": 0, ""weak_B_direction"": 0, ""weak_q_perp_for_phi"": 0, ""weak_r_perp_for_phi"": 0}",u,1.2713878174546618e-05,64.0,0.15277290642950028,True
0.8803566098213196,0.8783842325210571,0.9393259882926941,2458,125.193849689192,L640_sub02822,0.3720940053462982,0.3275754153728485,0.12161577492952347,parallel,6.0,0,"{""invalid_B"": 0, ""invalid_q"": 0, ""weak_B_direction"": 0, ""weak_q_perp_for_phi"": 0, ""weak_r_perp_for_phi"": 0}",u,4.516483352377536e-05,128.0,0.18871223967770048,True
0.8803566098213196,0.8783842325210571,0.9393259882926941,1607,31.984371183438952,L640_sub02822,0.3720940053462982,0.3275754153728485,0.12161577492952347,xi,6.0,0,"{""invalid_B"": 0, ""invalid_q"": 0, ""weak_B_direction"": 0, ""weak_q_perp_for_phi"": 0, ""weak_r_perp_for_phi"": 0}",u,1.332216894038844e-05,32.0,0.15396753474695216,True
0.8803566098213196,0.8783842325210571,0.9393259882926941,1671,62.96824596572466,L640_sub02822,0.3720940053462982,0.3275754153728485,0.12161577492952347,xi,6.0,0,"{""invalid_B"": 0, ""invalid_q"": 0, ""weak_B_direction"": 0, ""weak_q_perp_for_phi"": 0, ""weak_r_perp_for_phi"": 0}",u,0.0001096425967103446,64.0,0.21877442551657036,True
0.8803566098213196,0.8783842325210571,0.9393259882926941,1643,125.193849689192,L640_sub02822,0.3720940053462982,0.3275754153728485,0.12161577492952347,xi,6.0,0,"{""invalid_B"": 0, ""invalid_q"": 0, ""weak_B_direction"": 0, ""weak_q_perp_for_phi"": 0, ""weak_r_perp_for_phi"": 0}",u,7.32497847817468e-05,128.0,0.20455074181677776,True
0.8803566098213196,0.8783842325210571,0.9393259882926941,2609,31.984371183438952,L640_sub02822,0.3720940053462982,0.3275754153728485,0.12161577492952347,lambda,6.0,0,"{""invalid_B"": 0, ""invalid_q"": 0, ""weak_B_direction"": 0, ""weak_q_perp_for_phi"": 0, ""weak_r_perp_for_phi"": 0}",u,0.00012555112204293512,32.0,0.22377080955290463,True
0.8803566098213196,0.8783842325210571,0.9393259882926941,2464,62.96824596572466,L640_sub02822,0.3720940053462982,0.3275754153728485,0.12161577492952347,lambda,6.0,0,"{""invalid_B"": 0, ""invalid_q"": 0, ""weak_B_direction"": 0, ""weak_q_perp_for_phi"": 0, ""weak_r_perp_for_phi"": 0}",u,0.00034701296136906655,64.0,0.26508853767977436,True
0.8803566098213196,0.8783842325210571,0.9393259882926941,2333,125.193849689192,L640_sub02822,0.3720940053462982,0.3275754153728485,0.12161577492952347,lambda,6.0,0,"{""invalid_B"": 0, ""invalid_q"": 0, ""weak_B_direction"": 0, ""weak_q_perp_for_phi"": 0, ""weak_r_perp_for_phi"": 0}",u,0.0003178843262235283,128.0,0.2612431143613285,True
0.7543922662734985,0.8783751726150513,0.8049283027648926,267,31.984371183438952,L640_sub03026,0.3721097707748413,0.28071674704551697,0.12162481993436813,parallel,1.0,0,"{""invalid_B"": 0, ""invalid_q"": 0, ""weak_B_direction"": 0, ""weak_q_perp_for_phi"": 0, ""weak_r_perp_for_phi"": 0}",B,0.06422989599801468,32.0,0.06422989599801468,True
0.7543922662734985,0.8783751726150513,0.8049283027648926,227,62.96824596572466,L640_sub03026,0.3721097707748413,0.28071674704551697,0.12162481993436813,parallel,1.0,0,"{""invalid_B"": 0, ""invalid_q"": 0, ""weak_B_direction"": 0, ""weak_q_perp_for_phi"": 0, ""weak_r_perp_for_phi"": 0}",B,0.1302011790878345,64.0,0.1302011790878345,True
0.7543922662734985,0.8783751726150513,0.8049283027648926,185,125.193849689192,L640_sub03026,0.3721097707748413,0.28071674704551697,0.12162481993436813,parallel,1.0,0,"{""invalid_B"": 0, ""invalid_q"": 0, ""weak_B_direction"": 0, ""weak_q_perp_for_phi"": 0, ""weak_r_perp_for_phi"": 0}",B,0.19484126603736004,128.0,0.19484126603736004,True
0.7543922662734985,0.8783751726150513,0.8049283027648926,1502,31.984371183438952,L640_sub03026,0.3721097707748413,0.28071674704551697,0.12162481993436813,xi,1.0,0,"{""invalid_B"": 0, ""invalid_q"": 0, ""weak_B_direction"": 0, ""weak_q_perp_for_phi"": 0, ""weak_r_perp_for_phi"": 0}",B,0.06570592775929009,32.0,0.06570592775929009,True
0.7543922662734985,0.8783751726150513,0.8049283027648926,1589,62.96824596572466,L640_sub03026,0.3721097707748413,0.28071674704551697,0.12162481993436813,xi,1.0,0,"{""invalid_B"": 0, ""invalid_q"": 0, ""weak_B_direction"": 0, ""weak_q_perp_for_phi"": 0, ""weak_r_perp_for_phi"": 0}",B,0.08709242686716621,64.0,0.08709242686716621,True
0.7543922662734985,0.8783751726150513,0.8049283027648926,1720,125.193849689192,L640_sub03026,0.3721097707748413,0.28071674704551697,0.12162481993436813,xi,1.0,0,"{""invalid_B"": 0, ""invalid_q"": 0, ""weak_B_direction"": 0, ""weak_q_perp_for_phi"": 0, ""weak_r_perp_for_phi"": 0}",B,0.10110378333863662,128.0,0.10110378333863662,True
0.7543922662734985,0.8783751726150513,0.8049283027648926,2610,31.984371183438952,L640_sub03026,0.3721097707748413,0.28071674704551697,0.12162481993436813,lambda,1.0,0,"{""invalid_B"": 0, ""invalid_q"": 0, ""weak_B_direction"": 0, ""weak_q_perp_for_phi"": 0, ""weak_r_perp_for_phi"": 0}",B,0.10538871290839232,32.0,0.10538871290839232,True
0.7543922662734985,0.8783751726150513,0.8049283027648926,2644,62.96824596572466,L640_sub03026,0.3721097707748413,0.28071674704551697,0.12162481993436813,lambda,1.0,0,"{""invalid_B"": 0, ""invalid_q"": 0, ""weak_B_direction"": 0, ""weak_q_perp_for_phi"": 0, ""weak_r_perp_for_phi"": 0}",B,0.13066587661397722,64.0,0.13066587661397722,True
0.7543922662734985,0.8783751726150513,0.8049283027648926,2462,125.193849689192,L640_sub03026,0.3721097707748413,0.28071674704551697,0.12162481993436813,lambda,1.0,0,"{""invalid_B"": 0, ""invalid_q"": 0, ""weak_B_direction"": 0, ""weak_q_perp_for_phi"": 0, ""weak_r_perp_for_phi"": 0}",B,0.16654329040023602,128.0,0.16654329040023602,True
0.7543922662734985,0.8783751726150513,0.8049283027648926,267,31.984371183438952,L640_sub03026,0.3721097707748413,0.28071674704551697,0.12162481993436813,parallel,1.0,0,"{""invalid_B"": 0, ""invalid_q"": 0, ""weak_B_direction"": 0, ""weak_q_perp_for_phi"": 0, ""weak_r_perp_for_phi"": 0}",u,0.0692823000541853,32.0,0.0692823000541853,True
0.7543922662734985,0.8783751726150513,0.8049283027648926,227,62.96824596572466,L640_sub03026,0.3721097707748413,0.28071674704551697,0.12162481993436813,parallel,1.0,0,"{""invalid_B"": 0, ""invalid_q"": 0, ""weak_B_direction"": 0, ""weak_q_perp_for_phi"": 0, ""weak_r_perp_for_phi"": 0}",u,0.14345120330808456,64.0,0.14345120330808456,True
0.7543922662734985,0.8783751726150513,0.8049283027648926,185,125.193849689192,L640_sub03026,0.3721097707748413,0.28071674704551697,0.12162481993436813,parallel,1.0,0,"{""invalid_B"": 0, ""invalid_q"": 0, ""weak_B_direction"": 0, ""weak_q_perp_for_phi"": 0, ""weak_r_perp_for_phi"": 0}",u,0.2516290342050002,128.0,0.2516290342050002,True
0.7543922662734985,0.8783751726150513,0.8049283027648926,1463,31.984371183438952,L640_sub03026,0.3721097707748413,0.28071674704551697,0.12162481993436813,xi,1.0,0,"{""invalid_B"": 0, ""invalid_q"": 0, ""weak_B_direction"": 0, ""weak_q_perp_for_phi"": 0, ""weak_r_perp_for_phi"": 0}",u,0.06138142880445657,32.0,0.06138142880445657,True
0.7543922662734985,0.8783751726150513,0.8049283027648926,1573,62.96824596572466,L640_sub03026,0.3721097707748413,0.28071674704551697,0.12162481993436813,xi,1.0,0,"{""invalid_B"": 0, ""invalid_q"": 0, ""weak_B_direction"": 0, ""weak_q_perp_for_phi"": 0, ""weak_r_perp_for_phi"": 0}",u,0.08698336159428072,64.0,0.08698336159428072,True
0.7543922662734985,0.8783751726150513,0.8049283027648926,1643,125.193849689192,L640_sub03026,0.3721097707748413,0.28071674704551697,0.12162481993436813,xi,1.0,0,"{""invalid_B"": 0, ""invalid_q"": 0, ""weak_B_direction"": 0, ""weak_q_perp_for_phi"": 0, ""weak_r_perp_for_phi"": 0}",u,0.11315370812839028,128.0,0.11315370812839028,True
0.7543922662734985,0.8783751726150513,0.8049283027648926,2584,31.984371183438952,L640_sub03026,0.3721097707748413,0.28071674704551697,0.12162481993436813,lambda,1.0,0,"{""invalid_B"": 0, ""invalid_q"": 0, ""weak_B_direction"": 0, ""weak_q_perp_for_phi"": 0, ""weak_r_perp_for_phi"": 0}",u,0.10463653283580013,32.0,0.10463653283580013,True
0.7543922662734985,0.8783751726150513,0.8049283027648926,2465,62.96824596572466,L640_sub03026,0.3721097707748413,0.28071674704551697,0.12162481993436813,lambda,1.0,0,"{""invalid_B"": 0, ""invalid_q"": 0, ""weak_B_direction"": 0, ""weak_q_perp_for_phi"": 0, ""weak_r_perp_for_phi"": 0}",u,0.12733115423295255,64.0,0.12733115423295255,True
0.7543922662734985,0.8783751726150513,0.8049283027648926,2508,125.193849689192,L640_sub03026,0.3721097707748413,0.28071674704551697,0.12162481993436813,lambda,1.0,0,"{""invalid_B"": 0, ""invalid_q"": 0, ""weak_B_direction"": 0, ""weak_q_perp_for_phi"": 0, ""weak_r_perp_for_phi"": 0}",u,0.1366363317983835,128.0,0.1366363317983835,True
0.7543922662734985,0.8783751726150513,0.8049283027648926,267,31.984371183438952,L640_sub03026,0.3721097707748413,0.28071674704551697,0.12162481993436813,parallel,2.0,0,"{""invalid_B"": 0, ""invalid_q"": 0, ""weak_B_direction"": 0, ""weak_q_perp_for_phi"": 0, ""weak_r_perp_for_phi"": 0}",B,0.00915618238275384,32.0,0.0956879427240122,True
0.7543922662734985,0.8783751726150513,0.8049283027648926,227,62.96824596572466,L640_sub03026,0.3721097707748413,0.28071674704551697,0.12162481993436813,parallel,2.0,0,"{""invalid_B"": 0, ""invalid_q"": 0, ""weak_B_direction"": 0, ""weak_q_perp_for_phi"": 0, ""weak_r_perp_for_phi"": 0}",B,0.03373465067996551,64.0,0.18366995040007364,True
0.7543922662734985,0.8783751726150513,0.8049283027648926,185,125.193849689192,L640_sub03026,0.3721097707748413,0.28071674704551697,0.12162481993436813,parallel,2.0,0,"{""invalid_B"": 0, ""invalid_q"": 0, ""weak_B_direction"": 0, ""weak_q_perp_for_phi"": 0, ""weak_r_perp_for_phi"": 0}",B,0.06402280160738442,128.0,0.2530272744337741,True
0.7543922662734985,0.8783751726150513,0.8049283027648926,1502,31.984371183438952,L640_sub03026,0.3721097707748413,0.28071674704551697,0.12162481993436813,xi,2.0,0,"{""invalid_B"": 0, ""invalid_q"": 0, ""weak_B_direction"": 0, ""weak_q_perp_for_phi"": 0, ""weak_r_perp_for_phi"": 0}",B,0.007230592797380282,32.0,0.08503289244392596,True
0.7543922662734985,0.8783751726150513,0.8049283027648926,1589,62.96824596572466,L640_sub03026,0.3721097707748413,0.28071674704551697,0.12162481993436813,xi,2.0,0,"{""invalid_B"": 0, ""invalid_q"": 0, ""weak_B_direction"": 0, ""weak_q_perp_for_phi"": 0, ""weak_r_perp_for_phi"": 0}",B,0.011946258486616648,64.0,0.10929894092175206,True
0.7543922662734985,0.8783751726150513,0.8049283027648926,1720,125.193849689192,L640_sub03026,0.3721097707748413,0.28071674704551697,0.12162481993436813,xi,2.0,0,"{""invalid_B"": 0, ""invalid_q"": 0, ""weak_B_direction"": 0, ""weak_q_perp_for_phi"": 0, ""weak_r_perp_for_phi"": 0}",B,0.015116878728251622,128.0,0.12295071666424569,True
0.7543922662734985,0.8783751726150513,0.8049283027648926,2610,31.984371183438952,L640_sub03026,0.3721097707748413,0.28071674704551697,0.12162481993436813,lambda,2.0,0,"{""invalid_B"": 0, ""invalid_q"": 0, ""weak_B_direction"": 0, ""weak_q_perp_for_phi"": 0, ""weak_r_perp_for_phi"": 0}",B,0.02081166869909348,32.0,0.14426249928201534,True
0.7543922662734985,0.8783751726150513,0.8049283027648926,2644,62.96824596572466,L640_sub03026,0.3721097707748413,0.28071674704551697,0.12162481993436813,lambda,2.0,0,"{""invalid_B"": 0, ""invalid_q"": 0, ""weak_B_direction"": 0, ""weak_q_perp_for_phi"": 0, ""weak_r_perp_for_phi"": 0}",B,0.033343224334251284,64.0,0.18260127144752109,True
0.7543922662734985,0.8783751726150513,0.8049283027648926,2462,125.193849689192,L640_sub03026,0.3721097707748413,0.28071674704551697,0.12162481993436813,lambda,2.0,0,"{""invalid_B"": 0, ""invalid_q"": 0, ""weak_B_direction"": 0, ""weak_q_perp_for_phi"": 0, ""weak_r_perp_for_phi"": 0}",B,0.055039224505745755,128.0,0.23460440001360963,True
0.7543922662734985,0.8783751726150513,0.8049283027648926,267,31.984371183438952,L640_sub03026,0.3721097707748413,0.28071674704551697,0.12162481993436813,parallel,2.0,0,"{""invalid_B"": 0, ""invalid_q"": 0, ""weak_B_direction"": 0, ""weak_q_perp_for_phi"": 0, ""weak_r_perp_for_phi"": 0}",u,0.009870766322897155,32.0,0.09935173034676928,True
0.7543922662734985,0.8783751726150513,0.8049283027648926,227,62.96824596572466,L640_sub03026,0.3721097707748413,0.28071674704551697,0.12162481993436813,parallel,2.0,0,"{""invalid_B"": 0, ""invalid_q"": 0, ""weak_B_direction"": 0, ""weak_q_perp_for_phi"": 0, ""weak_r_perp_for_phi"": 0}",u,0.03911695055374588,64.0,0.19778005600602372,True
0.7543922662734985,0.8783751726150513,0.8049283027648926,185,125.193849689192,L640_sub03026,0.3721097707748413,0.28071674704551697,0.12162481993436813,parallel,2.0,0,"{""invalid_B"": 0, ""invalid_q"": 0, ""weak_B_direction"": 0, ""weak_q_perp_for_phi"": 0, ""weak_r_perp_for_phi"": 0}",u,0.09830085094007127,128.0,0.31352966516754244,True
0.7543922662734985,0.8783751726150513,0.8049283027648926,1463,31.984371183438952,L640_sub03026,0.3721097707748413,0.28071674704551697,0.12162481993436813,xi,2.0,0,"{""invalid_B"": 0, ""invalid_q"": 0, ""weak_B_direction"": 0, ""weak_q_perp_for_phi"": 0, ""weak_r_perp_for_phi"": 0}",u,0.0066423335358273515,32.0,0.08150051248812704,True
0.7543922662734985,0.8783751726150513,0.8049283027648926,1573,62.96824596572466,L640_sub03026,0.3721097707748413,0.28071674704551697,0.12162481993436813,xi,2.0,0,"{""invalid_B"": 0, ""invalid_q"": 0, ""weak_B_direction"": 0, ""weak_q_perp_for_phi"": 0, ""weak_r_perp_for_phi"": 0}",u,0.012869983720466431,64.0,0.11344595065698217,True
0.7543922662734985,0.8783751726150513,0.8049283027648926,1643,125.193849689192,L640_sub03026,0.3721097707748413,0.28071674704551697,0.12162481993436813,xi,2.0,0,"{""invalid_B"": 0, ""invalid_q"": 0, ""weak_B_direction"": 0, ""weak_q_perp_for_phi"": 0, ""weak_r_perp_for_phi"": 0}",u,0.019912698443851837,128.0,0.14111236105973082,True
0.7543922662734985,0.8783751726150513,0.8049283027648926,2584,31.984371183438952,L640_sub03026,0.3721097707748413,0.28071674704551697,0.12162481993436813,lambda,2.0,0,"{""invalid_B"": 0, ""invalid_q"": 0, ""weak_B_direction"": 0, ""weak_q_perp_for_phi"": 0, ""weak_r_perp_for_phi"": 0}",u,0.02253734012718467,32.0,0.15012441549323238,True
0.7543922662734985,0.8783751726150513,0.8049283027648926,2465,62.96824596572466,L640_sub03026,0.3721097707748413,0.28071674704551697,0.12162481993436813,lambda,2.0,0,"{""invalid_B"": 0, ""invalid_q"": 0, ""weak_B_direction"": 0, ""weak_q_perp_for_phi"": 0, ""weak_r_perp_for_phi"": 0}",u,0.031736916972986376,64.0,0.17814858117028712,True
0.7543922662734985,0.8783751726150513,0.8049283027648926,2508,125.193849689192,L640_sub03026,0.3721097707748413,0.28071674704551697,0.12162481993436813,lambda,2.0,0,"{""invalid_B"": 0, ""invalid_q"": 0, ""weak_B_direction"": 0, ""weak_q_perp_for_phi"": 0, ""weak_r_perp_for_phi"": 0}",u,0.028288298167805252,128.0,0.16819125473045635,True
0.7543922662734985,0.8783751726150513,0.8049283027648926,267,31.984371183438952,L640_sub03026,0.3721097707748413,0.28071674704551697,0.12162481993436813,parallel,3.0,0,"{""invalid_B"": 0, ""invalid_q"": 0, ""weak_B_direction"": 0, ""weak_q_perp_for_phi"": 0, ""weak_r_perp_for_phi"": 0}",B,0.002141307166635843,32.0,0.12889210710238316,True
0.7543922662734985,0.8783751726150513,0.8049283027648926,227,62.96824596572466,L640_sub03026,0.3721097707748413,0.28071674704551697,0.12162481993436813,parallel,3.0,0,"{""invalid_B"": 0, ""invalid_q"": 0, ""weak_B_direction"": 0, ""weak_q_perp_for_phi"": 0, ""weak_r_perp_for_phi"": 0}",B,0.012454799273088967,64.0,0.23179936623343425,True
0.7543922662734985,0.8783751726150513,0.8049283027648926,185,125.193849689192,L640_sub03026,0.3721097707748413,0.28071674704551697,0.12162481993436813,parallel,3.0,0,"{""invalid_B"": 0, ""invalid_q"": 0, ""weak_B_direction"": 0, ""weak_q_perp_for_phi"": 0, ""weak_r_perp_for_phi"": 0}",B,0.028317953063466062,128.0,0.3048039699348723,True
0.7543922662734985,0.8783751726150513,0.8049283027648926,1502,31.984371183438952,L640_sub03026,0.3721097707748413,0.28071674704551697,0.12162481993436813,xi,3.0,0,"{""invalid_B"": 0, ""invalid_q"": 0, ""weak_B_direction"": 0, ""weak_q_perp_for_phi"": 0, ""weak_r_perp_for_phi"": 0}",B,0.001273861828696616,32.0,0.10840286857308973,True
0.7543922662734985,0.8783751726150513,0.8049283027648926,1589,62.96824596572466,L640_sub03026,0.3721097707748413,0.28071674704551697,0.12162481993436813,xi,3.0,0,"{""invalid_B"": 0, ""invalid_q"": 0, ""weak_B_direction"": 0, ""weak_q_perp_for_phi"": 0, ""weak_r_perp_for_phi"": 0}",B,0.002498086114580944,64.0,0.13568623809262603,True
0.7543922662734985,0.8783751726150513,0.8049283027648926,1720,125.193849689192,L640_sub03026,0.3721097707748413,0.28071674704551697,0.12162481993436813,xi,3.0,0,"{""invalid_B"": 0, ""invalid_q"": 0, ""weak_B_direction"": 0, ""weak_q_perp_for_phi"": 0, ""weak_r_perp_for_phi"": 0}",B,0.0032546754372908613,128.0,0.1481957999737758,True
0.7543922662734985,0.8783751726150513,0.8049283027648926,2610,31.984371183438952,L640_sub03026,0.3721097707748413,0.28071674704551697,0.12162481993436813,lambda,3.0,0,"{""invalid_B"": 0, ""invalid_q"": 0, ""weak_B_direction"": 0, ""weak_q_perp_for_phi"": 0, ""weak_r_perp_for_phi"": 0}",B,0.007227599473209096,32.0,0.1933442937955302,True
0.7543922662734985,0.8783751726150513,0.8049283027648926,2644,62.96824596572466,L640_sub03026,0.3721097707748413,0.28071674704551697,0.12162481993436813,lambda,3.0,0,"{""invalid_B"": 0, ""invalid_q"": 0, ""weak_B_direction"": 0, ""weak_q_perp_for_phi"": 0, ""weak_r_perp_for_phi"": 0}",B,0.014689282944872055,64.0,0.24490643627030442,True
0.7543922662734985,0.8783751726150513,0.8049283027648926,2462,125.193849689192,L640_sub03026,0.3721097707748413,0.28071674704551697,0.12162481993436813,lambda,3.0,0,"{""invalid_B"": 0, ""invalid_q"": 0, ""weak_B_direction"": 0, ""weak_q_perp_for_phi"": 0, ""weak_r_perp_for_phi"": 0}",B,0.027612826475100202,128.0,0.3022527687847946,True
0.7543922662734985,0.8783751726150513,0.8049283027648926,267,31.984371183438952,L640_sub03026,0.3721097707748413,0.28071674704551697,0.12162481993436813,parallel,3.0,0,"{""invalid_B"": 0, ""invalid_q"": 0, ""weak_B_direction"": 0, ""weak_q_perp_for_phi"": 0, ""weak_r_perp_for_phi"": 0}",u,0.002228860749385659,32.0,0.1306254036328827,True
0.7543922662734985,0.8783751726150513,0.8049283027648926,227,62.96824596572466,L640_sub03026,0.3721097707748413,0.28071674704551697,0.12162481993436813,parallel,3.0,0,"{""invalid_B"": 0, ""invalid_q"": 0, ""weak_B_direction"": 0, ""weak_q_perp_for_phi"": 0, ""weak_r_perp_for_phi"": 0}",u,0.015383020305009884,64.0,0.2487027215450575,True
0.7543922662734985,0.8783751726150513,0.8049283027648926,185,125.193849689192,L640_sub03026,0.3721097707748413,0.28071674704551697,0.12162481993436813,parallel,3.0,0,"{""invalid_B"": 0, ""invalid_q"": 0, ""weak_B_direction"": 0, ""weak_q_perp_for_phi"": 0, ""weak_r_perp_for_phi"": 0}",u,0.048389478643399306,128.0,0.3644044297337434,True
0.7543922662734985,0.8783751726150513,0.8049283027648926,1463,31.984371183438952,L640_sub03026,0.3721097707748413,0.28071674704551697,0.12162481993436813,xi,3.0,0,"{""invalid_B"": 0, ""invalid_q"": 0, ""weak_B_direction"": 0, ""weak_q_perp_for_phi"": 0, ""weak_r_perp_for_phi"": 0}",u,0.001278493171396806,32.0,0.10853408207890844,True
0.7543922662734985,0.8783751726150513,0.8049283027648926,1573,62.96824596572466,L640_sub03026,0.3721097707748413,0.28071674704551697,0.12162481993436813,xi,3.0,0,"{""invalid_B"": 0, ""invalid_q"": 0, ""weak_B_direction"": 0, ""weak_q_perp_for_phi"": 0, ""weak_r_perp_for_phi"": 0}",u,0.003264448488985994,64.0,0.14834398453590883,True
0.7543922662734985,0.8783751726150513,0.8049283027648926,1643,125.193849689192,L640_sub03026,0.3721097707748413,0.28071674704551697,0.12162481993436813,xi,3.0,0,"{""invalid_B"": 0, ""invalid_q"": 0, ""weak_B_direction"": 0, ""weak_q_perp_for_phi"": 0, ""weak_r_perp_for_phi"": 0}",u,0.005428627757441486,128.0,0.1757505479237402,True
0.7543922662734985,0.8783751726150513,0.8049283027648926,2584,31.984371183438952,L640_sub03026,0.3721097707748413,0.28071674704551697,0.12162481993436813,lambda,3.0,0,"{""invalid_B"": 0, ""invalid_q"": 0, ""weak_B_direction"": 0, ""weak_q_perp_for_phi"": 0, ""weak_r_perp_for_phi"": 0}",u,0.008522320555185177,32.0,0.20426123583821526,True
0.7543922662734985,0.8783751726150513,0.8049283027648926,2465,62.96824596572466,L640_sub03026,0.3721097707748413,0.28071674704551697,0.12162481993436813,lambda,3.0,0,"{""invalid_B"": 0, ""invalid_q"": 0, ""weak_B_direction"": 0, ""weak_q_perp_for_phi"": 0, ""weak_r_perp_for_phi"": 0}",u,0.013931163361919569,64.0,0.24061856272544316,True
0.7543922662734985,0.8783751726150513,0.8049283027648926,2508,125.193849689192,L640_sub03026,0.3721097707748413,0.28071674704551697,0.12162481993436813,lambda,3.0,0,"{""invalid_B"": 0, ""invalid_q"": 0, ""weak_B_direction"": 0, ""weak_q_perp_for_phi"": 0, ""weak_r_perp_for_phi"": 0}",u,0.008361432336817697,128.0,0.20296768263247023,True
0.7543922662734985,0.8783751726150513,0.8049283027648926,267,31.984371183438952,L640_sub03026,0.3721097707748413,0.28071674704551697,0.12162481993436813,parallel,4.0,0,"{""invalid_B"": 0, ""invalid_q"": 0, ""weak_B_direction"": 0, ""weak_q_perp_for_phi"": 0, ""weak_r_perp_for_phi"": 0}",B,0.000645138766627494,32.0,0.15937246316973044,True
0.7543922662734985,0.8783751726150513,0.8049283027648926,227,62.96824596572466,L640_sub03026,0.3721097707748413,0.28071674704551697,0.12162481993436813,parallel,4.0,0,"{""invalid_B"": 0, ""invalid_q"": 0, ""weak_B_direction"": 0, ""weak_q_perp_for_phi"": 0, ""weak_r_perp_for_phi"": 0}",B,0.005419245526261497,64.0,0.27132181083643514,True
0.7543922662734985,0.8783751726150513,0.8049283027648926,185,125.193849689192,L640_sub03026,0.3721097707748413,0.28071674704551697,0.12162481993436813,parallel,4.0,0,"{""invalid_B"": 0, ""invalid_q"": 0, ""weak_B_direction"": 0, ""weak_q_perp_for_phi"": 0, ""weak_r_perp_for_phi"": 0}",B,0.014883326061026726,128.0,0.3492810300084459,True
0.7543922662734985,0.8783751726150513,0.8049283027648926,1502,31.984371183438952,L640_sub03026,0.3721097707748413,0.28071674704551697,0.12162481993436813,xi,4.0,0,"{""invalid_B"": 0, ""invalid_q"": 0, ""weak_B_direction"": 0, ""weak_q_perp_for_phi"": 0, ""weak_r_perp_for_phi"": 0}",B,0.0003324228394883956,32.0,0.13502765136089145,True
0.7543922662734985,0.8783751726150513,0.8049283027648926,1589,62.96824596572466,L640_sub03026,0.3721097707748413,0.28071674704551697,0.12162481993436813,xi,4.0,0,"{""invalid_B"": 0, ""invalid_q"": 0, ""weak_B_direction"": 0, ""weak_q_perp_for_phi"": 0, ""weak_r_perp_for_phi"": 0}",B,0.0007490876833854122,64.0,0.16543719733032825,True
0.7543922662734985,0.8783751726150513,0.8049283027648926,1720,125.193849689192,L640_sub03026,0.3721097707748413,0.28071674704551697,0.12162481993436813,xi,4.0,0,"{""invalid_B"": 0, ""invalid_q"": 0, ""weak_B_direction"": 0, ""weak_q_perp_for_phi"": 0, ""weak_r_perp_for_phi"": 0}",B,0.0009681817863600783,128.0,0.176396200788216,True
0.7543922662734985,0.8783751726150513,0.8049283027648926,2610,31.984371183438952,L640_sub03026,0.3721097707748413,0.28071674704551697,0.12162481993436813,lambda,4.0,0,"{""invalid_B"": 0, ""invalid_q"": 0, ""weak_B_direction"": 0, ""weak_q_perp_for_phi"": 0, ""weak_r_perp_for_phi"": 0}",B,0.0037368741198714364,32.0,0.24724477195790795,True
0.7543922662734985,0.8783751726150513,0.8049283027648926,2644,62.96824596572466,L640_sub03026,0.3721097707748413,0.28071674704551697,0.12162481993436813,lambda,4.0,0,"{""invalid_B"": 0, ""invalid_q"": 0, ""weak_B_direction"": 0, ""weak_q_perp_for_phi"": 0, ""weak_r_perp_for_phi"": 0}",B,0.00900179155094108,64.0,0.3080223557434251,True
0.7543922662734985,0.8783751726150513,0.8049283027648926,2462,125.193849689192,L640_sub03026,0.3721097707748413,0.28071674704551697,0.12162481993436813,lambda,4.0,0,"{""invalid_B"": 0, ""invalid_q"": 0, ""weak_B_direction"": 0, ""weak_q_perp_for_phi"": 0, ""weak_r_perp_for_phi"": 0}",B,0.016827076314299787,128.0,0.3601655467521456,True
0.7543922662734985,0.8783751726150513,0.8049283027648926,267,31.984371183438952,L640_sub03026,0.3721097707748413,0.28071674704551697,0.12162481993436813,parallel,4.0,0,"{""invalid_B"": 0, ""invalid_q"": 0, ""weak_B_direction"": 0, ""weak_q_perp_for_phi"": 0, ""weak_r_perp_for_phi"": 0}",u,0.0006516411468387504,32.0,0.15977253460857452,True
0.7543922662734985,0.8783751726150513,0.8049283027648926,227,62.96824596572466,L640_sub03026,0.3721097707748413,0.28071674704551697,0.12162481993436813,parallel,4.0,0,"{""invalid_B"": 0, ""invalid_q"": 0, ""weak_B_direction"": 0, ""weak_q_perp_for_phi"": 0, ""weak_r_perp_for_phi"": 0}",u,0.00753481466412167,64.0,0.29462401499891216,True
0.7543922662734985,0.8783751726150513,0.8049283027648926,185,125.193849689192,L640_sub03026,0.3721097707748413,0.28071674704551697,0.12162481993436813,parallel,4.0,0,"{""invalid_B"": 0, ""invalid_q"": 0, ""weak_B_direction"": 0, ""weak_q_perp_for_phi"": 0, ""weak_r_perp_for_phi"": 0}",u,0.027295785386011028,128.0,0.40646569587625864,True
0.7543922662734985,0.8783751726150513,0.8049283027648926,1463,31.984371183438952,L640_sub03026,0.3721097707748413,0.28071674704551697,0.12162481993436813,xi,4.0,0,"{""invalid_B"": 0, ""invalid_q"": 0, ""weak_B_direction"": 0, ""weak_q_perp_for_phi"": 0, ""weak_r_perp_for_phi"": 0}",u,0.000382078362227942,32.0,0.1398099598136002,True
0.7543922662734985,0.8783751726150513,0.8049283027648926,1573,62.96824596572466,L640_sub03026,0.3721097707748413,0.28071674704551697,0.12162481993436813,xi,4.0,0,"{""invalid_B"": 0, ""invalid_q"": 0, ""weak_B_direction"": 0, ""weak_q_perp_for_phi"": 0, ""weak_r_perp_for_phi"": 0}",u,0.0012200111122266399,64.0,0.18689210112748306,True
0.7543922662734985,0.8783751726150513,0.8049283027648926,1643,125.193849689192,L640_sub03026,0.3721097707748413,0.28071674704551697,0.12162481993436813,xi,4.0,0,"{""invalid_B"": 0, ""invalid_q"": 0, ""weak_B_direction"": 0, ""weak_q_perp_for_phi"": 0, ""weak_r_perp_for_phi"": 0}",u,0.0022028323134357266,128.0,0.21664334850063033,True
0.7543922662734985,0.8783751726150513,0.8049283027648926,2584,31.984371183438952,L640_sub03026,0.3721097707748413,0.28071674704551697,0.12162481993436813,lambda,4.0,0,"{""invalid_B"": 0, ""invalid_q"": 0, ""weak_B_direction"": 0, ""weak_q_perp_for_phi"": 0, ""weak_r_perp_for_phi"": 0}",u,0.004402053842557553,32.0,0.2575810074941334,True
0.7543922662734985,0.8783751726150513,0.8049283027648926,2465,62.96824596572466,L640_sub03026,0.3721097707748413,0.28071674704551697,0.12162481993436813,lambda,4.0,0,"{""invalid_B"": 0, ""invalid_q"": 0, ""weak_B_direction"": 0, ""weak_q_perp_for_phi"": 0, ""weak_r_perp_for_phi"": 0}",u,0.00854704071603353,64.0,0.30405625578936,True
0.7543922662734985,0.8783751726150513,0.8049283027648926,2508,125.193849689192,L640_sub03026,0.3721097707748413,0.28071674704551697,0.12162481993436813,lambda,4.0,0,"{""invalid_B"": 0, ""invalid_q"": 0, ""weak_B_direction"": 0, ""weak_q_perp_for_phi"": 0, ""weak_r_perp_for_phi"": 0}",u,0.0032102879121699633,128.0,0.23803235637412803,True
0.7543922662734985,0.8783751726150513,0.8049283027648926,267,31.984371183438952,L640_sub03026,0.3721097707748413,0.28071674704551697,0.12162481993436813,parallel,5.0,0,"{""invalid_B"": 0, ""invalid_q"": 0, ""weak_B_direction"": 0, ""weak_q_perp_for_phi"": 0, ""weak_r_perp_for_phi"": 0}",B,0.00022283315127591817,32.0,0.1860355576421625,True
0.7543922662734985,0.8783751726150513,0.8049283027648926,227,62.96824596572466,L640_sub03026,0.3721097707748413,0.28071674704551697,0.12162481993436813,parallel,5.0,0,"{""invalid_B"": 0, ""invalid_q"": 0, ""weak_B_direction"": 0, ""weak_q_perp_for_phi"": 0, ""weak_r_perp_for_phi"": 0}",B,0.002562541913847315,64.0,0.30320348973332323,True
0.7543922662734985,0.8783751726150513,0.8049283027648926,185,125.193849689192,L640_sub03026,0.3721097707748413,0.28071674704551697,0.12162481993436813,parallel,5.0,0,"{""invalid_B"": 0, ""invalid_q"": 0, ""weak_B_direction"": 0, ""weak_q_perp_for_phi"": 0, ""weak_r_perp_for_phi"": 0}",B,0.00871142904661039,128.0,0.38727358939351514,True
0.7543922662734985,0.8783751726150513,0.8049283027648926,1502,31.984371183438952,L640_sub03026,0.3721097707748413,0.28071674704551697,0.12162481993436813,xi,5.0,0,"{""invalid_B"": 0, ""invalid_q"": 0, ""weak_B_direction"": 0, ""weak_q_perp_for_phi"": 0, ""weak_r_perp_for_phi"": 0}",B,0.00011690304764106834,32.0,0.16351784941560593,True
0.7543922662734985,0.8783751726150513,0.8049283027648926,1589,62.96824596572466,L640_sub03026,0.3721097707748413,0.28071674704551697,0.12162481993436813,xi,5.0,0,"{""invalid_B"": 0, ""invalid_q"": 0, ""weak_B_direction"": 0, ""weak_q_perp_for_phi"": 0, ""weak_r_perp_for_phi"": 0}",B,0.00028964855394742004,64.0,0.196053352419803,True
0.7543922662734985,0.8783751726150513,0.8049283027648926,1720,125.193849689192,L640_sub03026,0.3721097707748413,0.28071674704551697,0.12162481993436813,xi,5.0,0,"{""invalid_B"": 0, ""invalid_q"": 0, ""weak_B_direction"": 0, ""weak_q_perp_for_phi"": 0, ""weak_r_perp_for_phi"": 0}",B,0.0003648651140044936,128.0,0.20531773669189154,True
0.7543922662734985,0.8783751726150513,0.8049283027648926,2610,31.984371183438952,L640_sub03026,0.3721097707748413,0.28071674704551697,0.12162481993436813,lambda,5.0,0,"{""invalid_B"": 0, ""invalid_q"": 0, ""weak_B_direction"": 0, ""weak_q_perp_for_phi"": 0, ""weak_r_perp_for_phi"": 0}",B,0.0024433079926096377,32.0,0.30032787494654467,True
0.7543922662734985,0.8783751726150513,0.8049283027648926,2644,62.96824596572466,L640_sub03026,0.3721097707748413,0.28071674704551697,0.12162481993436813,lambda,5.0,0,"{""invalid_B"": 0, ""invalid_q"": 0, ""weak_B_direction"": 0, ""weak_q_perp_for_phi"": 0, ""weak_r_perp_for_phi"": 0}",B,0.006550030984518914,64.0,0.3658041859641856,True
0.7543922662734985,0.8783751726150513,0.8049283027648926,2462,125.193849689192,L640_sub03026,0.3721097707748413,0.28071674704551697,0.12162481993436813,lambda,5.0,0,"{""invalid_B"": 0, ""invalid_q"": 0, ""weak_B_direction"": 0, ""weak_q_perp_for_phi"": 0, ""weak_r_perp_for_phi"": 0}",B,0.011253335959401076,128.0,0.407620724835102,True
0.7543922662734985,0.8783751726150513,0.8049283027648926,267,31.984371183438952,L640_sub03026,0.3721097707748413,0.28071674704551697,0.12162481993436813,parallel,5.0,0,"{""invalid_B"": 0, ""invalid_q"": 0, ""weak_B_direction"": 0, ""weak_q_perp_for_phi"": 0, ""weak_r_perp_for_phi"": 0}",u,0.00021902372177723552,32.0,0.18539509118675232,True
0.7543922662734985,0.8783751726150513,0.8049283027648926,227,62.96824596572466,L640_sub03026,0.3721097707748413,0.28071674704551697,0.12162481993436813,parallel,5.0,0,"{""invalid_B"": 0, ""invalid_q"": 0, ""weak_B_direction"": 0, ""weak_q_perp_for_phi"": 0, ""weak_r_perp_for_phi"": 0}",u,0.0042617611796031026,64.0,0.33567409122309966,True
0.7543922662734985,0.8783751726150513,0.8049283027648926,185,125.193849689192,L640_sub03026,0.3721097707748413,0.28071674704551697,0.12162481993436813,parallel,5.0,0,"{""invalid_B"": 0, ""invalid_q"": 0, ""weak_B_direction"": 0, ""weak_q_perp_for_phi"": 0, ""weak_r_perp_for_phi"": 0}",u,0.016825618513220036,128.0,0.4417679527616968,True
0.7543922662734985,0.8783751726150513,0.8049283027648926,1463,31.984371183438952,L640_sub03026,0.3721097707748413,0.28071674704551697,0.12162481993436813,xi,5.0,0,"{""invalid_B"": 0, ""invalid_q"": 0, ""weak_B_direction"": 0, ""weak_q_perp_for_phi"": 0, ""weak_r_perp_for_phi"": 0}",u,0.00014698218141888811,32.0,0.1711799667662012,True
0.7543922662734985,0.8783751726150513,0.8049283027648926,1573,62.96824596572466,L640_sub03026,0.3721097707748413,0.28071674704551697,0.12162481993436813,xi,5.0,0,"{""invalid_B"": 0, ""invalid_q"": 0, ""weak_B_direction"": 0, ""weak_q_perp_for_phi"": 0, ""weak_r_perp_for_phi"": 0}",u,0.0005665878307005107,64.0,0.22420921001849153,True
0.7543922662734985,0.8783751726150513,0.8049283027648926,1643,125.193849689192,L640_sub03026,0.3721097707748413,0.28071674704551697,0.12162481993436813,xi,5.0,0,"{""invalid_B"": 0, ""invalid_q"": 0, ""weak_B_direction"": 0, ""weak_q_perp_for_phi"": 0, ""weak_r_perp_for_phi"": 0}",u,0.0012223240127982905,128.0,0.2614792729505786,True
0.7543922662734985,0.8783751726150513,0.8049283027648926,2584,31.984371183438952,L640_sub03026,0.3721097707748413,0.28071674704551697,0.12162481993436813,lambda,5.0,0,"{""invalid_B"": 0, ""invalid_q"": 0, ""weak_B_direction"": 0, ""weak_q_perp_for_phi"": 0, ""weak_r_perp_for_phi"": 0}",u,0.002668417862969845,32.0,0.30566855777594126,True
0.7543922662734985,0.8783751726150513,0.8049283027648926,2465,62.96824596572466,L640_sub03026,0.3721097707748413,0.28071674704551697,0.12162481993436813,lambda,5.0,0,"{""invalid_B"": 0, ""invalid_q"": 0, ""weak_B_direction"": 0, ""weak_q_perp_for_phi"": 0, ""weak_r_perp_for_phi"": 0}",u,0.0062531120846067495,64.0,0.3624259138631371,True
0.7543922662734985,0.8783751726150513,0.8049283027648926,2508,125.193849689192,L640_sub03026,0.3721097707748413,0.28071674704551697,0.12162481993436813,lambda,5.0,0,"{""invalid_B"": 0, ""invalid_q"": 0, ""weak_B_direction"": 0, ""weak_q_perp_for_phi"": 0, ""weak_r_perp_for_phi"": 0}",u,0.0014530765848260847,128.0,0.27068095552253946,True
0.7543922662734985,0.8783751726150513,0.8049283027648926,267,31.984371183438952,L640_sub03026,0.3721097707748413,0.28071674704551697,0.12162481993436813,parallel,6.0,0,"{""invalid_B"": 0, ""invalid_q"": 0, ""weak_B_direction"": 0, ""weak_q_perp_for_phi"": 0, ""weak_r_perp_for_phi"": 0}",B,8.36294548085641e-05,32.0,0.20911886395715187,True
0.7543922662734985,0.8783751726150513,0.8049283027648926,227,62.96824596572466,L640_sub03026,0.3721097707748413,0.28071674704551697,0.12162481993436813,parallel,6.0,0,"{""invalid_B"": 0, ""invalid_q"": 0, ""weak_B_direction"": 0, ""weak_q_perp_for_phi"": 0, ""weak_r_perp_for_phi"": 0}",B,0.0012738350501012427,64.0,0.3292447554141289,True
0.7543922662734985,0.8783751726150513,0.8049283027648926,185,125.193849689192,L640_sub03026,0.3721097707748413,0.28071674704551697,0.12162481993436813,parallel,6.0,0,"{""invalid_B"": 0, ""invalid_q"": 0, ""weak_B_direction"": 0, ""weak_q_perp_for_phi"": 0, ""weak_r_perp_for_phi"": 0}",B,0.005471842402382185,128.0,0.41978050282517676,True
0.7543922662734985,0.8783751726150513,0.8049283027648926,1502,31.984371183438952,L640_sub03026,0.3721097707748413,0.28071674704551697,0.12162481993436813,xi,6.0,0,"{""invalid_B"": 0, ""invalid_q"": 0, ""weak_B_direction"": 0, ""weak_q_perp_for_phi"": 0, ""weak_r_perp_for_phi"": 0}",B,5.0730983885116795e-05,32.0,0.19240316604730076,True
0.7543922662734985,0.8783751726150513,0.8049283027648926,1589,62.96824596572466,L640_sub03026,0.3721097707748413,0.28071674704551697,0.12162481993436813,xi,6.0,0,"{""invalid_B"": 0, ""invalid_q"": 0, ""weak_B_direction"": 0, ""weak_q_perp_for_phi"": 0, ""weak_r_perp_for_phi"": 0}",B,0.000131322010172953,64.0,0.2254531220036815,True
0.7543922662734985,0.8783751726150513,0.8049283027648926,1720,125.193849689192,L640_sub03026,0.3721097707748413,0.28071674704551697,0.12162481993436813,xi,6.0,0,"{""invalid_B"": 0, ""invalid_q"": 0, ""weak_B_direction"": 0, ""weak_q_perp_for_phi"": 0, ""weak_r_perp_for_phi"": 0}",B,0.00015992287615438708,128.0,0.2329798879011788,True
0.7543922662734985,0.8783751726150513,0.8049283027648926,2610,31.984371183438952,L640_sub03026,0.3721097707748413,0.28071674704551697,0.12162481993436813,lambda,6.0,0,"{""invalid_B"": 0, ""invalid_q"": 0, ""weak_B_direction"": 0, ""weak_q_perp_for_phi"": 0, ""weak_r_perp_for_phi"": 0}",B,0.0018343546075832915,32.0,0.3498757822659485,True
0.7543922662734985,0.8783751726150513,0.8049283027648926,2644,62.96824596572466,L640_sub03026,0.3721097707748413,0.28071674704551697,0.12162481993436813,lambda,6.0,0,"{""invalid_B"": 0, ""invalid_q"": 0, ""weak_B_direction"": 0, ""weak_q_perp_for_phi"": 0, ""weak_r_perp_for_phi"": 0}",B,0.0052209142199064335,64.0,0.41650903465925226,True
0.7543922662734985,0.8783751726150513,0.8049283027648926,2462,125.193849689192,L640_sub03026,0.3721097707748413,0.28071674704551697,0.12162481993436813,lambda,6.0,0,"{""invalid_B"": 0, ""invalid_q"": 0, ""weak_B_direction"": 0, ""weak_q_perp_for_phi"": 0, ""weak_r_perp_for_phi"": 0}",B,0.007941929900047034,128.0,0.4466709156358189,True
0.7543922662734985,0.8783751726150513,0.8049283027648926,267,31.984371183438952,L640_sub03026,0.3721097707748413,0.28071674704551697,0.12162481993436813,parallel,6.0,0,"{""invalid_B"": 0, ""invalid_q"": 0, ""weak_B_direction"": 0, ""weak_q_perp_for_phi"": 0, ""weak_r_perp_for_phi"": 0}",u,7.942936872178511e-05,32.0,0.20733065441430595,True
0.7543922662734985,0.8783751726150513,0.8049283027648926,227,62.96824596572466,L640_sub03026,0.3721097707748413,0.28071674704551697,0.12162481993436813,parallel,6.0,0,"{""invalid_B"": 0, ""invalid_q"": 0, ""weak_B_direction"": 0, ""weak_q_perp_for_phi"": 0, ""weak_r_perp_for_phi"": 0}",u,0.002654264336186153,64.0,0.37209802247431123,True
0.7543922662734985,0.8783751726150513,0.8049283027648926,185,125.193849689192,L640_sub03026,0.3721097707748413,0.28071674704551697,0.12162481993436813,parallel,6.0,0,"{""invalid_B"": 0, ""invalid_q"": 0, ""weak_B_direction"": 0, ""weak_q_perp_for_phi"": 0, ""weak_r_perp_for_phi"": 0}",u,0.011030527121835056,128.0,0.47180880819691534,True
0.7543922662734985,0.8783751726150513,0.8049283027648926,1463,31.984371183438952,L640_sub03026,0.3721097707748413,0.28071674704551697,0.12162481993436813,xi,6.0,0,"{""invalid_B"": 0, ""invalid_q"": 0, ""weak_B_direction"": 0, ""weak_q_perp_for_phi"": 0, ""weak_r_perp_for_phi"": 0}",u,6.459265504085254e-05,32.0,0.20030749019711,True
0.7543922662734985,0.8783751726150513,0.8049283027648926,1573,62.96824596572466,L640_sub03026,0.3721097707748413,0.28071674704551697,0.12162481993436813,xi,6.0,0,"{""invalid_B"": 0, ""invalid_q"": 0, ""weak_B_direction"": 0, ""weak_q_perp_for_phi"": 0, ""weak_r_perp_for_phi"": 0}",u,0.00029903410043649126,64.0,0.2585949975637994,True
0.7543922662734985,0.8783751726150513,0.8049283027648926,1643,125.193849689192,L640_sub03026,0.3721097707748413,0.28071674704551697,0.12162481993436813,xi,6.0,0,"{""invalid_B"": 0, ""invalid_q"": 0, ""weak_B_direction"": 0, ""weak_q_perp_for_phi"": 0, ""weak_r_perp_for_phi"": 0}",u,0.0008477991003544251,128.0,0.3076442662047373,True
0.7543922662734985,0.8783751726150513,0.8049283027648926,2584,31.984371183438952,L640_sub03026,0.3721097707748413,0.28071674704551697,0.12162481993436813,lambda,6.0,0,"{""invalid_B"": 0, ""invalid_q"": 0, ""weak_B_direction"": 0, ""weak_q_perp_for_phi"": 0, ""weak_r_perp_for_phi"": 0}",u,0.0017749961713865818,32.0,0.34796286934997844,True
0.7543922662734985,0.8783751726150513,0.8049283027648926,2465,62.96824596572466,L640_sub03026,0.3721097707748413,0.28071674704551697,0.12162481993436813,lambda,6.0,0,"{""invalid_B"": 0, ""invalid_q"": 0, ""weak_B_direction"": 0, ""weak_q_perp_for_phi"": 0, ""weak_r_perp_for_phi"": 0}",u,0.0050692466133434744,64.0,0.41446758440020337,True
0.7543922662734985,0.8783751726150513,0.8049283027648926,2508,125.193849689192,L640_sub03026,0.3721097707748413,0.28071674704551697,0.12162481993436813,lambda,6.0,0,"{""invalid_B"": 0, ""invalid_q"": 0, ""weak_B_direction"": 0, ""weak_q_perp_for_phi"": 0, ""weak_r_perp_for_phi"": 0}",u,0.0007258186277990685,128.0,0.29978140106303697,True
0.8968921303749084,0.8786992430686951,0.9567976593971252,2494,31.984371183438952,L640_sub02615,0.3715451955795288,0.3332359492778778,0.12130076438188553,parallel,1.0,0,"{""invalid_B"": 0, ""invalid_q"": 0, ""weak_B_direction"": 0, ""weak_q_perp_for_phi"": 0, ""weak_r_perp_for_phi"": 0}",B,0.051959576422788846,32.0,0.051959576422788846,True
0.8968921303749084,0.8786992430686951,0.9567976593971252,2525,62.96824596572466,L640_sub02615,0.3715451955795288,0.3332359492778778,0.12130076438188553,parallel,1.0,0,"{""invalid_B"": 0, ""invalid_q"": 0, ""weak_B_direction"": 0, ""weak_q_perp_for_phi"": 0, ""weak_r_perp_for_phi"": 0}",B,0.08838905821434914,64.0,0.08838905821434914,True
0.8968921303749084,0.8786992430686951,0.9567976593971252,2584,125.193849689192,L640_sub02615,0.3715451955795288,0.3332359492778778,0.12130076438188553,parallel,1.0,0,"{""invalid_B"": 0, ""invalid_q"": 0, ""weak_B_direction"": 0, ""weak_q_perp_for_phi"": 0, ""weak_r_perp_for_phi"": 0}",B,0.1302661369988156,128.0,0.1302661369988156,True
0.8968921303749084,0.8786992430686951,0.9567976593971252,1544,31.984371183438952,L640_sub02615,0.3715451955795288,0.3332359492778778,0.12130076438188553,xi,1.0,0,"{""invalid_B"": 0, ""invalid_q"": 0, ""weak_B_direction"": 0, ""weak_q_perp_for_phi"": 0, ""weak_r_perp_for_phi"": 0}",B,0.10115332350288334,32.0,0.10115332350288334,True
0.8968921303749084,0.8786992430686951,0.9567976593971252,1618,62.96824596572466,L640_sub02615,0.3715451955795288,0.3332359492778778,0.12130076438188553,xi,1.0,0,"{""invalid_B"": 0, ""invalid_q"": 0, ""weak_B_direction"": 0, ""weak_q_perp_for_phi"": 0, ""weak_r_perp_for_phi"": 0}",B,0.14178671016484473,64.0,0.14178671016484473,True
0.8968921303749084,0.8786992430686951,0.9567976593971252,1646,125.193849689192,L640_sub02615,0.3715451955795288,0.3332359492778778,0.12130076438188553,xi,1.0,0,"{""invalid_B"": 0, ""invalid_q"": 0, ""weak_B_direction"": 0, ""weak_q_perp_for_phi"": 0, ""weak_r_perp_for_phi"": 0}",B,0.1698783613628288,128.0,0.1698783613628288,True
0.8968921303749084,0.8786992430686951,0.9567976593971252,2689,31.984371183438952,L640_sub02615,0.3715451955795288,0.3332359492778778,0.12130076438188553,lambda,1.0,0,"{""invalid_B"": 0, ""invalid_q"": 0, ""weak_B_direction"": 0, ""weak_q_perp_for_phi"": 0, ""weak_r_perp_for_phi"": 0}",B,0.14856190778132006,32.0,0.14856190778132006,True
0.8968921303749084,0.8786992430686951,0.9567976593971252,2689,62.96824596572466,L640_sub02615,0.3715451955795288,0.3332359492778778,0.12130076438188553,lambda,1.0,0,"{""invalid_B"": 0, ""invalid_q"": 0, ""weak_B_direction"": 0, ""weak_q_perp_for_phi"": 0, ""weak_r_perp_for_phi"": 0}",B,0.204929055322679,64.0,0.204929055322679,True
0.8968921303749084,0.8786992430686951,0.9567976593971252,2651,125.193849689192,L640_sub02615,0.3715451955795288,0.3332359492778778,0.12130076438188553,lambda,1.0,0,"{""invalid_B"": 0, ""invalid_q"": 0, ""weak_B_direction"": 0, ""weak_q_perp_for_phi"": 0, ""weak_r_perp_for_phi"": 0}",B,0.2607090103605427,128.0,0.2607090103605427,True
0.8968921303749084,0.8786992430686951,0.9567976593971252,2494,31.984371183438952,L640_sub02615,0.3715451955795288,0.3332359492778778,0.12130076438188553,parallel,1.0,0,"{""invalid_B"": 0, ""invalid_q"": 0, ""weak_B_direction"": 0, ""weak_q_perp_for_phi"": 0, ""weak_r_perp_for_phi"": 0}",u,0.04139735235624134,32.0,0.04139735235624134,True
0.8968921303749084,0.8786992430686951,0.9567976593971252,2525,62.96824596572466,L640_sub02615,0.3715451955795288,0.3332359492778778,0.12130076438188553,parallel,1.0,0,"{""invalid_B"": 0, ""invalid_q"": 0, ""weak_B_direction"": 0, ""weak_q_perp_for_phi"": 0, ""weak_r_perp_for_phi"": 0}",u,0.06781490252489722,64.0,0.06781490252489722,True
0.8968921303749084,0.8786992430686951,0.9567976593971252,2584,125.193849689192,L640_sub02615,0.3715451955795288,0.3332359492778778,0.12130076438188553,parallel,1.0,0,"{""invalid_B"": 0, ""invalid_q"": 0, ""weak_B_direction"": 0, ""weak_q_perp_for_phi"": 0, ""weak_r_perp_for_phi"": 0}",u,0.09508474825191776,128.0,0.09508474825191776,True
0.8968921303749084,0.8786992430686951,0.9567976593971252,1584,31.984371183438952,L640_sub02615,0.3715451955795288,0.3332359492778778,0.12130076438188553,xi,1.0,0,"{""invalid_B"": 0, ""invalid_q"": 0, ""weak_B_direction"": 0, ""weak_q_perp_for_phi"": 0, ""weak_r_perp_for_phi"": 0}",u,0.08789097142500975,32.0,0.08789097142500975,True
0.8968921303749084,0.8786992430686951,0.9567976593971252,1750,62.96824596572466,L640_sub02615,0.3715451955795288,0.3332359492778778,0.12130076438188553,xi,1.0,0,"{""invalid_B"": 0, ""invalid_q"": 0, ""weak_B_direction"": 0, ""weak_q_perp_for_phi"": 0, ""weak_r_perp_for_phi"": 0}",u,0.11622517679558354,64.0,0.11622517679558354,True
0.8968921303749084,0.8786992430686951,0.9567976593971252,1814,125.193849689192,L640_sub02615,0.3715451955795288,0.3332359492778778,0.12130076438188553,xi,1.0,0,"{""invalid_B"": 0, ""invalid_q"": 0, ""weak_B_direction"": 0, ""weak_q_perp_for_phi"": 0, ""weak_r_perp_for_phi"": 0}",u,0.14267383453260163,128.0,0.14267383453260163,True
0.8968921303749084,0.8786992430686951,0.9567976593971252,2622,31.984371183438952,L640_sub02615,0.3715451955795288,0.3332359492778778,0.12130076438188553,lambda,1.0,0,"{""invalid_B"": 0, ""invalid_q"": 0, ""weak_B_direction"": 0, ""weak_q_perp_for_phi"": 0, ""weak_r_perp_for_phi"": 0}",u,0.12042425099722764,32.0,0.12042425099722764,True
0.8968921303749084,0.8786992430686951,0.9567976593971252,2594,62.96824596572466,L640_sub02615,0.3715451955795288,0.3332359492778778,0.12130076438188553,lambda,1.0,0,"{""invalid_B"": 0, ""invalid_q"": 0, ""weak_B_direction"": 0, ""weak_q_perp_for_phi"": 0, ""weak_r_perp_for_phi"": 0}",u,0.15374548333270008,64.0,0.15374548333270008,True
0.8968921303749084,0.8786992430686951,0.9567976593971252,2498,125.193849689192,L640_sub02615,0.3715451955795288,0.3332359492778778,0.12130076438188553,lambda,1.0,0,"{""invalid_B"": 0, ""invalid_q"": 0, ""weak_B_direction"": 0, ""weak_q_perp_for_phi"": 0, ""weak_r_perp_for_phi"": 0}",u,0.19148817464746712,128.0,0.19148817464746712,True
0.8968921303749084,0.8786992430686951,0.9567976593971252,2494,31.984371183438952,L640_sub02615,0.3715451955795288,0.3332359492778778,0.12130076438188553,parallel,2.0,0,"{""invalid_B"": 0, ""invalid_q"": 0, ""weak_B_direction"": 0, ""weak_q_perp_for_phi"": 0, ""weak_r_perp_for_phi"": 0}",B,0.0063555486335209735,32.0,0.07972169487360999,True
0.8968921303749084,0.8786992430686951,0.9567976593971252,2525,62.96824596572466,L640_sub02615,0.3715451955795288,0.3332359492778778,0.12130076438188553,parallel,2.0,0,"{""invalid_B"": 0, ""invalid_q"": 0, ""weak_B_direction"": 0, ""weak_q_perp_for_phi"": 0, ""weak_r_perp_for_phi"": 0}",B,0.01538614041767783,64.0,0.12404088204167943,True
0.8968921303749084,0.8786992430686951,0.9567976593971252,2584,125.193849689192,L640_sub02615,0.3715451955795288,0.3332359492778778,0.12130076438188553,parallel,2.0,0,"{""invalid_B"": 0, ""invalid_q"": 0, ""weak_B_direction"": 0, ""weak_q_perp_for_phi"": 0, ""weak_r_perp_for_phi"": 0}",B,0.02589146228489968,128.0,0.16090824181781269,True
0.8968921303749084,0.8786992430686951,0.9567976593971252,1544,31.984371183438952,L640_sub02615,0.3715451955795288,0.3332359492778778,0.12130076438188553,xi,2.0,0,"{""invalid_B"": 0, ""invalid_q"": 0, ""weak_B_direction"": 0, ""weak_q_perp_for_phi"": 0, ""weak_r_perp_for_phi"": 0}",B,0.017208914215273187,32.0,0.13118275121094689,True
0.8968921303749084,0.8786992430686951,0.9567976593971252,1618,62.96824596572466,L640_sub02615,0.3715451955795288,0.3332359492778778,0.12130076438188553,xi,2.0,0,"{""invalid_B"": 0, ""invalid_q"": 0, ""weak_B_direction"": 0, ""weak_q_perp_for_phi"": 0, ""weak_r_perp_for_phi"": 0}",B,0.03242117225341827,64.0,0.1800588022103287,True
0.8968921303749084,0.8786992430686951,0.9567976593971252,1646,125.193849689192,L640_sub02615,0.3715451955795288,0.3332359492778778,0.12130076438188553,xi,2.0,0,"{""invalid_B"": 0, ""invalid_q"": 0, ""weak_B_direction"": 0, ""weak_q_perp_for_phi"": 0, ""weak_r_perp_for_phi"": 0}",B,0.04220632153499926,128.0,0.20544177164101574,True
0.8968921303749084,0.8786992430686951,0.9567976593971252,2689,31.984371183438952,L640_sub02615,0.3715451955795288,0.3332359492778778,0.12130076438188553,lambda,2.0,0,"{""invalid_B"": 0, ""invalid_q"": 0, ""weak_B_direction"": 0, ""weak_q_perp_for_phi"": 0, ""weak_r_perp_for_phi"": 0}",B,0.03714652179243118,32.0,0.1927343295638615,True
0.8968921303749084,0.8786992430686951,0.9567976593971252,2689,62.96824596572466,L640_sub02615,0.3715451955795288,0.3332359492778778,0.12130076438188553,lambda,2.0,0,"{""invalid_B"": 0, ""invalid_q"": 0, ""weak_B_direction"": 0, ""weak_q_perp_for_phi"": 0, ""weak_r_perp_for_phi"": 0}",B,0.06944850539377026,64.0,0.2635308433443233,True
0.8968921303749084,0.8786992430686951,0.9567976593971252,2651,125.193849689192,L640_sub02615,0.3715451955795288,0.3332359492778778,0.12130076438188553,lambda,2.0,0,"{""invalid_B"": 0, ""invalid_q"": 0, ""weak_B_direction"": 0, ""weak_q_perp_for_phi"": 0, ""weak_r_perp_for_phi"": 0}",B,0.10542136295936738,128.0,0.3246865611006519,True
0.8968921303749084,0.8786992430686951,0.9567976593971252,2494,31.984371183438952,L640_sub02615,0.3715451955795288,0.3332359492778778,0.12130076438188553,parallel,2.0,0,"{""invalid_B"": 0, ""invalid_q"": 0, ""weak_B_direction"": 0, ""weak_q_perp_for_phi"": 0, ""weak_r_perp_for_phi"": 0}",u,0.004347152319361707,32.0,0.06593293804587891,True
0.8968921303749084,0.8786992430686951,0.9567976593971252,2525,62.96824596572466,L640_sub02615,0.3715451955795288,0.3332359492778778,0.12130076438188553,parallel,2.0,0,"{""invalid_B"": 0, ""invalid_q"": 0, ""weak_B_direction"": 0, ""weak_q_perp_for_phi"": 0, ""weak_r_perp_for_phi"": 0}",u,0.009254217559826304,64.0,0.09619884385909377,True
0.8968921303749084,0.8786992430686951,0.9567976593971252,2584,125.193849689192,L640_sub02615,0.3715451955795288,0.3332359492778778,0.12130076438188553,parallel,2.0,0,"{""invalid_B"": 0, ""invalid_q"": 0, ""weak_B_direction"": 0, ""weak_q_perp_for_phi"": 0, ""weak_r_perp_for_phi"": 0}",u,0.014327873492115752,128.0,0.11969909561945634,True
0.8968921303749084,0.8786992430686951,0.9567976593971252,1584,31.984371183438952,L640_sub02615,0.3715451955795288,0.3332359492778778,0.12130076438188553,xi,2.0,0,"{""invalid_B"": 0, ""invalid_q"": 0, ""weak_B_direction"": 0, ""weak_q_perp_for_phi"": 0, ""weak_r_perp_for_phi"": 0}",u,0.013216076556071413,32.0,0.1149611958709173,True
0.8968921303749084,0.8786992430686951,0.9567976593971252,1750,62.96824596572466,L640_sub02615,0.3715451955795288,0.3332359492778778,0.12130076438188553,xi,2.0,0,"{""invalid_B"": 0, ""invalid_q"": 0, ""weak_B_direction"": 0, ""weak_q_perp_for_phi"": 0, ""weak_r_perp_for_phi"": 0}",u,0.02067682364093966,64.0,0.1437943797265375,True
0.8968921303749084,0.8786992430686951,0.9567976593971252,1814,125.193849689192,L640_sub02615,0.3715451955795288,0.3332359492778778,0.12130076438188553,xi,2.0,0,"{""invalid_B"": 0, ""invalid_q"": 0, ""weak_B_direction"": 0, ""weak_q_perp_for_phi"": 0, ""weak_r_perp_for_phi"": 0}",u,0.029705358878109427,128.0,0.17235242637720372,True
0.8968921303749084,0.8786992430686951,0.9567976593971252,2622,31.984371183438952,L640_sub02615,0.3715451955795288,0.3332359492778778,0.12130076438188553,lambda,2.0,0,"{""invalid_B"": 0, ""invalid_q"": 0, ""weak_B_direction"": 0, ""weak_q_perp_for_phi"": 0, ""weak_r_perp_for_phi"": 0}",u,0.023068536210454963,32.0,0.15188329799703112,True
0.8968921303749084,0.8786992430686951,0.9567976593971252,2594,62.96824596572466,L640_sub02615,0.3715451955795288,0.3332359492778778,0.12130076438188553,lambda,2.0,0,"{""invalid_B"": 0, ""invalid_q"": 0, ""weak_B_direction"": 0, ""weak_q_perp_for_phi"": 0, ""weak_r_perp_for_phi"": 0}",u,0.03697880131829708,64.0,0.19229872937254963,True
0.8968921303749084,0.8786992430686951,0.9567976593971252,2498,125.193849689192,L640_sub02615,0.3715451955795288,0.3332359492778778,0.12130076438188553,lambda,2.0,0,"{""invalid_B"": 0, ""invalid_q"": 0, ""weak_B_direction"": 0, ""weak_q_perp_for_phi"": 0, ""weak_r_perp_for_phi"": 0}",u,0.05339149487598761,128.0,0.23106599679742498,True
0.8968921303749084,0.8786992430686951,0.9567976593971252,2494,31.984371183438952,L640_sub02615,0.3715451955795288,0.3332359492778778,0.12130076438188553,parallel,3.0,0,"{""invalid_B"": 0, ""invalid_q"": 0, ""weak_B_direction"": 0, ""weak_q_perp_for_phi"": 0, ""weak_r_perp_for_phi"": 0}",B,0.0020168693821704512,32.0,0.12634534850485662,True
0.8968921303749084,0.8786992430686951,0.9567976593971252,2525,62.96824596572466,L640_sub02615,0.3715451955795288,0.3332359492778778,0.12130076438188553,parallel,3.0,0,"{""invalid_B"": 0, ""invalid_q"": 0, ""weak_B_direction"": 0, ""weak_q_perp_for_phi"": 0, ""weak_r_perp_for_phi"": 0}",B,0.005367466797391451,64.0,0.1750880296964884,True
0.8968921303749084,0.8786992430686951,0.9567976593971252,2584,125.193849689192,L640_sub02615,0.3715451955795288,0.3332359492778778,0.12130076438188553,parallel,3.0,0,"{""invalid_B"": 0, ""invalid_q"": 0, ""weak_B_direction"": 0, ""weak_q_perp_for_phi"": 0, ""weak_r_perp_for_phi"": 0}",B,0.007518779152974953,128.0,0.1959066189992242,True
0.8968921303749084,0.8786992430686951,0.9567976593971252,1544,31.984371183438952,L640_sub02615,0.3715451955795288,0.3332359492778778,0.12130076438188553,xi,3.0,0,"{""invalid_B"": 0, ""invalid_q"": 0, ""weak_B_direction"": 0, ""weak_q_perp_for_phi"": 0, ""weak_r_perp_for_phi"": 0}",B,0.004950209732146662,32.0,0.17042809903815884,True
0.8968921303749084,0.8786992430686951,0.9567976593971252,1618,62.96824596572466,L640_sub02615,0.3715451955795288,0.3332359492778778,0.12130076438188553,xi,3.0,0,"{""invalid_B"": 0, ""invalid_q"": 0, ""weak_B_direction"": 0, ""weak_q_perp_for_phi"": 0, ""weak_r_perp_for_phi"": 0}",B,0.011138430035593299,64.0,0.2233270488964572,True
0.8968921303749084,0.8786992430686951,0.9567976593971252,1646,125.193849689192,L640_sub02615,0.3715451955795288,0.3332359492778778,0.12130076438188553,xi,3.0,0,"{""invalid_B"": 0, ""invalid_q"": 0, ""weak_B_direction"": 0, ""weak_q_perp_for_phi"": 0, ""weak_r_perp_for_phi"": 0}",B,0.014771932416035433,128.0,0.24536490073760914,True
0.8968921303749084,0.8786992430686951,0.9567976593971252,2689,31.984371183438952,L640_sub02615,0.3715451955795288,0.3332359492778778,0.12130076438188553,lambda,3.0,0,"{""invalid_B"": 0, ""invalid_q"": 0, ""weak_B_direction"": 0, ""weak_q_perp_for_phi"": 0, ""weak_r_perp_for_phi"": 0}",B,0.01367897712049393,32.0,0.23915779522850533,True
0.8968921303749084,0.8786992430686951,0.9567976593971252,2689,62.96824596572466,L640_sub02615,0.3715451955795288,0.3332359492778778,0.12130076438188553,lambda,3.0,0,"{""invalid_B"": 0, ""invalid_q"": 0, ""weak_B_direction"": 0, ""weak_q_perp_for_phi"": 0, ""weak_r_perp_for_phi"": 0}",B,0.03375707004525893,64.0,0.32318776778223296,True
0.8968921303749084,0.8786992430686951,0.9567976593971252,2651,125.193849689192,L640_sub02615,0.3715451955795288,0.3332359492778778,0.12130076438188553,lambda,3.0,0,"{""invalid_B"": 0, ""invalid_q"": 0, ""weak_B_direction"": 0, ""weak_q_perp_for_phi"": 0, ""weak_r_perp_for_phi"": 0}",B,0.05889348312050952,128.0,0.3890652237201227,True
0.8968921303749084,0.8786992430686951,0.9567976593971252,2494,31.984371183438952,L640_sub02615,0.3715451955795288,0.3332359492778778,0.12130076438188553,parallel,3.0,0,"{""invalid_B"": 0, ""invalid_q"": 0, ""weak_B_direction"": 0, ""weak_q_perp_for_phi"": 0, ""weak_r_perp_for_phi"": 0}",u,0.0015340802759888973,32.0,0.11533187751001509,True
0.8968921303749084,0.8786992430686951,0.9567976593971252,2525,62.96824596572466,L640_sub02615,0.3715451955795288,0.3332359492778778,0.12130076438188553,parallel,3.0,0,"{""invalid_B"": 0, ""invalid_q"": 0, ""weak_B_direction"": 0, ""weak_q_perp_for_phi"": 0, ""weak_r_perp_for_phi"": 0}",u,0.0027155775678442203,64.0,0.13951494669640968,True
0.8968921303749084,0.8786992430686951,0.9567976593971252,2584,125.193849689192,L640_sub02615,0.3715451955795288,0.3332359492778778,0.12130076438188553,parallel,3.0,0,"{""invalid_B"": 0, ""invalid_q"": 0, ""weak_B_direction"": 0, ""weak_q_perp_for_phi"": 0, ""weak_r_perp_for_phi"": 0}",u,0.00325375369572595,128.0,0.14818180870405118,True
0.8968921303749084,0.8786992430686951,0.9567976593971252,1584,31.984371183438952,L640_sub02615,0.3715451955795288,0.3332359492778778,0.12130076438188553,xi,3.0,0,"{""invalid_B"": 0, ""invalid_q"": 0, ""weak_B_direction"": 0, ""weak_q_perp_for_phi"": 0, ""weak_r_perp_for_phi"": 0}",u,0.003931599437322387,32.0,0.1578300720402271,True
0.8968921303749084,0.8786992430686951,0.9567976593971252,1750,62.96824596572466,L640_sub02615,0.3715451955795288,0.3332359492778778,0.12130076438188553,xi,3.0,0,"{""invalid_B"": 0, ""invalid_q"": 0, ""weak_B_direction"": 0, ""weak_q_perp_for_phi"": 0, ""weak_r_perp_for_phi"": 0}",u,0.005328365129330173,64.0,0.1746618245182059,True
0.8968921303749084,0.8786992430686951,0.9567976593971252,1814,125.193849689192,L640_sub02615,0.3715451955795288,0.3332359492778778,0.12130076438188553,xi,3.0,0,"{""invalid_B"": 0, ""invalid_q"": 0, ""weak_B_direction"": 0, ""weak_q_perp_for_phi"": 0, ""weak_r_perp_for_phi"": 0}",u,0.008598744184137745,128.0,0.20486998842740267,True
0.8968921303749084,0.8786992430686951,0.9567976593971252,2622,31.984371183438952,L640_sub02615,0.3715451955795288,0.3332359492778778,0.12130076438188553,lambda,3.0,0,"{""invalid_B"": 0, ""invalid_q"": 0, ""weak_B_direction"": 0, ""weak_q_perp_for_phi"": 0, ""weak_r_perp_for_phi"": 0}",u,0.006295057917595766,32.0,0.18464316820525709,True
0.8968921303749084,0.8786992430686951,0.9567976593971252,2594,62.96824596572466,L640_sub02615,0.3715451955795288,0.3332359492778778,0.12130076438188553,lambda,3.0,0,"{""invalid_B"": 0, ""invalid_q"": 0, ""weak_B_direction"": 0, ""weak_q_perp_for_phi"": 0, ""weak_r_perp_for_phi"": 0}",u,0.012880868860642885,64.0,0.23441301435719283,True
0.8968921303749084,0.8786992430686951,0.9567976593971252,2498,125.193849689192,L640_sub02615,0.3715451955795288,0.3332359492778778,0.12130076438188553,lambda,3.0,0,"{""invalid_B"": 0, ""invalid_q"": 0, ""weak_B_direction"": 0, ""weak_q_perp_for_phi"": 0, ""weak_r_perp_for_phi"": 0}",u,0.019551058950730615,128.0,0.2693953499516695,True
0.8968921303749084,0.8786992430686951,0.9567976593971252,2494,31.984371183438952,L640_sub02615,0.3715451955795288,0.3332359492778778,0.12130076438188553,parallel,4.0,0,"{""invalid_B"": 0, ""invalid_q"": 0, ""weak_B_direction"": 0, ""weak_q_perp_for_phi"": 0, ""weak_r_perp_for_phi"": 0}",B,0.0012521082421889011,32.0,0.1881093871804723,True
0.8968921303749084,0.8786992430686951,0.9567976593971252,2525,62.96824596572466,L640_sub02615,0.3715451955795288,0.3332359492778778,0.12130076438188553,parallel,4.0,0,"{""invalid_B"": 0, ""invalid_q"": 0, ""weak_B_direction"": 0, ""weak_q_perp_for_phi"": 0, ""weak_r_perp_for_phi"": 0}",B,0.003146026094818333,64.0,0.23683210776391406,True
0.8968921303749084,0.8786992430686951,0.9567976593971252,2584,125.193849689192,L640_sub02615,0.3715451955795288,0.3332359492778778,0.12130076438188553,parallel,4.0,0,"{""invalid_B"": 0, ""invalid_q"": 0, ""weak_B_direction"": 0, ""weak_q_perp_for_phi"": 0, ""weak_r_perp_for_phi"": 0}",B,0.00296285144209545,128.0,0.23330683873595193,True
0.8968921303749084,0.8786992430686951,0.9567976593971252,1544,31.984371183438952,L640_sub02615,0.3715451955795288,0.3332359492778778,0.12130076438188553,xi,4.0,0,"{""invalid_B"": 0, ""invalid_q"": 0, ""weak_B_direction"": 0, ""weak_q_perp_for_phi"": 0, ""weak_r_perp_for_phi"": 0}",B,0.0023989007522163745,32.0,0.22131103546820513,True
0.8968921303749084,0.8786992430686951,0.9567976593971252,1618,62.96824596572466,L640_sub02615,0.3715451955795288,0.3332359492778778,0.12130076438188553,xi,4.0,0,"{""invalid_B"": 0, ""invalid_q"": 0, ""weak_B_direction"": 0, ""weak_q_perp_for_phi"": 0, ""weak_r_perp_for_phi"": 0}",B,0.005359270303395444,64.0,0.27056799007500415,True
0.8968921303749084,0.8786992430686951,0.9567976593971252,1646,125.193849689192,L640_sub02615,0.3715451955795288,0.3332359492778778,0.12130076438188553,xi,4.0,0,"{""invalid_B"": 0, ""invalid_q"": 0, ""weak_B_direction"": 0, ""weak_q_perp_for_phi"": 0, ""weak_r_perp_for_phi"": 0}",B,0.006982670636061326,128.0,0.28907157542820394,True
0.8968921303749084,0.8786992430686951,0.9567976593971252,2689,31.984371183438952,L640_sub02615,0.3715451955795288,0.3332359492778778,0.12130076438188553,lambda,4.0,0,"{""invalid_B"": 0, ""invalid_q"": 0, ""weak_B_direction"": 0, ""weak_q_perp_for_phi"": 0, ""weak_r_perp_for_phi"": 0}",B,0.006664755958152292,32.0,0.2857235667599259,True
0.8968921303749084,0.8786992430686951,0.9567976593971252,2689,62.96824596572466,L640_sub02615,0.3715451955795288,0.3332359492778778,0.12130076438188553,lambda,4.0,0,"{""invalid_B"": 0, ""invalid_q"": 0, ""weak_B_direction"": 0, ""weak_q_perp_for_phi"": 0, ""weak_r_perp_for_phi"": 0}",B,0.020826921304086362,64.0,0.3798886069194374,True
0.8968921303749084,0.8786992430686951,0.9567976593971252,2651,125.193849689192,L640_sub02615,0.3715451955795288,0.3332359492778778,0.12130076438188553,lambda,4.0,0,"{""invalid_B"": 0, ""invalid_q"": 0, ""weak_B_direction"": 0, ""weak_q_perp_for_phi"": 0, ""weak_r_perp_for_phi"": 0}",B,0.040829408068710056,128.0,0.44951405036089565,True
0.8968921303749084,0.8786992430686951,0.9567976593971252,2494,31.984371183438952,L640_sub02615,0.3715451955795288,0.3332359492778778,0.12130076438188553,parallel,4.0,0,"{""invalid_B"": 0, ""invalid_q"": 0, ""weak_B_direction"": 0, ""weak_q_perp_for_phi"": 0, ""weak_r_perp_for_phi"": 0}",u,0.001278535615516124,32.0,0.18909419977346084,True
0.8968921303749084,0.8786992430686951,0.9567976593971252,2525,62.96824596572466,L640_sub02615,0.3715451955795288,0.3332359492778778,0.12130076438188553,parallel,4.0,0,"{""invalid_B"": 0, ""invalid_q"": 0, ""weak_B_direction"": 0, ""weak_q_perp_for_phi"": 0, ""weak_r_perp_for_phi"": 0}",u,0.0016530020787183756,64.0,0.20163612837120523,True
0.8968921303749084,0.8786992430686951,0.9567976593971252,2584,125.193849689192,L640_sub02615,0.3715451955795288,0.3332359492778778,0.12130076438188553,parallel,4.0,0,"{""invalid_B"": 0, ""invalid_q"": 0, ""weak_B_direction"": 0, ""weak_q_perp_for_phi"": 0, ""weak_r_perp_for_phi"": 0}",u,0.001037666844412037,128.0,0.17947934878492114,True
0.8968921303749084,0.8786992430686951,0.9567976593971252,1584,31.984371183438952,L640_sub02615,0.3715451955795288,0.3332359492778778,0.12130076438188553,xi,4.0,0,"{""invalid_B"": 0, ""invalid_q"": 0, ""weak_B_direction"": 0, ""weak_q_perp_for_phi"": 0, ""weak_r_perp_for_phi"": 0}",u,0.0023942855264219055,32.0,0.22120451395771346,True
0.8968921303749084,0.8786992430686951,0.9567976593971252,1750,62.96824596572466,L640_sub02615,0.3715451955795288,0.3332359492778778,0.12130076438188553,xi,4.0,0,"{""invalid_B"": 0, ""invalid_q"": 0, ""weak_B_direction"": 0, ""weak_q_perp_for_phi"": 0, ""weak_r_perp_for_phi"": 0}",u,0.0018416204976787383,64.0,0.20715720128789586,True
0.8968921303749084,0.8786992430686951,0.9567976593971252,1814,125.193849689192,L640_sub02615,0.3715451955795288,0.3332359492778778,0.12130076438188553,xi,4.0,0,"{""invalid_B"": 0, ""invalid_q"": 0, ""weak_B_direction"": 0, ""weak_q_perp_for_phi"": 0, ""weak_r_perp_for_phi"": 0}",u,0.0033657739421697223,128.0,0.2408636348421568,True
0.8968921303749084,0.8786992430686951,0.9567976593971252,2622,31.984371183438952,L640_sub02615,0.3715451955795288,0.3332359492778778,0.12130076438188553,lambda,4.0,0,"{""invalid_B"": 0, ""invalid_q"": 0, ""weak_B_direction"": 0, ""weak_q_perp_for_phi"": 0, ""weak_r_perp_for_phi"": 0}",u,0.002268759012559564,32.0,0.21824640160925907,True
0.8968921303749084,0.8786992430686951,0.9567976593971252,2594,62.96824596572466,L640_sub02615,0.3715451955795288,0.3332359492778778,0.12130076438188553,lambda,4.0,0,"{""invalid_B"": 0, ""invalid_q"": 0, ""weak_B_direction"": 0, ""weak_q_perp_for_phi"": 0, ""weak_r_perp_for_phi"": 0}",u,0.00631838202482926,64.0,0.28193660787541486,True
0.8968921303749084,0.8786992430686951,0.9567976593971252,2498,125.193849689192,L640_sub02615,0.3715451955795288,0.3332359492778778,0.12130076438188553,lambda,4.0,0,"{""invalid_B"": 0, ""invalid_q"": 0, ""weak_B_direction"": 0, ""weak_q_perp_for_phi"": 0, ""weak_r_perp_for_phi"": 0}",u,0.008792638879177797,128.0,0.3062173608440773,True
0.8968921303749084,0.8786992430686951,0.9567976593971252,2494,31.984371183438952,L640_sub02615,0.3715451955795288,0.3332359492778778,0.12130076438188553,parallel,5.0,0,"{""invalid_B"": 0, ""invalid_q"": 0, ""weak_B_direction"": 0, ""weak_q_perp_for_phi"": 0, ""weak_r_perp_for_phi"": 0}",B,0.0010214955558239206,32.0,0.252259363915205,True
0.8968921303749084,0.8786992430686951,0.9567976593971252,2525,62.96824596572466,L640_sub02615,0.3715451955795288,0.3332359492778778,0.12130076438188553,parallel,5.0,0,"{""invalid_B"": 0, ""invalid_q"": 0, ""weak_B_direction"": 0, ""weak_q_perp_for_phi"": 0, ""weak_r_perp_for_phi"": 0}",B,0.002452567181814886,64.0,0.3005551559062347,True
0.8968921303749084,0.8786992430686951,0.9567976593971252,2584,125.193849689192,L640_sub02615,0.3715451955795288,0.3332359492778778,0.12130076438188553,parallel,5.0,0,"{""invalid_B"": 0, ""invalid_q"": 0, ""weak_B_direction"": 0, ""weak_q_perp_for_phi"": 0, ""weak_r_perp_for_phi"": 0}",B,0.0014457755779739051,128.0,0.2704083990151913,True
0.8968921303749084,0.8786992430686951,0.9567976593971252,1544,31.984371183438952,L640_sub02615,0.3715451955795288,0.3332359492778778,0.12130076438188553,xi,5.0,0,"{""invalid_B"": 0, ""invalid_q"": 0, ""weak_B_direction"": 0, ""weak_q_perp_for_phi"": 0, ""weak_r_perp_for_phi"": 0}",B,0.001721205244502907,32.0,0.2800054807212089,True
0.8968921303749084,0.8786992430686951,0.9567976593971252,1618,62.96824596572466,L640_sub02615,0.3715451955795288,0.3332359492778778,0.12130076438188553,xi,5.0,0,"{""invalid_B"": 0, ""invalid_q"": 0, ""weak_B_direction"": 0, ""weak_q_perp_for_phi"": 0, ""weak_r_perp_for_phi"": 0}",B,0.0033117676239615606,64.0,0.3191625830324844,True
0.8968921303749084,0.8786992430686951,0.9567976593971252,1646,125.193849689192,L640_sub02615,0.3715451955795288,0.3332359492778778,0.12130076438188553,xi,5.0,0,"{""invalid_B"": 0, ""invalid_q"": 0, ""weak_B_direction"": 0, ""weak_q_perp_for_phi"": 0, ""weak_r_perp_for_phi"": 0}",B,0.004137978523464612,128.0,0.3337011063091395,True
0.8968921303749084,0.8786992430686951,0.9567976593971252,2689,31.984371183438952,L640_sub02615,0.3715451955795288,0.3332359492778778,0.12130076438188553,lambda,5.0,0,"{""invalid_B"": 0, ""invalid_q"": 0, ""weak_B_direction"": 0, ""weak_q_perp_for_phi"": 0, ""weak_r_perp_for_phi"": 0}",B,0.003964100138230071,32.0,0.33084831212020177,True
0.8968921303749084,0.8786992430686951,0.9567976593971252,2689,62.96824596572466,L640_sub02615,0.3715451955795288,0.3332359492778778,0.12130076438188553,lambda,5.0,0,"{""invalid_B"": 0, ""invalid_q"": 0, ""weak_B_direction"": 0, ""weak_q_perp_for_phi"": 0, ""weak_r_perp_for_phi"": 0}",B,0.014947172788004108,64.0,0.43143146029631096,True
0.8968921303749084,0.8786992430686951,0.9567976593971252,2651,125.193849689192,L640_sub02615,0.3715451955795288,0.3332359492778778,0.12130076438188553,lambda,5.0,0,"{""invalid_B"": 0, ""invalid_q"": 0, ""weak_B_direction"": 0, ""weak_q_perp_for_phi"": 0, ""weak_r_perp_for_phi"": 0}",B,0.03237631243897066,128.0,0.5035533348526215,True
0.8968921303749084,0.8786992430686951,0.9567976593971252,2494,31.984371183438952,L640_sub02615,0.3715451955795288,0.3332359492778778,0.12130076438188553,parallel,5.0,0,"{""invalid_B"": 0, ""invalid_q"": 0, ""weak_B_direction"": 0, ""weak_q_perp_for_phi"": 0, ""weak_r_perp_for_phi"": 0}",u,0.001404941650300305,32.0,0.26886338215564226,True
0.8968921303749084,0.8786992430686951,0.9567976593971252,2525,62.96824596572466,L640_sub02615,0.3715451955795288,0.3332359492778778,0.12130076438188553,parallel,5.0,0,"{""invalid_B"": 0, ""invalid_q"": 0, ""weak_B_direction"": 0, ""weak_q_perp_for_phi"": 0, ""weak_r_perp_for_phi"": 0}",u,0.0015573102267716621,64.0,0.2744574519914701,True
0.8968921303749084,0.8786992430686951,0.9567976593971252,2584,125.193849689192,L640_sub02615,0.3715451955795288,0.3332359492778778,0.12130076438188553,parallel,5.0,0,"{""invalid_B"": 0, ""invalid_q"": 0, ""weak_B_direction"": 0, ""weak_q_perp_for_phi"": 0, ""weak_r_perp_for_phi"": 0}",u,0.00042338691124868907,128.0,0.2115180751095296,True
0.8968921303749084,0.8786992430686951,0.9567976593971252,1584,31.984371183438952,L640_sub02615,0.3715451955795288,0.3332359492778778,0.12130076438188553,xi,5.0,0,"{""invalid_B"": 0, ""invalid_q"": 0, ""weak_B_direction"": 0, ""weak_q_perp_for_phi"": 0, ""weak_r_perp_for_phi"": 0}",u,0.0022104474829139167,32.0,0.29437168936343266,True
0.8968921303749084,0.8786992430686951,0.9567976593971252,1750,62.96824596572466,L640_sub02615,0.3715451955795288,0.3332359492778778,0.12130076438188553,xi,5.0,0,"{""invalid_B"": 0, ""invalid_q"": 0, ""weak_B_direction"": 0, ""weak_q_perp_for_phi"": 0, ""weak_r_perp_for_phi"": 0}",u,0.0007763403027678263,64.0,0.23878686100776159,True
0.8968921303749084,0.8786992430686951,0.9567976593971252,1814,125.193849689192,L640_sub02615,0.3715451955795288,0.3332359492778778,0.12130076438188553,xi,5.0,0,"{""invalid_B"": 0, ""invalid_q"": 0, ""weak_B_direction"": 0, ""weak_q_perp_for_phi"": 0, ""weak_r_perp_for_phi"": 0}",u,0.0017052873155334366,128.0,0.279485648770197,True
0.8968921303749084,0.8786992430686951,0.9567976593971252,2622,31.984371183438952,L640_sub02615,0.3715451955795288,0.3332359492778778,0.12130076438188553,lambda,5.0,0,"{""invalid_B"": 0, ""invalid_q"": 0, ""weak_B_direction"": 0, ""weak_q_perp_for_phi"": 0, ""weak_r_perp_for_phi"": 0}",u,0.0010214119185666297,32.0,0.2522552329187997,True
0.8968921303749084,0.8786992430686951,0.9567976593971252,2594,62.96824596572466,L640_sub02615,0.3715451955795288,0.3332359492778778,0.12130076438188553,lambda,5.0,0,"{""invalid_B"": 0, ""invalid_q"": 0, ""weak_B_direction"": 0, ""weak_q_perp_for_phi"": 0, ""weak_r_perp_for_phi"": 0}",u,0.004203495798180829,64.0,0.33475118535618154,True
0.8968921303749084,0.8786992430686951,0.9567976593971252,2498,125.193849689192,L640_sub02615,0.3715451955795288,0.3332359492778778,0.12130076438188553,lambda,5.0,0,"{""invalid_B"": 0, ""invalid_q"": 0, ""weak_B_direction"": 0, ""weak_q_perp_for_phi"": 0, ""weak_r_perp_for_phi"": 0}",u,0.004603274808433719,128.0,0.34088930854073207,True
0.8968921303749084,0.8786992430686951,0.9567976593971252,2494,31.984371183438952,L640_sub02615,0.3715451955795288,0.3332359492778778,0.12130076438188553,parallel,6.0,0,"{""invalid_B"": 0, ""invalid_q"": 0, ""weak_B_direction"": 0, ""weak_q_perp_for_phi"": 0, ""weak_r_perp_for_phi"": 0}",B,0.0009116636426213307,32.0,0.31139079663946223,True
0.8968921303749084,0.8786992430686951,0.9567976593971252,2525,62.96824596572466,L640_sub02615,0.3715451955795288,0.3332359492778778,0.12130076438188553,parallel,6.0,0,"{""invalid_B"": 0, ""invalid_q"": 0, ""weak_B_direction"": 0, ""weak_q_perp_for_phi"": 0, ""weak_r_perp_for_phi"": 0}",B,0.0022059969036183876,64.0,0.3608007927381269,True
0.8968921303749084,0.8786992430686951,0.9567976593971252,2584,125.193849689192,L640_sub02615,0.3715451955795288,0.3332359492778778,0.12130076438188553,parallel,6.0,0,"{""invalid_B"": 0, ""invalid_q"": 0, ""weak_B_direction"": 0, ""weak_q_perp_for_phi"": 0, ""weak_r_perp_for_phi"": 0}",B,0.0008104703413044328,128.0,0.30534409180614897,True
0.8968921303749084,0.8786992430686951,0.9567976593971252,1544,31.984371183438952,L640_sub02615,0.3715451955795288,0.3332359492778778,0.12130076438188553,xi,6.0,0,"{""invalid_B"": 0, ""invalid_q"": 0, ""weak_B_direction"": 0, ""weak_q_perp_for_phi"": 0, ""weak_r_perp_for_phi"": 0}",B,0.0015363060485678133,32.0,0.33968754508021115,True
0.8968921303749084,0.8786992430686951,0.9567976593971252,1618,62.96824596572466,L640_sub02615,0.3715451955795288,0.3332359492778778,0.12130076438188553,xi,6.0,0,"{""invalid_B"": 0, ""invalid_q"": 0, ""weak_B_direction"": 0, ""weak_q_perp_for_phi"": 0, ""weak_r_perp_for_phi"": 0}",B,0.002414381235163792,64.0,0.3662696846275785,True
0.8968921303749084,0.8786992430686951,0.9567976593971252,1646,125.193849689192,L640_sub02615,0.3715451955795288,0.3332359492778778,0.12130076438188553,xi,6.0,0,"{""invalid_B"": 0, ""invalid_q"": 0, ""weak_B_direction"": 0, ""weak_q_perp_for_phi"": 0, ""weak_r_perp_for_phi"": 0}",B,0.002844196942149666,128.0,0.3764089525597266,True
0.8968921303749084,0.8786992430686951,0.9567976593971252,2689,31.984371183438952,L640_sub02615,0.3715451955795288,0.3332359492778778,0.12130076438188553,lambda,6.0,0,"{""invalid_B"": 0, ""invalid_q"": 0, ""weak_B_direction"": 0, ""weak_q_perp_for_phi"": 0, ""weak_r_perp_for_phi"": 0}",B,0.0027142381407099215,32.0,0.3734862847295007,True
0.8968921303749084,0.8786992430686951,0.9567976593971252,2689,62.96824596572466,L640_sub02615,0.3715451955795288,0.3332359492778778,0.12130076438188553,lambda,6.0,0,"{""invalid_B"": 0, ""invalid_q"": 0, ""weak_B_direction"": 0, ""weak_q_perp_for_phi"": 0, ""weak_r_perp_for_phi"": 0}",B,0.011867346879580586,64.0,0.4775940850641374,True
0.8968921303749084,0.8786992430686951,0.9567976593971252,2651,125.193849689192,L640_sub02615,0.3715451955795288,0.3332359492778778,0.12130076438188553,lambda,6.0,0,"{""invalid_B"": 0, ""invalid_q"": 0, ""weak_B_direction"": 0, ""weak_q_perp_for_phi"": 0, ""weak_r_perp_for_phi"": 0}",B,0.027922267718228304,128.0,0.5507972726635548,True
0.8968921303749084,0.8786992430686951,0.9567976593971252,2494,31.984371183438952,L640_sub02615,0.3715451955795288,0.3332359492778778,0.12130076438188553,parallel,6.0,0,"{""invalid_B"": 0, ""invalid_q"": 0, ""weak_B_direction"": 0, ""weak_q_perp_for_phi"": 0, ""weak_r_perp_for_phi"": 0}",u,0.001660562278843805,32.0,0.3441194298855068,True
0.8968921303749084,0.8786992430686951,0.9567976593971252,2525,62.96824596572466,L640_sub02615,0.3715451955795288,0.3332359492778778,0.12130076438188553,parallel,6.0,0,"{""invalid_B"": 0, ""invalid_q"": 0, ""weak_B_direction"": 0, ""weak_q_perp_for_phi"": 0, ""weak_r_perp_for_phi"": 0}",u,0.001755050840047703,64.0,0.3473081304806025,True
0.8968921303749084,0.8786992430686951,0.9567976593971252,2584,125.193849689192,L640_sub02615,0.3715451955795288,0.3332359492778778,0.12130076438188553,parallel,6.0,0,"{""invalid_B"": 0, ""invalid_q"": 0, ""weak_B_direction"": 0, ""weak_q_perp_for_phi"": 0, ""weak_r_perp_for_phi"": 0}",u,0.000203248685258542,128.0,0.2424774135299736,True
0.8968921303749084,0.8786992430686951,0.9567976593971252,1584,31.984371183438952,L640_sub02615,0.3715451955795288,0.3332359492778778,0.12130076438188553,xi,6.0,0,"{""invalid_B"": 0, ""invalid_q"": 0, ""weak_B_direction"": 0, ""weak_q_perp_for_phi"": 0, ""weak_r_perp_for_phi"": 0}",u,0.002402625368826461,32.0,0.36597184578002745,True
0.8968921303749084,0.8786992430686951,0.9567976593971252,1750,62.96824596572466,L640_sub02615,0.3715451955795288,0.3332359492778778,0.12130076438188553,xi,6.0,0,"{""invalid_B"": 0, ""invalid_q"": 0, ""weak_B_direction"": 0, ""weak_q_perp_for_phi"": 0, ""weak_r_perp_for_phi"": 0}",u,0.00037006106217979027,64.0,0.26794494317132733,True
0.8968921303749084,0.8786992430686951,0.9567976593971252,1814,125.193849689192,L640_sub02615,0.3715451955795288,0.3332359492778778,0.12130076438188553,xi,6.0,0,"{""invalid_B"": 0, ""invalid_q"": 0, ""weak_B_direction"": 0, ""weak_q_perp_for_phi"": 0, ""weak_r_perp_for_phi"": 0}",u,0.0010513522266599393,128.0,0.318878109401126,True
0.8968921303749084,0.8786992430686951,0.9567976593971252,2622,31.984371183438952,L640_sub02615,0.3715451955795288,0.3332359492778778,0.12130076438188553,lambda,6.0,0,"{""invalid_B"": 0, ""invalid_q"": 0, ""weak_B_direction"": 0, ""weak_q_perp_for_phi"": 0, ""weak_r_perp_for_phi"": 0}",u,0.0005491509988288549,32.0,0.2861641967255207,True
0.8968921303749084,0.8786992430686951,0.9567976593971252,2594,62.96824596572466,L640_sub02615,0.3715451955795288,0.3332359492778778,0.12130076438188553,lambda,6.0,0,"{""invalid_B"": 0, ""invalid_q"": 0, ""weak_B_direction"": 0, ""weak_q_perp_for_phi"": 0, ""weak_r_perp_for_phi"": 0}",u,0.0035179967889487833,64.0,0.38998620033688475,True
0.8968921303749084,0.8786992430686951,0.9567976593971252,2498,125.193849689192,L640_sub02615,0.3715451955795288,0.3332359492778778,0.12130076438188553,lambda,6.0,0,"{""invalid_B"": 0, ""invalid_q"": 0, ""weak_B_direction"": 0, ""weak_q_perp_for_phi"": 0, ""weak_r_perp_for_phi"": 0}",u,0.002691353621810909,128.0,0.37295960313152776,True
0.7470294833183289,0.6737216114997864,0.9101175665855408,1031,31.984371183438952,L640_sub03942,0.6959112882614136,0.5198662877082825,0.32627835869789124,parallel,1.0,0,"{""invalid_B"": 0, ""invalid_q"": 0, ""weak_B_direction"": 0, ""weak_q_perp_for_phi"": 0, ""weak_r_perp_for_phi"": 0}",B,0.09995108803871341,32.0,0.09995108803871341,True
0.7470294833183289,0.6737216114997864,0.9101175665855408,1062,62.96824596572466,L640_sub03942,0.6959112882614136,0.5198662877082825,0.32627835869789124,parallel,1.0,0,"{""invalid_B"": 0, ""invalid_q"": 0, ""weak_B_direction"": 0, ""weak_q_perp_for_phi"": 0, ""weak_r_perp_for_phi"": 0}",B,0.16650962194689997,64.0,0.16650962194689997,True
0.7470294833183289,0.6737216114997864,0.9101175665855408,1049,125.193849689192,L640_sub03942,0.6959112882614136,0.5198662877082825,0.32627835869789124,parallel,1.0,0,"{""invalid_B"": 0, ""invalid_q"": 0, ""weak_B_direction"": 0, ""weak_q_perp_for_phi"": 0, ""weak_r_perp_for_phi"": 0}",B,0.2585958028352478,128.0,0.2585958028352478,True
0.7470294833183289,0.6737216114997864,0.9101175665855408,1523,31.984371183438952,L640_sub03942,0.6959112882614136,0.5198662877082825,0.32627835869789124,xi,1.0,0,"{""invalid_B"": 0, ""invalid_q"": 0, ""weak_B_direction"": 0, ""weak_q_perp_for_phi"": 0, ""weak_r_perp_for_phi"": 0}",B,0.12934604155226068,32.0,0.12934604155226068,True
0.7470294833183289,0.6737216114997864,0.9101175665855408,1523,62.96824596572466,L640_sub03942,0.6959112882614136,0.5198662877082825,0.32627835869789124,xi,1.0,0,"{""invalid_B"": 0, ""invalid_q"": 0, ""weak_B_direction"": 0, ""weak_q_perp_for_phi"": 0, ""weak_r_perp_for_phi"": 0}",B,0.19618951157515038,64.0,0.19618951157515038,True
0.7470294833183289,0.6737216114997864,0.9101175665855408,1744,125.193849689192,L640_sub03942,0.6959112882614136,0.5198662877082825,0.32627835869789124,xi,1.0,0,"{""invalid_B"": 0, ""invalid_q"": 0, ""weak_B_direction"": 0, ""weak_q_perp_for_phi"": 0, ""weak_r_perp_for_phi"": 0}",B,0.2725944175214455,128.0,0.2725944175214455,True
0.7470294833183289,0.6737216114997864,0.9101175665855408,2462,31.984371183438952,L640_sub03942,0.6959112882614136,0.5198662877082825,0.32627835869789124,lambda,1.0,0,"{""invalid_B"": 0, ""invalid_q"": 0, ""weak_B_direction"": 0, ""weak_q_perp_for_phi"": 0, ""weak_r_perp_for_phi"": 0}",B,0.20708473306617894,32.0,0.20708473306617894,True
0.7470294833183289,0.6737216114997864,0.9101175665855408,2441,62.96824596572466,L640_sub03942,0.6959112882614136,0.5198662877082825,0.32627835869789124,lambda,1.0,0,"{""invalid_B"": 0, ""invalid_q"": 0, ""weak_B_direction"": 0, ""weak_q_perp_for_phi"": 0, ""weak_r_perp_for_phi"": 0}",B,0.27612953084449066,64.0,0.27612953084449066,True
0.7470294833183289,0.6737216114997864,0.9101175665855408,2254,125.193849689192,L640_sub03942,0.6959112882614136,0.5198662877082825,0.32627835869789124,lambda,1.0,0,"{""invalid_B"": 0, ""invalid_q"": 0, ""weak_B_direction"": 0, ""weak_q_perp_for_phi"": 0, ""weak_r_perp_for_phi"": 0}",B,0.3538096180764351,128.0,0.3538096180764351,True
0.7470294833183289,0.6737216114997864,0.9101175665855408,1031,31.984371183438952,L640_sub03942,0.6959112882614136,0.5198662877082825,0.32627835869789124,parallel,1.0,0,"{""invalid_B"": 0, ""invalid_q"": 0, ""weak_B_direction"": 0, ""weak_q_perp_for_phi"": 0, ""weak_r_perp_for_phi"": 0}",u,0.05570573169632001,32.0,0.05570573169632001,True
0.7470294833183289,0.6737216114997864,0.9101175665855408,1062,62.96824596572466,L640_sub03942,0.6959112882614136,0.5198662877082825,0.32627835869789124,parallel,1.0,0,"{""invalid_B"": 0, ""invalid_q"": 0, ""weak_B_direction"": 0, ""weak_q_perp_for_phi"": 0, ""weak_r_perp_for_phi"": 0}",u,0.09173114478221298,64.0,0.09173114478221298,True
0.7470294833183289,0.6737216114997864,0.9101175665855408,1049,125.193849689192,L640_sub03942,0.6959112882614136,0.5198662877082825,0.32627835869789124,parallel,1.0,0,"{""invalid_B"": 0, ""invalid_q"": 0, ""weak_B_direction"": 0, ""weak_q_perp_for_phi"": 0, ""weak_r_perp_for_phi"": 0}",u,0.1266492093449938,128.0,0.1266492093449938,True
0.7470294833183289,0.6737216114997864,0.9101175665855408,1653,31.984371183438952,L640_sub03942,0.6959112882614136,0.5198662877082825,0.32627835869789124,xi,1.0,0,"{""invalid_B"": 0, ""invalid_q"": 0, ""weak_B_direction"": 0, ""weak_q_perp_for_phi"": 0, ""weak_r_perp_for_phi"": 0}",u,0.08596014799077828,32.0,0.08596014799077828,True
0.7470294833183289,0.6737216114997864,0.9101175665855408,1696,62.96824596572466,L640_sub03942,0.6959112882614136,0.5198662877082825,0.32627835869789124,xi,1.0,0,"{""invalid_B"": 0, ""invalid_q"": 0, ""weak_B_direction"": 0, ""weak_q_perp_for_phi"": 0, ""weak_r_perp_for_phi"": 0}",u,0.11849306160631234,64.0,0.11849306160631234,True
0.7470294833183289,0.6737216114997864,0.9101175665855408,1926,125.193849689192,L640_sub03942,0.6959112882614136,0.5198662877082825,0.32627835869789124,xi,1.0,0,"{""invalid_B"": 0, ""invalid_q"": 0, ""weak_B_direction"": 0, ""weak_q_perp_for_phi"": 0, ""weak_r_perp_for_phi"": 0}",u,0.15135552661830376,128.0,0.15135552661830376,True
0.7470294833183289,0.6737216114997864,0.9101175665855408,2359,31.984371183438952,L640_sub03942,0.6959112882614136,0.5198662877082825,0.32627835869789124,lambda,1.0,0,"{""invalid_B"": 0, ""invalid_q"": 0, ""weak_B_direction"": 0, ""weak_q_perp_for_phi"": 0, ""weak_r_perp_for_phi"": 0}",u,0.11750668754643573,32.0,0.11750668754643573,True
0.7470294833183289,0.6737216114997864,0.9101175665855408,2390,62.96824596572466,L640_sub03942,0.6959112882614136,0.5198662877082825,0.32627835869789124,lambda,1.0,0,"{""invalid_B"": 0, ""invalid_q"": 0, ""weak_B_direction"": 0, ""weak_q_perp_for_phi"": 0, ""weak_r_perp_for_phi"": 0}",u,0.14377753394974527,64.0,0.14377753394974527,True
0.7470294833183289,0.6737216114997864,0.9101175665855408,2055,125.193849689192,L640_sub03942,0.6959112882614136,0.5198662877082825,0.32627835869789124,lambda,1.0,0,"{""invalid_B"": 0, ""invalid_q"": 0, ""weak_B_direction"": 0, ""weak_q_perp_for_phi"": 0, ""weak_r_perp_for_phi"": 0}",u,0.16720733672387322,128.0,0.16720733672387322,True
0.7470294833183289,0.6737216114997864,0.9101175665855408,1031,31.984371183438952,L640_sub03942,0.6959112882614136,0.5198662877082825,0.32627835869789124,parallel,2.0,0,"{""invalid_B"": 0, ""invalid_q"": 0, ""weak_B_direction"": 0, ""weak_q_perp_for_phi"": 0, ""weak_r_perp_for_phi"": 0}",B,0.02245246278485941,32.0,0.14984145883185804,True
0.7470294833183289,0.6737216114997864,0.9101175665855408,1062,62.96824596572466,L640_sub03942,0.6959112882614136,0.5198662877082825,0.32627835869789124,parallel,2.0,0,"{""invalid_B"": 0, ""invalid_q"": 0, ""weak_B_direction"": 0, ""weak_q_perp_for_phi"": 0, ""weak_r_perp_for_phi"": 0}",B,0.050314567882341676,64.0,0.22430909005731728,True
0.7470294833183289,0.6737216114997864,0.9101175665855408,1049,125.193849689192,L640_sub03942,0.6959112882614136,0.5198662877082825,0.32627835869789124,parallel,2.0,0,"{""invalid_B"": 0, ""invalid_q"": 0, ""weak_B_direction"": 0, ""weak_q_perp_for_phi"": 0, ""weak_r_perp_for_phi"": 0}",B,0.11443973221657765,128.0,0.3382894207872567,True
0.7470294833183289,0.6737216114997864,0.9101175665855408,1523,31.984371183438952,L640_sub03942,0.6959112882614136,0.5198662877082825,0.32627835869789124,xi,2.0,0,"{""invalid_B"": 0, ""invalid_q"": 0, ""weak_B_direction"": 0, ""weak_q_perp_for_phi"": 0, ""weak_r_perp_for_phi"": 0}",B,0.0269913965923775,32.0,0.16429058583003928,True
0.7470294833183289,0.6737216114997864,0.9101175665855408,1523,62.96824596572466,L640_sub03942,0.6959112882614136,0.5198662877082825,0.32627835869789124,xi,2.0,0,"{""invalid_B"": 0, ""invalid_q"": 0, ""weak_B_direction"": 0, ""weak_q_perp_for_phi"": 0, ""weak_r_perp_for_phi"": 0}",B,0.06409588252981235,64.0,0.2531716463781289,True
0.7470294833183289,0.6737216114997864,0.9101175665855408,1744,125.193849689192,L640_sub03942,0.6959112882614136,0.5198662877082825,0.32627835869789124,xi,2.0,0,"{""invalid_B"": 0, ""invalid_q"": 0, ""weak_B_direction"": 0, ""weak_q_perp_for_phi"": 0, ""weak_r_perp_for_phi"": 0}",B,0.11086155830880469,128.0,0.3329587937099795,True
0.7470294833183289,0.6737216114997864,0.9101175665855408,2462,31.984371183438952,L640_sub03942,0.6959112882614136,0.5198662877082825,0.32627835869789124,lambda,2.0,0,"{""invalid_B"": 0, ""invalid_q"": 0, ""weak_B_direction"": 0, ""weak_q_perp_for_phi"": 0, ""weak_r_perp_for_phi"": 0}",B,0.07393056761162474,32.0,0.2719017609571971,True
0.7470294833183289,0.6737216114997864,0.9101175665855408,2441,62.96824596572466,L640_sub03942,0.6959112882614136,0.5198662877082825,0.32627835869789124,lambda,2.0,0,"{""invalid_B"": 0, ""invalid_q"": 0, ""weak_B_direction"": 0, ""weak_q_perp_for_phi"": 0, ""weak_r_perp_for_phi"": 0}",B,0.12442133113649714,64.0,0.3527340799192745,True
0.7470294833183289,0.6737216114997864,0.9101175665855408,2254,125.193849689192,L640_sub03942,0.6959112882614136,0.5198662877082825,0.32627835869789124,lambda,2.0,0,"{""invalid_B"": 0, ""invalid_q"": 0, ""weak_B_direction"": 0, ""weak_q_perp_for_phi"": 0, ""weak_r_perp_for_phi"": 0}",B,0.19048622203879978,128.0,0.43644727291942126,True
0.7470294833183289,0.6737216114997864,0.9101175665855408,1031,31.984371183438952,L640_sub03942,0.6959112882614136,0.5198662877082825,0.32627835869789124,parallel,2.0,0,"{""invalid_B"": 0, ""invalid_q"": 0, ""weak_B_direction"": 0, ""weak_q_perp_for_phi"": 0, ""weak_r_perp_for_phi"": 0}",u,0.005361485458103906,32.0,0.07322216507386207,True
0.7470294833183289,0.6737216114997864,0.9101175665855408,1062,62.96824596572466,L640_sub03942,0.6959112882614136,0.5198662877082825,0.32627835869789124,parallel,2.0,0,"{""invalid_B"": 0, ""invalid_q"": 0, ""weak_B_direction"": 0, ""weak_q_perp_for_phi"": 0, ""weak_r_perp_for_phi"": 0}",u,0.01272111598379233,64.0,0.11278792481375093,True
0.7470294833183289,0.6737216114997864,0.9101175665855408,1049,125.193849689192,L640_sub03942,0.6959112882614136,0.5198662877082825,0.32627835869789124,parallel,2.0,0,"{""invalid_B"": 0, ""invalid_q"": 0, ""weak_B_direction"": 0, ""weak_q_perp_for_phi"": 0, ""weak_r_perp_for_phi"": 0}",u,0.022917320687358227,128.0,0.1513846778487117,True
0.7470294833183289,0.6737216114997864,0.9101175665855408,1653,31.984371183438952,L640_sub03942,0.6959112882614136,0.5198662877082825,0.32627835869789124,xi,2.0,0,"{""invalid_B"": 0, ""invalid_q"": 0, ""weak_B_direction"": 0, ""weak_q_perp_for_phi"": 0, ""weak_r_perp_for_phi"": 0}",u,0.010230170701061917,32.0,0.10114430632053352,True
0.7470294833183289,0.6737216114997864,0.9101175665855408,1696,62.96824596572466,L640_sub03942,0.6959112882614136,0.5198662877082825,0.32627835869789124,xi,2.0,0,"{""invalid_B"": 0, ""invalid_q"": 0, ""weak_B_direction"": 0, ""weak_q_perp_for_phi"": 0, ""weak_r_perp_for_phi"": 0}",u,0.019322604573687986,64.0,0.13900577172796813,True
0.7470294833183289,0.6737216114997864,0.9101175665855408,1926,125.193849689192,L640_sub03942,0.6959112882614136,0.5198662877082825,0.32627835869789124,xi,2.0,0,"{""invalid_B"": 0, ""invalid_q"": 0, ""weak_B_direction"": 0, ""weak_q_perp_for_phi"": 0, ""weak_r_perp_for_phi"": 0}",u,0.030324675833563842,128.0,0.17413981691033167,True
0.7470294833183289,0.6737216114997864,0.9101175665855408,2359,31.984371183438952,L640_sub03942,0.6959112882614136,0.5198662877082825,0.32627835869789124,lambda,2.0,0,"{""invalid_B"": 0, ""invalid_q"": 0, ""weak_B_direction"": 0, ""weak_q_perp_for_phi"": 0, ""weak_r_perp_for_phi"": 0}",u,0.02046577874331524,32.0,0.14305865490530534,True
0.7470294833183289,0.6737216114997864,0.9101175665855408,2390,62.96824596572466,L640_sub03942,0.6959112882614136,0.5198662877082825,0.32627835869789124,lambda,2.0,0,"{""invalid_B"": 0, ""invalid_q"": 0, ""weak_B_direction"": 0, ""weak_q_perp_for_phi"": 0, ""weak_r_perp_for_phi"": 0}",u,0.029492455448403627,64.0,0.17173367592992245,True
0.7470294833183289,0.6737216114997864,0.9101175665855408,2055,125.193849689192,L640_sub03942,0.6959112882614136,0.5198662877082825,0.32627835869789124,lambda,2.0,0,"{""invalid_B"": 0, ""invalid_q"": 0, ""weak_B_direction"": 0, ""weak_q_perp_for_phi"": 0, ""weak_r_perp_for_phi"": 0}",u,0.03808291358975221,128.0,0.19514843988551947,True
0.7470294833183289,0.6737216114997864,0.9101175665855408,1031,31.984371183438952,L640_sub03942,0.6959112882614136,0.5198662877082825,0.32627835869789124,parallel,3.0,0,"{""invalid_B"": 0, ""invalid_q"": 0, ""weak_B_direction"": 0, ""weak_q_perp_for_phi"": 0, ""weak_r_perp_for_phi"": 0}",B,0.010336958980785042,32.0,0.21783664066101016,True
0.7470294833183289,0.6737216114997864,0.9101175665855408,1062,62.96824596572466,L640_sub03942,0.6959112882614136,0.5198662877082825,0.32627835869789124,parallel,3.0,0,"{""invalid_B"": 0, ""invalid_q"": 0, ""weak_B_direction"": 0, ""weak_q_perp_for_phi"": 0, ""weak_r_perp_for_phi"": 0}",B,0.02441889756995437,64.0,0.2901184516904234,True
0.7470294833183289,0.6737216114997864,0.9101175665855408,1049,125.193849689192,L640_sub03942,0.6959112882614136,0.5198662877082825,0.32627835869789124,parallel,3.0,0,"{""invalid_B"": 0, ""invalid_q"": 0, ""weak_B_direction"": 0, ""weak_q_perp_for_phi"": 0, ""weak_r_perp_for_phi"": 0}",B,0.07569048313076294,128.0,0.42300655022628275,True
0.7470294833183289,0.6737216114997864,0.9101175665855408,1523,31.984371183438952,L640_sub03942,0.6959112882614136,0.5198662877082825,0.32627835869789124,xi,3.0,0,"{""invalid_B"": 0, ""invalid_q"": 0, ""weak_B_direction"": 0, ""weak_q_perp_for_phi"": 0, ""weak_r_perp_for_phi"": 0}",B,0.008316007990737402,32.0,0.20259946739251355,True
0.7470294833183289,0.6737216114997864,0.9101175665855408,1523,62.96824596572466,L640_sub03942,0.6959112882614136,0.5198662877082825,0.32627835869789124,xi,3.0,0,"{""invalid_B"": 0, ""invalid_q"": 0, ""weak_B_direction"": 0, ""weak_q_perp_for_phi"": 0, ""weak_r_perp_for_phi"": 0}",B,0.03129251884865899,64.0,0.3151230521131215,True
0.7470294833183289,0.6737216114997864,0.9101175665855408,1744,125.193849689192,L640_sub03942,0.6959112882614136,0.5198662877082825,0.32627835869789124,xi,3.0,0,"{""invalid_B"": 0, ""invalid_q"": 0, ""weak_B_direction"": 0, ""weak_q_perp_for_phi"": 0, ""weak_r_perp_for_phi"": 0}",B,0.06056647320035501,128.0,0.3927149445706757,True
0.7470294833183289,0.6737216114997864,0.9101175665855408,2462,31.984371183438952,L640_sub03942,0.6959112882614136,0.5198662877082825,0.32627835869789124,lambda,3.0,0,"{""invalid_B"": 0, ""invalid_q"": 0, ""weak_B_direction"": 0, ""weak_q_perp_for_phi"": 0, ""weak_r_perp_for_phi"": 0}",B,0.03794720201976781,32.0,0.33604176192154556,True
0.7470294833183289,0.6737216114997864,0.9101175665855408,2441,62.96824596572466,L640_sub03942,0.6959112882614136,0.5198662877082825,0.32627835869789124,lambda,3.0,0,"{""invalid_B"": 0, ""invalid_q"": 0, ""weak_B_direction"": 0, ""weak_q_perp_for_phi"": 0, ""weak_r_perp_for_phi"": 0}",B,0.07813194159891769,64.0,0.42750664759252305,True
0.7470294833183289,0.6737216114997864,0.9101175665855408,2254,125.193849689192,L640_sub03942,0.6959112882614136,0.5198662877082825,0.32627835869789124,lambda,3.0,0,"{""invalid_B"": 0, ""invalid_q"": 0, ""weak_B_direction"": 0, ""weak_q_perp_for_phi"": 0, ""weak_r_perp_for_phi"": 0}",B,0.13589986340910853,128.0,0.5141300717627934,True
0.7470294833183289,0.6737216114997864,0.9101175665855408,1031,31.984371183438952,L640_sub03942,0.6959112882614136,0.5198662877082825,0.32627835869789124,parallel,3.0,0,"{""invalid_B"": 0, ""invalid_q"": 0, ""weak_B_direction"": 0, ""weak_q_perp_for_phi"": 0, ""weak_r_perp_for_phi"": 0}",u,0.0008079809115386872,32.0,0.09313945669200197,True
0.7470294833183289,0.6737216114997864,0.9101175665855408,1062,62.96824596572466,L640_sub03942,0.6959112882614136,0.5198662877082825,0.32627835869789124,parallel,3.0,0,"{""invalid_B"": 0, ""invalid_q"": 0, ""weak_B_direction"": 0, ""weak_q_perp_for_phi"": 0, ""weak_r_perp_for_phi"": 0}",u,0.0023940362838738025,64.0,0.13377560058707685,True
0.7470294833183289,0.6737216114997864,0.9101175665855408,1049,125.193849689192,L640_sub03942,0.6959112882614136,0.5198662877082825,0.32627835869789124,parallel,3.0,0,"{""invalid_B"": 0, ""invalid_q"": 0, ""weak_B_direction"": 0, ""weak_q_perp_for_phi"": 0, ""weak_r_perp_for_phi"": 0}",u,0.005327275598861293,128.0,0.17464991890569245,True
0.7470294833183289,0.6737216114997864,0.9101175665855408,1653,31.984371183438952,L640_sub03942,0.6959112882614136,0.5198662877082825,0.32627835869789124,xi,3.0,0,"{""invalid_B"": 0, ""invalid_q"": 0, ""weak_B_direction"": 0, ""weak_q_perp_for_phi"": 0, ""weak_r_perp_for_phi"": 0}",u,0.0015639471347450554,32.0,0.1160755338101975,True
0.7470294833183289,0.6737216114997864,0.9101175665855408,1696,62.96824596572466,L640_sub03942,0.6959112882614136,0.5198662877082825,0.32627835869789124,xi,3.0,0,"{""invalid_B"": 0, ""invalid_q"": 0, ""weak_B_direction"": 0, ""weak_q_perp_for_phi"": 0, ""weak_r_perp_for_phi"": 0}",u,0.0039737407877791725,64.0,0.1583919764403757,True
0.7470294833183289,0.6737216114997864,0.9101175665855408,1926,125.193849689192,L640_sub03942,0.6959112882614136,0.5198662877082825,0.32627835869789124,xi,3.0,0,"{""invalid_B"": 0, ""invalid_q"": 0, ""weak_B_direction"": 0, ""weak_q_perp_for_phi"": 0, ""weak_r_perp_for_phi"": 0}",u,0.007358775960123148,128.0,0.19450698124458882,True
0.7470294833183289,0.6737216114997864,0.9101175665855408,2359,31.984371183438952,L640_sub03942,0.6959112882614136,0.5198662877082825,0.32627835869789124,lambda,3.0,0,"{""invalid_B"": 0, ""invalid_q"": 0, ""weak_B_direction"": 0, ""weak_q_perp_for_phi"": 0, ""weak_r_perp_for_phi"": 0}",u,0.004719439043652587,32.0,0.16773748498939037,True
0.7470294833183289,0.6737216114997864,0.9101175665855408,2390,62.96824596572466,L640_sub03942,0.6959112882614136,0.5198662877082825,0.32627835869789124,lambda,3.0,0,"{""invalid_B"": 0, ""invalid_q"": 0, ""weak_B_direction"": 0, ""weak_q_perp_for_phi"": 0, ""weak_r_perp_for_phi"": 0}",u,0.007803514006424288,64.0,0.19834902563923448,True
0.7470294833183289,0.6737216114997864,0.9101175665855408,2055,125.193849689192,L640_sub03942,0.6959112882614136,0.5198662877082825,0.32627835869789124,lambda,3.0,0,"{""invalid_B"": 0, ""invalid_q"": 0, ""weak_B_direction"": 0, ""weak_q_perp_for_phi"": 0, ""weak_r_perp_for_phi"": 0}",u,0.01083745040554939,128.0,0.2212970923362896,True
0.7470294833183289,0.6737216114997864,0.9101175665855408,1031,31.984371183438952,L640_sub03942,0.6959112882614136,0.5198662877082825,0.32627835869789124,parallel,4.0,0,"{""invalid_B"": 0, ""invalid_q"": 0, ""weak_B_direction"": 0, ""weak_q_perp_for_phi"": 0, ""weak_r_perp_for_phi"": 0}",B,0.007379833742681626,32.0,0.2930971830547696,True
0.7470294833183289,0.6737216114997864,0.9101175665855408,1062,62.96824596572466,L640_sub03942,0.6959112882614136,0.5198662877082825,0.32627835869789124,parallel,4.0,0,"{""invalid_B"": 0, ""invalid_q"": 0, ""weak_B_direction"": 0, ""weak_q_perp_for_phi"": 0, ""weak_r_perp_for_phi"": 0}",B,0.01619291896455729,64.0,0.3567231428417311,True
0.7470294833183289,0.6737216114997864,0.9101175665855408,1049,125.193849689192,L640_sub03942,0.6959112882614136,0.5198662877082825,0.32627835869789124,parallel,4.0,0,"{""invalid_B"": 0, ""invalid_q"": 0, ""weak_B_direction"": 0, ""weak_q_perp_for_phi"": 0, ""weak_r_perp_for_phi"": 0}",B,0.06424196973767408,128.0,0.5034481068851026,True
0.7470294833183289,0.6737216114997864,0.9101175665855408,1523,31.984371183438952,L640_sub03942,0.6959112882614136,0.5198662877082825,0.32627835869789124,xi,4.0,0,"{""invalid_B"": 0, ""invalid_q"": 0, ""weak_B_direction"": 0, ""weak_q_perp_for_phi"": 0, ""weak_r_perp_for_phi"": 0}",B,0.00340400792048803,32.0,0.24154477113141576,True
0.7470294833183289,0.6737216114997864,0.9101175665855408,1523,62.96824596572466,L640_sub03942,0.6959112882614136,0.5198662877082825,0.32627835869789124,xi,4.0,0,"{""invalid_B"": 0, ""invalid_q"": 0, ""weak_B_direction"": 0, ""weak_q_perp_for_phi"": 0, ""weak_r_perp_for_phi"": 0}",B,0.020340424604940704,64.0,0.3776504474850129,True
0.7470294833183289,0.6737216114997864,0.9101175665855408,1744,125.193849689192,L640_sub03942,0.6959112882614136,0.5198662877082825,0.32627835869789124,xi,4.0,0,"{""invalid_B"": 0, ""invalid_q"": 0, ""weak_B_direction"": 0, ""weak_q_perp_for_phi"": 0, ""weak_r_perp_for_phi"": 0}",B,0.040984321563831756,128.0,0.44993982761331636,True
0.7470294833183289,0.6737216114997864,0.9101175665855408,2462,31.984371183438952,L640_sub03942,0.6959112882614136,0.5198662877082825,0.32627835869789124,lambda,4.0,0,"{""invalid_B"": 0, ""invalid_q"": 0, ""weak_B_direction"": 0, ""weak_q_perp_for_phi"": 0, ""weak_r_perp_for_phi"": 0}",B,0.024682496593759692,32.0,0.3963668008710853,True
0.7470294833183289,0.6737216114997864,0.9101175665855408,2441,62.96824596572466,L640_sub03942,0.6959112882614136,0.5198662877082825,0.32627835869789124,lambda,4.0,0,"{""invalid_B"": 0, ""invalid_q"": 0, ""weak_B_direction"": 0, ""weak_q_perp_for_phi"": 0, ""weak_r_perp_for_phi"": 0}",B,0.06088185383956664,64.0,0.49673180376283754,True
0.7470294833183289,0.6737216114997864,0.9101175665855408,2254,125.193849689192,L640_sub03942,0.6959112882614136,0.5198662877082825,0.32627835869789124,lambda,4.0,0,"{""invalid_B"": 0, ""invalid_q"": 0, ""weak_B_direction"": 0, ""weak_q_perp_for_phi"": 0, ""weak_r_perp_for_phi"": 0}",B,0.11579376901896693,128.0,0.5833393824604064,True
0.7470294833183289,0.6737216114997864,0.9101175665855408,1031,31.984371183438952,L640_sub03942,0.6959112882614136,0.5198662877082825,0.32627835869789124,parallel,4.0,0,"{""invalid_B"": 0, ""invalid_q"": 0, ""weak_B_direction"": 0, ""weak_q_perp_for_phi"": 0, ""weak_r_perp_for_phi"": 0}",u,0.00017507396043466586,32.0,0.11502848213245465,True
0.7470294833183289,0.6737216114997864,0.9101175665855408,1062,62.96824596572466,L640_sub03942,0.6959112882614136,0.5198662877082825,0.32627835869789124,parallel,4.0,0,"{""invalid_B"": 0, ""invalid_q"": 0, ""weak_B_direction"": 0, ""weak_q_perp_for_phi"": 0, ""weak_r_perp_for_phi"": 0}",u,0.0005671566737735613,64.0,0.15432126040298025,True
0.7470294833183289,0.6737216114997864,0.9101175665855408,1049,125.193849689192,L640_sub03942,0.6959112882614136,0.5198662877082825,0.32627835869789124,parallel,4.0,0,"{""invalid_B"": 0, ""invalid_q"": 0, ""weak_B_direction"": 0, ""weak_q_perp_for_phi"": 0, ""weak_r_perp_for_phi"": 0}",u,0.0014867667456900688,128.0,0.1963634752598041,True
0.7470294833183289,0.6737216114997864,0.9101175665855408,1653,31.984371183438952,L640_sub03942,0.6959112882614136,0.5198662877082825,0.32627835869789124,xi,4.0,0,"{""invalid_B"": 0, ""invalid_q"": 0, ""weak_B_direction"": 0, ""weak_q_perp_for_phi"": 0, ""weak_r_perp_for_phi"": 0}",u,0.00029339817645892576,32.0,0.1308773077289566,True
0.7470294833183289,0.6737216114997864,0.9101175665855408,1696,62.96824596572466,L640_sub03942,0.6959112882614136,0.5198662877082825,0.32627835869789124,xi,4.0,0,"{""invalid_B"": 0, ""invalid_q"": 0, ""weak_B_direction"": 0, ""weak_q_perp_for_phi"": 0, ""weak_r_perp_for_phi"": 0}",u,0.0009732175846188692,64.0,0.17662512688550586,True
0.7470294833183289,0.6737216114997864,0.9101175665855408,1926,125.193849689192,L640_sub03942,0.6959112882614136,0.5198662877082825,0.32627835869789124,xi,4.0,0,"{""invalid_B"": 0, ""invalid_q"": 0, ""weak_B_direction"": 0, ""weak_q_perp_for_phi"": 0, ""weak_r_perp_for_phi"": 0}",u,0.0020529395822795537,128.0,0.2128599922894998,True
0.7470294833183289,0.6737216114997864,0.9101175665855408,2359,31.984371183438952,L640_sub03942,0.6959112882614136,0.5198662877082825,0.32627835869789124,lambda,4.0,0,"{""invalid_B"": 0, ""invalid_q"": 0, ""weak_B_direction"": 0, ""weak_q_perp_for_phi"": 0, ""weak_r_perp_for_phi"": 0}",u,0.001337335021027868,32.0,0.1912317742431639,True
0.7470294833183289,0.6737216114997864,0.9101175665855408,2390,62.96824596572466,L640_sub03942,0.6959112882614136,0.5198662877082825,0.32627835869789124,lambda,4.0,0,"{""invalid_B"": 0, ""invalid_q"": 0, ""weak_B_direction"": 0, ""weak_q_perp_for_phi"": 0, ""weak_r_perp_for_phi"": 0}",u,0.002528032694206896,64.0,0.22423100919651037,True
0.7470294833183289,0.6737216114997864,0.9101175665855408,2055,125.193849689192,L640_sub03942,0.6959112882614136,0.5198662877082825,0.32627835869789124,lambda,4.0,0,"{""invalid_B"": 0, ""invalid_q"": 0, ""weak_B_direction"": 0, ""weak_q_perp_for_phi"": 0, ""weak_r_perp_for_phi"": 0}",u,0.003660900953939566,128.0,0.24597841276310206,True
0.7470294833183289,0.6737216114997864,0.9101175665855408,1031,31.984371183438952,L640_sub03942,0.6959112882614136,0.5198662877082825,0.32627835869789124,parallel,5.0,0,"{""invalid_B"": 0, ""invalid_q"": 0, ""weak_B_direction"": 0, ""weak_q_perp_for_phi"": 0, ""weak_r_perp_for_phi"": 0}",B,0.00659455430061563,32.0,0.36630014428431396,True
0.7470294833183289,0.6737216114997864,0.9101175665855408,1062,62.96824596572466,L640_sub03942,0.6959112882614136,0.5198662877082825,0.32627835869789124,parallel,5.0,0,"{""invalid_B"": 0, ""invalid_q"": 0, ""weak_B_direction"": 0, ""weak_q_perp_for_phi"": 0, ""weak_r_perp_for_phi"": 0}",B,0.013052429599790217,64.0,0.41989264930728615,True
0.7470294833183289,0.6737216114997864,0.9101175665855408,1049,125.193849689192,L640_sub03942,0.6959112882614136,0.5198662877082825,0.32627835869789124,parallel,5.0,0,"{""invalid_B"": 0, ""invalid_q"": 0, ""weak_B_direction"": 0, ""weak_q_perp_for_phi"": 0, ""weak_r_perp_for_phi"": 0}",B,0.06301502325338613,128.0,0.5752926429823731,True
0.7470294833183289,0.6737216114997864,0.9101175665855408,1523,31.984371183438952,L640_sub03942,0.6959112882614136,0.5198662877082825,0.32627835869789124,xi,5.0,0,"{""invalid_B"": 0, ""invalid_q"": 0, ""weak_B_direction"": 0, ""weak_q_perp_for_phi"": 0, ""weak_r_perp_for_phi"": 0}",B,0.001681725409136372,32.0,0.2787090154842704,True
0.7470294833183289,0.6737216114997864,0.9101175665855408,1523,62.96824596572466,L640_sub03942,0.6959112882614136,0.5198662877082825,0.32627835869789124,xi,5.0,0,"{""invalid_B"": 0, ""invalid_q"": 0, ""weak_B_direction"": 0, ""weak_q_perp_for_phi"": 0, ""weak_r_perp_for_phi"": 0}",B,0.01578326186269654,64.0,0.43615349045712437,True
0.7470294833183289,0.6737216114997864,0.9101175665855408,1744,125.193849689192,L640_sub03942,0.6959112882614136,0.5198662877082825,0.32627835869789124,xi,5.0,0,"{""invalid_B"": 0, ""invalid_q"": 0, ""weak_B_direction"": 0, ""weak_q_perp_for_phi"": 0, ""weak_r_perp_for_phi"": 0}",B,0.0322142168214306,128.0,0.5030481028553897,True
0.7470294833183289,0.6737216114997864,0.9101175665855408,2462,31.984371183438952,L640_sub03942,0.6959112882614136,0.5198662877082825,0.32627835869789124,lambda,5.0,0,"{""invalid_B"": 0, ""invalid_q"": 0, ""weak_B_direction"": 0, ""weak_q_perp_for_phi"": 0, ""weak_r_perp_for_phi"": 0}",B,0.01883389419067697,32.0,0.45184348556876724,True
0.7470294833183289,0.6737216114997864,0.9101175665855408,2441,62.96824596572466,L640_sub03942,0.6959112882614136,0.5198662877082825,0.32627835869789124,lambda,5.0,0,"{""invalid_B"": 0, ""invalid_q"": 0, ""weak_B_direction"": 0, ""weak_q_perp_for_phi"": 0, ""weak_r_perp_for_phi"": 0}",B,0.05464688617927721,64.0,0.5591303723958613,True
0.7470294833183289,0.6737216114997864,0.9101175665855408,2254,125.193849689192,L640_sub03942,0.6959112882614136,0.5198662877082825,0.32627835869789124,lambda,5.0,0,"{""invalid_B"": 0, ""invalid_q"": 0, ""weak_B_direction"": 0, ""weak_q_perp_for_phi"": 0, ""weak_r_perp_for_phi"": 0}",B,0.11030176820368792,128.0,0.6434525034397004,True
0.7470294833183289,0.6737216114997864,0.9101175665855408,1031,31.984371183438952,L640_sub03942,0.6959112882614136,0.5198662877082825,0.32627835869789124,parallel,5.0,0,"{""invalid_B"": 0, ""invalid_q"": 0, ""weak_B_direction"": 0, ""weak_q_perp_for_phi"": 0, ""weak_r_perp_for_phi"": 0}",u,4.9270160447042894e-05,32.0,0.13756780103315652,True
0.7470294833183289,0.6737216114997864,0.9101175665855408,1062,62.96824596572466,L640_sub03942,0.6959112882614136,0.5198662877082825,0.32627835869789124,parallel,5.0,0,"{""invalid_B"": 0, ""invalid_q"": 0, ""weak_B_direction"": 0, ""weak_q_perp_for_phi"": 0, ""weak_r_perp_for_phi"": 0}",u,0.00015994359476722027,64.0,0.1740978350260035,True
0.7470294833183289,0.6737216114997864,0.9101175665855408,1049,125.193849689192,L640_sub03942,0.6959112882614136,0.5198662877082825,0.32627835869789124,parallel,5.0,0,"{""invalid_B"": 0, ""invalid_q"": 0, ""weak_B_direction"": 0, ""weak_q_perp_for_phi"": 0, ""weak_r_perp_for_phi"": 0}",u,0.00047460054323874445,128.0,0.21640418048631674,True
0.7470294833183289,0.6737216114997864,0.9101175665855408,1653,31.984371183438952,L640_sub03942,0.6959112882614136,0.5198662877082825,0.32627835869789124,xi,5.0,0,"{""invalid_B"": 0, ""invalid_q"": 0, ""weak_B_direction"": 0, ""weak_q_perp_for_phi"": 0, ""weak_r_perp_for_phi"": 0}",u,6.532035300380811e-05,32.0,0.14554916042048574,True
0.7470294833183289,0.6737216114997864,0.9101175665855408,1696,62.96824596572466,L640_sub03942,0.6959112882614136,0.5198662877082825,0.32627835869789124,xi,5.0,0,"{""invalid_B"": 0, ""invalid_q"": 0, ""weak_B_direction"": 0, ""weak_q_perp_for_phi"": 0, ""weak_r_perp_for_phi"": 0}",u,0.00027221595467333894,64.0,0.1936344896214528,True
0.7470294833183289,0.6737216114997864,0.9101175665855408,1926,125.193849689192,L640_sub03942,0.6959112882614136,0.5198662877082825,0.32627835869789124,xi,5.0,0,"{""invalid_B"": 0, ""invalid_q"": 0, ""weak_B_direction"": 0, ""weak_q_perp_for_phi"": 0, ""weak_r_perp_for_phi"": 0}",u,0.0006364457202087145,128.0,0.22948392754242025,True
0.7470294833183289,0.6737216114997864,0.9101175665855408,2359,31.984371183438952,L640_sub03942,0.6959112882614136,0.5198662877082825,0.32627835869789124,lambda,5.0,0,"{""invalid_B"": 0, ""invalid_q"": 0, ""weak_B_direction"": 0, ""weak_q_perp_for_phi"": 0, ""weak_r_perp_for_phi"": 0}",u,0.0004401685015420874,32.0,0.21316887452393668,True
0.7470294833183289,0.6737216114997864,0.9101175665855408,2390,62.96824596572466,L640_sub03942,0.6959112882614136,0.5198662877082825,0.32627835869789124,lambda,5.0,0,"{""invalid_B"": 0, ""invalid_q"": 0, ""weak_B_direction"": 0, ""weak_q_perp_for_phi"": 0, ""weak_r_perp_for_phi"": 0}",u,0.0009699866544434576,64.0,0.24966240618119567,True
0.7470294833183289,0.6737216114997864,0.9101175665855408,2055,125.193849689192,L640_sub03942,0.6959112882614136,0.5198662877082825,0.32627835869789124,lambda,5.0,0,"{""invalid_B"": 0, ""invalid_q"": 0, ""weak_B_direction"": 0, ""weak_q_perp_for_phi"": 0, ""weak_r_perp_for_phi"": 0}",u,0.0014121012170552072,128.0,0.2691368502369649,True
0.7470294833183289,0.6737216114997864,0.9101175665855408,1031,31.984371183438952,L640_sub03942,0.6959112882614136,0.5198662877082825,0.32627835869789124,parallel,6.0,0,"{""invalid_B"": 0, ""invalid_q"": 0, ""weak_B_direction"": 0, ""weak_q_perp_for_phi"": 0, ""weak_r_perp_for_phi"": 0}",B,0.006641234240556551,32.0,0.4335522719371817,True
0.7470294833183289,0.6737216114997864,0.9101175665855408,1062,62.96824596572466,L640_sub03942,0.6959112882614136,0.5198662877082825,0.32627835869789124,parallel,6.0,0,"{""invalid_B"": 0, ""invalid_q"": 0, ""weak_B_direction"": 0, ""weak_q_perp_for_phi"": 0, ""weak_r_perp_for_phi"": 0}",B,0.011990826014904112,64.0,0.47841874070984747,True
0.7470294833183289,0.6737216114997864,0.9101175665855408,1049,125.193849689192,L640_sub03942,0.6959112882614136,0.5198662877082825,0.32627835869789124,parallel,6.0,0,"{""invalid_B"": 0, ""invalid_q"": 0, ""weak_B_direction"": 0, ""weak_q_perp_for_phi"": 0, ""weak_r_perp_for_phi"": 0}",B,0.06751863664975376,128.0,0.638122332609284,True
0.7470294833183289,0.6737216114997864,0.9101175665855408,1523,31.984371183438952,L640_sub03942,0.6959112882614136,0.5198662877082825,0.32627835869789124,xi,6.0,0,"{""invalid_B"": 0, ""invalid_q"": 0, ""weak_B_direction"": 0, ""weak_q_perp_for_phi"": 0, ""weak_r_perp_for_phi"": 0}",B,0.0009418869266419688,32.0,0.3130880282186527,True
0.7470294833183289,0.6737216114997864,0.9101175665855408,1523,62.96824596572466,L640_sub03942,0.6959112882614136,0.5198662877082825,0.32627835869789124,xi,6.0,0,"{""invalid_B"": 0, ""invalid_q"": 0, ""weak_B_direction"": 0, ""weak_q_perp_for_phi"": 0, ""weak_r_perp_for_phi"": 0}",B,0.013577655237082072,64.0,0.488432022650606,True
0.7470294833183289,0.6737216114997864,0.9101175665855408,1744,125.193849689192,L640_sub03942,0.6959112882614136,0.5198662877082825,0.32627835869789124,xi,6.0,0,"{""invalid_B"": 0, ""invalid_q"": 0, ""weak_B_direction"": 0, ""weak_q_perp_for_phi"": 0, ""weak_r_perp_for_phi"": 0}",B,0.028085872305016364,128.0,0.5513338440871631,True
0.7470294833183289,0.6737216114997864,0.9101175665855408,2462,31.984371183438952,L640_sub03942,0.6959112882614136,0.5198662877082825,0.32627835869789124,lambda,6.0,0,"{""invalid_B"": 0, ""invalid_q"": 0, ""weak_B_direction"": 0, ""weak_q_perp_for_phi"": 0, ""weak_r_perp_for_phi"": 0}",B,0.01607334052737687,32.0,0.5023630528235565,True
0.7470294833183289,0.6737216114997864,0.9101175665855408,2441,62.96824596572466,L640_sub03942,0.6959112882614136,0.5198662877082825,0.32627835869789124,lambda,6.0,0,"{""invalid_B"": 0, ""invalid_q"": 0, ""weak_B_direction"": 0, ""weak_q_perp_for_phi"": 0, ""weak_r_perp_for_phi"": 0}",B,0.05402006130739501,64.0,0.6148358447240554,True
0.7470294833183289,0.6737216114997864,0.9101175665855408,2254,125.193849689192,L640_sub03942,0.6959112882614136,0.5198662877082825,0.32627835869789124,lambda,6.0,0,"{""invalid_B"": 0, ""invalid_q"": 0, ""weak_B_direction"": 0, ""weak_q_perp_for_phi"": 0, ""weak_r_perp_for_phi"": 0}",B,0.11308513110037943,128.0,0.6953993028743116,True
0.7470294833183289,0.6737216114997864,0.9101175665855408,1031,31.984371183438952,L640_sub03942,0.6959112882614136,0.5198662877082825,0.32627835869789124,parallel,6.0,0,"{""invalid_B"": 0, ""invalid_q"": 0, ""weak_B_direction"": 0, ""weak_q_perp_for_phi"": 0, ""weak_r_perp_for_phi"": 0}",u,1.6416642778609036e-05,32.0,0.15942168363736492,True
0.7470294833183289,0.6737216114997864,0.9101175665855408,1062,62.96824596572466,L640_sub03942,0.6959112882614136,0.5198662877082825,0.32627835869789124,parallel,6.0,0,"{""invalid_B"": 0, ""invalid_q"": 0, ""weak_B_direction"": 0, ""weak_q_perp_for_phi"": 0, ""weak_r_perp_for_phi"": 0}",u,5.138516637907142e-05,64.0,0.19281447217005232,True
0.7470294833183289,0.6737216114997864,0.9101175665855408,1049,125.193849689192,L640_sub03942,0.6959112882614136,0.5198662877082825,0.32627835869789124,parallel,6.0,0,"{""invalid_B"": 0, ""invalid_q"": 0, ""weak_B_direction"": 0, ""weak_q_perp_for_phi"": 0, ""weak_r_perp_for_phi"": 0}",u,0.00016715742131405152,128.0,0.2347042445798241,True
0.7470294833183289,0.6737216114997864,0.9101175665855408,1653,31.984371183438952,L640_sub03942,0.6959112882614136,0.5198662877082825,0.32627835869789124,xi,6.0,0,"{""invalid_B"": 0, ""invalid_q"": 0, ""weak_B_direction"": 0, ""weak_q_perp_for_phi"": 0, ""weak_r_perp_for_phi"": 0}",u,1.6794792839528417e-05,32.0,0.16002792544634808,True
0.7470294833183289,0.6737216114997864,0.9101175665855408,1696,62.96824596572466,L640_sub03942,0.6959112882614136,0.5198662877082825,0.32627835869789124,xi,6.0,0,"{""invalid_B"": 0, ""invalid_q"": 0, ""weak_B_direction"": 0, ""weak_q_perp_for_phi"": 0, ""weak_r_perp_for_phi"": 0}",u,8.428820016740133e-05,64.0,0.20939250383164015,True
0.7470294833183289,0.6737216114997864,0.9101175665855408,1926,125.193849689192,L640_sub03942,0.6959112882614136,0.5198662877082825,0.32627835869789124,xi,6.0,0,"{""invalid_B"": 0, ""invalid_q"": 0, ""weak_B_direction"": 0, ""weak_q_perp_for_phi"": 0, ""weak_r_perp_for_phi"": 0}",u,0.00021424508362519027,128.0,0.24461615989898688,True
0.7470294833183289,0.6737216114997864,0.9101175665855408,2359,31.984371183438952,L640_sub03942,0.6959112882614136,0.5198662877082825,0.32627835869789124,lambda,6.0,0,"{""invalid_B"": 0, ""invalid_q"": 0, ""weak_B_direction"": 0, ""weak_q_perp_for_phi"": 0, ""weak_r_perp_for_phi"": 0}",u,0.0001613634868349243,32.0,0.2333283688356742,True
0.7470294833183289,0.6737216114997864,0.9101175665855408,2390,62.96824596572466,L640_sub03942,0.6959112882614136,0.5198662877082825,0.32627835869789124,lambda,6.0,0,"{""invalid_B"": 0, ""invalid_q"": 0, ""weak_B_direction"": 0, ""weak_q_perp_for_phi"": 0, ""weak_r_perp_for_phi"": 0}",u,0.0004293148889626244,64.0,0.27466036428630003,True
0.7470294833183289,0.6737216114997864,0.9101175665855408,2055,125.193849689192,L640_sub03942,0.6959112882614136,0.5198662877082825,0.32627835869789124,lambda,6.0,0,"{""invalid_B"": 0, ""invalid_q"": 0, ""weak_B_direction"": 0, ""weak_q_perp_for_phi"": 0, ""weak_r_perp_for_phi"": 0}",u,0.0006028837404820448,128.0,0.29065129471924217,True
0.4852263033390045,0.6736151576042175,0.5912054181098938,1506,31.984371183438952,L640_sub00957,0.6960799098014832,0.33775627613067627,0.32638487219810486,parallel,1.0,0,"{""invalid_B"": 0, ""invalid_q"": 0, ""weak_B_direction"": 0, ""weak_q_perp_for_phi"": 0, ""weak_r_perp_for_phi"": 0}",B,0.07659297033226241,32.0,0.07659297033226241,True
0.4852263033390045,0.6736151576042175,0.5912054181098938,1479,62.96824596572466,L640_sub00957,0.6960799098014832,0.33775627613067627,0.32638487219810486,parallel,1.0,0,"{""invalid_B"": 0, ""invalid_q"": 0, ""weak_B_direction"": 0, ""weak_q_perp_for_phi"": 0, ""weak_r_perp_for_phi"": 0}",B,0.12306738729428109,64.0,0.12306738729428109,True
0.4852263033390045,0.6736151576042175,0.5912054181098938,1395,125.193849689192,L640_sub00957,0.6960799098014832,0.33775627613067627,0.32638487219810486,parallel,1.0,0,"{""invalid_B"": 0, ""invalid_q"": 0, ""weak_B_direction"": 0, ""weak_q_perp_for_phi"": 0, ""weak_r_perp_for_phi"": 0}",B,0.17812612622961574,128.0,0.17812612622961574,True
0.4852263033390045,0.6736151576042175,0.5912054181098938,1387,31.984371183438952,L640_sub00957,0.6960799098014832,0.33775627613067627,0.32638487219810486,xi,1.0,0,"{""invalid_B"": 0, ""invalid_q"": 0, ""weak_B_direction"": 0, ""weak_q_perp_for_phi"": 0, ""weak_r_perp_for_phi"": 0}",B,0.10915969049096792,32.0,0.10915969049096792,True
0.4852263033390045,0.6736151576042175,0.5912054181098938,1501,62.96824596572466,L640_sub00957,0.6960799098014832,0.33775627613067627,0.32638487219810486,xi,1.0,0,"{""invalid_B"": 0, ""invalid_q"": 0, ""weak_B_direction"": 0, ""weak_q_perp_for_phi"": 0, ""weak_r_perp_for_phi"": 0}",B,0.15728253523834432,64.0,0.15728253523834432,True
0.4852263033390045,0.6736151576042175,0.5912054181098938,1617,125.193849689192,L640_sub00957,0.6960799098014832,0.33775627613067627,0.32638487219810486,xi,1.0,0,"{""invalid_B"": 0, ""invalid_q"": 0, ""weak_B_direction"": 0, ""weak_q_perp_for_phi"": 0, ""weak_r_perp_for_phi"": 0}",B,0.22148544395115569,128.0,0.22148544395115569,True
0.4852263033390045,0.6736151576042175,0.5912054181098938,2735,31.984371183438952,L640_sub00957,0.6960799098014832,0.33775627613067627,0.32638487219810486,lambda,1.0,0,"{""invalid_B"": 0, ""invalid_q"": 0, ""weak_B_direction"": 0, ""weak_q_perp_for_phi"": 0, ""weak_r_perp_for_phi"": 0}",B,0.1842923826302741,32.0,0.1842923826302741,True
0.4852263033390045,0.6736151576042175,0.5912054181098938,2746,62.96824596572466,L640_sub00957,0.6960799098014832,0.33775627613067627,0.32638487219810486,lambda,1.0,0,"{""invalid_B"": 0, ""invalid_q"": 0, ""weak_B_direction"": 0, ""weak_q_perp_for_phi"": 0, ""weak_r_perp_for_phi"": 0}",B,0.2391448779214053,64.0,0.2391448779214053,True
0.4852263033390045,0.6736151576042175,0.5912054181098938,2794,125.193849689192,L640_sub00957,0.6960799098014832,0.33775627613067627,0.32638487219810486,lambda,1.0,0,"{""invalid_B"": 0, ""invalid_q"": 0, ""weak_B_direction"": 0, ""weak_q_perp_for_phi"": 0, ""weak_r_perp_for_phi"": 0}",B,0.2997428468029957,128.0,0.2997428468029957,True
0.4852263033390045,0.6736151576042175,0.5912054181098938,1506,31.984371183438952,L640_sub00957,0.6960799098014832,0.33775627613067627,0.32638487219810486,parallel,1.0,0,"{""invalid_B"": 0, ""invalid_q"": 0, ""weak_B_direction"": 0, ""weak_q_perp_for_phi"": 0, ""weak_r_perp_for_phi"": 0}",u,0.06123635805798396,32.0,0.06123635805798396,True
0.4852263033390045,0.6736151576042175,0.5912054181098938,1479,62.96824596572466,L640_sub00957,0.6960799098014832,0.33775627613067627,0.32638487219810486,parallel,1.0,0,"{""invalid_B"": 0, ""invalid_q"": 0, ""weak_B_direction"": 0, ""weak_q_perp_for_phi"": 0, ""weak_r_perp_for_phi"": 0}",u,0.09630861278149407,64.0,0.09630861278149407,True
0.4852263033390045,0.6736151576042175,0.5912054181098938,1395,125.193849689192,L640_sub00957,0.6960799098014832,0.33775627613067627,0.32638487219810486,parallel,1.0,0,"{""invalid_B"": 0, ""invalid_q"": 0, ""weak_B_direction"": 0, ""weak_q_perp_for_phi"": 0, ""weak_r_perp_for_phi"": 0}",u,0.1440122087111223,128.0,0.1440122087111223,True
0.4852263033390045,0.6736151576042175,0.5912054181098938,1525,31.984371183438952,L640_sub00957,0.6960799098014832,0.33775627613067627,0.32638487219810486,xi,1.0,0,"{""invalid_B"": 0, ""invalid_q"": 0, ""weak_B_direction"": 0, ""weak_q_perp_for_phi"": 0, ""weak_r_perp_for_phi"": 0}",u,0.08462417841162272,32.0,0.08462417841162272,True
0.4852263033390045,0.6736151576042175,0.5912054181098938,1564,62.96824596572466,L640_sub00957,0.6960799098014832,0.33775627613067627,0.32638487219810486,xi,1.0,0,"{""invalid_B"": 0, ""invalid_q"": 0, ""weak_B_direction"": 0, ""weak_q_perp_for_phi"": 0, ""weak_r_perp_for_phi"": 0}",u,0.12133382913751399,64.0,0.12133382913751399,True
0.4852263033390045,0.6736151576042175,0.5912054181098938,1508,125.193849689192,L640_sub00957,0.6960799098014832,0.33775627613067627,0.32638487219810486,xi,1.0,0,"{""invalid_B"": 0, ""invalid_q"": 0, ""weak_B_direction"": 0, ""weak_q_perp_for_phi"": 0, ""weak_r_perp_for_phi"": 0}",u,0.15733373513056026,128.0,0.15733373513056026,True
0.4852263033390045,0.6736151576042175,0.5912054181098938,2718,31.984371183438952,L640_sub00957,0.6960799098014832,0.33775627613067627,0.32638487219810486,lambda,1.0,0,"{""invalid_B"": 0, ""invalid_q"": 0, ""weak_B_direction"": 0, ""weak_q_perp_for_phi"": 0, ""weak_r_perp_for_phi"": 0}",u,0.12824323516441208,32.0,0.12824323516441208,True
0.4852263033390045,0.6736151576042175,0.5912054181098938,2635,62.96824596572466,L640_sub00957,0.6960799098014832,0.33775627613067627,0.32638487219810486,lambda,1.0,0,"{""invalid_B"": 0, ""invalid_q"": 0, ""weak_B_direction"": 0, ""weak_q_perp_for_phi"": 0, ""weak_r_perp_for_phi"": 0}",u,0.16270245586313298,64.0,0.16270245586313298,True
0.4852263033390045,0.6736151576042175,0.5912054181098938,2763,125.193849689192,L640_sub00957,0.6960799098014832,0.33775627613067627,0.32638487219810486,lambda,1.0,0,"{""invalid_B"": 0, ""invalid_q"": 0, ""weak_B_direction"": 0, ""weak_q_perp_for_phi"": 0, ""weak_r_perp_for_phi"": 0}",u,0.20804079965098526,128.0,0.20804079965098526,True
0.4852263033390045,0.6736151576042175,0.5912054181098938,1506,31.984371183438952,L640_sub00957,0.6960799098014832,0.33775627613067627,0.32638487219810486,parallel,2.0,0,"{""invalid_B"": 0, ""invalid_q"": 0, ""weak_B_direction"": 0, ""weak_q_perp_for_phi"": 0, ""weak_r_perp_for_phi"": 0}",B,0.010260482641626273,32.0,0.10129404050400138,True
0.4852263033390045,0.6736151576042175,0.5912054181098938,1479,62.96824596572466,L640_sub00957,0.6960799098014832,0.33775627613067627,0.32638487219810486,parallel,2.0,0,"{""invalid_B"": 0, ""invalid_q"": 0, ""weak_B_direction"": 0, ""weak_q_perp_for_phi"": 0, ""weak_r_perp_for_phi"": 0}",B,0.024247723249549505,64.0,0.155716804647249,True
0.4852263033390045,0.6736151576042175,0.5912054181098938,1395,125.193849689192,L640_sub00957,0.6960799098014832,0.33775627613067627,0.32638487219810486,parallel,2.0,0,"{""invalid_B"": 0, ""invalid_q"": 0, ""weak_B_direction"": 0, ""weak_q_perp_for_phi"": 0, ""weak_r_perp_for_phi"": 0}",B,0.046120861505025756,128.0,0.21475768089878824,True
0.4852263033390045,0.6736151576042175,0.5912054181098938,1387,31.984371183438952,L640_sub00957,0.6960799098014832,0.33775627613067627,0.32638487219810486,xi,2.0,0,"{""invalid_B"": 0, ""invalid_q"": 0, ""weak_B_direction"": 0, ""weak_q_perp_for_phi"": 0, ""weak_r_perp_for_phi"": 0}",B,0.018604869379969725,32.0,0.13639966781473378,True
0.4852263033390045,0.6736151576042175,0.5912054181098938,1501,62.96824596572466,L640_sub00957,0.6960799098014832,0.33775627613067627,0.32638487219810486,xi,2.0,0,"{""invalid_B"": 0, ""invalid_q"": 0, ""weak_B_direction"": 0, ""weak_q_perp_for_phi"": 0, ""weak_r_perp_for_phi"": 0}",B,0.038573057496613314,64.0,0.19640024820914387,True
0.4852263033390045,0.6736151576042175,0.5912054181098938,1617,125.193849689192,L640_sub00957,0.6960799098014832,0.33775627613067627,0.32638487219810486,xi,2.0,0,"{""invalid_B"": 0, ""invalid_q"": 0, ""weak_B_direction"": 0, ""weak_q_perp_for_phi"": 0, ""weak_r_perp_for_phi"": 0}",B,0.06980055156126769,128.0,0.2641979401154893,True
0.4852263033390045,0.6736151576042175,0.5912054181098938,2735,31.984371183438952,L640_sub00957,0.6960799098014832,0.33775627613067627,0.32638487219810486,lambda,2.0,0,"{""invalid_B"": 0, ""invalid_q"": 0, ""weak_B_direction"": 0, ""weak_q_perp_for_phi"": 0, ""weak_r_perp_for_phi"": 0}",B,0.05718237773872027,32.0,0.23912837083608518,True
0.4852263033390045,0.6736151576042175,0.5912054181098938,2746,62.96824596572466,L640_sub00957,0.6960799098014832,0.33775627613067627,0.32638487219810486,lambda,2.0,0,"{""invalid_B"": 0, ""invalid_q"": 0, ""weak_B_direction"": 0, ""weak_q_perp_for_phi"": 0, ""weak_r_perp_for_phi"": 0}",B,0.08827797900093065,64.0,0.29711610357052454,True
0.4852263033390045,0.6736151576042175,0.5912054181098938,2794,125.193849689192,L640_sub00957,0.6960799098014832,0.33775627613067627,0.32638487219810486,lambda,2.0,0,"{""invalid_B"": 0, ""invalid_q"": 0, ""weak_B_direction"": 0, ""weak_q_perp_for_phi"": 0, ""weak_r_perp_for_phi"": 0}",B,0.12301018642570796,128.0,0.35072808046363774,True
0.4852263033390045,0.6736151576042175,0.5912054181098938,1506,31.984371183438952,L640_sub00957,0.6960799098014832,0.33775627613067627,0.32638487219810486,parallel,2.0,0,"{""invalid_B"": 0, ""invalid_q"": 0, ""weak_B_direction"": 0, ""weak_q_perp_for_phi"": 0, ""weak_r_perp_for_phi"": 0}",u,0.006678810317281853,32.0,0.08172398862807574,True
0.4852263033390045,0.6736151576042175,0.5912054181098938,1479,62.96824596572466,L640_sub00957,0.6960799098014832,0.33775627613067627,0.32638487219810486,parallel,2.0,0,"{""invalid_B"": 0, ""invalid_q"": 0, ""weak_B_direction"": 0, ""weak_q_perp_for_phi"": 0, ""weak_r_perp_for_phi"": 0}",u,0.01573688471377076,64.0,0.12544674054661906,True
0.4852263033390045,0.6736151576042175,0.5912054181098938,1395,125.193849689192,L640_sub00957,0.6960799098014832,0.33775627613067627,0.32638487219810486,parallel,2.0,0,"{""invalid_B"": 0, ""invalid_q"": 0, ""weak_B_direction"": 0, ""weak_q_perp_for_phi"": 0, ""weak_r_perp_for_phi"": 0}",u,0.03159910695703854,128.0,0.1777613764489872,True
0.4852263033390045,0.6736151576042175,0.5912054181098938,1525,31.984371183438952,L640_sub00957,0.6960799098014832,0.33775627613067627,0.32638487219810486,xi,2.0,0,"{""invalid_B"": 0, ""invalid_q"": 0, ""weak_B_direction"": 0, ""weak_q_perp_for_phi"": 0, ""weak_r_perp_for_phi"": 0}",u,0.011598210505597893,32.0,0.10769498830306772,True
0.4852263033390045,0.6736151576042175,0.5912054181098938,1564,62.96824596572466,L640_sub00957,0.6960799098014832,0.33775627613067627,0.32638487219810486,xi,2.0,0,"{""invalid_B"": 0, ""invalid_q"": 0, ""weak_B_direction"": 0, ""weak_q_perp_for_phi"": 0, ""weak_r_perp_for_phi"": 0}",u,0.023132712466030658,64.0,0.1520944195755737,True
0.4852263033390045,0.6736151576042175,0.5912054181098938,1508,125.193849689192,L640_sub00957,0.6960799098014832,0.33775627613067627,0.32638487219810486,xi,2.0,0,"{""invalid_B"": 0, ""invalid_q"": 0, ""weak_B_direction"": 0, ""weak_q_perp_for_phi"": 0, ""weak_r_perp_for_phi"": 0}",u,0.036827645273305426,128.0,0.19190530287958543,True
0.4852263033390045,0.6736151576042175,0.5912054181098938,2718,31.984371183438952,L640_sub00957,0.6960799098014832,0.33775627613067627,0.32638487219810486,lambda,2.0,0,"{""invalid_B"": 0, ""invalid_q"": 0, ""weak_B_direction"": 0, ""weak_q_perp_for_phi"": 0, ""weak_r_perp_for_phi"": 0}",u,0.025849884626754194,32.0,0.16077899311400787,True
0.4852263033390045,0.6736151576042175,0.5912054181098938,2635,62.96824596572466,L640_sub00957,0.6960799098014832,0.33775627613067627,0.32638487219810486,lambda,2.0,0,"{""invalid_B"": 0, ""invalid_q"": 0, ""weak_B_direction"": 0, ""weak_q_perp_for_phi"": 0, ""weak_r_perp_for_phi"": 0}",u,0.03905341878207739,64.0,0.19761937855908107,True
0.4852263033390045,0.6736151576042175,0.5912054181098938,2763,125.193849689192,L640_sub00957,0.6960799098014832,0.33775627613067627,0.32638487219810486,lambda,2.0,0,"{""invalid_B"": 0, ""invalid_q"": 0, ""weak_B_direction"": 0, ""weak_q_perp_for_phi"": 0, ""weak_r_perp_for_phi"": 0}",u,0.05861213550244918,128.0,0.24209943308989632,True
0.4852263033390045,0.6736151576042175,0.5912054181098938,1506,31.984371183438952,L640_sub00957,0.6960799098014832,0.33775627613067627,0.32638487219810486,parallel,3.0,0,"{""invalid_B"": 0, ""invalid_q"": 0, ""weak_B_direction"": 0, ""weak_q_perp_for_phi"": 0, ""weak_r_perp_for_phi"": 0}",B,0.0022042158331773234,32.0,0.1301421685928874,True
0.4852263033390045,0.6736151576042175,0.5912054181098938,1479,62.96824596572466,L640_sub00957,0.6960799098014832,0.33775627613067627,0.32638487219810486,parallel,3.0,0,"{""invalid_B"": 0, ""invalid_q"": 0, ""weak_B_direction"": 0, ""weak_q_perp_for_phi"": 0, ""weak_r_perp_for_phi"": 0}",B,0.007020263105090978,64.0,0.1914775210575285,True
0.4852263033390045,0.6736151576042175,0.5912054181098938,1395,125.193849689192,L640_sub00957,0.6960799098014832,0.33775627613067627,0.32638487219810486,parallel,3.0,0,"{""invalid_B"": 0, ""invalid_q"": 0, ""weak_B_direction"": 0, ""weak_q_perp_for_phi"": 0, ""weak_r_perp_for_phi"": 0}",B,0.016169025000191434,128.0,0.2528684292496603,True
0.4852263033390045,0.6736151576042175,0.5912054181098938,1387,31.984371183438952,L640_sub00957,0.6960799098014832,0.33775627613067627,0.32638487219810486,xi,3.0,0,"{""invalid_B"": 0, ""invalid_q"": 0, ""weak_B_direction"": 0, ""weak_q_perp_for_phi"": 0, ""weak_r_perp_for_phi"": 0}",B,0.004643231659557678,32.0,0.1668297314330641,True
0.4852263033390045,0.6736151576042175,0.5912054181098938,1501,62.96824596572466,L640_sub00957,0.6960799098014832,0.33775627613067627,0.32638487219810486,xi,3.0,0,"{""invalid_B"": 0, ""invalid_q"": 0, ""weak_B_direction"": 0, ""weak_q_perp_for_phi"": 0, ""weak_r_perp_for_phi"": 0}",B,0.013274446019541267,64.0,0.2367766119520877,True
0.4852263033390045,0.6736151576042175,0.5912054181098938,1617,125.193849689192,L640_sub00957,0.6960799098014832,0.33775627613067627,0.32638487219810486,xi,3.0,0,"{""invalid_B"": 0, ""invalid_q"": 0, ""weak_B_direction"": 0, ""weak_q_perp_for_phi"": 0, ""weak_r_perp_for_phi"": 0}",B,0.02811255037401654,128.0,0.30406522136949177,True
0.4852263033390045,0.6736151576042175,0.5912054181098938,2735,31.984371183438952,L640_sub00957,0.6960799098014832,0.33775627613067627,0.32638487219810486,lambda,3.0,0,"{""invalid_B"": 0, ""invalid_q"": 0, ""weak_B_direction"": 0, ""weak_q_perp_for_phi"": 0, ""weak_r_perp_for_phi"": 0}",B,0.02568790030645696,32.0,0.29505945486116075,True
0.4852263033390045,0.6736151576042175,0.5912054181098938,2746,62.96824596572466,L640_sub00957,0.6960799098014832,0.33775627613067627,0.32638487219810486,lambda,3.0,0,"{""invalid_B"": 0, ""invalid_q"": 0, ""weak_B_direction"": 0, ""weak_q_perp_for_phi"": 0, ""weak_r_perp_for_phi"": 0}",B,0.043530739485853155,64.0,0.351775305026601,True
0.4852263033390045,0.6736151576042175,0.5912054181098938,2794,125.193849689192,L640_sub00957,0.6960799098014832,0.33775627613067627,0.32638487219810486,lambda,3.0,0,"{""invalid_B"": 0, ""invalid_q"": 0, ""weak_B_direction"": 0, ""weak_q_perp_for_phi"": 0, ""weak_r_perp_for_phi"": 0}",B,0.06092357149323976,128.0,0.3934852448997454,True
0.4852263033390045,0.6736151576042175,0.5912054181098938,1506,31.984371183438952,L640_sub00957,0.6960799098014832,0.33775627613067627,0.32638487219810486,parallel,3.0,0,"{""invalid_B"": 0, ""invalid_q"": 0, ""weak_B_direction"": 0, ""weak_q_perp_for_phi"": 0, ""weak_r_perp_for_phi"": 0}",u,0.0011478843167543346,32.0,0.10470466720343352,True
0.4852263033390045,0.6736151576042175,0.5912054181098938,1479,62.96824596572466,L640_sub00957,0.6960799098014832,0.33775627613067627,0.32638487219810486,parallel,3.0,0,"{""invalid_B"": 0, ""invalid_q"": 0, ""weak_B_direction"": 0, ""weak_q_perp_for_phi"": 0, ""weak_r_perp_for_phi"": 0}",u,0.0037998531497001006,64.0,0.15604706488230846,True
0.4852263033390045,0.6736151576042175,0.5912054181098938,1395,125.193849689192,L640_sub00957,0.6960799098014832,0.33775627613067627,0.32638487219810486,parallel,3.0,0,"{""invalid_B"": 0, ""invalid_q"": 0, ""weak_B_direction"": 0, ""weak_q_perp_for_phi"": 0, ""weak_r_perp_for_phi"": 0}",u,0.009748605482838409,128.0,0.21362274847814997,True
0.4852263033390045,0.6736151576042175,0.5912054181098938,1525,31.984371183438952,L640_sub00957,0.6960799098014832,0.33775627613067627,0.32638487219810486,xi,3.0,0,"{""invalid_B"": 0, ""invalid_q"": 0, ""weak_B_direction"": 0, ""weak_q_perp_for_phi"": 0, ""weak_r_perp_for_phi"": 0}",u,0.0024112444914797795,32.0,0.1340953596762188,True
0.4852263033390045,0.6736151576042175,0.5912054181098938,1564,62.96824596572466,L640_sub00957,0.6960799098014832,0.33775627613067627,0.32638487219810486,xi,3.0,0,"{""invalid_B"": 0, ""invalid_q"": 0, ""weak_B_direction"": 0, ""weak_q_perp_for_phi"": 0, ""weak_r_perp_for_phi"": 0}",u,0.006312178876313312,64.0,0.18481041085154928,True
0.4852263033390045,0.6736151576042175,0.5912054181098938,1508,125.193849689192,L640_sub00957,0.6960799098014832,0.33775627613067627,0.32638487219810486,xi,3.0,0,"{""invalid_B"": 0, ""invalid_q"": 0, ""weak_B_direction"": 0, ""weak_q_perp_for_phi"": 0, ""weak_r_perp_for_phi"": 0}",u,0.011329462322704396,128.0,0.22459655982014348,True
0.4852263033390045,0.6736151576042175,0.5912054181098938,2718,31.984371183438952,L640_sub00957,0.6960799098014832,0.33775627613067627,0.32638487219810486,lambda,3.0,0,"{""invalid_B"": 0, ""invalid_q"": 0, ""weak_B_direction"": 0, ""weak_q_perp_for_phi"": 0, ""weak_r_perp_for_phi"": 0}",u,0.007052770736677737,32.0,0.19177261435544415,True
0.4852263033390045,0.6736151576042175,0.5912054181098938,2635,62.96824596572466,L640_sub00957,0.6960799098014832,0.33775627613067627,0.32638487219810486,lambda,3.0,0,"{""invalid_B"": 0, ""invalid_q"": 0, ""weak_B_direction"": 0, ""weak_q_perp_for_phi"": 0, ""weak_r_perp_for_phi"": 0}",u,0.012076411766435915,64.0,0.2294277631370441,True
0.4852263033390045,0.6736151576042175,0.5912054181098938,2763,125.193849689192,L640_sub00957,0.6960799098014832,0.33775627613067627,0.32638487219810486,lambda,3.0,0,"{""invalid_B"": 0, ""invalid_q"": 0, ""weak_B_direction"": 0, ""weak_q_perp_for_phi"": 0, ""weak_r_perp_for_phi"": 0}",u,0.020277640986293505,128.0,0.2726920498375247,True
0.4852263033390045,0.6736151576042175,0.5912054181098938,1506,31.984371183438952,L640_sub00957,0.6960799098014832,0.33775627613067627,0.32638487219810486,parallel,4.0,0,"{""invalid_B"": 0, ""invalid_q"": 0, ""weak_B_direction"": 0, ""weak_q_perp_for_phi"": 0, ""weak_r_perp_for_phi"": 0}",B,0.0006715037359089794,32.0,0.16097636200489399,True
0.4852263033390045,0.6736151576042175,0.5912054181098938,1479,62.96824596572466,L640_sub00957,0.6960799098014832,0.33775627613067627,0.32638487219810486,parallel,4.0,0,"{""invalid_B"": 0, ""invalid_q"": 0, ""weak_B_direction"": 0, ""weak_q_perp_for_phi"": 0, ""weak_r_perp_for_phi"": 0}",B,0.0027513157400369257,64.0,0.22902616880465407,True
0.4852263033390045,0.6736151576042175,0.5912054181098938,1395,125.193849689192,L640_sub00957,0.6960799098014832,0.33775627613067627,0.32638487219810486,parallel,4.0,0,"{""invalid_B"": 0, ""invalid_q"": 0, ""weak_B_direction"": 0, ""weak_q_perp_for_phi"": 0, ""weak_r_perp_for_phi"": 0}",B,0.00728975876241226,128.0,0.29219870654867885,True
0.4852263033390045,0.6736151576042175,0.5912054181098938,1387,31.984371183438952,L640_sub00957,0.6960799098014832,0.33775627613067627,0.32638487219810486,xi,4.0,0,"{""invalid_B"": 0, ""invalid_q"": 0, ""weak_B_direction"": 0, ""weak_q_perp_for_phi"": 0, ""weak_r_perp_for_phi"": 0}",B,0.0015867889307267186,32.0,0.1995858695798799,True
0.4852263033390045,0.6736151576042175,0.5912054181098938,1501,62.96824596572466,L640_sub00957,0.6960799098014832,0.33775627613067627,0.32638487219810486,xi,4.0,0,"{""invalid_B"": 0, ""invalid_q"": 0, ""weak_B_direction"": 0, ""weak_q_perp_for_phi"": 0, ""weak_r_perp_for_phi"": 0}",B,0.005829164510975691,64.0,0.2763131653690938,True
0.4852263033390045,0.6736151576042175,0.5912054181098938,1617,125.193849689192,L640_sub00957,0.6960799098014832,0.33775627613067627,0.32638487219810486,xi,4.0,0,"{""invalid_B"": 0, ""invalid_q"": 0, ""weak_B_direction"": 0, ""weak_q_perp_for_phi"": 0, ""weak_r_perp_for_phi"": 0}",B,0.013519722126204455,128.0,0.34099023436192893,True
0.4852263033390045,0.6736151576042175,0.5912054181098938,2735,31.984371183438952,L640_sub00957,0.6960799098014832,0.33775627613067627,0.32638487219810486,lambda,4.0,0,"{""invalid_B"": 0, ""invalid_q"": 0, ""weak_B_direction"": 0, ""weak_q_perp_for_phi"": 0, ""weak_r_perp_for_phi"": 0}",B,0.014756921155853897,32.0,0.348537040529207,True
0.4852263033390045,0.6736151576042175,0.5912054181098938,2746,62.96824596572466,L640_sub00957,0.6960799098014832,0.33775627613067627,0.32638487219810486,lambda,4.0,0,"{""invalid_B"": 0, ""invalid_q"": 0, ""weak_B_direction"": 0, ""weak_q_perp_for_phi"": 0, ""weak_r_perp_for_phi"": 0}",B,0.025840041373021577,64.0,0.40093438249681207,True
0.4852263033390045,0.6736151576042175,0.5912054181098938,2794,125.193849689192,L640_sub00957,0.6960799098014832,0.33775627613067627,0.32638487219810486,lambda,4.0,0,"{""invalid_B"": 0, ""invalid_q"": 0, ""weak_B_direction"": 0, ""weak_q_perp_for_phi"": 0, ""weak_r_perp_for_phi"": 0}",B,0.0341056780135087,128.0,0.4297408830560431,True
0.4852263033390045,0.6736151576042175,0.5912054181098938,1506,31.984371183438952,L640_sub00957,0.6960799098014832,0.33775627613067627,0.32638487219810486,parallel,4.0,0,"{""invalid_B"": 0, ""invalid_q"": 0, ""weak_B_direction"": 0, ""weak_q_perp_for_phi"": 0, ""weak_r_perp_for_phi"": 0}",u,0.00027195823989008554,32.0,0.12841789756330016,True
0.4852263033390045,0.6736151576042175,0.5912054181098938,1479,62.96824596572466,L640_sub00957,0.6960799098014832,0.33775627613067627,0.32638487219810486,parallel,4.0,0,"{""invalid_B"": 0, ""invalid_q"": 0, ""weak_B_direction"": 0, ""weak_q_perp_for_phi"": 0, ""weak_r_perp_for_phi"": 0}",u,0.001197735085201875,64.0,0.18603308706248942,True
0.4852263033390045,0.6736151576042175,0.5912054181098938,1395,125.193849689192,L640_sub00957,0.6960799098014832,0.33775627613067627,0.32638487219810486,parallel,4.0,0,"{""invalid_B"": 0, ""invalid_q"": 0, ""weak_B_direction"": 0, ""weak_q_perp_for_phi"": 0, ""weak_r_perp_for_phi"": 0}",u,0.004000379912524753,128.0,0.25149265715777774,True
0.4852263033390045,0.6736151576042175,0.5912054181098938,1525,31.984371183438952,L640_sub00957,0.6960799098014832,0.33775627613067627,0.32638487219810486,xi,4.0,0,"{""invalid_B"": 0, ""invalid_q"": 0, ""weak_B_direction"": 0, ""weak_q_perp_for_phi"": 0, ""weak_r_perp_for_phi"": 0}",u,0.0006901639356647909,32.0,0.16208322352992885,True
0.4852263033390045,0.6736151576042175,0.5912054181098938,1564,62.96824596572466,L640_sub00957,0.6960799098014832,0.33775627613067627,0.32638487219810486,xi,4.0,0,"{""invalid_B"": 0, ""invalid_q"": 0, ""weak_B_direction"": 0, ""weak_q_perp_for_phi"": 0, ""weak_r_perp_for_phi"": 0}",u,0.002252781843569505,64.0,0.21786114626160027,True
0.4852263033390045,0.6736151576042175,0.5912054181098938,1508,125.193849689192,L640_sub00957,0.6960799098014832,0.33775627613067627,0.32638487219810486,xi,4.0,0,"{""invalid_B"": 0, ""invalid_q"": 0, ""weak_B_direction"": 0, ""weak_q_perp_for_phi"": 0, ""weak_r_perp_for_phi"": 0}",u,0.004224026355834752,128.0,0.25493628615393027,True
0.4852263033390045,0.6736151576042175,0.5912054181098938,2718,31.984371183438952,L640_sub00957,0.6960799098014832,0.33775627613067627,0.32638487219810486,lambda,4.0,0,"{""invalid_B"": 0, ""invalid_q"": 0, ""weak_B_direction"": 0, ""weak_q_perp_for_phi"": 0, ""weak_r_perp_for_phi"": 0}",u,0.0023606014699294356,32.0,0.2204223703322012,True
0.4852263033390045,0.6736151576042175,0.5912054181098938,2635,62.96824596572466,L640_sub00957,0.6960799098014832,0.33775627613067627,0.32638487219810486,lambda,4.0,0,"{""invalid_B"": 0, ""invalid_q"": 0, ""weak_B_direction"": 0, ""weak_q_perp_for_phi"": 0, ""weak_r_perp_for_phi"": 0}",u,0.004448267898284023,64.0,0.25825440249066217,True
0.4852263033390045,0.6736151576042175,0.5912054181098938,2763,125.193849689192,L640_sub00957,0.6960799098014832,0.33775627613067627,0.32638487219810486,lambda,4.0,0,"{""invalid_B"": 0, ""invalid_q"": 0, ""weak_B_direction"": 0, ""weak_q_perp_for_phi"": 0, ""weak_r_perp_for_phi"": 0}",u,0.008120382487548832,128.0,0.30018854890861857,True
0.4852263033390045,0.6736151576042175,0.5912054181098938,1506,31.984371183438952,L640_sub00957,0.6960799098014832,0.33775627613067627,0.32638487219810486,parallel,5.0,0,"{""invalid_B"": 0, ""invalid_q"": 0, ""weak_B_direction"": 0, ""weak_q_perp_for_phi"": 0, ""weak_r_perp_for_phi"": 0}",B,0.00025734036936207245,32.0,0.19147037329350458,True
0.4852263033390045,0.6736151576042175,0.5912054181098938,1479,62.96824596572466,L640_sub00957,0.6960799098014832,0.33775627613067627,0.32638487219810486,parallel,5.0,0,"{""invalid_B"": 0, ""invalid_q"": 0, ""weak_B_direction"": 0, ""weak_q_perp_for_phi"": 0, ""weak_r_perp_for_phi"": 0}",B,0.0013443752216417003,64.0,0.2665042258603039,True
0.4852263033390045,0.6736151576042175,0.5912054181098938,1395,125.193849689192,L640_sub00957,0.6960799098014832,0.33775627613067627,0.32638487219810486,parallel,5.0,0,"{""invalid_B"": 0, ""invalid_q"": 0, ""weak_B_direction"": 0, ""weak_q_perp_for_phi"": 0, ""weak_r_perp_for_phi"": 0}",B,0.0040242196426487345,128.0,0.3318458075955195,True
0.4852263033390045,0.6736151576042175,0.5912054181098938,1387,31.984371183438952,L640_sub00957,0.6960799098014832,0.33775627613067627,0.32638487219810486,xi,5.0,0,"{""invalid_B"": 0, ""invalid_q"": 0, ""weak_B_direction"": 0, ""weak_q_perp_for_phi"": 0, ""weak_r_perp_for_phi"": 0}",B,0.0006824854020350935,32.0,0.2327119435537608,True
0.4852263033390045,0.6736151576042175,0.5912054181098938,1501,62.96824596572466,L640_sub00957,0.6960799098014832,0.33775627613067627,0.32638487219810486,xi,5.0,0,"{""invalid_B"": 0, ""invalid_q"": 0, ""weak_B_direction"": 0, ""weak_q_perp_for_phi"": 0, ""weak_r_perp_for_phi"": 0}",B,0.003013954429987673,64.0,0.3132040262738064,True
0.4852263033390045,0.6736151576042175,0.5912054181098938,1617,125.193849689192,L640_sub00957,0.6960799098014832,0.33775627613067627,0.32638487219810486,xi,5.0,0,"{""invalid_B"": 0, ""invalid_q"": 0, ""weak_B_direction"": 0, ""weak_q_perp_for_phi"": 0, ""weak_r_perp_for_phi"": 0}",B,0.007393241217221033,128.0,0.37477186091762654,True
0.4852263033390045,0.6736151576042175,0.5912054181098938,2735,31.984371183438952,L640_sub00957,0.6960799098014832,0.33775627613067627,0.32638487219810486,lambda,5.0,0,"{""invalid_B"": 0, ""invalid_q"": 0, ""weak_B_direction"": 0, ""weak_q_perp_for_phi"": 0, ""weak_r_perp_for_phi"": 0}",B,0.009945103114916658,32.0,0.3976691106977376,True
0.4852263033390045,0.6736151576042175,0.5912054181098938,2746,62.96824596572466,L640_sub00957,0.6960799098014832,0.33775627613067627,0.32638487219810486,lambda,5.0,0,"{""invalid_B"": 0, ""invalid_q"": 0, ""weak_B_direction"": 0, ""weak_q_perp_for_phi"": 0, ""weak_r_perp_for_phi"": 0}",B,0.017245156778106042,64.0,0.44394935503926186,True
0.4852263033390045,0.6736151576042175,0.5912054181098938,2794,125.193849689192,L640_sub00957,0.6960799098014832,0.33775627613067627,0.32638487219810486,lambda,5.0,0,"{""invalid_B"": 0, ""invalid_q"": 0, ""weak_B_direction"": 0, ""weak_q_perp_for_phi"": 0, ""weak_r_perp_for_phi"": 0}",B,0.020824268473104625,128.0,0.4610138266151694,True
0.4852263033390045,0.6736151576042175,0.5912054181098938,1506,31.984371183438952,L640_sub00957,0.6960799098014832,0.33775627613067627,0.32638487219810486,parallel,5.0,0,"{""invalid_B"": 0, ""invalid_q"": 0, ""weak_B_direction"": 0, ""weak_q_perp_for_phi"": 0, ""weak_r_perp_for_phi"": 0}",u,7.93136622402026e-05,32.0,0.15131068616005683,True
0.4852263033390045,0.6736151576042175,0.5912054181098938,1479,62.96824596572466,L640_sub00957,0.6960799098014832,0.33775627613067627,0.32638487219810486,parallel,5.0,0,"{""invalid_B"": 0, ""invalid_q"": 0, ""weak_B_direction"": 0, ""weak_q_perp_for_phi"": 0, ""weak_r_perp_for_phi"": 0}",u,0.00044847188551989947,64.0,0.21396712167402696,True
0.4852263033390045,0.6736151576042175,0.5912054181098938,1395,125.193849689192,L640_sub00957,0.6960799098014832,0.33775627613067627,0.32638487219810486,parallel,5.0,0,"{""invalid_B"": 0, ""invalid_q"": 0, ""weak_B_direction"": 0, ""weak_q_perp_for_phi"": 0, ""weak_r_perp_for_phi"": 0}",u,0.002057946522875702,128.0,0.29019292302272026,True
0.4852263033390045,0.6736151576042175,0.5912054181098938,1525,31.984371183438952,L640_sub00957,0.6960799098014832,0.33775627613067627,0.32638487219810486,xi,5.0,0,"{""invalid_B"": 0, ""invalid_q"": 0, ""weak_B_direction"": 0, ""weak_q_perp_for_phi"": 0, ""weak_r_perp_for_phi"": 0}",u,0.00024597690402223106,32.0,0.18974872492238634,True
0.4852263033390045,0.6736151576042175,0.5912054181098938,1564,62.96824596572466,L640_sub00957,0.6960799098014832,0.33775627613067627,0.32638487219810486,xi,5.0,0,"{""invalid_B"": 0, ""invalid_q"": 0, ""weak_B_direction"": 0, ""weak_q_perp_for_phi"": 0, ""weak_r_perp_for_phi"": 0}",u,0.0009730229410765808,64.0,0.24981851126906882,True
0.4852263033390045,0.6736151576042175,0.5912054181098938,1508,125.193849689192,L640_sub00957,0.6960799098014832,0.33775627613067627,0.32638487219810486,xi,5.0,0,"{""invalid_B"": 0, ""invalid_q"": 0, ""weak_B_direction"": 0, ""weak_q_perp_for_phi"": 0, ""weak_r_perp_for_phi"": 0}",u,0.001807531610060623,128.0,0.2827594838271591,True
0.4852263033390045,0.6736151576042175,0.5912054181098938,2718,31.984371183438952,L640_sub00957,0.6960799098014832,0.33775627613067627,0.32638487219810486,lambda,5.0,0,"{""invalid_B"": 0, ""invalid_q"": 0, ""weak_B_direction"": 0, ""weak_q_perp_for_phi"": 0, ""weak_r_perp_for_phi"": 0}",u,0.0009127437773217451,32.0,0.24664355766282278,True
0.4852263033390045,0.6736151576042175,0.5912054181098938,2635,62.96824596572466,L640_sub00957,0.6960799098014832,0.33775627613067627,0.32638487219810486,lambda,5.0,0,"{""invalid_B"": 0, ""invalid_q"": 0, ""weak_B_direction"": 0, ""weak_q_perp_for_phi"": 0, ""weak_r_perp_for_phi"": 0}",u,0.0018673850064402637,64.0,0.2846077837784321,True
0.4852263033390045,0.6736151576042175,0.5912054181098938,2763,125.193849689192,L640_sub00957,0.6960799098014832,0.33775627613067627,0.32638487219810486,lambda,5.0,0,"{""invalid_B"": 0, ""invalid_q"": 0, ""weak_B_direction"": 0, ""weak_q_perp_for_phi"": 0, ""weak_r_perp_for_phi"": 0}",u,0.0036155755864399775,128.0,0.32481456040395895,True
0.4852263033390045,0.6736151576042175,0.5912054181098938,1506,31.984371183438952,L640_sub00957,0.6960799098014832,0.33775627613067627,0.32638487219810486,parallel,6.0,0,"{""invalid_B"": 0, ""invalid_q"": 0, ""weak_B_direction"": 0, ""weak_q_perp_for_phi"": 0, ""weak_r_perp_for_phi"": 0}",B,0.00011431976199861475,32.0,0.220302902281082,True
0.4852263033390045,0.6736151576042175,0.5912054181098938,1479,62.96824596572466,L640_sub00957,0.6960799098014832,0.33775627613067627,0.32638487219810486,parallel,6.0,0,"{""invalid_B"": 0, ""invalid_q"": 0, ""weak_B_direction"": 0, ""weak_q_perp_for_phi"": 0, ""weak_r_perp_for_phi"": 0}",B,0.0007635672153827345,64.0,0.3023253369186764,True
0.4852263033390045,0.6736151576042175,0.5912054181098938,1395,125.193849689192,L640_sub00957,0.6960799098014832,0.33775627613067627,0.32638487219810486,parallel,6.0,0,"{""invalid_B"": 0, ""invalid_q"": 0, ""weak_B_direction"": 0, ""weak_q_perp_for_phi"": 0, ""weak_r_perp_for_phi"": 0}",B,0.002597186425261151,128.0,0.3707523001252329,True
0.4852263033390045,0.6736151576042175,0.5912054181098938,1387,31.984371183438952,L640_sub00957,0.6960799098014832,0.33775627613067627,0.32638487219810486,xi,6.0,0,"{""invalid_B"": 0, ""invalid_q"": 0, ""weak_B_direction"": 0, ""weak_q_perp_for_phi"": 0, ""weak_r_perp_for_phi"": 0}",B,0.00034110895885617167,32.0,0.2643314597369833,True
0.4852263033390045,0.6736151576042175,0.5912054181098938,1501,62.96824596572466,L640_sub00957,0.6960799098014832,0.33775627613067627,0.32638487219810486,xi,6.0,0,"{""invalid_B"": 0, ""invalid_q"": 0, ""weak_B_direction"": 0, ""weak_q_perp_for_phi"": 0, ""weak_r_perp_for_phi"": 0}",B,0.0017336387774972305,64.0,0.3465983057311025,True
0.4852263033390045,0.6736151576042175,0.5912054181098938,1617,125.193849689192,L640_sub00957,0.6960799098014832,0.33775627613067627,0.32638487219810486,xi,6.0,0,"{""invalid_B"": 0, ""invalid_q"": 0, ""weak_B_direction"": 0, ""weak_q_perp_for_phi"": 0, ""weak_r_perp_for_phi"": 0}",B,0.004436624200837547,128.0,0.4053611350120264,True
0.4852263033390045,0.6736151576042175,0.5912054181098938,2735,31.984371183438952,L640_sub00957,0.6960799098014832,0.33775627613067627,0.32638487219810486,lambda,6.0,0,"{""invalid_B"": 0, ""invalid_q"": 0, ""weak_B_direction"": 0, ""weak_q_perp_for_phi"": 0, ""weak_r_perp_for_phi"": 0}",B,0.007449984425606549,32.0,0.4419358442541031,True
0.4852263033390045,0.6736151576042175,0.5912054181098938,2746,62.96824596572466,L640_sub00957,0.6960799098014832,0.33775627613067627,0.32638487219810486,lambda,6.0,0,"{""invalid_B"": 0, ""invalid_q"": 0, ""weak_B_direction"": 0, ""weak_q_perp_for_phi"": 0, ""weak_r_perp_for_phi"": 0}",B,0.012420331887327668,64.0,0.48123314687631386,True
0.4852263033390045,0.6736151576042175,0.5912054181098938,2794,125.193849689192,L640_sub00957,0.6960799098014832,0.33775627613067627,0.32638487219810486,lambda,6.0,0,"{""invalid_B"": 0, ""invalid_q"": 0, ""weak_B_direction"": 0, ""weak_q_perp_for_phi"": 0, ""weak_r_perp_for_phi"": 0}",B,0.013580655953759202,128.0,0.4884500119026111,True
0.4852263033390045,0.6736151576042175,0.5912054181098938,1506,31.984371183438952,L640_sub00957,0.6960799098014832,0.33775627613067627,0.32638487219810486,parallel,6.0,0,"{""invalid_B"": 0, ""invalid_q"": 0, ""weak_B_direction"": 0, ""weak_q_perp_for_phi"": 0, ""weak_r_perp_for_phi"": 0}",u,2.6434853595247177e-05,32.0,0.17259550657319148,True
0.4852263033390045,0.6736151576042175,0.5912054181098938,1479,62.96824596572466,L640_sub00957,0.6960799098014832,0.33775627613067627,0.32638487219810486,parallel,6.0,0,"{""invalid_B"": 0, ""invalid_q"": 0, ""weak_B_direction"": 0, ""weak_q_perp_for_phi"": 0, ""weak_r_perp_for_phi"": 0}",u,0.00018753801228055996,64.0,0.23924794608569597,True
0.4852263033390045,0.6736151576042175,0.5912054181098938,1395,125.193849689192,L640_sub00957,0.6960799098014832,0.33775627613067627,0.32638487219810486,parallel,6.0,0,"{""invalid_B"": 0, ""invalid_q"": 0, ""weak_B_direction"": 0, ""weak_q_perp_for_phi"": 0, ""weak_r_perp_for_phi"": 0}",u,0.0012480964777763631,128.0,0.3281265404249935,True
0.4852263033390045,0.6736151576042175,0.5912054181098938,1525,31.984371183438952,L640_sub00957,0.6960799098014832,0.33775627613067627,0.32638487219810486,xi,6.0,0,"{""invalid_B"": 0, ""invalid_q"": 0, ""weak_B_direction"": 0, ""weak_q_perp_for_phi"": 0, ""weak_r_perp_for_phi"": 0}",u,0.00010119233369050617,32.0,0.21586949155426446,True
0.4852263033390045,0.6736151576042175,0.5912054181098938,1564,62.96824596572466,L640_sub00957,0.6960799098014832,0.33775627613067627,0.32638487219810486,xi,6.0,0,"{""invalid_B"": 0, ""invalid_q"": 0, ""weak_B_direction"": 0, ""weak_q_perp_for_phi"": 0, ""weak_r_perp_for_phi"": 0}",u,0.000480924634348363,64.0,0.2799064055513465,True
0.4852263033390045,0.6736151576042175,0.5912054181098938,1508,125.193849689192,L640_sub00957,0.6960799098014832,0.33775627613067627,0.32638487219810486,xi,6.0,0,"{""invalid_B"": 0, ""invalid_q"": 0, ""weak_B_direction"": 0, ""weak_q_perp_for_phi"": 0, ""weak_r_perp_for_phi"": 0}",u,0.0008559673175176162,128.0,0.30813630028535305,True
0.4852263033390045,0.6736151576042175,0.5912054181098938,2718,31.984371183438952,L640_sub00957,0.6960799098014832,0.33775627613067627,0.32638487219810486,lambda,6.0,0,"{""invalid_B"": 0, ""invalid_q"": 0, ""weak_B_direction"": 0, ""weak_q_perp_for_phi"": 0, ""weak_r_perp_for_phi"": 0}",u,0.00039308129281297313,32.0,0.27065355090124055,True
0.4852263033390045,0.6736151576042175,0.5912054181098938,2635,62.96824596572466,L640_sub00957,0.6960799098014832,0.33775627613067627,0.32638487219810486,lambda,6.0,0,"{""invalid_B"": 0, ""invalid_q"": 0, ""weak_B_direction"": 0, ""weak_q_perp_for_phi"": 0, ""weak_r_perp_for_phi"": 0}",u,0.0008704153325587736,64.0,0.3089971132335291,True
0.4852263033390045,0.6736151576042175,0.5912054181098938,2763,125.193849689192,L640_sub00957,0.6960799098014832,0.33775627613067627,0.32638487219810486,lambda,6.0,0,"{""invalid_B"": 0, ""invalid_q"": 0, ""weak_B_direction"": 0, ""weak_q_perp_for_phi"": 0, ""weak_r_perp_for_phi"": 0}",u,0.0017412917334936977,128.0,0.34685284125051824,True
0.4724547863006592,0.6731958389282227,0.5758237242698669,1494,31.984371183438952,L640_sub03356,0.6967437267303467,0.32917991280555725,0.32680416107177734,parallel,1.0,0,"{""invalid_B"": 0, ""invalid_q"": 0, ""weak_B_direction"": 0, ""weak_q_perp_for_phi"": 0, ""weak_r_perp_for_phi"": 0}",B,0.07332060722186,32.0,0.07332060722186,True
0.4724547863006592,0.6731958389282227,0.5758237242698669,1361,62.96824596572466,L640_sub03356,0.6967437267303467,0.32917991280555725,0.32680416107177734,parallel,1.0,0,"{""invalid_B"": 0, ""invalid_q"": 0, ""weak_B_direction"": 0, ""weak_q_perp_for_phi"": 0, ""weak_r_perp_for_phi"": 0}",B,0.11463966878038441,64.0,0.11463966878038441,True
0.4724547863006592,0.6731958389282227,0.5758237242698669,1328,125.193849689192,L640_sub03356,0.6967437267303467,0.32917991280555725,0.32680416107177734,parallel,1.0,0,"{""invalid_B"": 0, ""invalid_q"": 0, ""weak_B_direction"": 0, ""weak_q_perp_for_phi"": 0, ""weak_r_perp_for_phi"": 0}",B,0.17699623873744483,128.0,0.17699623873744483,True
0.4724547863006592,0.6731958389282227,0.5758237242698669,1512,31.984371183438952,L640_sub03356,0.6967437267303467,0.32917991280555725,0.32680416107177734,xi,1.0,0,"{""invalid_B"": 0, ""invalid_q"": 0, ""weak_B_direction"": 0, ""weak_q_perp_for_phi"": 0, ""weak_r_perp_for_phi"": 0}",B,0.11112701698504998,32.0,0.11112701698504998,True
0.4724547863006592,0.6731958389282227,0.5758237242698669,1576,62.96824596572466,L640_sub03356,0.6967437267303467,0.32917991280555725,0.32680416107177734,xi,1.0,0,"{""invalid_B"": 0, ""invalid_q"": 0, ""weak_B_direction"": 0, ""weak_q_perp_for_phi"": 0, ""weak_r_perp_for_phi"": 0}",B,0.1548515466362687,64.0,0.1548515466362687,True
0.4724547863006592,0.6731958389282227,0.5758237242698669,1617,125.193849689192,L640_sub03356,0.6967437267303467,0.32917991280555725,0.32680416107177734,xi,1.0,0,"{""invalid_B"": 0, ""invalid_q"": 0, ""weak_B_direction"": 0, ""weak_q_perp_for_phi"": 0, ""weak_r_perp_for_phi"": 0}",B,0.21854734972188206,128.0,0.21854734972188206,True
0.4724547863006592,0.6731958389282227,0.5758237242698669,2383,31.984371183438952,L640_sub03356,0.6967437267303467,0.32917991280555725,0.32680416107177734,lambda,1.0,0,"{""invalid_B"": 0, ""invalid_q"": 0, ""weak_B_direction"": 0, ""weak_q_perp_for_phi"": 0, ""weak_r_perp_for_phi"": 0}",B,0.18315339578196876,32.0,0.18315339578196876,True
0.4724547863006592,0.6731958389282227,0.5758237242698669,2222,62.96824596572466,L640_sub03356,0.6967437267303467,0.32917991280555725,0.32680416107177734,lambda,1.0,0,"{""invalid_B"": 0, ""invalid_q"": 0, ""weak_B_direction"": 0, ""weak_q_perp_for_phi"": 0, ""weak_r_perp_for_phi"": 0}",B,0.24052788246657333,64.0,0.24052788246657333,True
0.4724547863006592,0.6731958389282227,0.5758237242698669,2003,125.193849689192,L640_sub03356,0.6967437267303467,0.32917991280555725,0.32680416107177734,lambda,1.0,0,"{""invalid_B"": 0, ""invalid_q"": 0, ""weak_B_direction"": 0, ""weak_q_perp_for_phi"": 0, ""weak_r_perp_for_phi"": 0}",B,0.2921796405551181,128.0,0.2921796405551181,True
0.4724547863006592,0.6731958389282227,0.5758237242698669,1494,31.984371183438952,L640_sub03356,0.6967437267303467,0.32917991280555725,0.32680416107177734,parallel,1.0,0,"{""invalid_B"": 0, ""invalid_q"": 0, ""weak_B_direction"": 0, ""weak_q_perp_for_phi"": 0, ""weak_r_perp_for_phi"": 0}",u,0.05471961944644879,32.0,0.05471961944644879,True
0.4724547863006592,0.6731958389282227,0.5758237242698669,1361,62.96824596572466,L640_sub03356,0.6967437267303467,0.32917991280555725,0.32680416107177734,parallel,1.0,0,"{""invalid_B"": 0, ""invalid_q"": 0, ""weak_B_direction"": 0, ""weak_q_perp_for_phi"": 0, ""weak_r_perp_for_phi"": 0}",u,0.08266099258325338,64.0,0.08266099258325338,True
0.4724547863006592,0.6731958389282227,0.5758237242698669,1328,125.193849689192,L640_sub03356,0.6967437267303467,0.32917991280555725,0.32680416107177734,parallel,1.0,0,"{""invalid_B"": 0, ""invalid_q"": 0, ""weak_B_direction"": 0, ""weak_q_perp_for_phi"": 0, ""weak_r_perp_for_phi"": 0}",u,0.11462380487327735,128.0,0.11462380487327735,True
0.4724547863006592,0.6731958389282227,0.5758237242698669,1590,31.984371183438952,L640_sub03356,0.6967437267303467,0.32917991280555725,0.32680416107177734,xi,1.0,0,"{""invalid_B"": 0, ""invalid_q"": 0, ""weak_B_direction"": 0, ""weak_q_perp_for_phi"": 0, ""weak_r_perp_for_phi"": 0}",u,0.08170287892543364,32.0,0.08170287892543364,True
0.4724547863006592,0.6731958389282227,0.5758237242698669,1638,62.96824596572466,L640_sub03356,0.6967437267303467,0.32917991280555725,0.32680416107177734,xi,1.0,0,"{""invalid_B"": 0, ""invalid_q"": 0, ""weak_B_direction"": 0, ""weak_q_perp_for_phi"": 0, ""weak_r_perp_for_phi"": 0}",u,0.11209399286485153,64.0,0.11209399286485153,True
0.4724547863006592,0.6731958389282227,0.5758237242698669,1826,125.193849689192,L640_sub03356,0.6967437267303467,0.32917991280555725,0.32680416107177734,xi,1.0,0,"{""invalid_B"": 0, ""invalid_q"": 0, ""weak_B_direction"": 0, ""weak_q_perp_for_phi"": 0, ""weak_r_perp_for_phi"": 0}",u,0.14023398869134274,128.0,0.14023398869134274,True
0.4724547863006592,0.6731958389282227,0.5758237242698669,2360,31.984371183438952,L640_sub03356,0.6967437267303467,0.32917991280555725,0.32680416107177734,lambda,1.0,0,"{""invalid_B"": 0, ""invalid_q"": 0, ""weak_B_direction"": 0, ""weak_q_perp_for_phi"": 0, ""weak_r_perp_for_phi"": 0}",u,0.11792735504975706,32.0,0.11792735504975706,True
0.4724547863006592,0.6731958389282227,0.5758237242698669,2219,62.96824596572466,L640_sub03356,0.6967437267303467,0.32917991280555725,0.32680416107177734,lambda,1.0,0,"{""invalid_B"": 0, ""invalid_q"": 0, ""weak_B_direction"": 0, ""weak_q_perp_for_phi"": 0, ""weak_r_perp_for_phi"": 0}",u,0.14393747018895772,64.0,0.14393747018895772,True
0.4724547863006592,0.6731958389282227,0.5758237242698669,1940,125.193849689192,L640_sub03356,0.6967437267303467,0.32917991280555725,0.32680416107177734,lambda,1.0,0,"{""invalid_B"": 0, ""invalid_q"": 0, ""weak_B_direction"": 0, ""weak_q_perp_for_phi"": 0, ""weak_r_perp_for_phi"": 0}",u,0.15623997782322652,128.0,0.15623997782322652,True
0.4724547863006592,0.6731958389282227,0.5758237242698669,1494,31.984371183438952,L640_sub03356,0.6967437267303467,0.32917991280555725,0.32680416107177734,parallel,2.0,0,"{""invalid_B"": 0, ""invalid_q"": 0, ""weak_B_direction"": 0, ""weak_q_perp_for_phi"": 0, ""weak_r_perp_for_phi"": 0}",B,0.009778173021691625,32.0,0.09888464502485522,True
0.4724547863006592,0.6731958389282227,0.5758237242698669,1361,62.96824596572466,L640_sub03356,0.6967437267303467,0.32917991280555725,0.32680416107177734,parallel,2.0,0,"{""invalid_B"": 0, ""invalid_q"": 0, ""weak_B_direction"": 0, ""weak_q_perp_for_phi"": 0, ""weak_r_perp_for_phi"": 0}",B,0.021011455746154113,64.0,0.14495328815226688,True
0.4724547863006592,0.6731958389282227,0.5758237242698669,1328,125.193849689192,L640_sub03356,0.6967437267303467,0.32917991280555725,0.32680416107177734,parallel,2.0,0,"{""invalid_B"": 0, ""invalid_q"": 0, ""weak_B_direction"": 0, ""weak_q_perp_for_phi"": 0, ""weak_r_perp_for_phi"": 0}",B,0.047984015511923175,128.0,0.21905254052834716,True
0.4724547863006592,0.6731958389282227,0.5758237242698669,1512,31.984371183438952,L640_sub03356,0.6967437267303467,0.32917991280555725,0.32680416107177734,xi,2.0,0,"{""invalid_B"": 0, ""invalid_q"": 0, ""weak_B_direction"": 0, ""weak_q_perp_for_phi"": 0, ""weak_r_perp_for_phi"": 0}",B,0.019810064556558756,32.0,0.14074823109566512,True
0.4724547863006592,0.6731958389282227,0.5758237242698669,1576,62.96824596572466,L640_sub03356,0.6967437267303467,0.32917991280555725,0.32680416107177734,xi,2.0,0,"{""invalid_B"": 0, ""invalid_q"": 0, ""weak_B_direction"": 0, ""weak_q_perp_for_phi"": 0, ""weak_r_perp_for_phi"": 0}",B,0.037644444461996655,64.0,0.1940217628566359,True
0.4724547863006592,0.6731958389282227,0.5758237242698669,1617,125.193849689192,L640_sub03356,0.6967437267303467,0.32917991280555725,0.32680416107177734,xi,2.0,0,"{""invalid_B"": 0, ""invalid_q"": 0, ""weak_B_direction"": 0, ""weak_q_perp_for_phi"": 0, ""weak_r_perp_for_phi"": 0}",B,0.06874513349711701,128.0,0.26219293182142994,True
0.4724547863006592,0.6731958389282227,0.5758237242698669,2383,31.984371183438952,L640_sub03356,0.6967437267303467,0.32917991280555725,0.32680416107177734,lambda,2.0,0,"{""invalid_B"": 0, ""invalid_q"": 0, ""weak_B_direction"": 0, ""weak_q_perp_for_phi"": 0, ""weak_r_perp_for_phi"": 0}",B,0.05724852198354919,32.0,0.23926663366117137,True
0.4724547863006592,0.6731958389282227,0.5758237242698669,2222,62.96824596572466,L640_sub03356,0.6967437267303467,0.32917991280555725,0.32680416107177734,lambda,2.0,0,"{""invalid_B"": 0, ""invalid_q"": 0, ""weak_B_direction"": 0, ""weak_q_perp_for_phi"": 0, ""weak_r_perp_for_phi"": 0}",B,0.09183779592124847,64.0,0.3030475142964358,True
0.4724547863006592,0.6731958389282227,0.5758237242698669,2003,125.193849689192,L640_sub03356,0.6967437267303467,0.32917991280555725,0.32680416107177734,lambda,2.0,0,"{""invalid_B"": 0, ""invalid_q"": 0, ""weak_B_direction"": 0, ""weak_q_perp_for_phi"": 0, ""weak_r_perp_for_phi"": 0}",B,0.1251945530020091,128.0,0.35382842311211954,True
0.4724547863006592,0.6731958389282227,0.5758237242698669,1494,31.984371183438952,L640_sub03356,0.6967437267303467,0.32917991280555725,0.32680416107177734,parallel,2.0,0,"{""invalid_B"": 0, ""invalid_q"": 0, ""weak_B_direction"": 0, ""weak_q_perp_for_phi"": 0, ""weak_r_perp_for_phi"": 0}",u,0.005647478352478468,32.0,0.07514970627007446,True
0.4724547863006592,0.6731958389282227,0.5758237242698669,1361,62.96824596572466,L640_sub03356,0.6967437267303467,0.32917991280555725,0.32680416107177734,parallel,2.0,0,"{""invalid_B"": 0, ""invalid_q"": 0, ""weak_B_direction"": 0, ""weak_q_perp_for_phi"": 0, ""weak_r_perp_for_phi"": 0}",u,0.010950384851917572,64.0,0.10464408655971713,True
0.4724547863006592,0.6731958389282227,0.5758237242698669,1328,125.193849689192,L640_sub03356,0.6967437267303467,0.32917991280555725,0.32680416107177734,parallel,2.0,0,"{""invalid_B"": 0, ""invalid_q"": 0, ""weak_B_direction"": 0, ""weak_q_perp_for_phi"": 0, ""weak_r_perp_for_phi"": 0}",u,0.0219813924710913,128.0,0.14826123050579104,True
0.4724547863006592,0.6731958389282227,0.5758237242698669,1590,31.984371183438952,L640_sub03356,0.6967437267303467,0.32917991280555725,0.32680416107177734,xi,2.0,0,"{""invalid_B"": 0, ""invalid_q"": 0, ""weak_B_direction"": 0, ""weak_q_perp_for_phi"": 0, ""weak_r_perp_for_phi"": 0}",u,0.01096006679438135,32.0,0.10469033763619902,True
0.4724547863006592,0.6731958389282227,0.5758237242698669,1638,62.96824596572466,L640_sub03356,0.6967437267303467,0.32917991280555725,0.32680416107177734,xi,2.0,0,"{""invalid_B"": 0, ""invalid_q"": 0, ""weak_B_direction"": 0, ""weak_q_perp_for_phi"": 0, ""weak_r_perp_for_phi"": 0}",u,0.01990228112948415,64.0,0.14107544481405737,True
0.4724547863006592,0.6731958389282227,0.5758237242698669,1826,125.193849689192,L640_sub03356,0.6967437267303467,0.32917991280555725,0.32680416107177734,xi,2.0,0,"{""invalid_B"": 0, ""invalid_q"": 0, ""weak_B_direction"": 0, ""weak_q_perp_for_phi"": 0, ""weak_r_perp_for_phi"": 0}",u,0.029245614478743163,128.0,0.1710134920956331,True
0.4724547863006592,0.6731958389282227,0.5758237242698669,2360,31.984371183438952,L640_sub03356,0.6967437267303467,0.32917991280555725,0.32680416107177734,lambda,2.0,0,"{""invalid_B"": 0, ""invalid_q"": 0, ""weak_B_direction"": 0, ""weak_q_perp_for_phi"": 0, ""weak_r_perp_for_phi"": 0}",u,0.023766192107152726,32.0,0.15416287525585634,True
0.4724547863006592,0.6731958389282227,0.5758237242698669,2219,62.96824596572466,L640_sub03356,0.6967437267303467,0.32917991280555725,0.32680416107177734,lambda,2.0,0,"{""invalid_B"": 0, ""invalid_q"": 0, ""weak_B_direction"": 0, ""weak_q_perp_for_phi"": 0, ""weak_r_perp_for_phi"": 0}",u,0.03467829917033981,64.0,0.18622110291355223,True
0.4724547863006592,0.6731958389282227,0.5758237242698669,1940,125.193849689192,L640_sub03356,0.6967437267303467,0.32917991280555725,0.32680416107177734,lambda,2.0,0,"{""invalid_B"": 0, ""invalid_q"": 0, ""weak_B_direction"": 0, ""weak_q_perp_for_phi"": 0, ""weak_r_perp_for_phi"": 0}",u,0.03771944753759741,128.0,0.19421495188990318,True
0.4724547863006592,0.6731958389282227,0.5758237242698669,1494,31.984371183438952,L640_sub03356,0.6967437267303467,0.32917991280555725,0.32680416107177734,parallel,3.0,0,"{""invalid_B"": 0, ""invalid_q"": 0, ""weak_B_direction"": 0, ""weak_q_perp_for_phi"": 0, ""weak_r_perp_for_phi"": 0}",B,0.0022764420026956567,32.0,0.13154838784053985,True
0.4724547863006592,0.6731958389282227,0.5758237242698669,1361,62.96824596572466,L640_sub03356,0.6967437267303467,0.32917991280555725,0.32680416107177734,parallel,3.0,0,"{""invalid_B"": 0, ""invalid_q"": 0, ""weak_B_direction"": 0, ""weak_q_perp_for_phi"": 0, ""weak_r_perp_for_phi"": 0}",B,0.0054204778111040545,64.0,0.17566255300791841,True
0.4724547863006592,0.6731958389282227,0.5758237242698669,1328,125.193849689192,L640_sub03356,0.6967437267303467,0.32917991280555725,0.32680416107177734,parallel,3.0,0,"{""invalid_B"": 0, ""invalid_q"": 0, ""weak_B_direction"": 0, ""weak_q_perp_for_phi"": 0, ""weak_r_perp_for_phi"": 0}",B,0.017561139175911848,128.0,0.2599267011123208,True
0.4724547863006592,0.6731958389282227,0.5758237242698669,1512,31.984371183438952,L640_sub03356,0.6967437267303467,0.32917991280555725,0.32680416107177734,xi,3.0,0,"{""invalid_B"": 0, ""invalid_q"": 0, ""weak_B_direction"": 0, ""weak_q_perp_for_phi"": 0, ""weak_r_perp_for_phi"": 0}",B,0.0054255894654996195,32.0,0.17571775380904006,True
0.4724547863006592,0.6731958389282227,0.5758237242698669,1576,62.96824596572466,L640_sub03356,0.6967437267303467,0.32917991280555725,0.32680416107177734,xi,3.0,0,"{""invalid_B"": 0, ""invalid_q"": 0, ""weak_B_direction"": 0, ""weak_q_perp_for_phi"": 0, ""weak_r_perp_for_phi"": 0}",B,0.013403786171754624,64.0,0.23754314220813955,True
0.4724547863006592,0.6731958389282227,0.5758237242698669,1617,125.193849689192,L640_sub03356,0.6967437267303467,0.32917991280555725,0.32680416107177734,xi,3.0,0,"{""invalid_B"": 0, ""invalid_q"": 0, ""weak_B_direction"": 0, ""weak_q_perp_for_phi"": 0, ""weak_r_perp_for_phi"": 0}",B,0.028077214709018732,128.0,0.3039377711565259,True
0.4724547863006592,0.6731958389282227,0.5758237242698669,2383,31.984371183438952,L640_sub03356,0.6967437267303467,0.32917991280555725,0.32680416107177734,lambda,3.0,0,"{""invalid_B"": 0, ""invalid_q"": 0, ""weak_B_direction"": 0, ""weak_q_perp_for_phi"": 0, ""weak_r_perp_for_phi"": 0}",B,0.026104404924989215,32.0,0.2966456146565633,True
0.4724547863006592,0.6731958389282227,0.5758237242698669,2222,62.96824596572466,L640_sub03356,0.6967437267303467,0.32917991280555725,0.32680416107177734,lambda,3.0,0,"{""invalid_B"": 0, ""invalid_q"": 0, ""weak_B_direction"": 0, ""weak_q_perp_for_phi"": 0, ""weak_r_perp_for_phi"": 0}",B,0.04690136317301604,64.0,0.3606299750641225,True
0.4724547863006592,0.6731958389282227,0.5758237242698669,2003,125.193849689192,L640_sub03356,0.6967437267303467,0.32917991280555725,0.32680416107177734,lambda,3.0,0,"{""invalid_B"": 0, ""invalid_q"": 0, ""weak_B_direction"": 0, ""weak_q_perp_for_phi"": 0, ""weak_r_perp_for_phi"": 0}",B,0.06759050542302064,128.0,0.4073445386349693,True
0.4724547863006592,0.6731958389282227,0.5758237242698669,1494,31.984371183438952,L640_sub03356,0.6967437267303467,0.32917991280555725,0.32680416107177734,parallel,3.0,0,"{""invalid_B"": 0, ""invalid_q"": 0, ""weak_B_direction"": 0, ""weak_q_perp_for_phi"": 0, ""weak_r_perp_for_phi"": 0}",u,0.001104156388082933,32.0,0.10335786500260283,True
0.4724547863006592,0.6731958389282227,0.5758237242698669,1361,62.96824596572466,L640_sub03356,0.6967437267303467,0.32917991280555725,0.32680416107177734,parallel,3.0,0,"{""invalid_B"": 0, ""invalid_q"": 0, ""weak_B_direction"": 0, ""weak_q_perp_for_phi"": 0, ""weak_r_perp_for_phi"": 0}",u,0.002110988871604587,64.0,0.12828089500066878,True
0.4724547863006592,0.6731958389282227,0.5758237242698669,1328,125.193849689192,L640_sub03356,0.6967437267303467,0.32917991280555725,0.32680416107177734,parallel,3.0,0,"{""invalid_B"": 0, ""invalid_q"": 0, ""weak_B_direction"": 0, ""weak_q_perp_for_phi"": 0, ""weak_r_perp_for_phi"": 0}",u,0.00659603942845811,128.0,0.1875402170652314,True
0.4724547863006592,0.6731958389282227,0.5758237242698669,1590,31.984371183438952,L640_sub03356,0.6967437267303467,0.32917991280555725,0.32680416107177734,xi,3.0,0,"{""invalid_B"": 0, ""invalid_q"": 0, ""weak_B_direction"": 0, ""weak_q_perp_for_phi"": 0, ""weak_r_perp_for_phi"": 0}",u,0.0023031238241183047,32.0,0.1320603455354956,True
0.4724547863006592,0.6731958389282227,0.5758237242698669,1638,62.96824596572466,L640_sub03356,0.6967437267303467,0.32917991280555725,0.32680416107177734,xi,3.0,0,"{""invalid_B"": 0, ""invalid_q"": 0, ""weak_B_direction"": 0, ""weak_q_perp_for_phi"": 0, ""weak_r_perp_for_phi"": 0}",u,0.005117627520851273,64.0,0.17232814946779432,True
0.4724547863006592,0.6731958389282227,0.5758237242698669,1826,125.193849689192,L640_sub03356,0.6967437267303467,0.32917991280555725,0.32680416107177734,xi,3.0,0,"{""invalid_B"": 0, ""invalid_q"": 0, ""weak_B_direction"": 0, ""weak_q_perp_for_phi"": 0, ""weak_r_perp_for_phi"": 0}",u,0.008367009327315218,128.0,0.2030127983980808,True
0.4724547863006592,0.6731958389282227,0.5758237242698669,2360,31.984371183438952,L640_sub03356,0.6967437267303467,0.32917991280555725,0.32680416107177734,lambda,3.0,0,"{""invalid_B"": 0, ""invalid_q"": 0, ""weak_B_direction"": 0, ""weak_q_perp_for_phi"": 0, ""weak_r_perp_for_phi"": 0}",u,0.007383674206367258,32.0,0.19472610423725303,True
0.4724547863006592,0.6731958389282227,0.5758237242698669,2219,62.96824596572466,L640_sub03356,0.6967437267303467,0.32917991280555725,0.32680416107177734,lambda,3.0,0,"{""invalid_B"": 0, ""invalid_q"": 0, ""weak_B_direction"": 0, ""weak_q_perp_for_phi"": 0, ""weak_r_perp_for_phi"": 0}",u,0.01244842677831403,64.0,0.23175982612750035,True
0.4724547863006592,0.6731958389282227,0.5758237242698669,1940,125.193849689192,L640_sub03356,0.6967437267303467,0.32917991280555725,0.32680416107177734,lambda,3.0,0,"{""invalid_B"": 0, ""invalid_q"": 0, ""weak_B_direction"": 0, ""weak_q_perp_for_phi"": 0, ""weak_r_perp_for_phi"": 0}",u,0.012881457040044375,128.0,0.23441658230511636,True
0.4724547863006592,0.6731958389282227,0.5758237242698669,1494,31.984371183438952,L640_sub03356,0.6967437267303467,0.32917991280555725,0.32680416107177734,parallel,4.0,0,"{""invalid_B"": 0, ""invalid_q"": 0, ""weak_B_direction"": 0, ""weak_q_perp_for_phi"": 0, ""weak_r_perp_for_phi"": 0}",B,0.0008020518896480184,32.0,0.16828701864903134,True
0.4724547863006592,0.6731958389282227,0.5758237242698669,1361,62.96824596572466,L640_sub03356,0.6967437267303467,0.32917991280555725,0.32680416107177734,parallel,4.0,0,"{""invalid_B"": 0, ""invalid_q"": 0, ""weak_B_direction"": 0, ""weak_q_perp_for_phi"": 0, ""weak_r_perp_for_phi"": 0}",B,0.0017894870803309274,64.0,0.20567530111949697,True
0.4724547863006592,0.6731958389282227,0.5758237242698669,1328,125.193849689192,L640_sub03356,0.6967437267303467,0.32917991280555725,0.32680416107177734,parallel,4.0,0,"{""invalid_B"": 0, ""invalid_q"": 0, ""weak_B_direction"": 0, ""weak_q_perp_for_phi"": 0, ""weak_r_perp_for_phi"": 0}",B,0.007825052893222361,128.0,0.29742113077996757,True
0.4724547863006592,0.6731958389282227,0.5758237242698669,1512,31.984371183438952,L640_sub03356,0.6967437267303467,0.32917991280555725,0.32680416107177734,xi,4.0,0,"{""invalid_B"": 0, ""invalid_q"": 0, ""weak_B_direction"": 0, ""weak_q_perp_for_phi"": 0, ""weak_r_perp_for_phi"": 0}",B,0.0021533740337981557,32.0,0.21541694770054945,True
0.4724547863006592,0.6731958389282227,0.5758237242698669,1576,62.96824596572466,L640_sub03356,0.6967437267303467,0.32917991280555725,0.32680416107177734,xi,4.0,0,"{""invalid_B"": 0, ""invalid_q"": 0, ""weak_B_direction"": 0, ""weak_q_perp_for_phi"": 0, ""weak_r_perp_for_phi"": 0}",B,0.00654325640343042,64.0,0.28441237222307925,True
0.4724547863006592,0.6731958389282227,0.5758237242698669,1617,125.193849689192,L640_sub03356,0.6967437267303467,0.32917991280555725,0.32680416107177734,xi,4.0,0,"{""invalid_B"": 0, ""invalid_q"": 0, ""weak_B_direction"": 0, ""weak_q_perp_for_phi"": 0, ""weak_r_perp_for_phi"": 0}",B,0.013981232369160622,128.0,0.34386372496963885,True
0.4724547863006592,0.6731958389282227,0.5758237242698669,2383,31.984371183438952,L640_sub03356,0.6967437267303467,0.32917991280555725,0.32680416107177734,lambda,4.0,0,"{""invalid_B"": 0, ""invalid_q"": 0, ""weak_B_direction"": 0, ""weak_q_perp_for_phi"": 0, ""weak_r_perp_for_phi"": 0}",B,0.015212958229064925,32.0,0.351199119335521,True
0.4724547863006592,0.6731958389282227,0.5758237242698669,2222,62.96824596572466,L640_sub03356,0.6967437267303467,0.32917991280555725,0.32680416107177734,lambda,4.0,0,"{""invalid_B"": 0, ""invalid_q"": 0, ""weak_B_direction"": 0, ""weak_q_perp_for_phi"": 0, ""weak_r_perp_for_phi"": 0}",B,0.028872962199362553,64.0,0.412214092976625,True
0.4724547863006592,0.6731958389282227,0.5758237242698669,2003,125.193849689192,L640_sub03356,0.6967437267303467,0.32917991280555725,0.32680416107177734,lambda,4.0,0,"{""invalid_B"": 0, ""invalid_q"": 0, ""weak_B_direction"": 0, ""weak_q_perp_for_phi"": 0, ""weak_r_perp_for_phi"": 0}",B,0.04271701007887455,128.0,0.4546217525263449,True
0.4724547863006592,0.6731958389282227,0.5758237242698669,1494,31.984371183438952,L640_sub03356,0.6967437267303467,0.32917991280555725,0.32680416107177734,parallel,4.0,0,"{""invalid_B"": 0, ""invalid_q"": 0, ""weak_B_direction"": 0, ""weak_q_perp_for_phi"": 0, ""weak_r_perp_for_phi"": 0}",u,0.00035462680758894686,32.0,0.13722804953430953,True
0.4724547863006592,0.6731958389282227,0.5758237242698669,1361,62.96824596572466,L640_sub03356,0.6967437267303467,0.32917991280555725,0.32680416107177734,parallel,4.0,0,"{""invalid_B"": 0, ""invalid_q"": 0, ""weak_B_direction"": 0, ""weak_q_perp_for_phi"": 0, ""weak_r_perp_for_phi"": 0}",u,0.0005329292123840658,64.0,0.15193834155446806,True
0.4724547863006592,0.6731958389282227,0.5758237242698669,1328,125.193849689192,L640_sub03356,0.6967437267303467,0.32917991280555725,0.32680416107177734,parallel,4.0,0,"{""invalid_B"": 0, ""invalid_q"": 0, ""weak_B_direction"": 0, ""weak_q_perp_for_phi"": 0, ""weak_r_perp_for_phi"": 0}",u,0.002847544481697526,128.0,0.2310030048902109,True
0.4724547863006592,0.6731958389282227,0.5758237242698669,1590,31.984371183438952,L640_sub03356,0.6967437267303467,0.32917991280555725,0.32680416107177734,xi,4.0,0,"{""invalid_B"": 0, ""invalid_q"": 0, ""weak_B_direction"": 0, ""weak_q_perp_for_phi"": 0, ""weak_r_perp_for_phi"": 0}",u,0.0006995302734673685,32.0,0.16263036193736224,True
0.4724547863006592,0.6731958389282227,0.5758237242698669,1638,62.96824596572466,L640_sub03356,0.6967437267303467,0.32917991280555725,0.32680416107177734,xi,4.0,0,"{""invalid_B"": 0, ""invalid_q"": 0, ""weak_B_direction"": 0, ""weak_q_perp_for_phi"": 0, ""weak_r_perp_for_phi"": 0}",u,0.0017529977428352886,64.0,0.20461870851836625,True
0.4724547863006592,0.6731958389282227,0.5758237242698669,1826,125.193849689192,L640_sub03356,0.6967437267303467,0.32917991280555725,0.32680416107177734,xi,4.0,0,"{""invalid_B"": 0, ""invalid_q"": 0, ""weak_B_direction"": 0, ""weak_q_perp_for_phi"": 0, ""weak_r_perp_for_phi"": 0}",u,0.003081404302679397,128.0,0.2356064475967714,True
0.4724547863006592,0.6731958389282227,0.5758237242698669,2360,31.984371183438952,L640_sub03356,0.6967437267303467,0.32917991280555725,0.32680416107177734,lambda,4.0,0,"{""invalid_B"": 0, ""invalid_q"": 0, ""weak_B_direction"": 0, ""weak_q_perp_for_phi"": 0, ""weak_r_perp_for_phi"": 0}",u,0.003108535481055225,32.0,0.2361233614473279,True
0.4724547863006592,0.6731958389282227,0.5758237242698669,2219,62.96824596572466,L640_sub03356,0.6967437267303467,0.32917991280555725,0.32680416107177734,lambda,4.0,0,"{""invalid_B"": 0, ""invalid_q"": 0, ""weak_B_direction"": 0, ""weak_q_perp_for_phi"": 0, ""weak_r_perp_for_phi"": 0}",u,0.005932161010785228,64.0,0.27752571648219315,True
0.4724547863006592,0.6731958389282227,0.5758237242698669,1940,125.193849689192,L640_sub03356,0.6967437267303467,0.32917991280555725,0.32680416107177734,lambda,4.0,0,"{""invalid_B"": 0, ""invalid_q"": 0, ""weak_B_direction"": 0, ""weak_q_perp_for_phi"": 0, ""weak_r_perp_for_phi"": 0}",u,0.005742430503902954,128.0,0.27527954196435306,True
0.4724547863006592,0.6731958389282227,0.5758237242698669,1494,31.984371183438952,L640_sub03356,0.6967437267303467,0.32917991280555725,0.32680416107177734,parallel,5.0,0,"{""invalid_B"": 0, ""invalid_q"": 0, ""weak_B_direction"": 0, ""weak_q_perp_for_phi"": 0, ""weak_r_perp_for_phi"": 0}",B,0.00035801346813522814,32.0,0.20454076359995527,True
0.4724547863006592,0.6731958389282227,0.5758237242698669,1361,62.96824596572466,L640_sub03356,0.6967437267303467,0.32917991280555725,0.32680416107177734,parallel,5.0,0,"{""invalid_B"": 0, ""invalid_q"": 0, ""weak_B_direction"": 0, ""weak_q_perp_for_phi"": 0, ""weak_r_perp_for_phi"": 0}",B,0.0007054802734272735,64.0,0.2342593721145168,True
0.4724547863006592,0.6731958389282227,0.5758237242698669,1328,125.193849689192,L640_sub03356,0.6967437267303467,0.32917991280555725,0.32680416107177734,parallel,5.0,0,"{""invalid_B"": 0, ""invalid_q"": 0, ""weak_B_direction"": 0, ""weak_q_perp_for_phi"": 0, ""weak_r_perp_for_phi"": 0}",B,0.003957762992019251,128.0,0.33074246332515583,True
0.4724547863006592,0.6731958389282227,0.5758237242698669,1512,31.984371183438952,L640_sub03356,0.6967437267303467,0.32917991280555725,0.32680416107177734,xi,5.0,0,"{""invalid_B"": 0, ""invalid_q"": 0, ""weak_B_direction"": 0, ""weak_q_perp_for_phi"": 0, ""weak_r_perp_for_phi"": 0}",B,0.001123903954082451,32.0,0.2571259088756807,True
0.4724547863006592,0.6731958389282227,0.5758237242698669,1576,62.96824596572466,L640_sub03356,0.6967437267303467,0.32917991280555725,0.32680416107177734,xi,5.0,0,"{""invalid_B"": 0, ""invalid_q"": 0, ""weak_B_direction"": 0, ""weak_q_perp_for_phi"": 0, ""weak_r_perp_for_phi"": 0}",B,0.004055373140410847,64.0,0.33235802080930554,True
0.4724547863006592,0.6731958389282227,0.5758237242698669,1617,125.193849689192,L640_sub03356,0.6967437267303467,0.32917991280555725,0.32680416107177734,xi,5.0,0,"{""invalid_B"": 0, ""invalid_q"": 0, ""weak_B_direction"": 0, ""weak_q_perp_for_phi"": 0, ""weak_r_perp_for_phi"": 0}",B,0.008120148231349421,128.0,0.38186758218060646,True
0.4724547863006592,0.6731958389282227,0.5758237242698669,2383,31.984371183438952,L640_sub03356,0.6967437267303467,0.32917991280555725,0.32680416107177734,lambda,5.0,0,"{""invalid_B"": 0, ""invalid_q"": 0, ""weak_B_direction"": 0, ""weak_q_perp_for_phi"": 0, ""weak_r_perp_for_phi"": 0}",B,0.010362824433683847,32.0,0.40095499491162184,True
0.4724547863006592,0.6731958389282227,0.5758237242698669,2222,62.96824596572466,L640_sub03356,0.6967437267303467,0.32917991280555725,0.32680416107177734,lambda,5.0,0,"{""invalid_B"": 0, ""invalid_q"": 0, ""weak_B_direction"": 0, ""weak_q_perp_for_phi"": 0, ""weak_r_perp_for_phi"": 0}",B,0.020128123931239573,64.0,0.4578894734824913,True
0.4724547863006592,0.6731958389282227,0.5758237242698669,2003,125.193849689192,L640_sub03356,0.6967437267303467,0.32917991280555725,0.32680416107177734,lambda,5.0,0,"{""invalid_B"": 0, ""invalid_q"": 0, ""weak_B_direction"": 0, ""weak_q_perp_for_phi"": 0, ""weak_r_perp_for_phi"": 0}",B,0.030383773550856946,128.0,0.4971968198076349,True
0.4724547863006592,0.6731958389282227,0.5758237242698669,1494,31.984371183438952,L640_sub03356,0.6967437267303467,0.32917991280555725,0.32680416107177734,parallel,5.0,0,"{""invalid_B"": 0, ""invalid_q"": 0, ""weak_B_direction"": 0, ""weak_q_perp_for_phi"": 0, ""weak_r_perp_for_phi"": 0}",u,0.00014974063326696037,32.0,0.17181771263744294,True
0.4724547863006592,0.6731958389282227,0.5758237242698669,1361,62.96824596572466,L640_sub03356,0.6967437267303467,0.32917991280555725,0.32680416107177734,parallel,5.0,0,"{""invalid_B"": 0, ""invalid_q"": 0, ""weak_B_direction"": 0, ""weak_q_perp_for_phi"": 0, ""weak_r_perp_for_phi"": 0}",u,0.00016080420433979933,64.0,0.17428478696204402,True
0.4724547863006592,0.6731958389282227,0.5758237242698669,1328,125.193849689192,L640_sub03356,0.6967437267303467,0.32917991280555725,0.32680416107177734,parallel,5.0,0,"{""invalid_B"": 0, ""invalid_q"": 0, ""weak_B_direction"": 0, ""weak_q_perp_for_phi"": 0, ""weak_r_perp_for_phi"": 0}",u,0.0015865368077668971,128.0,0.27547997217252673,True
0.4724547863006592,0.6731958389282227,0.5758237242698669,1590,31.984371183438952,L640_sub03356,0.6967437267303467,0.32917991280555725,0.32680416107177734,xi,5.0,0,"{""invalid_B"": 0, ""invalid_q"": 0, ""weak_B_direction"": 0, ""weak_q_perp_for_phi"": 0, ""weak_r_perp_for_phi"": 0}",u,0.00027466968470113147,32.0,0.19398231851286168,True
0.4724547863006592,0.6731958389282227,0.5758237242698669,1638,62.96824596572466,L640_sub03356,0.6967437267303467,0.32917991280555725,0.32680416107177734,xi,5.0,0,"{""invalid_B"": 0, ""invalid_q"": 0, ""weak_B_direction"": 0, ""weak_q_perp_for_phi"": 0, ""weak_r_perp_for_phi"": 0}",u,0.0007366275039614785,64.0,0.2362923089557036,True
0.4724547863006592,0.6731958389282227,0.5758237242698669,1826,125.193849689192,L640_sub03356,0.6967437267303467,0.32917991280555725,0.32680416107177734,xi,5.0,0,"{""invalid_B"": 0, ""invalid_q"": 0, ""weak_B_direction"": 0, ""weak_q_perp_for_phi"": 0, ""weak_r_perp_for_phi"": 0}",u,0.0013696995217441523,128.0,0.26750078499801155,True
0.4724547863006592,0.6731958389282227,0.5758237242698669,2360,31.984371183438952,L640_sub03356,0.6967437267303467,0.32917991280555725,0.32680416107177734,lambda,5.0,0,"{""invalid_B"": 0, ""invalid_q"": 0, ""weak_B_direction"": 0, ""weak_q_perp_for_phi"": 0, ""weak_r_perp_for_phi"": 0}",u,0.001576439657367676,32.0,0.27512843025991324,True
0.4724547863006592,0.6731958389282227,0.5758237242698669,2219,62.96824596572466,L640_sub03356,0.6967437267303467,0.32917991280555725,0.32680416107177734,lambda,5.0,0,"{""invalid_B"": 0, ""invalid_q"": 0, ""weak_B_direction"": 0, ""weak_q_perp_for_phi"": 0, ""weak_r_perp_for_phi"": 0}",u,0.003391159802634757,64.0,0.32067835796911837,True
0.4724547863006592,0.6731958389282227,0.5758237242698669,1940,125.193849689192,L640_sub03356,0.6967437267303467,0.32917991280555725,0.32680416107177734,lambda,5.0,0,"{""invalid_B"": 0, ""invalid_q"": 0, ""weak_B_direction"": 0, ""weak_q_perp_for_phi"": 0, ""weak_r_perp_for_phi"": 0}",u,0.0030967323892716783,128.0,0.3149058548633836,True
0.4724547863006592,0.6731958389282227,0.5758237242698669,1494,31.984371183438952,L640_sub03356,0.6967437267303467,0.32917991280555725,0.32680416107177734,parallel,6.0,0,"{""invalid_B"": 0, ""invalid_q"": 0, ""weak_B_direction"": 0, ""weak_q_perp_for_phi"": 0, ""weak_r_perp_for_phi"": 0}",B,0.0001804888214130672,32.0,0.23772510697631663,True
0.4724547863006592,0.6731958389282227,0.5758237242698669,1361,62.96824596572466,L640_sub03356,0.6967437267303467,0.32917991280555725,0.32680416107177734,parallel,6.0,0,"{""invalid_B"": 0, ""invalid_q"": 0, ""weak_B_direction"": 0, ""weak_q_perp_for_phi"": 0, ""weak_r_perp_for_phi"": 0}",B,0.0003158320261211127,64.0,0.26096125226487243,True
0.4724547863006592,0.6731958389282227,0.5758237242698669,1328,125.193849689192,L640_sub03356,0.6967437267303467,0.32917991280555725,0.32680416107177734,parallel,6.0,0,"{""invalid_B"": 0, ""invalid_q"": 0, ""weak_B_direction"": 0, ""weak_q_perp_for_phi"": 0, ""weak_r_perp_for_phi"": 0}",B,0.0021779927431889194,128.0,0.36003335547591253,True
0.4724547863006592,0.6731958389282227,0.5758237242698669,1512,31.984371183438952,L640_sub03356,0.6967437267303467,0.32917991280555725,0.32680416107177734,xi,6.0,0,"{""invalid_B"": 0, ""invalid_q"": 0, ""weak_B_direction"": 0, ""weak_q_perp_for_phi"": 0, ""weak_r_perp_for_phi"": 0}",B,0.0006994949571440534,32.0,0.2979413386012485,True
0.4724547863006592,0.6731958389282227,0.5758237242698669,1576,62.96824596572466,L640_sub03356,0.6967437267303467,0.32917991280555725,0.32680416107177734,xi,6.0,0,"{""invalid_B"": 0, ""invalid_q"": 0, ""weak_B_direction"": 0, ""weak_q_perp_for_phi"": 0, ""weak_r_perp_for_phi"": 0}",B,0.002972073608386593,64.0,0.3791781123522668,True
0.4724547863006592,0.6731958389282227,0.5758237242698669,1617,125.193849689192,L640_sub03356,0.6967437267303467,0.32917991280555725,0.32680416107177734,xi,6.0,0,"{""invalid_B"": 0, ""invalid_q"": 0, ""weak_B_direction"": 0, ""weak_q_perp_for_phi"": 0, ""weak_r_perp_for_phi"": 0}",B,0.005315850863895236,128.0,0.4177618695823582,True
0.4724547863006592,0.6731958389282227,0.5758237242698669,2383,31.984371183438952,L640_sub03356,0.6967437267303467,0.32917991280555725,0.32680416107177734,lambda,6.0,0,"{""invalid_B"": 0, ""invalid_q"": 0, ""weak_B_direction"": 0, ""weak_q_perp_for_phi"": 0, ""weak_r_perp_for_phi"": 0}",B,0.007816990600335284,32.0,0.445492022667648,True
0.4724547863006592,0.6731958389282227,0.5758237242698669,2222,62.96824596572466,L640_sub03356,0.6967437267303467,0.32917991280555725,0.32680416107177734,lambda,6.0,0,"{""invalid_B"": 0, ""invalid_q"": 0, ""weak_B_direction"": 0, ""weak_q_perp_for_phi"": 0, ""weak_r_perp_for_phi"": 0}",B,0.0152948786777567,64.0,0.4982236503945871,True
0.4724547863006592,0.6731958389282227,0.5758237242698669,2003,125.193849689192,L640_sub03356,0.6967437267303467,0.32917991280555725,0.32680416107177734,lambda,6.0,0,"{""invalid_B"": 0, ""invalid_q"": 0, ""weak_B_direction"": 0, ""weak_q_perp_for_phi"": 0, ""weak_r_perp_for_phi"": 0}",B,0.023707711384977577,128.0,0.5359796143957231,True
0.4724547863006592,0.6731958389282227,0.5758237242698669,1494,31.984371183438952,L640_sub03356,0.6967437267303467,0.32917991280555725,0.32680416107177734,parallel,6.0,0,"{""invalid_B"": 0, ""invalid_q"": 0, ""weak_B_direction"": 0, ""weak_q_perp_for_phi"": 0, ""weak_r_perp_for_phi"": 0}",u,7.206314784928928e-05,32.0,0.20399469406147375,True
0.4724547863006592,0.6731958389282227,0.5758237242698669,1361,62.96824596572466,L640_sub03356,0.6967437267303467,0.32917991280555725,0.32680416107177734,parallel,6.0,0,"{""invalid_B"": 0, ""invalid_q"": 0, ""weak_B_direction"": 0, ""weak_q_perp_for_phi"": 0, ""weak_r_perp_for_phi"": 0}",u,5.450092321698574e-05,64.0,0.1947155533528121,True
0.4724547863006592,0.6731958389282227,0.5758237242698669,1328,125.193849689192,L640_sub03356,0.6967437267303467,0.32917991280555725,0.32680416107177734,parallel,6.0,0,"{""invalid_B"": 0, ""invalid_q"": 0, ""weak_B_direction"": 0, ""weak_q_perp_for_phi"": 0, ""weak_r_perp_for_phi"": 0}",u,0.001039357633945426,128.0,0.3182688745319056,True
0.4724547863006592,0.6731958389282227,0.5758237242698669,1590,31.984371183438952,L640_sub03356,0.6967437267303467,0.32917991280555725,0.32680416107177734,xi,6.0,0,"{""invalid_B"": 0, ""invalid_q"": 0, ""weak_B_direction"": 0, ""weak_q_perp_for_phi"": 0, ""weak_r_perp_for_phi"": 0}",u,0.00012675162055285233,32.0,0.22412600677897693,True
0.4724547863006592,0.6731958389282227,0.5758237242698669,1638,62.96824596572466,L640_sub03356,0.6967437267303467,0.32917991280555725,0.32680416107177734,xi,6.0,0,"{""invalid_B"": 0, ""invalid_q"": 0, ""weak_B_direction"": 0, ""weak_q_perp_for_phi"": 0, ""weak_r_perp_for_phi"": 0}",u,0.0003553381690106791,64.0,0.26613805381614347,True
0.4724547863006592,0.6731958389282227,0.5758237242698669,1826,125.193849689192,L640_sub03356,0.6967437267303467,0.32917991280555725,0.32680416107177734,xi,6.0,0,"{""invalid_B"": 0, ""invalid_q"": 0, ""weak_B_direction"": 0, ""weak_q_perp_for_phi"": 0, ""weak_r_perp_for_phi"": 0}",u,0.0006943318557064353,128.0,0.29757367956704633,True
0.4724547863006592,0.6731958389282227,0.5758237242698669,2360,31.984371183438952,L640_sub03356,0.6967437267303467,0.32917991280555725,0.32680416107177734,lambda,6.0,0,"{""invalid_B"": 0, ""invalid_q"": 0, ""weak_B_direction"": 0, ""weak_q_perp_for_phi"": 0, ""weak_r_perp_for_phi"": 0}",u,0.0008905928011458584,32.0,0.3101795750973642,True
0.4724547863006592,0.6731958389282227,0.5758237242698669,2219,62.96824596572466,L640_sub03356,0.6967437267303467,0.32917991280555725,0.32680416107177734,lambda,6.0,0,"{""invalid_B"": 0, ""invalid_q"": 0, ""weak_B_direction"": 0, ""weak_q_perp_for_phi"": 0, ""weak_r_perp_for_phi"": 0}",u,0.0021692441645683,64.0,0.35979192026787615,True
0.4724547863006592,0.6731958389282227,0.5758237242698669,1940,125.193849689192,L640_sub03356,0.6967437267303467,0.32917991280555725,0.32680416107177734,lambda,6.0,0,"{""invalid_B"": 0, ""invalid_q"": 0, ""weak_B_direction"": 0, ""weak_q_perp_for_phi"": 0, ""weak_r_perp_for_phi"": 0}",u,0.0019027350872423282,128.0,0.35201652749086065,True
0.5456980466842651,0.6742235422134399,0.6645848751068115,1739,31.984371183438952,L640_sub01582,0.6951169967651367,0.3793240189552307,0.32577648758888245,parallel,1.0,0,"{""invalid_B"": 0, ""invalid_q"": 0, ""weak_B_direction"": 0, ""weak_q_perp_for_phi"": 0, ""weak_r_perp_for_phi"": 0}",B,0.05973334145518121,32.0,0.05973334145518121,True
0.5456980466842651,0.6742235422134399,0.6645848751068115,1719,62.96824596572466,L640_sub01582,0.6951169967651367,0.3793240189552307,0.32577648758888245,parallel,1.0,0,"{""invalid_B"": 0, ""invalid_q"": 0, ""weak_B_direction"": 0, ""weak_q_perp_for_phi"": 0, ""weak_r_perp_for_phi"": 0}",B,0.09274951934661523,64.0,0.09274951934661523,True
0.5456980466842651,0.6742235422134399,0.6645848751068115,1822,125.193849689192,L640_sub01582,0.6951169967651367,0.3793240189552307,0.32577648758888245,parallel,1.0,0,"{""invalid_B"": 0, ""invalid_q"": 0, ""weak_B_direction"": 0, ""weak_q_perp_for_phi"": 0, ""weak_r_perp_for_phi"": 0}",B,0.13313600398214623,128.0,0.13313600398214623,True
0.5456980466842651,0.6742235422134399,0.6645848751068115,1457,31.984371183438952,L640_sub01582,0.6951169967651367,0.3793240189552307,0.32577648758888245,xi,1.0,0,"{""invalid_B"": 0, ""invalid_q"": 0, ""weak_B_direction"": 0, ""weak_q_perp_for_phi"": 0, ""weak_r_perp_for_phi"": 0}",B,0.10301789689707201,32.0,0.10301789689707201,True
0.5456980466842651,0.6742235422134399,0.6645848751068115,1523,62.96824596572466,L640_sub01582,0.6951169967651367,0.3793240189552307,0.32577648758888245,xi,1.0,0,"{""invalid_B"": 0, ""invalid_q"": 0, ""weak_B_direction"": 0, ""weak_q_perp_for_phi"": 0, ""weak_r_perp_for_phi"": 0}",B,0.15023658893096617,64.0,0.15023658893096617,True
0.5456980466842651,0.6742235422134399,0.6645848751068115,1536,125.193849689192,L640_sub01582,0.6951169967651367,0.3793240189552307,0.32577648758888245,xi,1.0,0,"{""invalid_B"": 0, ""invalid_q"": 0, ""weak_B_direction"": 0, ""weak_q_perp_for_phi"": 0, ""weak_r_perp_for_phi"": 0}",B,0.2157869591097166,128.0,0.2157869591097166,True
0.5456980466842651,0.6742235422134399,0.6645848751068115,2509,31.984371183438952,L640_sub01582,0.6951169967651367,0.3793240189552307,0.32577648758888245,lambda,1.0,0,"{""invalid_B"": 0, ""invalid_q"": 0, ""weak_B_direction"": 0, ""weak_q_perp_for_phi"": 0, ""weak_r_perp_for_phi"": 0}",B,0.1668166938083862,32.0,0.1668166938083862,True
0.5456980466842651,0.6742235422134399,0.6645848751068115,2343,62.96824596572466,L640_sub01582,0.6951169967651367,0.3793240189552307,0.32577648758888245,lambda,1.0,0,"{""invalid_B"": 0, ""invalid_q"": 0, ""weak_B_direction"": 0, ""weak_q_perp_for_phi"": 0, ""weak_r_perp_for_phi"": 0}",B,0.22223918956447178,64.0,0.22223918956447178,True
0.5456980466842651,0.6742235422134399,0.6645848751068115,2159,125.193849689192,L640_sub01582,0.6951169967651367,0.3793240189552307,0.32577648758888245,lambda,1.0,0,"{""invalid_B"": 0, ""invalid_q"": 0, ""weak_B_direction"": 0, ""weak_q_perp_for_phi"": 0, ""weak_r_perp_for_phi"": 0}",B,0.25952563919524113,128.0,0.25952563919524113,True
0.5456980466842651,0.6742235422134399,0.6645848751068115,1739,31.984371183438952,L640_sub01582,0.6951169967651367,0.3793240189552307,0.32577648758888245,parallel,1.0,0,"{""invalid_B"": 0, ""invalid_q"": 0, ""weak_B_direction"": 0, ""weak_q_perp_for_phi"": 0, ""weak_r_perp_for_phi"": 0}",u,0.04534408845610157,32.0,0.04534408845610157,True
0.5456980466842651,0.6742235422134399,0.6645848751068115,1719,62.96824596572466,L640_sub01582,0.6951169967651367,0.3793240189552307,0.32577648758888245,parallel,1.0,0,"{""invalid_B"": 0, ""invalid_q"": 0, ""weak_B_direction"": 0, ""weak_q_perp_for_phi"": 0, ""weak_r_perp_for_phi"": 0}",u,0.06996863000827871,64.0,0.06996863000827871,True
0.5456980466842651,0.6742235422134399,0.6645848751068115,1822,125.193849689192,L640_sub01582,0.6951169967651367,0.3793240189552307,0.32577648758888245,parallel,1.0,0,"{""invalid_B"": 0, ""invalid_q"": 0, ""weak_B_direction"": 0, ""weak_q_perp_for_phi"": 0, ""weak_r_perp_for_phi"": 0}",u,0.0951884222504842,128.0,0.0951884222504842,True
0.5456980466842651,0.6742235422134399,0.6645848751068115,1512,31.984371183438952,L640_sub01582,0.6951169967651367,0.3793240189552307,0.32577648758888245,xi,1.0,0,"{""invalid_B"": 0, ""invalid_q"": 0, ""weak_B_direction"": 0, ""weak_q_perp_for_phi"": 0, ""weak_r_perp_for_phi"": 0}",u,0.07682803814140868,32.0,0.07682803814140868,True
0.5456980466842651,0.6742235422134399,0.6645848751068115,1786,62.96824596572466,L640_sub01582,0.6951169967651367,0.3793240189552307,0.32577648758888245,xi,1.0,0,"{""invalid_B"": 0, ""invalid_q"": 0, ""weak_B_direction"": 0, ""weak_q_perp_for_phi"": 0, ""weak_r_perp_for_phi"": 0}",u,0.10395617994953467,64.0,0.10395617994953467,True
0.5456980466842651,0.6742235422134399,0.6645848751068115,1777,125.193849689192,L640_sub01582,0.6951169967651367,0.3793240189552307,0.32577648758888245,xi,1.0,0,"{""invalid_B"": 0, ""invalid_q"": 0, ""weak_B_direction"": 0, ""weak_q_perp_for_phi"": 0, ""weak_r_perp_for_phi"": 0}",u,0.13348271740248627,128.0,0.13348271740248627,True
0.5456980466842651,0.6742235422134399,0.6645848751068115,2431,31.984371183438952,L640_sub01582,0.6951169967651367,0.3793240189552307,0.32577648758888245,lambda,1.0,0,"{""invalid_B"": 0, ""invalid_q"": 0, ""weak_B_direction"": 0, ""weak_q_perp_for_phi"": 0, ""weak_r_perp_for_phi"": 0}",u,0.1029761930331084,32.0,0.1029761930331084,True
0.5456980466842651,0.6742235422134399,0.6645848751068115,2287,62.96824596572466,L640_sub01582,0.6951169967651367,0.3793240189552307,0.32577648758888245,lambda,1.0,0,"{""invalid_B"": 0, ""invalid_q"": 0, ""weak_B_direction"": 0, ""weak_q_perp_for_phi"": 0, ""weak_r_perp_for_phi"": 0}",u,0.12918572094646205,64.0,0.12918572094646205,True
0.5456980466842651,0.6742235422134399,0.6645848751068115,2261,125.193849689192,L640_sub01582,0.6951169967651367,0.3793240189552307,0.32577648758888245,lambda,1.0,0,"{""invalid_B"": 0, ""invalid_q"": 0, ""weak_B_direction"": 0, ""weak_q_perp_for_phi"": 0, ""weak_r_perp_for_phi"": 0}",u,0.16826548399763688,128.0,0.16826548399763688,True
0.5456980466842651,0.6742235422134399,0.6645848751068115,1739,31.984371183438952,L640_sub01582,0.6951169967651367,0.3793240189552307,0.32577648758888245,parallel,2.0,0,"{""invalid_B"": 0, ""invalid_q"": 0, ""weak_B_direction"": 0, ""weak_q_perp_for_phi"": 0, ""weak_r_perp_for_phi"": 0}",B,0.009119380761372402,32.0,0.09549544890397868,True
0.5456980466842651,0.6742235422134399,0.6645848751068115,1719,62.96824596572466,L640_sub01582,0.6951169967651367,0.3793240189552307,0.32577648758888245,parallel,2.0,0,"{""invalid_B"": 0, ""invalid_q"": 0, ""weak_B_direction"": 0, ""weak_q_perp_for_phi"": 0, ""weak_r_perp_for_phi"": 0}",B,0.01787756002832914,64.0,0.13370699319156473,True
0.5456980466842651,0.6742235422134399,0.6645848751068115,1822,125.193849689192,L640_sub01582,0.6951169967651367,0.3793240189552307,0.32577648758888245,parallel,2.0,0,"{""invalid_B"": 0, ""invalid_q"": 0, ""weak_B_direction"": 0, ""weak_q_perp_for_phi"": 0, ""weak_r_perp_for_phi"": 0}",B,0.03518489635619351,128.0,0.18757637472825173,True
0.5456980466842651,0.6742235422134399,0.6645848751068115,1457,31.984371183438952,L640_sub01582,0.6951169967651367,0.3793240189552307,0.32577648758888245,xi,2.0,0,"{""invalid_B"": 0, ""invalid_q"": 0, ""weak_B_direction"": 0, ""weak_q_perp_for_phi"": 0, ""weak_r_perp_for_phi"": 0}",B,0.019050327083093725,32.0,0.13802292231036745,True
0.5456980466842651,0.6742235422134399,0.6645848751068115,1523,62.96824596572466,L640_sub01582,0.6951169967651367,0.3793240189552307,0.32577648758888245,xi,2.0,0,"{""invalid_B"": 0, ""invalid_q"": 0, ""weak_B_direction"": 0, ""weak_q_perp_for_phi"": 0, ""weak_r_perp_for_phi"": 0}",B,0.039649513934136016,64.0,0.19912185699750798,True
0.5456980466842651,0.6742235422134399,0.6645848751068115,1536,125.193849689192,L640_sub01582,0.6951169967651367,0.3793240189552307,0.32577648758888245,xi,2.0,0,"{""invalid_B"": 0, ""invalid_q"": 0, ""weak_B_direction"": 0, ""weak_q_perp_for_phi"": 0, ""weak_r_perp_for_phi"": 0}",B,0.07789747553871842,128.0,0.2791011922918253,True
0.5456980466842651,0.6742235422134399,0.6645848751068115,2509,31.984371183438952,L640_sub01582,0.6951169967651367,0.3793240189552307,0.32577648758888245,lambda,2.0,0,"{""invalid_B"": 0, ""invalid_q"": 0, ""weak_B_direction"": 0, ""weak_q_perp_for_phi"": 0, ""weak_r_perp_for_phi"": 0}",B,0.049760873343070486,32.0,0.22307145344725418,True
0.5456980466842651,0.6742235422134399,0.6645848751068115,2343,62.96824596572466,L640_sub01582,0.6951169967651367,0.3793240189552307,0.32577648758888245,lambda,2.0,0,"{""invalid_B"": 0, ""invalid_q"": 0, ""weak_B_direction"": 0, ""weak_q_perp_for_phi"": 0, ""weak_r_perp_for_phi"": 0}",B,0.08242993802730658,64.0,0.28710614418243746,True
0.5456980466842651,0.6742235422134399,0.6645848751068115,2159,125.193849689192,L640_sub01582,0.6951169967651367,0.3793240189552307,0.32577648758888245,lambda,2.0,0,"{""invalid_B"": 0, ""invalid_q"": 0, ""weak_B_direction"": 0, ""weak_q_perp_for_phi"": 0, ""weak_r_perp_for_phi"": 0}",B,0.10206234212168493,128.0,0.3194719739221031,True
0.5456980466842651,0.6742235422134399,0.6645848751068115,1739,31.984371183438952,L640_sub01582,0.6951169967651367,0.3793240189552307,0.32577648758888245,parallel,2.0,0,"{""invalid_B"": 0, ""invalid_q"": 0, ""weak_B_direction"": 0, ""weak_q_perp_for_phi"": 0, ""weak_r_perp_for_phi"": 0}",u,0.004598876593059258,32.0,0.06781501745969884,True
0.5456980466842651,0.6742235422134399,0.6645848751068115,1719,62.96824596572466,L640_sub01582,0.6951169967651367,0.3793240189552307,0.32577648758888245,parallel,2.0,0,"{""invalid_B"": 0, ""invalid_q"": 0, ""weak_B_direction"": 0, ""weak_q_perp_for_phi"": 0, ""weak_r_perp_for_phi"": 0}",u,0.009173136795458023,64.0,0.095776493960982,True
0.5456980466842651,0.6742235422134399,0.6645848751068115,1822,125.193849689192,L640_sub01582,0.6951169967651367,0.3793240189552307,0.32577648758888245,parallel,2.0,0,"{""invalid_B"": 0, ""invalid_q"": 0, ""weak_B_direction"": 0, ""weak_q_perp_for_phi"": 0, ""weak_r_perp_for_phi"": 0}",u,0.015356838803703006,128.0,0.12392271302591389,True
0.5456980466842651,0.6742235422134399,0.6645848751068115,1512,31.984371183438952,L640_sub01582,0.6951169967651367,0.3793240189552307,0.32577648758888245,xi,2.0,0,"{""invalid_B"": 0, ""invalid_q"": 0, ""weak_B_direction"": 0, ""weak_q_perp_for_phi"": 0, ""weak_r_perp_for_phi"": 0}",u,0.009135899189287477,32.0,0.09558189781170637,True
0.5456980466842651,0.6742235422134399,0.6645848751068115,1786,62.96824596572466,L640_sub01582,0.6951169967651367,0.3793240189552307,0.32577648758888245,xi,2.0,0,"{""invalid_B"": 0, ""invalid_q"": 0, ""weak_B_direction"": 0, ""weak_q_perp_for_phi"": 0, ""weak_r_perp_for_phi"": 0}",u,0.01649945186161067,64.0,0.12845019214314424,True
0.5456980466842651,0.6742235422134399,0.6645848751068115,1777,125.193849689192,L640_sub01582,0.6951169967651367,0.3793240189552307,0.32577648758888245,xi,2.0,0,"{""invalid_B"": 0, ""invalid_q"": 0, ""weak_B_direction"": 0, ""weak_q_perp_for_phi"": 0, ""weak_r_perp_for_phi"": 0}",u,0.025486295497040304,128.0,0.15964427799655176,True
0.5456980466842651,0.6742235422134399,0.6645848751068115,2431,31.984371183438952,L640_sub01582,0.6951169967651367,0.3793240189552307,0.32577648758888245,lambda,2.0,0,"{""invalid_B"": 0, ""invalid_q"": 0, ""weak_B_direction"": 0, ""weak_q_perp_for_phi"": 0, ""weak_r_perp_for_phi"": 0}",u,0.016720471956907446,32.0,0.12930766395271182,True
0.5456980466842651,0.6742235422134399,0.6645848751068115,2287,62.96824596572466,L640_sub01582,0.6951169967651367,0.3793240189552307,0.32577648758888245,lambda,2.0,0,"{""invalid_B"": 0, ""invalid_q"": 0, ""weak_B_direction"": 0, ""weak_q_perp_for_phi"": 0, ""weak_r_perp_for_phi"": 0}",u,0.024496634427601954,64.0,0.15651400712908078,True
0.5456980466842651,0.6742235422134399,0.6645848751068115,2261,125.193849689192,L640_sub01582,0.6951169967651367,0.3793240189552307,0.32577648758888245,lambda,2.0,0,"{""invalid_B"": 0, ""invalid_q"": 0, ""weak_B_direction"": 0, ""weak_q_perp_for_phi"": 0, ""weak_r_perp_for_phi"": 0}",u,0.040575305257199504,128.0,0.20143312849975673,True
0.5456980466842651,0.6742235422134399,0.6645848751068115,1739,31.984371183438952,L640_sub01582,0.6951169967651367,0.3793240189552307,0.32577648758888245,parallel,3.0,0,"{""invalid_B"": 0, ""invalid_q"": 0, ""weak_B_direction"": 0, ""weak_q_perp_for_phi"": 0, ""weak_r_perp_for_phi"": 0}",B,0.0027648752841990813,32.0,0.1403541253366222,True
0.5456980466842651,0.6742235422134399,0.6645848751068115,1719,62.96824596572466,L640_sub01582,0.6951169967651367,0.3793240189552307,0.32577648758888245,parallel,3.0,0,"{""invalid_B"": 0, ""invalid_q"": 0, ""weak_B_direction"": 0, ""weak_q_perp_for_phi"": 0, ""weak_r_perp_for_phi"": 0}",B,0.005735212708738468,64.0,0.1789986861397531,True
0.5456980466842651,0.6742235422134399,0.6645848751068115,1822,125.193849689192,L640_sub01582,0.6951169967651367,0.3793240189552307,0.32577648758888245,parallel,3.0,0,"{""invalid_B"": 0, ""invalid_q"": 0, ""weak_B_direction"": 0, ""weak_q_perp_for_phi"": 0, ""weak_r_perp_for_phi"": 0}",B,0.014744132045975801,128.0,0.24521088074769307,True
0.5456980466842651,0.6742235422134399,0.6645848751068115,1457,31.984371183438952,L640_sub01582,0.6951169967651367,0.3793240189552307,0.32577648758888245,xi,3.0,0,"{""invalid_B"": 0, ""invalid_q"": 0, ""weak_B_direction"": 0, ""weak_q_perp_for_phi"": 0, ""weak_r_perp_for_phi"": 0}",B,0.006016458714494555,32.0,0.1818780601946334,True
0.5456980466842651,0.6742235422134399,0.6645848751068115,1523,62.96824596572466,L640_sub01582,0.6951169967651367,0.3793240189552307,0.32577648758888245,xi,3.0,0,"{""invalid_B"": 0, ""invalid_q"": 0, ""weak_B_direction"": 0, ""weak_q_perp_for_phi"": 0, ""weak_r_perp_for_phi"": 0}",B,0.015722396878220014,64.0,0.2505183744260925,True
0.5456980466842651,0.6742235422134399,0.6645848751068115,1536,125.193849689192,L640_sub01582,0.6951169967651367,0.3793240189552307,0.32577648758888245,xi,3.0,0,"{""invalid_B"": 0, ""invalid_q"": 0, ""weak_B_direction"": 0, ""weak_q_perp_for_phi"": 0, ""weak_r_perp_for_phi"": 0}",B,0.03878531980898481,128.0,0.3384977546809249,True
0.5456980466842651,0.6742235422134399,0.6645848751068115,2509,31.984371183438952,L640_sub01582,0.6951169967651367,0.3793240189552307,0.32577648758888245,lambda,3.0,0,"{""invalid_B"": 0, ""invalid_q"": 0, ""weak_B_direction"": 0, ""weak_q_perp_for_phi"": 0, ""weak_r_perp_for_phi"": 0}",B,0.021889331439247164,32.0,0.2797332980828702,True
0.5456980466842651,0.6742235422134399,0.6645848751068115,2343,62.96824596572466,L640_sub01582,0.6951169967651367,0.3793240189552307,0.32577648758888245,lambda,3.0,0,"{""invalid_B"": 0, ""invalid_q"": 0, ""weak_B_direction"": 0, ""weak_q_perp_for_phi"": 0, ""weak_r_perp_for_phi"": 0}",B,0.042159623099995346,64.0,0.3480424682284431,True
0.5456980466842651,0.6742235422134399,0.6645848751068115,2159,125.193849689192,L640_sub01582,0.6951169967651367,0.3793240189552307,0.32577648758888245,lambda,3.0,0,"{""invalid_B"": 0, ""invalid_q"": 0, ""weak_B_direction"": 0, ""weak_q_perp_for_phi"": 0, ""weak_r_perp_for_phi"": 0}",B,0.052437623164727575,128.0,0.374295264666927,True
0.5456980466842651,0.6742235422134399,0.6645848751068115,1739,31.984371183438952,L640_sub01582,0.6951169967651367,0.3793240189552307,0.32577648758888245,parallel,3.0,0,"{""invalid_B"": 0, ""invalid_q"": 0, ""weak_B_direction"": 0, ""weak_q_perp_for_phi"": 0, ""weak_r_perp_for_phi"": 0}",u,0.0009095586441860709,32.0,0.09688954175206842,True
0.5456980466842651,0.6742235422134399,0.6645848751068115,1719,62.96824596572466,L640_sub01582,0.6951169967651367,0.3793240189552307,0.32577648758888245,parallel,3.0,0,"{""invalid_B"": 0, ""invalid_q"": 0, ""weak_B_direction"": 0, ""weak_q_perp_for_phi"": 0, ""weak_r_perp_for_phi"": 0}",u,0.0020983134603352314,64.0,0.1280236256100459,True
0.5456980466842651,0.6742235422134399,0.6645848751068115,1822,125.193849689192,L640_sub01582,0.6951169967651367,0.3793240189552307,0.32577648758888245,parallel,3.0,0,"{""invalid_B"": 0, ""invalid_q"": 0, ""weak_B_direction"": 0, ""weak_q_perp_for_phi"": 0, ""weak_r_perp_for_phi"": 0}",u,0.00384807808240363,128.0,0.15670443645713697,True
0.5456980466842651,0.6742235422134399,0.6645848751068115,1512,31.984371183438952,L640_sub01582,0.6951169967651367,0.3793240189552307,0.32577648758888245,xi,3.0,0,"{""invalid_B"": 0, ""invalid_q"": 0, ""weak_B_direction"": 0, ""weak_q_perp_for_phi"": 0, ""weak_r_perp_for_phi"": 0}",u,0.0016141856799734293,32.0,0.11730535281714896,True
0.5456980466842651,0.6742235422134399,0.6645848751068115,1786,62.96824596572466,L640_sub01582,0.6951169967651367,0.3793240189552307,0.32577648758888245,xi,3.0,0,"{""invalid_B"": 0, ""invalid_q"": 0, ""weak_B_direction"": 0, ""weak_q_perp_for_phi"": 0, ""weak_r_perp_for_phi"": 0}",u,0.003853065136587253,64.0,0.15677210280382434,True
0.5456980466842651,0.6742235422134399,0.6645848751068115,1777,125.193849689192,L640_sub01582,0.6951169967651367,0.3793240189552307,0.32577648758888245,xi,3.0,0,"{""invalid_B"": 0, ""invalid_q"": 0, ""weak_B_direction"": 0, ""weak_q_perp_for_phi"": 0, ""weak_r_perp_for_phi"": 0}",u,0.0064194110286273295,128.0,0.18585106809161664,True
0.5456980466842651,0.6742235422134399,0.6645848751068115,2431,31.984371183438952,L640_sub01582,0.6951169967651367,0.3793240189552307,0.32577648758888245,lambda,3.0,0,"{""invalid_B"": 0, ""invalid_q"": 0, ""weak_B_direction"": 0, ""weak_q_perp_for_phi"": 0, ""weak_r_perp_for_phi"": 0}",u,0.0038798881579401893,32.0,0.15713505030769662,True
0.5456980466842651,0.6742235422134399,0.6645848751068115,2287,62.96824596572466,L640_sub01582,0.6951169967651367,0.3793240189552307,0.32577648758888245,lambda,3.0,0,"{""invalid_B"": 0, ""invalid_q"": 0, ""weak_B_direction"": 0, ""weak_q_perp_for_phi"": 0, ""weak_r_perp_for_phi"": 0}",u,0.006156036762329768,64.0,0.18327380715137137,True
0.5456980466842651,0.6742235422134399,0.6645848751068115,2261,125.193849689192,L640_sub01582,0.6951169967651367,0.3793240189552307,0.32577648758888245,lambda,3.0,0,"{""invalid_B"": 0, ""invalid_q"": 0, ""weak_B_direction"": 0, ""weak_q_perp_for_phi"": 0, ""weak_r_perp_for_phi"": 0}",u,0.01226145253245351,128.0,0.23059363055555493,True
0.5456980466842651,0.6742235422134399,0.6645848751068115,1739,31.984371183438952,L640_sub01582,0.6951169967651367,0.3793240189552307,0.32577648758888245,parallel,4.0,0,"{""invalid_B"": 0, ""invalid_q"": 0, ""weak_B_direction"": 0, ""weak_q_perp_for_phi"": 0, ""weak_r_perp_for_phi"": 0}",B,0.0011921479861101189,32.0,0.18581575844918874,True
0.5456980466842651,0.6742235422134399,0.6645848751068115,1719,62.96824596572466,L640_sub01582,0.6951169967651367,0.3793240189552307,0.32577648758888245,parallel,4.0,0,"{""invalid_B"": 0, ""invalid_q"": 0, ""weak_B_direction"": 0, ""weak_q_perp_for_phi"": 0, ""weak_r_perp_for_phi"": 0}",B,0.0024478237257982457,64.0,0.22243085691911552,True
0.5456980466842651,0.6742235422134399,0.6645848751068115,1822,125.193849689192,L640_sub01582,0.6951169967651367,0.3793240189552307,0.32577648758888245,parallel,4.0,0,"{""invalid_B"": 0, ""invalid_q"": 0, ""weak_B_direction"": 0, ""weak_q_perp_for_phi"": 0, ""weak_r_perp_for_phi"": 0}",B,0.008022710889572987,128.0,0.29928178503895464,True
0.5456980466842651,0.6742235422134399,0.6645848751068115,1457,31.984371183438952,L640_sub01582,0.6951169967651367,0.3793240189552307,0.32577648758888245,xi,4.0,0,"{""invalid_B"": 0, ""invalid_q"": 0, ""weak_B_direction"": 0, ""weak_q_perp_for_phi"": 0, ""weak_r_perp_for_phi"": 0}",B,0.002807311720434294,32.0,0.23018268927182528,True
0.5456980466842651,0.6742235422134399,0.6645848751068115,1523,62.96824596572466,L640_sub01582,0.6951169967651367,0.3793240189552307,0.32577648758888245,xi,4.0,0,"{""invalid_B"": 0, ""invalid_q"": 0, ""weak_B_direction"": 0, ""weak_q_perp_for_phi"": 0, ""weak_r_perp_for_phi"": 0}",B,0.008051009270693911,64.0,0.2995453496451487,True
0.5456980466842651,0.6742235422134399,0.6645848751068115,1536,125.193849689192,L640_sub01582,0.6951169967651367,0.3793240189552307,0.32577648758888245,xi,4.0,0,"{""invalid_B"": 0, ""invalid_q"": 0, ""weak_B_direction"": 0, ""weak_q_perp_for_phi"": 0, ""weak_r_perp_for_phi"": 0}",B,0.023480825213083478,128.0,0.39145184013584533,True
0.5456980466842651,0.6742235422134399,0.6645848751068115,2509,31.984371183438952,L640_sub01582,0.6951169967651367,0.3793240189552307,0.32577648758888245,lambda,4.0,0,"{""invalid_B"": 0, ""invalid_q"": 0, ""weak_B_direction"": 0, ""weak_q_perp_for_phi"": 0, ""weak_r_perp_for_phi"": 0}",B,0.012330421145703416,32.0,0.33323029496727086,True
0.5456980466842651,0.6742235422134399,0.6645848751068115,2343,62.96824596572466,L640_sub01582,0.6951169967651367,0.3793240189552307,0.32577648758888245,lambda,4.0,0,"{""invalid_B"": 0, ""invalid_q"": 0, ""weak_B_direction"": 0, ""weak_q_perp_for_phi"": 0, ""weak_r_perp_for_phi"": 0}",B,0.02628577222680762,64.0,0.4026523008304281,True
0.5456980466842651,0.6742235422134399,0.6645848751068115,2159,125.193849689192,L640_sub01582,0.6951169967651367,0.3793240189552307,0.32577648758888245,lambda,4.0,0,"{""invalid_B"": 0, ""invalid_q"": 0, ""weak_B_direction"": 0, ""weak_q_perp_for_phi"": 0, ""weak_r_perp_for_phi"": 0}",B,0.03210766231957153,128.0,0.4233038044294942,True
0.5456980466842651,0.6742235422134399,0.6645848751068115,1739,31.984371183438952,L640_sub01582,0.6951169967651367,0.3793240189552307,0.32577648758888245,parallel,4.0,0,"{""invalid_B"": 0, ""invalid_q"": 0, ""weak_B_direction"": 0, ""weak_q_perp_for_phi"": 0, ""weak_r_perp_for_phi"": 0}",u,0.0002792092007762811,32.0,0.12926544076614932,True
0.5456980466842651,0.6742235422134399,0.6645848751068115,1719,62.96824596572466,L640_sub01582,0.6951169967651367,0.3793240189552307,0.32577648758888245,parallel,4.0,0,"{""invalid_B"": 0, ""invalid_q"": 0, ""weak_B_direction"": 0, ""weak_q_perp_for_phi"": 0, ""weak_r_perp_for_phi"": 0}",u,0.0007210240784809741,64.0,0.1638654677630327,True
0.5456980466842651,0.6742235422134399,0.6645848751068115,1822,125.193849689192,L640_sub01582,0.6951169967651367,0.3793240189552307,0.32577648758888245,parallel,4.0,0,"{""invalid_B"": 0, ""invalid_q"": 0, ""weak_B_direction"": 0, ""weak_q_perp_for_phi"": 0, ""weak_r_perp_for_phi"": 0}",u,0.0013019952325092569,128.0,0.1899557081081624,True
0.5456980466842651,0.6742235422134399,0.6645848751068115,1512,31.984371183438952,L640_sub01582,0.6951169967651367,0.3793240189552307,0.32577648758888245,xi,4.0,0,"{""invalid_B"": 0, ""invalid_q"": 0, ""weak_B_direction"": 0, ""weak_q_perp_for_phi"": 0, ""weak_r_perp_for_phi"": 0}",u,0.00039743176119071263,32.0,0.14119380523739317,True
0.5456980466842651,0.6742235422134399,0.6645848751068115,1786,62.96824596572466,L640_sub01582,0.6951169967651367,0.3793240189552307,0.32577648758888245,xi,4.0,0,"{""invalid_B"": 0, ""invalid_q"": 0, ""weak_B_direction"": 0, ""weak_q_perp_for_phi"": 0, ""weak_r_perp_for_phi"": 0}",u,0.0012627795592372404,64.0,0.18850891155323699,True
0.5456980466842651,0.6742235422134399,0.6645848751068115,1777,125.193849689192,L640_sub01582,0.6951169967651367,0.3793240189552307,0.32577648758888245,xi,4.0,0,"{""invalid_B"": 0, ""invalid_q"": 0, ""weak_B_direction"": 0, ""weak_q_perp_for_phi"": 0, ""weak_r_perp_for_phi"": 0}",u,0.0020303343072102975,128.0,0.21227159748479563,True
0.5456980466842651,0.6742235422134399,0.6645848751068115,2431,31.984371183438952,L640_sub01582,0.6951169967651367,0.3793240189552307,0.32577648758888245,lambda,4.0,0,"{""invalid_B"": 0, ""invalid_q"": 0, ""weak_B_direction"": 0, ""weak_q_perp_for_phi"": 0, ""weak_r_perp_for_phi"": 0}",u,0.0011953731453835219,32.0,0.18594130460742578,True
0.5456980466842651,0.6742235422134399,0.6645848751068115,2287,62.96824596572466,L640_sub01582,0.6951169967651367,0.3793240189552307,0.32577648758888245,lambda,4.0,0,"{""invalid_B"": 0, ""invalid_q"": 0, ""weak_B_direction"": 0, ""weak_q_perp_for_phi"": 0, ""weak_r_perp_for_phi"": 0}",u,0.0019198678543557118,64.0,0.20932342600746623,True
0.5456980466842651,0.6742235422134399,0.6645848751068115,2261,125.193849689192,L640_sub01582,0.6951169967651367,0.3793240189552307,0.32577648758888245,lambda,4.0,0,"{""invalid_B"": 0, ""invalid_q"": 0, ""weak_B_direction"": 0, ""weak_q_perp_for_phi"": 0, ""weak_r_perp_for_phi"": 0}",u,0.0043038760468630454,128.0,0.2561326475990655,True
0.5456980466842651,0.6742235422134399,0.6645848751068115,1739,31.984371183438952,L640_sub01582,0.6951169967651367,0.3793240189552307,0.32577648758888245,parallel,5.0,0,"{""invalid_B"": 0, ""invalid_q"": 0, ""weak_B_direction"": 0, ""weak_q_perp_for_phi"": 0, ""weak_r_perp_for_phi"": 0}",B,0.0006039700871931848,32.0,0.22709265405073706,True
0.5456980466842651,0.6742235422134399,0.6645848751068115,1719,62.96824596572466,L640_sub01582,0.6951169967651367,0.3793240189552307,0.32577648758888245,parallel,5.0,0,"{""invalid_B"": 0, ""invalid_q"": 0, ""weak_B_direction"": 0, ""weak_q_perp_for_phi"": 0, ""weak_r_perp_for_phi"": 0}",B,0.0012150518032905126,64.0,0.2611673959821527,True
0.5456980466842651,0.6742235422134399,0.6645848751068115,1822,125.193849689192,L640_sub01582,0.6951169967651367,0.3793240189552307,0.32577648758888245,parallel,5.0,0,"{""invalid_B"": 0, ""invalid_q"": 0, ""weak_B_direction"": 0, ""weak_q_perp_for_phi"": 0, ""weak_r_perp_for_phi"": 0}",B,0.005057867980962183,128.0,0.3473709511933655,True
0.5456980466842651,0.6742235422134399,0.6645848751068115,1457,31.984371183438952,L640_sub01582,0.6951169967651367,0.3793240189552307,0.32577648758888245,xi,5.0,0,"{""invalid_B"": 0, ""invalid_q"": 0, ""weak_B_direction"": 0, ""weak_q_perp_for_phi"": 0, ""weak_r_perp_for_phi"": 0}",B,0.0016452093777035348,32.0,0.27748801821896935,True
0.5456980466842651,0.6742235422134399,0.6645848751068115,1523,62.96824596572466,L640_sub01582,0.6951169967651367,0.3793240189552307,0.32577648758888245,xi,5.0,0,"{""invalid_B"": 0, ""invalid_q"": 0, ""weak_B_direction"": 0, ""weak_q_perp_for_phi"": 0, ""weak_r_perp_for_phi"": 0}",B,0.004800436780891386,64.0,0.34376064134591955,True
0.5456980466842651,0.6742235422134399,0.6645848751068115,1536,125.193849689192,L640_sub01582,0.6951169967651367,0.3793240189552307,0.32577648758888245,xi,5.0,0,"{""invalid_B"": 0, ""invalid_q"": 0, ""weak_B_direction"": 0, ""weak_q_perp_for_phi"": 0, ""weak_r_perp_for_phi"": 0}",B,0.01619556210284906,128.0,0.43840874162530147,True
0.5456980466842651,0.6742235422134399,0.6645848751068115,2509,31.984371183438952,L640_sub01582,0.6951169967651367,0.3793240189552307,0.32577648758888245,lambda,5.0,0,"{""invalid_B"": 0, ""invalid_q"": 0, ""weak_B_direction"": 0, ""weak_q_perp_for_phi"": 0, ""weak_r_perp_for_phi"": 0}",B,0.00810505156573598,32.0,0.3817254857805685,True
0.5456980466842651,0.6742235422134399,0.6645848751068115,2343,62.96824596572466,L640_sub01582,0.6951169967651367,0.3793240189552307,0.32577648758888245,lambda,5.0,0,"{""invalid_B"": 0, ""invalid_q"": 0, ""weak_B_direction"": 0, ""weak_q_perp_for_phi"": 0, ""weak_r_perp_for_phi"": 0}",B,0.018580189401819755,64.0,0.4506195477337295,True
0.5456980466842651,0.6742235422134399,0.6645848751068115,2159,125.193849689192,L640_sub01582,0.6951169967651367,0.3793240189552307,0.32577648758888245,lambda,5.0,0,"{""invalid_B"": 0, ""invalid_q"": 0, ""weak_B_direction"": 0, ""weak_q_perp_for_phi"": 0, ""weak_r_perp_for_phi"": 0}",B,0.02211482217273491,128.0,0.4665913575519948,True
0.5456980466842651,0.6742235422134399,0.6645848751068115,1739,31.984371183438952,L640_sub01582,0.6951169967651367,0.3793240189552307,0.32577648758888245,parallel,5.0,0,"{""invalid_B"": 0, ""invalid_q"": 0, ""weak_B_direction"": 0, ""weak_q_perp_for_phi"": 0, ""weak_r_perp_for_phi"": 0}",u,0.00011252497726944433,32.0,0.16227431583456872,True
0.5456980466842651,0.6742235422134399,0.6645848751068115,1719,62.96824596572466,L640_sub01582,0.6951169967651367,0.3793240189552307,0.32577648758888245,parallel,5.0,0,"{""invalid_B"": 0, ""invalid_q"": 0, ""weak_B_direction"": 0, ""weak_q_perp_for_phi"": 0, ""weak_r_perp_for_phi"": 0}",u,0.0003178888821919257,64.0,0.19973541112681736,True
0.5456980466842651,0.6742235422134399,0.6645848751068115,1822,125.193849689192,L640_sub01582,0.6951169967651367,0.3793240189552307,0.32577648758888245,parallel,5.0,0,"{""invalid_B"": 0, ""invalid_q"": 0, ""weak_B_direction"": 0, ""weak_q_perp_for_phi"": 0, ""weak_r_perp_for_phi"": 0}",u,0.000526413149695423,128.0,0.22093541951274256,True
0.5456980466842651,0.6742235422134399,0.6645848751068115,1512,31.984371183438952,L640_sub01582,0.6951169967651367,0.3793240189552307,0.32577648758888245,xi,5.0,0,"{""invalid_B"": 0, ""invalid_q"": 0, ""weak_B_direction"": 0, ""weak_q_perp_for_phi"": 0, ""weak_r_perp_for_phi"": 0}",u,0.00012407896133121395,32.0,0.16547775864990755,True
0.5456980466842651,0.6742235422134399,0.6645848751068115,1786,62.96824596572466,L640_sub01582,0.6951169967651367,0.3793240189552307,0.32577648758888245,xi,5.0,0,"{""invalid_B"": 0, ""invalid_q"": 0, ""weak_B_direction"": 0, ""weak_q_perp_for_phi"": 0, ""weak_r_perp_for_phi"": 0}",u,0.0005333524801760714,64.0,0.22151485910671367,True
0.5456980466842651,0.6742235422134399,0.6645848751068115,1777,125.193849689192,L640_sub01582,0.6951169967651367,0.3793240189552307,0.32577648758888245,xi,5.0,0,"{""invalid_B"": 0, ""invalid_q"": 0, ""weak_B_direction"": 0, ""weak_q_perp_for_phi"": 0, ""weak_r_perp_for_phi"": 0}",u,0.0007708698947382347,128.0,0.2384493907052628,True
0.5456980466842651,0.6742235422134399,0.6645848751068115,2431,31.984371183438952,L640_sub01582,0.6951169967651367,0.3793240189552307,0.32577648758888245,lambda,5.0,0,"{""invalid_B"": 0, ""invalid_q"": 0, ""weak_B_direction"": 0, ""weak_q_perp_for_phi"": 0, ""weak_r_perp_for_phi"": 0}",u,0.0004563551802534034,32.0,0.21471411582590968,True
0.5456980466842651,0.6742235422134399,0.6645848751068115,2287,62.96824596572466,L640_sub01582,0.6951169967651367,0.3793240189552307,0.32577648758888245,lambda,5.0,0,"{""invalid_B"": 0, ""invalid_q"": 0, ""weak_B_direction"": 0, ""weak_q_perp_for_phi"": 0, ""weak_r_perp_for_phi"": 0}",u,0.0007117586110636505,64.0,0.23467484841664502,True
0.5456980466842651,0.6742235422134399,0.6645848751068115,2261,125.193849689192,L640_sub01582,0.6951169967651367,0.3793240189552307,0.32577648758888245,lambda,5.0,0,"{""invalid_B"": 0, ""invalid_q"": 0, ""weak_B_direction"": 0, ""weak_q_perp_for_phi"": 0, ""weak_r_perp_for_phi"": 0}",u,0.0016815142538596796,128.0,0.2787020162637222,True
0.5456980466842651,0.6742235422134399,0.6645848751068115,1739,31.984371183438952,L640_sub01582,0.6951169967651367,0.3793240189552307,0.32577648758888245,parallel,6.0,0,"{""invalid_B"": 0, ""invalid_q"": 0, ""weak_B_direction"": 0, ""weak_q_perp_for_phi"": 0, ""weak_r_perp_for_phi"": 0}",B,0.0003320024180402412,32.0,0.263142022170521,True
0.5456980466842651,0.6742235422134399,0.6645848751068115,1719,62.96824596572466,L640_sub01582,0.6951169967651367,0.3793240189552307,0.32577648758888245,parallel,6.0,0,"{""invalid_B"": 0, ""invalid_q"": 0, ""weak_B_direction"": 0, ""weak_q_perp_for_phi"": 0, ""weak_r_perp_for_phi"": 0}",B,0.0006575850566400025,64.0,0.2948890564835877,True
0.5456980466842651,0.6742235422134399,0.6645848751068115,1822,125.193849689192,L640_sub01582,0.6951169967651367,0.3793240189552307,0.32577648758888245,parallel,6.0,0,"{""invalid_B"": 0, ""invalid_q"": 0, ""weak_B_direction"": 0, ""weak_q_perp_for_phi"": 0, ""weak_r_perp_for_phi"": 0}",B,0.0034902495058740926,128.0,0.389471854991241,True
0.5456980466842651,0.6742235422134399,0.6645848751068115,1457,31.984371183438952,L640_sub01582,0.6951169967651367,0.3793240189552307,0.32577648758888245,xi,6.0,0,"{""invalid_B"": 0, ""invalid_q"": 0, ""weak_B_direction"": 0, ""weak_q_perp_for_phi"": 0, ""weak_r_perp_for_phi"": 0}",B,0.0010911562264814163,32.0,0.3208591947305139,True
0.5456980466842651,0.6742235422134399,0.6645848751068115,1523,62.96824596572466,L640_sub01582,0.6951169967651367,0.3793240189552307,0.32577648758888245,xi,6.0,0,"{""invalid_B"": 0, ""invalid_q"": 0, ""weak_B_direction"": 0, ""weak_q_perp_for_phi"": 0, ""weak_r_perp_for_phi"": 0}",B,0.0031485281082606607,64.0,0.382840547931197,True
0.5456980466842651,0.6742235422134399,0.6645848751068115,1536,125.193849689192,L640_sub01582,0.6951169967651367,0.3793240189552307,0.32577648758888245,xi,6.0,0,"{""invalid_B"": 0, ""invalid_q"": 0, ""weak_B_direction"": 0, ""weak_q_perp_for_phi"": 0, ""weak_r_perp_for_phi"": 0}",B,0.012300347149033655,128.0,0.4804551962589867,True
0.5456980466842651,0.6742235422134399,0.6645848751068115,2509,31.984371183438952,L640_sub01582,0.6951169967651367,0.3793240189552307,0.32577648758888245,lambda,6.0,0,"{""invalid_B"": 0, ""invalid_q"": 0, ""weak_B_direction"": 0, ""weak_q_perp_for_phi"": 0, ""weak_r_perp_for_phi"": 0}",B,0.005873386864578863,32.0,0.42476439060980553,True
0.5456980466842651,0.6742235422134399,0.6645848751068115,2343,62.96824596572466,L640_sub01582,0.6951169967651367,0.3793240189552307,0.32577648758888245,lambda,6.0,0,"{""invalid_B"": 0, ""invalid_q"": 0, ""weak_B_direction"": 0, ""weak_q_perp_for_phi"": 0, ""weak_r_perp_for_phi"": 0}",B,0.0142805615721436,64.0,0.49255819339269097,True
0.5456980466842651,0.6742235422134399,0.6645848751068115,2159,125.193849689192,L640_sub01582,0.6951169967651367,0.3793240189552307,0.32577648758888245,lambda,6.0,0,"{""invalid_B"": 0, ""invalid_q"": 0, ""weak_B_direction"": 0, ""weak_q_perp_for_phi"": 0, ""weak_r_perp_for_phi"": 0}",B,0.01653446607665869,128.0,0.5047368688614849,True
0.5456980466842651,0.6742235422134399,0.6645848751068115,1739,31.984371183438952,L640_sub01582,0.6951169967651367,0.3793240189552307,0.32577648758888245,parallel,6.0,0,"{""invalid_B"": 0, ""invalid_q"": 0, ""weak_B_direction"": 0, ""weak_q_perp_for_phi"": 0, ""weak_r_perp_for_phi"": 0}",u,5.351478618903791e-05,32.0,0.19412388120252766,True
0.5456980466842651,0.6742235422134399,0.6645848751068115,1719,62.96824596572466,L640_sub01582,0.6951169967651367,0.3793240189552307,0.32577648758888245,parallel,6.0,0,"{""invalid_B"": 0, ""invalid_q"": 0, ""weak_B_direction"": 0, ""weak_q_perp_for_phi"": 0, ""weak_r_perp_for_phi"": 0}",u,0.0001618903377912201,64.0,0.23345516576972544,True
0.5456980466842651,0.6742235422134399,0.6645848751068115,1822,125.193849689192,L640_sub01582,0.6951169967651367,0.3793240189552307,0.32577648758888245,parallel,6.0,0,"{""invalid_B"": 0, ""invalid_q"": 0, ""weak_B_direction"": 0, ""weak_q_perp_for_phi"": 0, ""weak_r_perp_for_phi"": 0}",u,0.00023639446634347435,128.0,0.24866016511092653,True
0.5456980466842651,0.6742235422134399,0.6645848751068115,1512,31.984371183438952,L640_sub01582,0.6951169967651367,0.3793240189552307,0.32577648758888245,xi,6.0,0,"{""invalid_B"": 0, ""invalid_q"": 0, ""weak_B_direction"": 0, ""weak_q_perp_for_phi"": 0, ""weak_r_perp_for_phi"": 0}",u,4.518994338255029e-05,32.0,0.1887297217170349,True
0.5456980466842651,0.6742235422134399,0.6645848751068115,1786,62.96824596572466,L640_sub01582,0.6951169967651367,0.3793240189552307,0.32577648758888245,xi,6.0,0,"{""invalid_B"": 0, ""invalid_q"": 0, ""weak_B_direction"": 0, ""weak_q_perp_for_phi"": 0, ""weak_r_perp_for_phi"": 0}",u,0.0002663970004786447,64.0,0.2536616939991852,True
0.5456980466842651,0.6742235422134399,0.6645848751068115,1777,125.193849689192,L640_sub01582,0.6951169967651367,0.3793240189552307,0.32577648758888245,xi,6.0,0,"{""invalid_B"": 0, ""invalid_q"": 0, ""weak_B_direction"": 0, ""weak_q_perp_for_phi"": 0, ""weak_r_perp_for_phi"": 0}",u,0.00033648433253632504,128.0,0.26373077311120385,True
0.5456980466842651,0.6742235422134399,0.6645848751068115,2431,31.984371183438952,L640_sub01582,0.6951169967651367,0.3793240189552307,0.32577648758888245,lambda,6.0,0,"{""invalid_B"": 0, ""invalid_q"": 0, ""weak_B_direction"": 0, ""weak_q_perp_for_phi"": 0, ""weak_r_perp_for_phi"": 0}",u,0.0002026606338258578,32.0,0.24236034726238975,True
0.5456980466842651,0.6742235422134399,0.6645848751068115,2287,62.96824596572466,L640_sub01582,0.6951169967651367,0.3793240189552307,0.32577648758888245,lambda,6.0,0,"{""invalid_B"": 0, ""invalid_q"": 0, ""weak_B_direction"": 0, ""weak_q_perp_for_phi"": 0, ""weak_r_perp_for_phi"": 0}",u,0.00030466456801497014,64.0,0.2594002109373917,True
0.5456980466842651,0.6742235422134399,0.6645848751068115,2261,125.193849689192,L640_sub01582,0.6951169967651367,0.3793240189552307,0.32577648758888245,lambda,6.0,0,"{""invalid_B"": 0, ""invalid_q"": 0, ""weak_B_direction"": 0, ""weak_q_perp_for_phi"": 0, ""weak_r_perp_for_phi"": 0}",u,0.0007134650083018895,128.0,0.29892491403341975,True
0.24924826622009277,0.2537950873374939,0.49475541710853577,1647,31.984371183438952,L640_sub00579,1.714697241783142,0.4273853302001953,0.7462049126625061,parallel,1.0,0,"{""invalid_B"": 0, ""invalid_q"": 0, ""weak_B_direction"": 0, ""weak_q_perp_for_phi"": 0, ""weak_r_perp_for_phi"": 0}",B,0.07669840203110014,32.0,0.07669840203110014,True
0.24924826622009277,0.2537950873374939,0.49475541710853577,1623,62.96824596572466,L640_sub00579,1.714697241783142,0.4273853302001953,0.7462049126625061,parallel,1.0,0,"{""invalid_B"": 0, ""invalid_q"": 0, ""weak_B_direction"": 0, ""weak_q_perp_for_phi"": 0, ""weak_r_perp_for_phi"": 0}",B,0.1220242331672206,64.0,0.1220242331672206,True
0.24924826622009277,0.2537950873374939,0.49475541710853577,1611,125.193849689192,L640_sub00579,1.714697241783142,0.4273853302001953,0.7462049126625061,parallel,1.0,0,"{""invalid_B"": 0, ""invalid_q"": 0, ""weak_B_direction"": 0, ""weak_q_perp_for_phi"": 0, ""weak_r_perp_for_phi"": 0}",B,0.20198513549056604,128.0,0.20198513549056604,True
0.24924826622009277,0.2537950873374939,0.49475541710853577,1454,31.984371183438952,L640_sub00579,1.714697241783142,0.4273853302001953,0.7462049126625061,xi,1.0,0,"{""invalid_B"": 0, ""invalid_q"": 0, ""weak_B_direction"": 0, ""weak_q_perp_for_phi"": 0, ""weak_r_perp_for_phi"": 0}",B,0.1000416150742832,32.0,0.1000416150742832,True
0.24924826622009277,0.2537950873374939,0.49475541710853577,1423,62.96824596572466,L640_sub00579,1.714697241783142,0.4273853302001953,0.7462049126625061,xi,1.0,0,"{""invalid_B"": 0, ""invalid_q"": 0, ""weak_B_direction"": 0, ""weak_q_perp_for_phi"": 0, ""weak_r_perp_for_phi"": 0}",B,0.14060530689710943,64.0,0.14060530689710943,True
0.24924826622009277,0.2537950873374939,0.49475541710853577,1389,125.193849689192,L640_sub00579,1.714697241783142,0.4273853302001953,0.7462049126625061,xi,1.0,0,"{""invalid_B"": 0, ""invalid_q"": 0, ""weak_B_direction"": 0, ""weak_q_perp_for_phi"": 0, ""weak_r_perp_for_phi"": 0}",B,0.1918898416048565,128.0,0.1918898416048565,True
0.24924826622009277,0.2537950873374939,0.49475541710853577,2764,31.984371183438952,L640_sub00579,1.714697241783142,0.4273853302001953,0.7462049126625061,lambda,1.0,0,"{""invalid_B"": 0, ""invalid_q"": 0, ""weak_B_direction"": 0, ""weak_q_perp_for_phi"": 0, ""weak_r_perp_for_phi"": 0}",B,0.17502208486765244,32.0,0.17502208486765244,True
0.24924826622009277,0.2537950873374939,0.49475541710853577,2527,62.96824596572466,L640_sub00579,1.714697241783142,0.4273853302001953,0.7462049126625061,lambda,1.0,0,"{""invalid_B"": 0, ""invalid_q"": 0, ""weak_B_direction"": 0, ""weak_q_perp_for_phi"": 0, ""weak_r_perp_for_phi"": 0}",B,0.2421586623384076,64.0,0.2421586623384076,True
0.24924826622009277,0.2537950873374939,0.49475541710853577,2651,125.193849689192,L640_sub00579,1.714697241783142,0.4273853302001953,0.7462049126625061,lambda,1.0,0,"{""invalid_B"": 0, ""invalid_q"": 0, ""weak_B_direction"": 0, ""weak_q_perp_for_phi"": 0, ""weak_r_perp_for_phi"": 0}",B,0.3424117357363465,128.0,0.3424117357363465,True
0.24924826622009277,0.2537950873374939,0.49475541710853577,1647,31.984371183438952,L640_sub00579,1.714697241783142,0.4273853302001953,0.7462049126625061,parallel,1.0,0,"{""invalid_B"": 0, ""invalid_q"": 0, ""weak_B_direction"": 0, ""weak_q_perp_for_phi"": 0, ""weak_r_perp_for_phi"": 0}",u,0.05395696107851896,32.0,0.05395696107851896,True
0.24924826622009277,0.2537950873374939,0.49475541710853577,1623,62.96824596572466,L640_sub00579,1.714697241783142,0.4273853302001953,0.7462049126625061,parallel,1.0,0,"{""invalid_B"": 0, ""invalid_q"": 0, ""weak_B_direction"": 0, ""weak_q_perp_for_phi"": 0, ""weak_r_perp_for_phi"": 0}",u,0.08458474333482693,64.0,0.08458474333482693,True
0.24924826622009277,0.2537950873374939,0.49475541710853577,1611,125.193849689192,L640_sub00579,1.714697241783142,0.4273853302001953,0.7462049126625061,parallel,1.0,0,"{""invalid_B"": 0, ""invalid_q"": 0, ""weak_B_direction"": 0, ""weak_q_perp_for_phi"": 0, ""weak_r_perp_for_phi"": 0}",u,0.13795930353474703,128.0,0.13795930353474703,True
0.24924826622009277,0.2537950873374939,0.49475541710853577,1569,31.984371183438952,L640_sub00579,1.714697241783142,0.4273853302001953,0.7462049126625061,xi,1.0,0,"{""invalid_B"": 0, ""invalid_q"": 0, ""weak_B_direction"": 0, ""weak_q_perp_for_phi"": 0, ""weak_r_perp_for_phi"": 0}",u,0.07327688076080426,32.0,0.07327688076080426,True
0.24924826622009277,0.2537950873374939,0.49475541710853577,1516,62.96824596572466,L640_sub00579,1.714697241783142,0.4273853302001953,0.7462049126625061,xi,1.0,0,"{""invalid_B"": 0, ""invalid_q"": 0, ""weak_B_direction"": 0, ""weak_q_perp_for_phi"": 0, ""weak_r_perp_for_phi"": 0}",u,0.09689777077710097,64.0,0.09689777077710097,True
0.24924826622009277,0.2537950873374939,0.49475541710853577,1402,125.193849689192,L640_sub00579,1.714697241783142,0.4273853302001953,0.7462049126625061,xi,1.0,0,"{""invalid_B"": 0, ""invalid_q"": 0, ""weak_B_direction"": 0, ""weak_q_perp_for_phi"": 0, ""weak_r_perp_for_phi"": 0}",u,0.1253122076126668,128.0,0.1253122076126668,True
0.24924826622009277,0.2537950873374939,0.49475541710853577,2603,31.984371183438952,L640_sub00579,1.714697241783142,0.4273853302001953,0.7462049126625061,lambda,1.0,0,"{""invalid_B"": 0, ""invalid_q"": 0, ""weak_B_direction"": 0, ""weak_q_perp_for_phi"": 0, ""weak_r_perp_for_phi"": 0}",u,0.11192241841361784,32.0,0.11192241841361784,True
0.24924826622009277,0.2537950873374939,0.49475541710853577,2553,62.96824596572466,L640_sub00579,1.714697241783142,0.4273853302001953,0.7462049126625061,lambda,1.0,0,"{""invalid_B"": 0, ""invalid_q"": 0, ""weak_B_direction"": 0, ""weak_q_perp_for_phi"": 0, ""weak_r_perp_for_phi"": 0}",u,0.1463903386050748,64.0,0.1463903386050748,True
0.24924826622009277,0.2537950873374939,0.49475541710853577,2692,125.193849689192,L640_sub00579,1.714697241783142,0.4273853302001953,0.7462049126625061,lambda,1.0,0,"{""invalid_B"": 0, ""invalid_q"": 0, ""weak_B_direction"": 0, ""weak_q_perp_for_phi"": 0, ""weak_r_perp_for_phi"": 0}",u,0.19795095002713411,128.0,0.19795095002713411,True
0.24924826622009277,0.2537950873374939,0.49475541710853577,1647,31.984371183438952,L640_sub00579,1.714697241783142,0.4273853302001953,0.7462049126625061,parallel,2.0,0,"{""invalid_B"": 0, ""invalid_q"": 0, ""weak_B_direction"": 0, ""weak_q_perp_for_phi"": 0, ""weak_r_perp_for_phi"": 0}",B,0.01313454848240493,32.0,0.11460605779104754,True
0.24924826622009277,0.2537950873374939,0.49475541710853577,1623,62.96824596572466,L640_sub00579,1.714697241783142,0.4273853302001953,0.7462049126625061,parallel,2.0,0,"{""invalid_B"": 0, ""invalid_q"": 0, ""weak_B_direction"": 0, ""weak_q_perp_for_phi"": 0, ""weak_r_perp_for_phi"": 0}",B,0.027399369872200353,64.0,0.1655275501908983,True
0.24924826622009277,0.2537950873374939,0.49475541710853577,1611,125.193849689192,L640_sub00579,1.714697241783142,0.4273853302001953,0.7462049126625061,parallel,2.0,0,"{""invalid_B"": 0, ""invalid_q"": 0, ""weak_B_direction"": 0, ""weak_q_perp_for_phi"": 0, ""weak_r_perp_for_phi"": 0}",B,0.07569633587774895,128.0,0.27512967102395364,True
0.24924826622009277,0.2537950873374939,0.49475541710853577,1454,31.984371183438952,L640_sub00579,1.714697241783142,0.4273853302001953,0.7462049126625061,xi,2.0,0,"{""invalid_B"": 0, ""invalid_q"": 0, ""weak_B_direction"": 0, ""weak_q_perp_for_phi"": 0, ""weak_r_perp_for_phi"": 0}",B,0.016445899816200312,32.0,0.12824156820703775,True
0.24924826622009277,0.2537950873374939,0.49475541710853577,1423,62.96824596572466,L640_sub00579,1.714697241783142,0.4273853302001953,0.7462049126625061,xi,2.0,0,"{""invalid_B"": 0, ""invalid_q"": 0, ""weak_B_direction"": 0, ""weak_q_perp_for_phi"": 0, ""weak_r_perp_for_phi"": 0}",B,0.03217828262116167,64.0,0.17938306113220856,True
0.24924826622009277,0.2537950873374939,0.49475541710853577,1389,125.193849689192,L640_sub00579,1.714697241783142,0.4273853302001953,0.7462049126625061,xi,2.0,0,"{""invalid_B"": 0, ""invalid_q"": 0, ""weak_B_direction"": 0, ""weak_q_perp_for_phi"": 0, ""weak_r_perp_for_phi"": 0}",B,0.06410963797690374,128.0,0.25319881116803006,True
0.24924826622009277,0.2537950873374939,0.49475541710853577,2764,31.984371183438952,L640_sub00579,1.714697241783142,0.4273853302001953,0.7462049126625061,lambda,2.0,0,"{""invalid_B"": 0, ""invalid_q"": 0, ""weak_B_direction"": 0, ""weak_q_perp_for_phi"": 0, ""weak_r_perp_for_phi"": 0}",B,0.05653535723345133,32.0,0.2377716493475438,True
0.24924826622009277,0.2537950873374939,0.49475541710853577,2527,62.96824596572466,L640_sub00579,1.714697241783142,0.4273853302001953,0.7462049126625061,lambda,2.0,0,"{""invalid_B"": 0, ""invalid_q"": 0, ""weak_B_direction"": 0, ""weak_q_perp_for_phi"": 0, ""weak_r_perp_for_phi"": 0}",B,0.10155640710216096,64.0,0.31867916013156705,True
0.24924826622009277,0.2537950873374939,0.49475541710853577,2651,125.193849689192,L640_sub00579,1.714697241783142,0.4273853302001953,0.7462049126625061,lambda,2.0,0,"{""invalid_B"": 0, ""invalid_q"": 0, ""weak_B_direction"": 0, ""weak_q_perp_for_phi"": 0, ""weak_r_perp_for_phi"": 0}",B,0.19849678771002707,128.0,0.44552978319078407,True
0.24924826622009277,0.2537950873374939,0.49475541710853577,1647,31.984371183438952,L640_sub00579,1.714697241783142,0.4273853302001953,0.7462049126625061,parallel,2.0,0,"{""invalid_B"": 0, ""invalid_q"": 0, ""weak_B_direction"": 0, ""weak_q_perp_for_phi"": 0, ""weak_r_perp_for_phi"": 0}",u,0.006182446816937258,32.0,0.07862853691209863,True
0.24924826622009277,0.2537950873374939,0.49475541710853577,1623,62.96824596572466,L640_sub00579,1.714697241783142,0.4273853302001953,0.7462049126625061,parallel,2.0,0,"{""invalid_B"": 0, ""invalid_q"": 0, ""weak_B_direction"": 0, ""weak_q_perp_for_phi"": 0, ""weak_r_perp_for_phi"": 0}",u,0.012579543538051942,64.0,0.11215856426529336,True
0.24924826622009277,0.2537950873374939,0.49475541710853577,1611,125.193849689192,L640_sub00579,1.714697241783142,0.4273853302001953,0.7462049126625061,parallel,2.0,0,"{""invalid_B"": 0, ""invalid_q"": 0, ""weak_B_direction"": 0, ""weak_q_perp_for_phi"": 0, ""weak_r_perp_for_phi"": 0}",u,0.030905736882299136,128.0,0.17580027554670993,True
0.24924826622009277,0.2537950873374939,0.49475541710853577,1569,31.984371183438952,L640_sub00579,1.714697241783142,0.4273853302001953,0.7462049126625061,xi,2.0,0,"{""invalid_B"": 0, ""invalid_q"": 0, ""weak_B_direction"": 0, ""weak_q_perp_for_phi"": 0, ""weak_r_perp_for_phi"": 0}",u,0.008752311757154789,32.0,0.09355379071504687,True
0.24924826622009277,0.2537950873374939,0.49475541710853577,1516,62.96824596572466,L640_sub00579,1.714697241783142,0.4273853302001953,0.7462049126625061,xi,2.0,0,"{""invalid_B"": 0, ""invalid_q"": 0, ""weak_B_direction"": 0, ""weak_q_perp_for_phi"": 0, ""weak_r_perp_for_phi"": 0}",u,0.014376012861337982,64.0,0.11990001193218448,True
0.24924826622009277,0.2537950873374939,0.49475541710853577,1402,125.193849689192,L640_sub00579,1.714697241783142,0.4273853302001953,0.7462049126625061,xi,2.0,0,"{""invalid_B"": 0, ""invalid_q"": 0, ""weak_B_direction"": 0, ""weak_q_perp_for_phi"": 0, ""weak_r_perp_for_phi"": 0}",u,0.02265830692325578,128.0,0.15052676480697968,True
0.24924826622009277,0.2537950873374939,0.49475541710853577,2603,31.984371183438952,L640_sub00579,1.714697241783142,0.4273853302001953,0.7462049126625061,lambda,2.0,0,"{""invalid_B"": 0, ""invalid_q"": 0, ""weak_B_direction"": 0, ""weak_q_perp_for_phi"": 0, ""weak_r_perp_for_phi"": 0}",u,0.023624095416365332,32.0,0.1537013188504423,True
0.24924826622009277,0.2537950873374939,0.49475541710853577,2553,62.96824596572466,L640_sub00579,1.714697241783142,0.4273853302001953,0.7462049126625061,lambda,2.0,0,"{""invalid_B"": 0, ""invalid_q"": 0, ""weak_B_direction"": 0, ""weak_q_perp_for_phi"": 0, ""weak_r_perp_for_phi"": 0}",u,0.03812332545208637,64.0,0.1952519537727763,True
0.24924826622009277,0.2537950873374939,0.49475541710853577,2692,125.193849689192,L640_sub00579,1.714697241783142,0.4273853302001953,0.7462049126625061,lambda,2.0,0,"{""invalid_B"": 0, ""invalid_q"": 0, ""weak_B_direction"": 0, ""weak_q_perp_for_phi"": 0, ""weak_r_perp_for_phi"": 0}",u,0.0659864788750115,128.0,0.2568783347715636,True
0.24924826622009277,0.2537950873374939,0.49475541710853577,1647,31.984371183438952,L640_sub00579,1.714697241783142,0.4273853302001953,0.7462049126625061,parallel,3.0,0,"{""invalid_B"": 0, ""invalid_q"": 0, ""weak_B_direction"": 0, ""weak_q_perp_for_phi"": 0, ""weak_r_perp_for_phi"": 0}",B,0.005712849609346497,32.0,0.17876572880618752,True
0.24924826622009277,0.2537950873374939,0.49475541710853577,1623,62.96824596572466,L640_sub00579,1.714697241783142,0.4273853302001953,0.7462049126625061,parallel,3.0,0,"{""invalid_B"": 0, ""invalid_q"": 0, ""weak_B_direction"": 0, ""weak_q_perp_for_phi"": 0, ""weak_r_perp_for_phi"": 0}",B,0.011693484192594352,64.0,0.22697671746947068,True
0.24924826622009277,0.2537950873374939,0.49475541710853577,1611,125.193849689192,L640_sub00579,1.714697241783142,0.4273853302001953,0.7462049126625061,parallel,3.0,0,"{""invalid_B"": 0, ""invalid_q"": 0, ""weak_B_direction"": 0, ""weak_q_perp_for_phi"": 0, ""weak_r_perp_for_phi"": 0}",B,0.04689005115096164,128.0,0.3606009795867315,True
0.24924826622009277,0.2537950873374939,0.49475541710853577,1454,31.984371183438952,L640_sub00579,1.714697241783142,0.4273853302001953,0.7462049126625061,xi,3.0,0,"{""invalid_B"": 0, ""invalid_q"": 0, ""weak_B_direction"": 0, ""weak_q_perp_for_phi"": 0, ""weak_r_perp_for_phi"": 0}",B,0.0044125409270114315,32.0,0.16401978899383277,True
0.24924826622009277,0.2537950873374939,0.49475541710853577,1423,62.96824596572466,L640_sub00579,1.714697241783142,0.4273853302001953,0.7462049126625061,xi,3.0,0,"{""invalid_B"": 0, ""invalid_q"": 0, ""weak_B_direction"": 0, ""weak_q_perp_for_phi"": 0, ""weak_r_perp_for_phi"": 0}",B,0.011606380324999041,64.0,0.22641173491018635,True
0.24924826622009277,0.2537950873374939,0.49475541710853577,1389,125.193849689192,L640_sub00579,1.714697241783142,0.4273853302001953,0.7462049126625061,xi,3.0,0,"{""invalid_B"": 0, ""invalid_q"": 0, ""weak_B_direction"": 0, ""weak_q_perp_for_phi"": 0, ""weak_r_perp_for_phi"": 0}",B,0.0351160456230543,128.0,0.32746774928013,True
0.24924826622009277,0.2537950873374939,0.49475541710853577,2764,31.984371183438952,L640_sub00579,1.714697241783142,0.4273853302001953,0.7462049126625061,lambda,3.0,0,"{""invalid_B"": 0, ""invalid_q"": 0, ""weak_B_direction"": 0, ""weak_q_perp_for_phi"": 0, ""weak_r_perp_for_phi"": 0}",B,0.030153074891120197,32.0,0.31125084235142925,True
0.24924826622009277,0.2537950873374939,0.49475541710853577,2527,62.96824596572466,L640_sub00579,1.714697241783142,0.4273853302001953,0.7462049126625061,lambda,3.0,0,"{""invalid_B"": 0, ""invalid_q"": 0, ""weak_B_direction"": 0, ""weak_q_perp_for_phi"": 0, ""weak_r_perp_for_phi"": 0}",B,0.06144577209188457,64.0,0.3946062884527183,True
0.24924826622009277,0.2537950873374939,0.49475541710853577,2651,125.193849689192,L640_sub00579,1.714697241783142,0.4273853302001953,0.7462049126625061,lambda,3.0,0,"{""invalid_B"": 0, ""invalid_q"": 0, ""weak_B_direction"": 0, ""weak_q_perp_for_phi"": 0, ""weak_r_perp_for_phi"": 0}",B,0.1522772959411421,128.0,0.5340046663420009,True
0.24924826622009277,0.2537950873374939,0.49475541710853577,1647,31.984371183438952,L640_sub00579,1.714697241783142,0.4273853302001953,0.7462049126625061,parallel,3.0,0,"{""invalid_B"": 0, ""invalid_q"": 0, ""weak_B_direction"": 0, ""weak_q_perp_for_phi"": 0, ""weak_r_perp_for_phi"": 0}",u,0.0015804257581706097,32.0,0.11648178924573832,True
0.24924826622009277,0.2537950873374939,0.49475541710853577,1623,62.96824596572466,L640_sub00579,1.714697241783142,0.4273853302001953,0.7462049126625061,parallel,3.0,0,"{""invalid_B"": 0, ""invalid_q"": 0, ""weak_B_direction"": 0, ""weak_q_perp_for_phi"": 0, ""weak_r_perp_for_phi"": 0}",u,0.0032725261685988584,64.0,0.14846623981496476,True
0.24924826622009277,0.2537950873374939,0.49475541710853577,1611,125.193849689192,L640_sub00579,1.714697241783142,0.4273853302001953,0.7462049126625061,parallel,3.0,0,"{""invalid_B"": 0, ""invalid_q"": 0, ""weak_B_direction"": 0, ""weak_q_perp_for_phi"": 0, ""weak_r_perp_for_phi"": 0}",u,0.011001074161324427,128.0,0.22240524795282204,True
0.24924826622009277,0.2537950873374939,0.49475541710853577,1569,31.984371183438952,L640_sub00579,1.714697241783142,0.4273853302001953,0.7462049126625061,xi,3.0,0,"{""invalid_B"": 0, ""invalid_q"": 0, ""weak_B_direction"": 0, ""weak_q_perp_for_phi"": 0, ""weak_r_perp_for_phi"": 0}",u,0.0016287951847983894,32.0,0.11765818886325313,True
0.24924826622009277,0.2537950873374939,0.49475541710853577,1516,62.96824596572466,L640_sub00579,1.714697241783142,0.4273853302001953,0.7462049126625061,xi,3.0,0,"{""invalid_B"": 0, ""invalid_q"": 0, ""weak_B_direction"": 0, ""weak_q_perp_for_phi"": 0, ""weak_r_perp_for_phi"": 0}",u,0.003202533536334918,64.0,0.1474001398018891,True
0.24924826622009277,0.2537950873374939,0.49475541710853577,1402,125.193849689192,L640_sub00579,1.714697241783142,0.4273853302001953,0.7462049126625061,xi,3.0,0,"{""invalid_B"": 0, ""invalid_q"": 0, ""weak_B_direction"": 0, ""weak_q_perp_for_phi"": 0, ""weak_r_perp_for_phi"": 0}",u,0.005616863278325993,128.0,0.17775887139652097,True
0.24924826622009277,0.2537950873374939,0.49475541710853577,2603,31.984371183438952,L640_sub00579,1.714697241783142,0.4273853302001953,0.7462049126625061,lambda,3.0,0,"{""invalid_B"": 0, ""invalid_q"": 0, ""weak_B_direction"": 0, ""weak_q_perp_for_phi"": 0, ""weak_r_perp_for_phi"": 0}",u,0.008817826128094107,32.0,0.2065953348049761,True
0.24924826622009277,0.2537950873374939,0.49475541710853577,2553,62.96824596572466,L640_sub00579,1.714697241783142,0.4273853302001953,0.7462049126625061,lambda,3.0,0,"{""invalid_B"": 0, ""invalid_q"": 0, ""weak_B_direction"": 0, ""weak_q_perp_for_phi"": 0, ""weak_r_perp_for_phi"": 0}",u,0.015258656881035481,64.0,0.24803069816531068,True
0.24924826622009277,0.2537950873374939,0.49475541710853577,2692,125.193849689192,L640_sub00579,1.714697241783142,0.4273853302001953,0.7462049126625061,lambda,3.0,0,"{""invalid_B"": 0, ""invalid_q"": 0, ""weak_B_direction"": 0, ""weak_q_perp_for_phi"": 0, ""weak_r_perp_for_phi"": 0}",u,0.03181303974445997,128.0,0.31686070878676764,True
0.24924826622009277,0.2537950873374939,0.49475541710853577,1647,31.984371183438952,L640_sub00579,1.714697241783142,0.4273853302001953,0.7462049126625061,parallel,4.0,0,"{""invalid_B"": 0, ""invalid_q"": 0, ""weak_B_direction"": 0, ""weak_q_perp_for_phi"": 0, ""weak_r_perp_for_phi"": 0}",B,0.004480826534469195,32.0,0.25872567750079406,True
0.24924826622009277,0.2537950873374939,0.49475541710853577,1623,62.96824596572466,L640_sub00579,1.714697241783142,0.4273853302001953,0.7462049126625061,parallel,4.0,0,"{""invalid_B"": 0, ""invalid_q"": 0, ""weak_B_direction"": 0, ""weak_q_perp_for_phi"": 0, ""weak_r_perp_for_phi"": 0}",B,0.008477053751204671,64.0,0.3034318984011542,True
0.24924826622009277,0.2537950873374939,0.49475541710853577,1611,125.193849689192,L640_sub00579,1.714697241783142,0.4273853302001953,0.7462049126625061,parallel,4.0,0,"{""invalid_B"": 0, ""invalid_q"": 0, ""weak_B_direction"": 0, ""weak_q_perp_for_phi"": 0, ""weak_r_perp_for_phi"": 0}",B,0.04032451449557745,128.0,0.44811789455074835,True
0.24924826622009277,0.2537950873374939,0.49475541710853577,1454,31.984371183438952,L640_sub00579,1.714697241783142,0.4273853302001953,0.7462049126625061,xi,4.0,0,"{""invalid_B"": 0, ""invalid_q"": 0, ""weak_B_direction"": 0, ""weak_q_perp_for_phi"": 0, ""weak_r_perp_for_phi"": 0}",B,0.0018896313881579575,32.0,0.20849434187260696,True
0.24924826622009277,0.2537950873374939,0.49475541710853577,1423,62.96824596572466,L640_sub00579,1.714697241783142,0.4273853302001953,0.7462049126625061,xi,4.0,0,"{""invalid_B"": 0, ""invalid_q"": 0, ""weak_B_direction"": 0, ""weak_q_perp_for_phi"": 0, ""weak_r_perp_for_phi"": 0}",B,0.006134972083325972,64.0,0.2798679377952912,True
0.24924826622009277,0.2537950873374939,0.49475541710853577,1389,125.193849689192,L640_sub00579,1.714697241783142,0.4273853302001953,0.7462049126625061,xi,4.0,0,"{""invalid_B"": 0, ""invalid_q"": 0, ""weak_B_direction"": 0, ""weak_q_perp_for_phi"": 0, ""weak_r_perp_for_phi"": 0}",B,0.027385188931794233,128.0,0.4067981183060528,True
0.24924826622009277,0.2537950873374939,0.49475541710853577,2764,31.984371183438952,L640_sub00579,1.714697241783142,0.4273853302001953,0.7462049126625061,lambda,4.0,0,"{""invalid_B"": 0, ""invalid_q"": 0, ""weak_B_direction"": 0, ""weak_q_perp_for_phi"": 0, ""weak_r_perp_for_phi"": 0}",B,0.02322294816637752,32.0,0.3903726098804118,True
0.24924826622009277,0.2537950873374939,0.49475541710853577,2527,62.96824596572466,L640_sub00579,1.714697241783142,0.4273853302001953,0.7462049126625061,lambda,4.0,0,"{""invalid_B"": 0, ""invalid_q"": 0, ""weak_B_direction"": 0, ""weak_q_perp_for_phi"": 0, ""weak_r_perp_for_phi"": 0}",B,0.046708465982397425,64.0,0.46488860483915834,True
0.24924826622009277,0.2537950873374939,0.49475541710853577,2651,125.193849689192,L640_sub00579,1.714697241783142,0.4273853302001953,0.7462049126625061,lambda,4.0,0,"{""invalid_B"": 0, ""invalid_q"": 0, ""weak_B_direction"": 0, ""weak_q_perp_for_phi"": 0, ""weak_r_perp_for_phi"": 0}",B,0.13618755388689288,128.0,0.6074833159210937,True
0.24924826622009277,0.2537950873374939,0.49475541710853577,1647,31.984371183438952,L640_sub00579,1.714697241783142,0.4273853302001953,0.7462049126625061,parallel,4.0,0,"{""invalid_B"": 0, ""invalid_q"": 0, ""weak_B_direction"": 0, ""weak_q_perp_for_phi"": 0, ""weak_r_perp_for_phi"": 0}",u,0.0006607030242673866,32.0,0.16032512001206356,True
0.24924826622009277,0.2537950873374939,0.49475541710853577,1623,62.96824596572466,L640_sub00579,1.714697241783142,0.4273853302001953,0.7462049126625061,parallel,4.0,0,"{""invalid_B"": 0, ""invalid_q"": 0, ""weak_B_direction"": 0, ""weak_q_perp_for_phi"": 0, ""weak_r_perp_for_phi"": 0}",u,0.001326542662716929,64.0,0.19084478872711869,True
0.24924826622009277,0.2537950873374939,0.49475541710853577,1611,125.193849689192,L640_sub00579,1.714697241783142,0.4273853302001953,0.7462049126625061,parallel,4.0,0,"{""invalid_B"": 0, ""invalid_q"": 0, ""weak_B_direction"": 0, ""weak_q_perp_for_phi"": 0, ""weak_r_perp_for_phi"": 0}",u,0.005615238604137625,128.0,0.2737423894293919,True
0.24924826622009277,0.2537950873374939,0.49475541710853577,1569,31.984371183438952,L640_sub00579,1.714697241783142,0.4273853302001953,0.7462049126625061,xi,4.0,0,"{""invalid_B"": 0, ""invalid_q"": 0, ""weak_B_direction"": 0, ""weak_q_perp_for_phi"": 0, ""weak_r_perp_for_phi"": 0}",u,0.00043500096482085104,32.0,0.1444184086064201,True
0.24924826622009277,0.2537950873374939,0.49475541710853577,1516,62.96824596572466,L640_sub00579,1.714697241783142,0.4273853302001953,0.7462049126625061,xi,4.0,0,"{""invalid_B"": 0, ""invalid_q"": 0, ""weak_B_direction"": 0, ""weak_q_perp_for_phi"": 0, ""weak_r_perp_for_phi"": 0}",u,0.0010378972732218354,64.0,0.1794893119463652,True
0.24924826622009277,0.2537950873374939,0.49475541710853577,1402,125.193849689192,L640_sub00579,1.714697241783142,0.4273853302001953,0.7462049126625061,xi,4.0,0,"{""invalid_B"": 0, ""invalid_q"": 0, ""weak_B_direction"": 0, ""weak_q_perp_for_phi"": 0, ""weak_r_perp_for_phi"": 0}",u,0.0018728355277185902,128.0,0.2080294926183107,True
0.24924826622009277,0.2537950873374939,0.49475541710853577,2603,31.984371183438952,L640_sub00579,1.714697241783142,0.4273853302001953,0.7462049126625061,lambda,4.0,0,"{""invalid_B"": 0, ""invalid_q"": 0, ""weak_B_direction"": 0, ""weak_q_perp_for_phi"": 0, ""weak_r_perp_for_phi"": 0}",u,0.004984409684979138,32.0,0.26570726726182314,True
0.24924826622009277,0.2537950873374939,0.49475541710853577,2553,62.96824596572466,L640_sub00579,1.714697241783142,0.4273853302001953,0.7462049126625061,lambda,4.0,0,"{""invalid_B"": 0, ""invalid_q"": 0, ""weak_B_direction"": 0, ""weak_q_perp_for_phi"": 0, ""weak_r_perp_for_phi"": 0}",u,0.007998104171229724,64.0,0.29905203638669975,True
0.24924826622009277,0.2537950873374939,0.49475541710853577,2692,125.193849689192,L640_sub00579,1.714697241783142,0.4273853302001953,0.7462049126625061,lambda,4.0,0,"{""invalid_B"": 0, ""invalid_q"": 0, ""weak_B_direction"": 0, ""weak_q_perp_for_phi"": 0, ""weak_r_perp_for_phi"": 0}",u,0.019193507872966434,128.0,0.3722104729575789,True
0.24924826622009277,0.2537950873374939,0.49475541710853577,1647,31.984371183438952,L640_sub00579,1.714697241783142,0.4273853302001953,0.7462049126625061,parallel,5.0,0,"{""invalid_B"": 0, ""invalid_q"": 0, ""weak_B_direction"": 0, ""weak_q_perp_for_phi"": 0, ""weak_r_perp_for_phi"": 0}",B,0.00439269904712839,32.0,0.3377118422828077,True
0.24924826622009277,0.2537950873374939,0.49475541710853577,1623,62.96824596572466,L640_sub00579,1.714697241783142,0.4273853302001953,0.7462049126625061,parallel,5.0,0,"{""invalid_B"": 0, ""invalid_q"": 0, ""weak_B_direction"": 0, ""weak_q_perp_for_phi"": 0, ""weak_r_perp_for_phi"": 0}",B,0.00818001033573613,64.0,0.38242895827474294,True
0.24924826622009277,0.2537950873374939,0.49475541710853577,1611,125.193849689192,L640_sub00579,1.714697241783142,0.4273853302001953,0.7462049126625061,parallel,5.0,0,"{""invalid_B"": 0, ""invalid_q"": 0, ""weak_B_direction"": 0, ""weak_q_perp_for_phi"": 0, ""weak_r_perp_for_phi"": 0}",B,0.0413322859076966,128.0,0.5287591368576996,True
0.24924826622009277,0.2537950873374939,0.49475541710853577,1454,31.984371183438952,L640_sub00579,1.714697241783142,0.4273853302001953,0.7462049126625061,xi,5.0,0,"{""invalid_B"": 0, ""invalid_q"": 0, ""weak_B_direction"": 0, ""weak_q_perp_for_phi"": 0, ""weak_r_perp_for_phi"": 0}",B,0.0011381277329710138,32.0,0.2577734601442821,True
0.24924826622009277,0.2537950873374939,0.49475541710853577,1423,62.96824596572466,L640_sub00579,1.714697241783142,0.4273853302001953,0.7462049126625061,xi,5.0,0,"{""invalid_B"": 0, ""invalid_q"": 0, ""weak_B_direction"": 0, ""weak_q_perp_for_phi"": 0, ""weak_r_perp_for_phi"": 0}",B,0.00418879235150886,64.0,0.3345166711515232,True
0.24924826622009277,0.2537950873374939,0.49475541710853577,1389,125.193849689192,L640_sub00579,1.714697241783142,0.4273853302001953,0.7462049126625061,xi,5.0,0,"{""invalid_B"": 0, ""invalid_q"": 0, ""weak_B_direction"": 0, ""weak_q_perp_for_phi"": 0, ""weak_r_perp_for_phi"": 0}",B,0.026359244562373246,128.0,0.48326638982021497,True
0.24924826622009277,0.2537950873374939,0.49475541710853577,2764,31.984371183438952,L640_sub00579,1.714697241783142,0.4273853302001953,0.7462049126625061,lambda,5.0,0,"{""invalid_B"": 0, ""invalid_q"": 0, ""weak_B_direction"": 0, ""weak_q_perp_for_phi"": 0, ""weak_r_perp_for_phi"": 0}",B,0.022431683172061206,32.0,0.4679208232666366,True
0.24924826622009277,0.2537950873374939,0.49475541710853577,2527,62.96824596572466,L640_sub00579,1.714697241783142,0.4273853302001953,0.7462049126625061,lambda,5.0,0,"{""invalid_B"": 0, ""invalid_q"": 0, ""weak_B_direction"": 0, ""weak_q_perp_for_phi"": 0, ""weak_r_perp_for_phi"": 0}",B,0.040746027039164266,64.0,0.5272505650115817,True
0.24924826622009277,0.2537950873374939,0.49475541710853577,2651,125.193849689192,L640_sub00579,1.714697241783142,0.4273853302001953,0.7462049126625061,lambda,5.0,0,"{""invalid_B"": 0, ""invalid_q"": 0, ""weak_B_direction"": 0, ""weak_q_perp_for_phi"": 0, ""weak_r_perp_for_phi"": 0}",B,0.13401641103308667,128.0,0.6690084399077805,True
0.24924826622009277,0.2537950873374939,0.49475541710853577,1647,31.984371183438952,L640_sub00579,1.714697241783142,0.4273853302001953,0.7462049126625061,parallel,5.0,0,"{""invalid_B"": 0, ""invalid_q"": 0, ""weak_B_direction"": 0, ""weak_q_perp_for_phi"": 0, ""weak_r_perp_for_phi"": 0}",u,0.00034133840535571823,32.0,0.20259887574067034,True
0.24924826622009277,0.2537950873374939,0.49475541710853577,1623,62.96824596572466,L640_sub00579,1.714697241783142,0.4273853302001953,0.7462049126625061,parallel,5.0,0,"{""invalid_B"": 0, ""invalid_q"": 0, ""weak_B_direction"": 0, ""weak_q_perp_for_phi"": 0, ""weak_r_perp_for_phi"": 0}",u,0.0007003544251717688,64.0,0.2339179640963917,True
0.24924826622009277,0.2537950873374939,0.49475541710853577,1611,125.193849689192,L640_sub00579,1.714697241783142,0.4273853302001953,0.7462049126625061,parallel,5.0,0,"{""invalid_B"": 0, ""invalid_q"": 0, ""weak_B_direction"": 0, ""weak_q_perp_for_phi"": 0, ""weak_r_perp_for_phi"": 0}",u,0.003616605718686695,128.0,0.32483306721252253,True
0.24924826622009277,0.2537950873374939,0.49475541710853577,1569,31.984371183438952,L640_sub00579,1.714697241783142,0.4273853302001953,0.7462049126625061,xi,5.0,0,"{""invalid_B"": 0, ""invalid_q"": 0, ""weak_B_direction"": 0, ""weak_q_perp_for_phi"": 0, ""weak_r_perp_for_phi"": 0}",u,0.00014795170478335375,32.0,0.1714052006156681,True
0.24924826622009277,0.2537950873374939,0.49475541710853577,1516,62.96824596572466,L640_sub00579,1.714697241783142,0.4273853302001953,0.7462049126625061,xi,5.0,0,"{""invalid_B"": 0, ""invalid_q"": 0, ""weak_B_direction"": 0, ""weak_q_perp_for_phi"": 0, ""weak_r_perp_for_phi"": 0}",u,0.00044497763928466876,64.0,0.2136326548281627,True
0.24924826622009277,0.2537950873374939,0.49475541710853577,1402,125.193849689192,L640_sub00579,1.714697241783142,0.4273853302001953,0.7462049126625061,xi,5.0,0,"{""invalid_B"": 0, ""invalid_q"": 0, ""weak_B_direction"": 0, ""weak_q_perp_for_phi"": 0, ""weak_r_perp_for_phi"": 0}",u,0.0008033413367496278,128.0,0.24042522044479875,True
0.24924826622009277,0.2537950873374939,0.49475541710853577,2603,31.984371183438952,L640_sub00579,1.714697241783142,0.4273853302001953,0.7462049126625061,lambda,5.0,0,"{""invalid_B"": 0, ""invalid_q"": 0, ""weak_B_direction"": 0, ""weak_q_perp_for_phi"": 0, ""weak_r_perp_for_phi"": 0}",u,0.0035841607411606653,32.0,0.32424814164472127,True
0.24924826622009277,0.2537950873374939,0.49475541710853577,2553,62.96824596572466,L640_sub00579,1.714697241783142,0.4273853302001953,0.7462049126625061,lambda,5.0,0,"{""invalid_B"": 0, ""invalid_q"": 0, ""weak_B_direction"": 0, ""weak_q_perp_for_phi"": 0, ""weak_r_perp_for_phi"": 0}",u,0.0049065683962254475,64.0,0.3452673976528391,True
0.24924826622009277,0.2537950873374939,0.49475541710853577,2692,125.193849689192,L640_sub00579,1.714697241783142,0.4273853302001953,0.7462049126625061,lambda,5.0,0,"{""invalid_B"": 0, ""invalid_q"": 0, ""weak_B_direction"": 0, ""weak_q_perp_for_phi"": 0, ""weak_r_perp_for_phi"": 0}",u,0.013173399717571685,128.0,0.42066809418051604,True
0.24924826622009277,0.2537950873374939,0.49475541710853577,1647,31.984371183438952,L640_sub00579,1.714697241783142,0.4273853302001953,0.7462049126625061,parallel,6.0,0,"{""invalid_B"": 0, ""invalid_q"": 0, ""weak_B_direction"": 0, ""weak_q_perp_for_phi"": 0, ""weak_r_perp_for_phi"": 0}",B,0.004680559377011949,32.0,0.4089933937792473,True
0.24924826622009277,0.2537950873374939,0.49475541710853577,1623,62.96824596572466,L640_sub00579,1.714697241783142,0.4273853302001953,0.7462049126625061,parallel,6.0,0,"{""invalid_B"": 0, ""invalid_q"": 0, ""weak_B_direction"": 0, ""weak_q_perp_for_phi"": 0, ""weak_r_perp_for_phi"": 0}",B,0.008965299300079386,64.0,0.45578580857931417,True
0.24924826622009277,0.2537950873374939,0.49475541710853577,1611,125.193849689192,L640_sub00579,1.714697241783142,0.4273853302001953,0.7462049126625061,parallel,6.0,0,"{""invalid_B"": 0, ""invalid_q"": 0, ""weak_B_direction"": 0, ""weak_q_perp_for_phi"": 0, ""weak_r_perp_for_phi"": 0}",B,0.046336729233333776,128.0,0.5993137325882927,True
0.24924826622009277,0.2537950873374939,0.49475541710853577,1454,31.984371183438952,L640_sub00579,1.714697241783142,0.4273853302001953,0.7462049126625061,xi,6.0,0,"{""invalid_B"": 0, ""invalid_q"": 0, ""weak_B_direction"": 0, ""weak_q_perp_for_phi"": 0, ""weak_r_perp_for_phi"": 0}",B,0.0008306303481011888,32.0,0.3065970456879731,True
0.24924826622009277,0.2537950873374939,0.49475541710853577,1423,62.96824596572466,L640_sub00579,1.714697241783142,0.4273853302001953,0.7462049126625061,xi,6.0,0,"{""invalid_B"": 0, ""invalid_q"": 0, ""weak_B_direction"": 0, ""weak_q_perp_for_phi"": 0, ""weak_r_perp_for_phi"": 0}",B,0.003318230471895781,64.0,0.3862048806584358,True
0.24924826622009277,0.2537950873374939,0.49475541710853577,1389,125.193849689192,L640_sub00579,1.714697241783142,0.4273853302001953,0.7462049126625061,xi,6.0,0,"{""invalid_B"": 0, ""invalid_q"": 0, ""weak_B_direction"": 0, ""weak_q_perp_for_phi"": 0, ""weak_r_perp_for_phi"": 0}",B,0.028671402558983112,128.0,0.5532331003894799,True
0.24924826622009277,0.2537950873374939,0.49475541710853577,2764,31.984371183438952,L640_sub00579,1.714697241783142,0.4273853302001953,0.7462049126625061,lambda,6.0,0,"{""invalid_B"": 0, ""invalid_q"": 0, ""weak_B_direction"": 0, ""weak_q_perp_for_phi"": 0, ""weak_r_perp_for_phi"": 0}",B,0.02454139176219404,32.0,0.5390758355516895,True
0.24924826622009277,0.2537950873374939,0.49475541710853577,2527,62.96824596572466,L640_sub00579,1.714697241783142,0.4273853302001953,0.7462049126625061,lambda,6.0,0,"{""invalid_B"": 0, ""invalid_q"": 0, ""weak_B_direction"": 0, ""weak_q_perp_for_phi"": 0, ""weak_r_perp_for_phi"": 0}",B,0.038662799164723476,64.0,0.5814988795467356,True
0.24924826622009277,0.2537950873374939,0.49475541710853577,2651,125.193849689192,L640_sub00579,1.714697241783142,0.4273853302001953,0.7462049126625061,lambda,6.0,0,"{""invalid_B"": 0, ""invalid_q"": 0, ""weak_B_direction"": 0, ""weak_q_perp_for_phi"": 0, ""weak_r_perp_for_phi"": 0}",B,0.14106503504815454,128.0,0.7215003789249756,True
0.24924826622009277,0.2537950873374939,0.49475541710853577,1647,31.984371183438952,L640_sub00579,1.714697241783142,0.4273853302001953,0.7462049126625061,parallel,6.0,0,"{""invalid_B"": 0, ""invalid_q"": 0, ""weak_B_direction"": 0, ""weak_q_perp_for_phi"": 0, ""weak_r_perp_for_phi"": 0}",u,0.00019426381984166178,32.0,0.24065708615455506,True
0.24924826622009277,0.2537950873374939,0.49475541710853577,1623,62.96824596572466,L640_sub00579,1.714697241783142,0.4273853302001953,0.7462049126625061,parallel,6.0,0,"{""invalid_B"": 0, ""invalid_q"": 0, ""weak_B_direction"": 0, ""weak_q_perp_for_phi"": 0, ""weak_r_perp_for_phi"": 0}",u,0.00042703842688422033,64.0,0.27441709303187667,True
0.24924826622009277,0.2537950873374939,0.49475541710853577,1611,125.193849689192,L640_sub00579,1.714697241783142,0.4273853302001953,0.7462049126625061,parallel,6.0,0,"{""invalid_B"": 0, ""invalid_q"": 0, ""weak_B_direction"": 0, ""weak_q_perp_for_phi"": 0, ""weak_r_perp_for_phi"": 0}",u,0.0026952729709260824,128.0,0.37305007016762987,True
0.24924826622009277,0.2537950873374939,0.49475541710853577,1569,31.984371183438952,L640_sub00579,1.714697241783142,0.4273853302001953,0.7462049126625061,xi,6.0,0,"{""invalid_B"": 0, ""invalid_q"": 0, ""weak_B_direction"": 0, ""weak_q_perp_for_phi"": 0, ""weak_r_perp_for_phi"": 0}",u,5.825223254379192e-05,32.0,0.1968877801318927,True
0.24924826622009277,0.2537950873374939,0.49475541710853577,1516,62.96824596572466,L640_sub00579,1.714697241783142,0.4273853302001953,0.7462049126625061,xi,6.0,0,"{""invalid_B"": 0, ""invalid_q"": 0, ""weak_B_direction"": 0, ""weak_q_perp_for_phi"": 0, ""weak_r_perp_for_phi"": 0}",u,0.00022623064338241782,64.0,0.24684551364522406,True
0.24924826622009277,0.2537950873374939,0.49475541710853577,1402,125.193849689192,L640_sub00579,1.714697241783142,0.4273853302001953,0.7462049126625061,xi,6.0,0,"{""invalid_B"": 0, ""invalid_q"": 0, ""weak_B_direction"": 0, ""weak_q_perp_for_phi"": 0, ""weak_r_perp_for_phi"": 0}",u,0.0004119881476844466,128.0,0.2727810020189673,True
0.24924826622009277,0.2537950873374939,0.49475541710853577,2603,31.984371183438952,L640_sub00579,1.714697241783142,0.4273853302001953,0.7462049126625061,lambda,6.0,0,"{""invalid_B"": 0, ""invalid_q"": 0, ""weak_B_direction"": 0, ""weak_q_perp_for_phi"": 0, ""weak_r_perp_for_phi"": 0}",u,0.00292531949537709,32.0,0.378177381887815,True
0.24924826622009277,0.2537950873374939,0.49475541710853577,2553,62.96824596572466,L640_sub00579,1.714697241783142,0.4273853302001953,0.7462049126625061,lambda,6.0,0,"{""invalid_B"": 0, ""invalid_q"": 0, ""weak_B_direction"": 0, ""weak_q_perp_for_phi"": 0, ""weak_r_perp_for_phi"": 0}",u,0.0033068809655709664,64.0,0.3859844069949096,True
0.24924826622009277,0.2537950873374939,0.49475541710853577,2692,125.193849689192,L640_sub00579,1.714697241783142,0.4273853302001953,0.7462049126625061,lambda,6.0,0,"{""invalid_B"": 0, ""invalid_q"": 0, ""weak_B_direction"": 0, ""weak_q_perp_for_phi"": 0, ""weak_r_perp_for_phi"": 0}",u,0.009770855708318923,128.0,0.46236906171808917,True
0.36281654238700867,0.25420501828193665,0.719606339931488,1562,31.984371183438952,L640_sub00886,1.712843418121338,0.6214479207992554,0.745794951915741,parallel,1.0,0,"{""invalid_B"": 0, ""invalid_q"": 0, ""weak_B_direction"": 0, ""weak_q_perp_for_phi"": 0, ""weak_r_perp_for_phi"": 0}",B,0.10891840638372424,32.0,0.10891840638372424,True
0.36281654238700867,0.25420501828193665,0.719606339931488,1597,62.96824596572466,L640_sub00886,1.712843418121338,0.6214479207992554,0.745794951915741,parallel,1.0,0,"{""invalid_B"": 0, ""invalid_q"": 0, ""weak_B_direction"": 0, ""weak_q_perp_for_phi"": 0, ""weak_r_perp_for_phi"": 0}",B,0.18011969735932173,64.0,0.18011969735932173,True
0.36281654238700867,0.25420501828193665,0.719606339931488,1590,125.193849689192,L640_sub00886,1.712843418121338,0.6214479207992554,0.745794951915741,parallel,1.0,0,"{""invalid_B"": 0, ""invalid_q"": 0, ""weak_B_direction"": 0, ""weak_q_perp_for_phi"": 0, ""weak_r_perp_for_phi"": 0}",B,0.2762957479688038,128.0,0.2762957479688038,True
0.36281654238700867,0.25420501828193665,0.719606339931488,1326,31.984371183438952,L640_sub00886,1.712843418121338,0.6214479207992554,0.745794951915741,xi,1.0,0,"{""invalid_B"": 0, ""invalid_q"": 0, ""weak_B_direction"": 0, ""weak_q_perp_for_phi"": 0, ""weak_r_perp_for_phi"": 0}",B,0.15090589136561974,32.0,0.15090589136561974,True
0.36281654238700867,0.25420501828193665,0.719606339931488,1345,62.96824596572466,L640_sub00886,1.712843418121338,0.6214479207992554,0.745794951915741,xi,1.0,0,"{""invalid_B"": 0, ""invalid_q"": 0, ""weak_B_direction"": 0, ""weak_q_perp_for_phi"": 0, ""weak_r_perp_for_phi"": 0}",B,0.22210241994566726,64.0,0.22210241994566726,True
0.36281654238700867,0.25420501828193665,0.719606339931488,1412,125.193849689192,L640_sub00886,1.712843418121338,0.6214479207992554,0.745794951915741,xi,1.0,0,"{""invalid_B"": 0, ""invalid_q"": 0, ""weak_B_direction"": 0, ""weak_q_perp_for_phi"": 0, ""weak_r_perp_for_phi"": 0}",B,0.33383376740852355,128.0,0.33383376740852355,True
0.36281654238700867,0.25420501828193665,0.719606339931488,2426,31.984371183438952,L640_sub00886,1.712843418121338,0.6214479207992554,0.745794951915741,lambda,1.0,0,"{""invalid_B"": 0, ""invalid_q"": 0, ""weak_B_direction"": 0, ""weak_q_perp_for_phi"": 0, ""weak_r_perp_for_phi"": 0}",B,0.2713501415170632,32.0,0.2713501415170632,True
0.36281654238700867,0.25420501828193665,0.719606339931488,2203,62.96824596572466,L640_sub00886,1.712843418121338,0.6214479207992554,0.745794951915741,lambda,1.0,0,"{""invalid_B"": 0, ""invalid_q"": 0, ""weak_B_direction"": 0, ""weak_q_perp_for_phi"": 0, ""weak_r_perp_for_phi"": 0}",B,0.3804855162781056,64.0,0.3804855162781056,True
0.36281654238700867,0.25420501828193665,0.719606339931488,2098,125.193849689192,L640_sub00886,1.712843418121338,0.6214479207992554,0.745794951915741,lambda,1.0,0,"{""invalid_B"": 0, ""invalid_q"": 0, ""weak_B_direction"": 0, ""weak_q_perp_for_phi"": 0, ""weak_r_perp_for_phi"": 0}",B,0.5382635358267769,128.0,0.5382635358267769,True
0.36281654238700867,0.25420501828193665,0.719606339931488,1562,31.984371183438952,L640_sub00886,1.712843418121338,0.6214479207992554,0.745794951915741,parallel,1.0,0,"{""invalid_B"": 0, ""invalid_q"": 0, ""weak_B_direction"": 0, ""weak_q_perp_for_phi"": 0, ""weak_r_perp_for_phi"": 0}",u,0.07574671330343928,32.0,0.07574671330343928,True
0.36281654238700867,0.25420501828193665,0.719606339931488,1597,62.96824596572466,L640_sub00886,1.712843418121338,0.6214479207992554,0.745794951915741,parallel,1.0,0,"{""invalid_B"": 0, ""invalid_q"": 0, ""weak_B_direction"": 0, ""weak_q_perp_for_phi"": 0, ""weak_r_perp_for_phi"": 0}",u,0.11486345441870159,64.0,0.11486345441870159,True
0.36281654238700867,0.25420501828193665,0.719606339931488,1590,125.193849689192,L640_sub00886,1.712843418121338,0.6214479207992554,0.745794951915741,parallel,1.0,0,"{""invalid_B"": 0, ""invalid_q"": 0, ""weak_B_direction"": 0, ""weak_q_perp_for_phi"": 0, ""weak_r_perp_for_phi"": 0}",u,0.16181950786915805,128.0,0.16181950786915805,True
0.36281654238700867,0.25420501828193665,0.719606339931488,1549,31.984371183438952,L640_sub00886,1.712843418121338,0.6214479207992554,0.745794951915741,xi,1.0,0,"{""invalid_B"": 0, ""invalid_q"": 0, ""weak_B_direction"": 0, ""weak_q_perp_for_phi"": 0, ""weak_r_perp_for_phi"": 0}",u,0.09915221794257792,32.0,0.09915221794257792,True
0.36281654238700867,0.25420501828193665,0.719606339931488,1636,62.96824596572466,L640_sub00886,1.712843418121338,0.6214479207992554,0.745794951915741,xi,1.0,0,"{""invalid_B"": 0, ""invalid_q"": 0, ""weak_B_direction"": 0, ""weak_q_perp_for_phi"": 0, ""weak_r_perp_for_phi"": 0}",u,0.139126909786466,64.0,0.139126909786466,True
0.36281654238700867,0.25420501828193665,0.719606339931488,1746,125.193849689192,L640_sub00886,1.712843418121338,0.6214479207992554,0.745794951915741,xi,1.0,0,"{""invalid_B"": 0, ""invalid_q"": 0, ""weak_B_direction"": 0, ""weak_q_perp_for_phi"": 0, ""weak_r_perp_for_phi"": 0}",u,0.1686131583785137,128.0,0.1686131583785137,True
0.36281654238700867,0.25420501828193665,0.719606339931488,2401,31.984371183438952,L640_sub00886,1.712843418121338,0.6214479207992554,0.745794951915741,lambda,1.0,0,"{""invalid_B"": 0, ""invalid_q"": 0, ""weak_B_direction"": 0, ""weak_q_perp_for_phi"": 0, ""weak_r_perp_for_phi"": 0}",u,0.1394584345253206,32.0,0.1394584345253206,True
0.36281654238700867,0.25420501828193665,0.719606339931488,2419,62.96824596572466,L640_sub00886,1.712843418121338,0.6214479207992554,0.745794951915741,lambda,1.0,0,"{""invalid_B"": 0, ""invalid_q"": 0, ""weak_B_direction"": 0, ""weak_q_perp_for_phi"": 0, ""weak_r_perp_for_phi"": 0}",u,0.16863996711200846,64.0,0.16863996711200846,True
0.36281654238700867,0.25420501828193665,0.719606339931488,2298,125.193849689192,L640_sub00886,1.712843418121338,0.6214479207992554,0.745794951915741,lambda,1.0,0,"{""invalid_B"": 0, ""invalid_q"": 0, ""weak_B_direction"": 0, ""weak_q_perp_for_phi"": 0, ""weak_r_perp_for_phi"": 0}",u,0.2147230412339387,128.0,0.2147230412339387,True
0.36281654238700867,0.25420501828193665,0.719606339931488,1562,31.984371183438952,L640_sub00886,1.712843418121338,0.6214479207992554,0.745794951915741,parallel,2.0,0,"{""invalid_B"": 0, ""invalid_q"": 0, ""weak_B_direction"": 0, ""weak_q_perp_for_phi"": 0, ""weak_r_perp_for_phi"": 0}",B,0.02745671226425891,32.0,0.16570067068137928,True
0.36281654238700867,0.25420501828193665,0.719606339931488,1597,62.96824596572466,L640_sub00886,1.712843418121338,0.6214479207992554,0.745794951915741,parallel,2.0,0,"{""invalid_B"": 0, ""invalid_q"": 0, ""weak_B_direction"": 0, ""weak_q_perp_for_phi"": 0, ""weak_r_perp_for_phi"": 0}",B,0.06510290762511292,64.0,0.2551527143204887,True
0.36281654238700867,0.25420501828193665,0.719606339931488,1590,125.193849689192,L640_sub00886,1.712843418121338,0.6214479207992554,0.745794951915741,parallel,2.0,0,"{""invalid_B"": 0, ""invalid_q"": 0, ""weak_B_direction"": 0, ""weak_q_perp_for_phi"": 0, ""weak_r_perp_for_phi"": 0}",B,0.1476345330317085,128.0,0.3842323945631192,True
0.36281654238700867,0.25420501828193665,0.719606339931488,1326,31.984371183438952,L640_sub00886,1.712843418121338,0.6214479207992554,0.745794951915741,xi,2.0,0,"{""invalid_B"": 0, ""invalid_q"": 0, ""weak_B_direction"": 0, ""weak_q_perp_for_phi"": 0, ""weak_r_perp_for_phi"": 0}",B,0.04094955911451721,32.0,0.20235997409200568,True
0.36281654238700867,0.25420501828193665,0.719606339931488,1345,62.96824596572466,L640_sub00886,1.712843418121338,0.6214479207992554,0.745794951915741,xi,2.0,0,"{""invalid_B"": 0, ""invalid_q"": 0, ""weak_B_direction"": 0, ""weak_q_perp_for_phi"": 0, ""weak_r_perp_for_phi"": 0}",B,0.07985462797621663,64.0,0.2825856117643229,True
0.36281654238700867,0.25420501828193665,0.719606339931488,1412,125.193849689192,L640_sub00886,1.712843418121338,0.6214479207992554,0.745794951915741,xi,2.0,0,"{""invalid_B"": 0, ""invalid_q"": 0, ""weak_B_direction"": 0, ""weak_q_perp_for_phi"": 0, ""weak_r_perp_for_phi"": 0}",B,0.17530125809762792,128.0,0.41868993073350586,True
0.36281654238700867,0.25420501828193665,0.719606339931488,2426,31.984371183438952,L640_sub00886,1.712843418121338,0.6214479207992554,0.745794951915741,lambda,2.0,0,"{""invalid_B"": 0, ""invalid_q"": 0, ""weak_B_direction"": 0, ""weak_q_perp_for_phi"": 0, ""weak_r_perp_for_phi"": 0}",B,0.14345584865917094,32.0,0.3787556582536701,True
0.36281654238700867,0.25420501828193665,0.719606339931488,2203,62.96824596572466,L640_sub00886,1.712843418121338,0.6214479207992554,0.745794951915741,lambda,2.0,0,"{""invalid_B"": 0, ""invalid_q"": 0, ""weak_B_direction"": 0, ""weak_q_perp_for_phi"": 0, ""weak_r_perp_for_phi"": 0}",B,0.25524322437068,64.0,0.505216017531788,True
0.36281654238700867,0.25420501828193665,0.719606339931488,2098,125.193849689192,L640_sub00886,1.712843418121338,0.6214479207992554,0.745794951915741,lambda,2.0,0,"{""invalid_B"": 0, ""invalid_q"": 0, ""weak_B_direction"": 0, ""weak_q_perp_for_phi"": 0, ""weak_r_perp_for_phi"": 0}",B,0.4406479689482022,128.0,0.663813203354831,True
0.36281654238700867,0.25420501828193665,0.719606339931488,1562,31.984371183438952,L640_sub00886,1.712843418121338,0.6214479207992554,0.745794951915741,parallel,2.0,0,"{""invalid_B"": 0, ""invalid_q"": 0, ""weak_B_direction"": 0, ""weak_q_perp_for_phi"": 0, ""weak_r_perp_for_phi"": 0}",u,0.010940825888405305,32.0,0.10459840289605432,True
0.36281654238700867,0.25420501828193665,0.719606339931488,1597,62.96824596572466,L640_sub00886,1.712843418121338,0.6214479207992554,0.745794951915741,parallel,2.0,0,"{""invalid_B"": 0, ""invalid_q"": 0, ""weak_B_direction"": 0, ""weak_q_perp_for_phi"": 0, ""weak_r_perp_for_phi"": 0}",u,0.02165784242589056,64.0,0.14716603693070815,True
0.36281654238700867,0.25420501828193665,0.719606339931488,1590,125.193849689192,L640_sub00886,1.712843418121338,0.6214479207992554,0.745794951915741,parallel,2.0,0,"{""invalid_B"": 0, ""invalid_q"": 0, ""weak_B_direction"": 0, ""weak_q_perp_for_phi"": 0, ""weak_r_perp_for_phi"": 0}",u,0.03819636126068902,128.0,0.19543889393027433,True
0.36281654238700867,0.25420501828193665,0.719606339931488,1549,31.984371183438952,L640_sub00886,1.712843418121338,0.6214479207992554,0.745794951915741,xi,2.0,0,"{""invalid_B"": 0, ""invalid_q"": 0, ""weak_B_direction"": 0, ""weak_q_perp_for_phi"": 0, ""weak_r_perp_for_phi"": 0}",u,0.015372992172309011,32.0,0.12398787106934699,True
0.36281654238700867,0.25420501828193665,0.719606339931488,1636,62.96824596572466,L640_sub00886,1.712843418121338,0.6214479207992554,0.745794951915741,xi,2.0,0,"{""invalid_B"": 0, ""invalid_q"": 0, ""weak_B_direction"": 0, ""weak_q_perp_for_phi"": 0, ""weak_r_perp_for_phi"": 0}",u,0.028024686041304193,64.0,0.16740575271269562,True
0.36281654238700867,0.25420501828193665,0.719606339931488,1746,125.193849689192,L640_sub00886,1.712843418121338,0.6214479207992554,0.745794951915741,xi,2.0,0,"{""invalid_B"": 0, ""invalid_q"": 0, ""weak_B_direction"": 0, ""weak_q_perp_for_phi"": 0, ""weak_r_perp_for_phi"": 0}",u,0.039008283998979085,128.0,0.19750514929737675,True
0.36281654238700867,0.25420501828193665,0.719606339931488,2401,31.984371183438952,L640_sub00886,1.712843418121338,0.6214479207992554,0.745794951915741,lambda,2.0,0,"{""invalid_B"": 0, ""invalid_q"": 0, ""weak_B_direction"": 0, ""weak_q_perp_for_phi"": 0, ""weak_r_perp_for_phi"": 0}",u,0.02931702299949393,32.0,0.17122214517840245,True
0.36281654238700867,0.25420501828193665,0.719606339931488,2419,62.96824596572466,L640_sub00886,1.712843418121338,0.6214479207992554,0.745794951915741,lambda,2.0,0,"{""invalid_B"": 0, ""invalid_q"": 0, ""weak_B_direction"": 0, ""weak_q_perp_for_phi"": 0, ""weak_r_perp_for_phi"": 0}",u,0.0407356053304921,64.0,0.20183063526256884,True
0.36281654238700867,0.25420501828193665,0.719606339931488,2298,125.193849689192,L640_sub00886,1.712843418121338,0.6214479207992554,0.745794951915741,lambda,2.0,0,"{""invalid_B"": 0, ""invalid_q"": 0, ""weak_B_direction"": 0, ""weak_q_perp_for_phi"": 0, ""weak_r_perp_for_phi"": 0}",u,0.06529130693149506,128.0,0.2555216369145577,True
0.36281654238700867,0.25420501828193665,0.719606339931488,1562,31.984371183438952,L640_sub00886,1.712843418121338,0.6214479207992554,0.745794951915741,parallel,3.0,0,"{""invalid_B"": 0, ""invalid_q"": 0, ""weak_B_direction"": 0, ""weak_q_perp_for_phi"": 0, ""weak_r_perp_for_phi"": 0}",B,0.013664251702338247,32.0,0.23907194663110484,True
0.36281654238700867,0.25420501828193665,0.719606339931488,1597,62.96824596572466,L640_sub00886,1.712843418121338,0.6214479207992554,0.745794951915741,parallel,3.0,0,"{""invalid_B"": 0, ""invalid_q"": 0, ""weak_B_direction"": 0, ""weak_q_perp_for_phi"": 0, ""weak_r_perp_for_phi"": 0}",B,0.0382750559294792,64.0,0.3370067591311317,True
0.36281654238700867,0.25420501828193665,0.719606339931488,1590,125.193849689192,L640_sub00886,1.712843418121338,0.6214479207992554,0.745794951915741,parallel,3.0,0,"{""invalid_B"": 0, ""invalid_q"": 0, ""weak_B_direction"": 0, ""weak_q_perp_for_phi"": 0, ""weak_r_perp_for_phi"": 0}",B,0.1281307353561752,128.0,0.5041399409790676,True
0.36281654238700867,0.25420501828193665,0.719606339931488,1326,31.984371183438952,L640_sub00886,1.712843418121338,0.6214479207992554,0.745794951915741,xi,3.0,0,"{""invalid_B"": 0, ""invalid_q"": 0, ""weak_B_direction"": 0, ""weak_q_perp_for_phi"": 0, ""weak_r_perp_for_phi"": 0}",B,0.019168644017248784,32.0,0.267627331663174,True
0.36281654238700867,0.25420501828193665,0.719606339931488,1345,62.96824596572466,L640_sub00886,1.712843418121338,0.6214479207992554,0.745794951915741,xi,3.0,0,"{""invalid_B"": 0, ""invalid_q"": 0, ""weak_B_direction"": 0, ""weak_q_perp_for_phi"": 0, ""weak_r_perp_for_phi"": 0}",B,0.0425610770348146,64.0,0.34914369453252253,True
0.36281654238700867,0.25420501828193665,0.719606339931488,1412,125.193849689192,L640_sub00886,1.712843418121338,0.6214479207992554,0.745794951915741,xi,3.0,0,"{""invalid_B"": 0, ""invalid_q"": 0, ""weak_B_direction"": 0, ""weak_q_perp_for_phi"": 0, ""weak_r_perp_for_phi"": 0}",B,0.12969538460281035,128.0,0.5061837207255909,True
0.36281654238700867,0.25420501828193665,0.719606339931488,2426,31.984371183438952,L640_sub00886,1.712843418121338,0.6214479207992554,0.745794951915741,lambda,3.0,0,"{""invalid_B"": 0, ""invalid_q"": 0, ""weak_B_direction"": 0, ""weak_q_perp_for_phi"": 0, ""weak_r_perp_for_phi"": 0}",B,0.11923321151427702,32.0,0.4921895785962368,True
0.36281654238700867,0.25420501828193665,0.719606339931488,2203,62.96824596572466,L640_sub00886,1.712843418121338,0.6214479207992554,0.745794951915741,lambda,3.0,0,"{""invalid_B"": 0, ""invalid_q"": 0, ""weak_B_direction"": 0, ""weak_q_perp_for_phi"": 0, ""weak_r_perp_for_phi"": 0}",B,0.23829688398308868,64.0,0.619973016500889,True
0.36281654238700867,0.25420501828193665,0.719606339931488,2098,125.193849689192,L640_sub00886,1.712843418121338,0.6214479207992554,0.745794951915741,lambda,3.0,0,"{""invalid_B"": 0, ""invalid_q"": 0, ""weak_B_direction"": 0, ""weak_q_perp_for_phi"": 0, ""weak_r_perp_for_phi"": 0}",B,0.45332354400046715,128.0,0.7681913721230963,True
0.36281654238700867,0.25420501828193665,0.719606339931488,1562,31.984371183438952,L640_sub00886,1.712843418121338,0.6214479207992554,0.745794951915741,parallel,3.0,0,"{""invalid_B"": 0, ""invalid_q"": 0, ""weak_B_direction"": 0, ""weak_q_perp_for_phi"": 0, ""weak_r_perp_for_phi"": 0}",u,0.002638641593392268,32.0,0.13818475557222606,True
0.36281654238700867,0.25420501828193665,0.719606339931488,1597,62.96824596572466,L640_sub00886,1.712843418121338,0.6214479207992554,0.745794951915741,parallel,3.0,0,"{""invalid_B"": 0, ""invalid_q"": 0, ""weak_B_direction"": 0, ""weak_q_perp_for_phi"": 0, ""weak_r_perp_for_phi"": 0}",u,0.006122916204451827,64.0,0.1829445341818466,True
0.36281654238700867,0.25420501828193665,0.719606339931488,1590,125.193849689192,L640_sub00886,1.712843418121338,0.6214479207992554,0.745794951915741,parallel,3.0,0,"{""invalid_B"": 0, ""invalid_q"": 0, ""weak_B_direction"": 0, ""weak_q_perp_for_phi"": 0, ""weak_r_perp_for_phi"": 0}",u,0.012011449362736945,128.0,0.2290156378579887,True
0.36281654238700867,0.25420501828193665,0.719606339931488,1549,31.984371183438952,L640_sub00886,1.712843418121338,0.6214479207992554,0.745794951915741,xi,3.0,0,"{""invalid_B"": 0, ""invalid_q"": 0, ""weak_B_direction"": 0, ""weak_q_perp_for_phi"": 0, ""weak_r_perp_for_phi"": 0}",u,0.003511519701541719,32.0,0.15199584045550796,True
0.36281654238700867,0.25420501828193665,0.719606339931488,1636,62.96824596572466,L640_sub00886,1.712843418121338,0.6214479207992554,0.745794951915741,xi,3.0,0,"{""invalid_B"": 0, ""invalid_q"": 0, ""weak_B_direction"": 0, ""weak_q_perp_for_phi"": 0, ""weak_r_perp_for_phi"": 0}",u,0.007550054477130992,64.0,0.19617787612134924,True
0.36281654238700867,0.25420501828193665,0.719606339931488,1746,125.193849689192,L640_sub00886,1.712843418121338,0.6214479207992554,0.745794951915741,xi,3.0,0,"{""invalid_B"": 0, ""invalid_q"": 0, ""weak_B_direction"": 0, ""weak_q_perp_for_phi"": 0, ""weak_r_perp_for_phi"": 0}",u,0.011502330244260608,128.0,0.2257331164766837,True
0.36281654238700867,0.25420501828193665,0.719606339931488,2401,31.984371183438952,L640_sub00886,1.712843418121338,0.6214479207992554,0.745794951915741,lambda,3.0,0,"{""invalid_B"": 0, ""invalid_q"": 0, ""weak_B_direction"": 0, ""weak_q_perp_for_phi"": 0, ""weak_r_perp_for_phi"": 0}",u,0.008369598100050389,32.0,0.2030337337878394,True
0.36281654238700867,0.25420501828193665,0.719606339931488,2419,62.96824596572466,L640_sub00886,1.712843418121338,0.6214479207992554,0.745794951915741,lambda,3.0,0,"{""invalid_B"": 0, ""invalid_q"": 0, ""weak_B_direction"": 0, ""weak_q_perp_for_phi"": 0, ""weak_r_perp_for_phi"": 0}",u,0.01274689532011861,64.0,0.23359747267581155,True
0.36281654238700867,0.25420501828193665,0.719606339931488,2298,125.193849689192,L640_sub00886,1.712843418121338,0.6214479207992554,0.745794951915741,lambda,3.0,0,"{""invalid_B"": 0, ""invalid_q"": 0, ""weak_B_direction"": 0, ""weak_q_perp_for_phi"": 0, ""weak_r_perp_for_phi"": 0}",u,0.02582378656494879,128.0,0.2955788178469365,True
0.36281654238700867,0.25420501828193665,0.719606339931488,1562,31.984371183438952,L640_sub00886,1.712843418121338,0.6214479207992554,0.745794951915741,parallel,4.0,0,"{""invalid_B"": 0, ""invalid_q"": 0, ""weak_B_direction"": 0, ""weak_q_perp_for_phi"": 0, ""weak_r_perp_for_phi"": 0}",B,0.01019332407234221,32.0,0.31774517023403975,True
0.36281654238700867,0.25420501828193665,0.719606339931488,1597,62.96824596572466,L640_sub00886,1.712843418121338,0.6214479207992554,0.745794951915741,parallel,4.0,0,"{""invalid_B"": 0, ""invalid_q"": 0, ""weak_B_direction"": 0, ""weak_q_perp_for_phi"": 0, ""weak_r_perp_for_phi"": 0}",B,0.030123501239610315,64.0,0.4166068073860481,True
0.36281654238700867,0.25420501828193665,0.719606339931488,1590,125.193849689192,L640_sub00886,1.712843418121338,0.6214479207992554,0.745794951915741,parallel,4.0,0,"{""invalid_B"": 0, ""invalid_q"": 0, ""weak_B_direction"": 0, ""weak_q_perp_for_phi"": 0, ""weak_r_perp_for_phi"": 0}",B,0.15036031938942718,128.0,0.6227063721670607,True
0.36281654238700867,0.25420501828193665,0.719606339931488,1326,31.984371183438952,L640_sub00886,1.712843418121338,0.6214479207992554,0.745794951915741,xi,4.0,0,"{""invalid_B"": 0, ""invalid_q"": 0, ""weak_B_direction"": 0, ""weak_q_perp_for_phi"": 0, ""weak_r_perp_for_phi"": 0}",B,0.013820283195963862,32.0,0.3428698011795154,True
0.36281654238700867,0.25420501828193665,0.719606339931488,1345,62.96824596572466,L640_sub00886,1.712843418121338,0.6214479207992554,0.745794951915741,xi,4.0,0,"{""invalid_B"": 0, ""invalid_q"": 0, ""weak_B_direction"": 0, ""weak_q_perp_for_phi"": 0, ""weak_r_perp_for_phi"": 0}",B,0.031035008164932307,64.0,0.4197231910111864,True
0.36281654238700867,0.25420501828193665,0.719606339931488,1412,125.193849689192,L640_sub00886,1.712843418121338,0.6214479207992554,0.745794951915741,xi,4.0,0,"{""invalid_B"": 0, ""invalid_q"": 0, ""weak_B_direction"": 0, ""weak_q_perp_for_phi"": 0, ""weak_r_perp_for_phi"": 0}",B,0.12230027961139679,128.0,0.5913666956905973,True
0.36281654238700867,0.25420501828193665,0.719606339931488,2426,31.984371183438952,L640_sub00886,1.712843418121338,0.6214479207992554,0.745794951915741,lambda,4.0,0,"{""invalid_B"": 0, ""invalid_q"": 0, ""weak_B_direction"": 0, ""weak_q_perp_for_phi"": 0, ""weak_r_perp_for_phi"": 0}",B,0.1295463858949547,32.0,0.5999379370088059,True
0.36281654238700867,0.25420501828193665,0.719606339931488,2203,62.96824596572466,L640_sub00886,1.712843418121338,0.6214479207992554,0.745794951915741,lambda,4.0,0,"{""invalid_B"": 0, ""invalid_q"": 0, ""weak_B_direction"": 0, ""weak_q_perp_for_phi"": 0, ""weak_r_perp_for_phi"": 0}",B,0.2670316195779733,64.0,0.7188539648723526,True
0.36281654238700867,0.25420501828193665,0.719606339931488,2098,125.193849689192,L640_sub00886,1.712843418121338,0.6214479207992554,0.745794951915741,lambda,4.0,0,"{""invalid_B"": 0, ""invalid_q"": 0, ""weak_B_direction"": 0, ""weak_q_perp_for_phi"": 0, ""weak_r_perp_for_phi"": 0}",B,0.5342148263435923,128.0,0.854926903998498,True
0.36281654238700867,0.25420501828193665,0.719606339931488,1562,31.984371183438952,L640_sub00886,1.712843418121338,0.6214479207992554,0.745794951915741,parallel,4.0,0,"{""invalid_B"": 0, ""invalid_q"": 0, ""weak_B_direction"": 0, ""weak_q_perp_for_phi"": 0, ""weak_r_perp_for_phi"": 0}",u,0.0008930904450988652,32.0,0.17287168325543598,True
0.36281654238700867,0.25420501828193665,0.719606339931488,1597,62.96824596572466,L640_sub00886,1.712843418121338,0.6214479207992554,0.745794951915741,parallel,4.0,0,"{""invalid_B"": 0, ""invalid_q"": 0, ""weak_B_direction"": 0, ""weak_q_perp_for_phi"": 0, ""weak_r_perp_for_phi"": 0}",u,0.0023069417649427566,64.0,0.21915892318049127,True
0.36281654238700867,0.25420501828193665,0.719606339931488,1590,125.193849689192,L640_sub00886,1.712843418121338,0.6214479207992554,0.745794951915741,parallel,4.0,0,"{""invalid_B"": 0, ""invalid_q"": 0, ""weak_B_direction"": 0, ""weak_q_perp_for_phi"": 0, ""weak_r_perp_for_phi"": 0}",u,0.004691292202240544,128.0,0.2617116894956623,True
0.36281654238700867,0.25420501828193665,0.719606339931488,1549,31.984371183438952,L640_sub00886,1.712843418121338,0.6214479207992554,0.745794951915741,xi,4.0,0,"{""invalid_B"": 0, ""invalid_q"": 0, ""weak_B_direction"": 0, ""weak_q_perp_for_phi"": 0, ""weak_r_perp_for_phi"": 0}",u,0.0010998037340671707,32.0,0.18210790469196084,True
0.36281654238700867,0.25420501828193665,0.719606339931488,1636,62.96824596572466,L640_sub00886,1.712843418121338,0.6214479207992554,0.745794951915741,xi,4.0,0,"{""invalid_B"": 0, ""invalid_q"": 0, ""weak_B_direction"": 0, ""weak_q_perp_for_phi"": 0, ""weak_r_perp_for_phi"": 0}",u,0.0025642161216828862,64.0,0.22502908619338755,True
0.36281654238700867,0.25420501828193665,0.719606339931488,1746,125.193849689192,L640_sub00886,1.712843418121338,0.6214479207992554,0.745794951915741,xi,4.0,0,"{""invalid_B"": 0, ""invalid_q"": 0, ""weak_B_direction"": 0, ""weak_q_perp_for_phi"": 0, ""weak_r_perp_for_phi"": 0}",u,0.00415066710174915,128.0,0.25382212499957396,True
0.36281654238700867,0.25420501828193665,0.719606339931488,2401,31.984371183438952,L640_sub00886,1.712843418121338,0.6214479207992554,0.745794951915741,lambda,4.0,0,"{""invalid_B"": 0, ""invalid_q"": 0, ""weak_B_direction"": 0, ""weak_q_perp_for_phi"": 0, ""weak_r_perp_for_phi"": 0}",u,0.0030096490375298634,32.0,0.23422268954178888,True
0.36281654238700867,0.25420501828193665,0.719606339931488,2419,62.96824596572466,L640_sub00886,1.712843418121338,0.6214479207992554,0.745794951915741,lambda,4.0,0,"{""invalid_B"": 0, ""invalid_q"": 0, ""weak_B_direction"": 0, ""weak_q_perp_for_phi"": 0, ""weak_r_perp_for_phi"": 0}",u,0.004841309783361411,64.0,0.26377930414076894,True
0.36281654238700867,0.25420501828193665,0.719606339931488,2298,125.193849689192,L640_sub00886,1.712843418121338,0.6214479207992554,0.745794951915741,lambda,4.0,0,"{""invalid_B"": 0, ""invalid_q"": 0, ""weak_B_direction"": 0, ""weak_q_perp_for_phi"": 0, ""weak_r_perp_for_phi"": 0}",u,0.012655387018762822,128.0,0.3354044788944402,True
0.36281654238700867,0.25420501828193665,0.719606339931488,1562,31.984371183438952,L640_sub00886,1.712843418121338,0.6214479207992554,0.745794951915741,parallel,5.0,0,"{""invalid_B"": 0, ""invalid_q"": 0, ""weak_B_direction"": 0, ""weak_q_perp_for_phi"": 0, ""weak_r_perp_for_phi"": 0}",B,0.009467578394866984,32.0,0.3937746752277521,True
0.36281654238700867,0.25420501828193665,0.719606339931488,1597,62.96824596572466,L640_sub00886,1.712843418121338,0.6214479207992554,0.745794951915741,parallel,5.0,0,"{""invalid_B"": 0, ""invalid_q"": 0, ""weak_B_direction"": 0, ""weak_q_perp_for_phi"": 0, ""weak_r_perp_for_phi"": 0}",B,0.02811971458300143,64.0,0.489555779059725,True
0.36281654238700867,0.25420501828193665,0.719606339931488,1590,125.193849689192,L640_sub00886,1.712843418121338,0.6214479207992554,0.745794951915741,parallel,5.0,0,"{""invalid_B"": 0, ""invalid_q"": 0, ""weak_B_direction"": 0, ""weak_q_perp_for_phi"": 0, ""weak_r_perp_for_phi"": 0}",B,0.20975666792385442,128.0,0.7317170167863515,True
0.36281654238700867,0.25420501828193665,0.719606339931488,1326,31.984371183438952,L640_sub00886,1.712843418121338,0.6214479207992554,0.745794951915741,xi,5.0,0,"{""invalid_B"": 0, ""invalid_q"": 0, ""weak_B_direction"": 0, ""weak_q_perp_for_phi"": 0, ""weak_r_perp_for_phi"": 0}",B,0.013022102180440882,32.0,0.41969734295230227,True
0.36281654238700867,0.25420501828193665,0.719606339931488,1345,62.96824596572466,L640_sub00886,1.712843418121338,0.6214479207992554,0.745794951915741,xi,5.0,0,"{""invalid_B"": 0, ""invalid_q"": 0, ""weak_B_direction"": 0, ""weak_q_perp_for_phi"": 0, ""weak_r_perp_for_phi"": 0}",B,0.02870841008307462,64.0,0.4915886285939006,True
0.36281654238700867,0.25420501828193665,0.719606339931488,1412,125.193849689192,L640_sub00886,1.712843418121338,0.6214479207992554,0.745794951915741,xi,5.0,0,"{""invalid_B"": 0, ""invalid_q"": 0, ""weak_B_direction"": 0, ""weak_q_perp_for_phi"": 0, ""weak_r_perp_for_phi"": 0}",B,0.13510607178425496,128.0,0.6700928337045042,True
0.36281654238700867,0.25420501828193665,0.719606339931488,2426,31.984371183438952,L640_sub00886,1.712843418121338,0.6214479207992554,0.745794951915741,lambda,5.0,0,"{""invalid_B"": 0, ""invalid_q"": 0, ""weak_B_direction"": 0, ""weak_q_perp_for_phi"": 0, ""weak_r_perp_for_phi"": 0}",B,0.16380540188914552,32.0,0.6964110346707441,True
0.36281654238700867,0.25420501828193665,0.719606339931488,2203,62.96824596572466,L640_sub00886,1.712843418121338,0.6214479207992554,0.745794951915741,lambda,5.0,0,"{""invalid_B"": 0, ""invalid_q"": 0, ""weak_B_direction"": 0, ""weak_q_perp_for_phi"": 0, ""weak_r_perp_for_phi"": 0}",B,0.33183523996823455,64.0,0.8020187120293567,True
0.36281654238700867,0.25420501828193665,0.719606339931488,2098,125.193849689192,L640_sub00886,1.712843418121338,0.6214479207992554,0.745794951915741,lambda,5.0,0,"{""invalid_B"": 0, ""invalid_q"": 0, ""weak_B_direction"": 0, ""weak_q_perp_for_phi"": 0, ""weak_r_perp_for_phi"": 0}",B,0.6880220712809174,128.0,0.9279412352893497,True
0.36281654238700867,0.25420501828193665,0.719606339931488,1562,31.984371183438952,L640_sub00886,1.712843418121338,0.6214479207992554,0.745794951915741,parallel,5.0,0,"{""invalid_B"": 0, ""invalid_q"": 0, ""weak_B_direction"": 0, ""weak_q_perp_for_phi"": 0, ""weak_r_perp_for_phi"": 0}",u,0.000368021946272157,32.0,0.20567179744598765,True
0.36281654238700867,0.25420501828193665,0.719606339931488,1597,62.96824596572466,L640_sub00886,1.712843418121338,0.6214479207992554,0.745794951915741,parallel,5.0,0,"{""invalid_B"": 0, ""invalid_q"": 0, ""weak_B_direction"": 0, ""weak_q_perp_for_phi"": 0, ""weak_r_perp_for_phi"": 0}",u,0.0010380471530184489,64.0,0.25307160320036387,True
0.36281654238700867,0.25420501828193665,0.719606339931488,1590,125.193849689192,L640_sub00886,1.712843418121338,0.6214479207992554,0.745794951915741,parallel,5.0,0,"{""invalid_B"": 0, ""invalid_q"": 0, ""weak_B_direction"": 0, ""weak_q_perp_for_phi"": 0, ""weak_r_perp_for_phi"": 0}",u,0.002151903866530659,128.0,0.29279561828711054,True
0.36281654238700867,0.25420501828193665,0.719606339931488,1549,31.984371183438952,L640_sub00886,1.712843418121338,0.6214479207992554,0.745794951915741,xi,5.0,0,"{""invalid_B"": 0, ""invalid_q"": 0, ""weak_B_direction"": 0, ""weak_q_perp_for_phi"": 0, ""weak_r_perp_for_phi"": 0}",u,0.00043458893358579463,32.0,0.2126256883710261,True
0.36281654238700867,0.25420501828193665,0.719606339931488,1636,62.96824596572466,L640_sub00886,1.712843418121338,0.6214479207992554,0.745794951915741,xi,5.0,0,"{""invalid_B"": 0, ""invalid_q"": 0, ""weak_B_direction"": 0, ""weak_q_perp_for_phi"": 0, ""weak_r_perp_for_phi"": 0}",u,0.001041010863724702,64.0,0.25321594653231655,True
0.36281654238700867,0.25420501828193665,0.719606339931488,1746,125.193849689192,L640_sub00886,1.712843418121338,0.6214479207992554,0.745794951915741,xi,5.0,0,"{""invalid_B"": 0, ""invalid_q"": 0, ""weak_B_direction"": 0, ""weak_q_perp_for_phi"": 0, ""weak_r_perp_for_phi"": 0}",u,0.0017725367978824512,128.0,0.2816560290010575,True
0.36281654238700867,0.25420501828193665,0.719606339931488,2401,31.984371183438952,L640_sub00886,1.712843418121338,0.6214479207992554,0.745794951915741,lambda,5.0,0,"{""invalid_B"": 0, ""invalid_q"": 0, ""weak_B_direction"": 0, ""weak_q_perp_for_phi"": 0, ""weak_r_perp_for_phi"": 0}",u,0.0012808466029663704,32.0,0.26393648227598565,True
0.36281654238700867,0.25420501828193665,0.719606339931488,2419,62.96824596572466,L640_sub00886,1.712843418121338,0.6214479207992554,0.745794951915741,lambda,5.0,0,"{""invalid_B"": 0, ""invalid_q"": 0, ""weak_B_direction"": 0, ""weak_q_perp_for_phi"": 0, ""weak_r_perp_for_phi"": 0}",u,0.002132690272875841,64.0,0.29227088702592613,True
0.36281654238700867,0.25420501828193665,0.719606339931488,2298,125.193849689192,L640_sub00886,1.712843418121338,0.6214479207992554,0.745794951915741,lambda,5.0,0,"{""invalid_B"": 0, ""invalid_q"": 0, ""weak_B_direction"": 0, ""weak_q_perp_for_phi"": 0, ""weak_r_perp_for_phi"": 0}",u,0.007419017009105447,128.0,0.3750328181301438,True
0.36281654238700867,0.25420501828193665,0.719606339931488,1562,31.984371183438952,L640_sub00886,1.712843418121338,0.6214479207992554,0.745794951915741,parallel,6.0,0,"{""invalid_B"": 0, ""invalid_q"": 0, ""weak_B_direction"": 0, ""weak_q_perp_for_phi"": 0, ""weak_r_perp_for_phi"": 0}",B,0.009986903302575309,32.0,0.4640575122218446,True
0.36281654238700867,0.25420501828193665,0.719606339931488,1597,62.96824596572466,L640_sub00886,1.712843418121338,0.6214479207992554,0.745794951915741,parallel,6.0,0,"{""invalid_B"": 0, ""invalid_q"": 0, ""weak_B_direction"": 0, ""weak_q_perp_for_phi"": 0, ""weak_r_perp_for_phi"": 0}",B,0.029105040703365996,64.0,0.5546189468502148,True
0.36281654238700867,0.25420501828193665,0.719606339931488,1590,125.193849689192,L640_sub00886,1.712843418121338,0.6214479207992554,0.745794951915741,parallel,6.0,0,"{""invalid_B"": 0, ""invalid_q"": 0, ""weak_B_direction"": 0, ""weak_q_perp_for_phi"": 0, ""weak_r_perp_for_phi"": 0}",B,0.32296077600216516,128.0,0.8283075691239478,True
0.36281654238700867,0.25420501828193665,0.719606339931488,1326,31.984371183438952,L640_sub00886,1.712843418121338,0.6214479207992554,0.745794951915741,xi,6.0,0,"{""invalid_B"": 0, ""invalid_q"": 0, ""weak_B_direction"": 0, ""weak_q_perp_for_phi"": 0, ""weak_r_perp_for_phi"": 0}",B,0.014190651661678648,32.0,0.49203997745087485,True
0.36281654238700867,0.25420501828193665,0.719606339931488,1345,62.96824596572466,L640_sub00886,1.712843418121338,0.6214479207992554,0.745794951915741,xi,6.0,0,"{""invalid_B"": 0, ""invalid_q"": 0, ""weak_B_direction"": 0, ""weak_q_perp_for_phi"": 0, ""weak_r_perp_for_phi"": 0}",B,0.031464129419019445,64.0,0.5618701409182918,True
0.36281654238700867,0.25420501828193665,0.719606339931488,1412,125.193849689192,L640_sub00886,1.712843418121338,0.6214479207992554,0.745794951915741,xi,6.0,0,"{""invalid_B"": 0, ""invalid_q"": 0, ""weak_B_direction"": 0, ""weak_q_perp_for_phi"": 0, ""weak_r_perp_for_phi"": 0}",B,0.16484927145206135,128.0,0.7404819989984798,True
0.36281654238700867,0.25420501828193665,0.719606339931488,2426,31.984371183438952,L640_sub00886,1.712843418121338,0.6214479207992554,0.745794951915741,lambda,6.0,0,"{""invalid_B"": 0, ""invalid_q"": 0, ""weak_B_direction"": 0, ""weak_q_perp_for_phi"": 0, ""weak_r_perp_for_phi"": 0}",B,0.2267303714505229,32.0,0.7808811690097546,True
0.36281654238700867,0.25420501828193665,0.719606339931488,2203,62.96824596572466,L640_sub00886,1.712843418121338,0.6214479207992554,0.745794951915741,lambda,6.0,0,"{""invalid_B"": 0, ""invalid_q"": 0, ""weak_B_direction"": 0, ""weak_q_perp_for_phi"": 0, ""weak_r_perp_for_phi"": 0}",B,0.4390579433188984,64.0,0.8718069090114534,True
0.36281654238700867,0.25420501828193665,0.719606339931488,2098,125.193849689192,L640_sub00886,1.712843418121338,0.6214479207992554,0.745794951915741,lambda,6.0,0,"{""invalid_B"": 0, ""invalid_q"": 0, ""weak_B_direction"": 0, ""weak_q_perp_for_phi"": 0, ""weak_r_perp_for_phi"": 0}",B,0.9429456015860653,128.0,0.9902566628074656,True
0.36281654238700867,0.25420501828193665,0.719606339931488,1562,31.984371183438952,L640_sub00886,1.712843418121338,0.6214479207992554,0.745794951915741,parallel,6.0,0,"{""invalid_B"": 0, ""invalid_q"": 0, ""weak_B_direction"": 0, ""weak_q_perp_for_phi"": 0, ""weak_r_perp_for_phi"": 0}",u,0.0001694019860103853,32.0,0.23522659187147854,True
0.36281654238700867,0.25420501828193665,0.719606339931488,1597,62.96824596572466,L640_sub00886,1.712843418121338,0.6214479207992554,0.745794951915741,parallel,6.0,0,"{""invalid_B"": 0, ""invalid_q"": 0, ""weak_B_direction"": 0, ""weak_q_perp_for_phi"": 0, ""weak_r_perp_for_phi"": 0}",u,0.0005191772596683216,64.0,0.2834997043362354,True
0.36281654238700867,0.25420501828193665,0.719606339931488,1590,125.193849689192,L640_sub00886,1.712843418121338,0.6214479207992554,0.745794951915741,parallel,6.0,0,"{""invalid_B"": 0, ""invalid_q"": 0, ""weak_B_direction"": 0, ""weak_q_perp_for_phi"": 0, ""weak_r_perp_for_phi"": 0}",u,0.0011114176824824373,128.0,0.3218445927376404,True
0.36281654238700867,0.25420501828193665,0.719606339931488,1549,31.984371183438952,L640_sub00886,1.712843418121338,0.6214479207992554,0.745794951915741,xi,6.0,0,"{""invalid_B"": 0, ""invalid_q"": 0, ""weak_B_direction"": 0, ""weak_q_perp_for_phi"": 0, ""weak_r_perp_for_phi"": 0}",u,0.00020201093186731375,32.0,0.24223067832091286,True
0.36281654238700867,0.25420501828193665,0.719606339931488,1636,62.96824596572466,L640_sub00886,1.712843418121338,0.6214479207992554,0.745794951915741,xi,6.0,0,"{""invalid_B"": 0, ""invalid_q"": 0, ""weak_B_direction"": 0, ""weak_q_perp_for_phi"": 0, ""weak_r_perp_for_phi"": 0}",u,0.0004828582494080315,64.0,0.2800936583008365,True
0.36281654238700867,0.25420501828193665,0.719606339931488,1746,125.193849689192,L640_sub00886,1.712843418121338,0.6214479207992554,0.745794951915741,xi,6.0,0,"{""invalid_B"": 0, ""invalid_q"": 0, ""weak_B_direction"": 0, ""weak_q_perp_for_phi"": 0, ""weak_r_perp_for_phi"": 0}",u,0.0008672728450542487,128.0,0.3088109026068034,True
0.36281654238700867,0.25420501828193665,0.719606339931488,2401,31.984371183438952,L640_sub00886,1.712843418121338,0.6214479207992554,0.745794951915741,lambda,6.0,0,"{""invalid_B"": 0, ""invalid_q"": 0, ""weak_B_direction"": 0, ""weak_q_perp_for_phi"": 0, ""weak_r_perp_for_phi"": 0}",u,0.0006138089770759204,32.0,0.2915225847728816,True
0.36281654238700867,0.25420501828193665,0.719606339931488,2419,62.96824596572466,L640_sub00886,1.712843418121338,0.6214479207992554,0.745794951915741,lambda,6.0,0,"{""invalid_B"": 0, ""invalid_q"": 0, ""weak_B_direction"": 0, ""weak_q_perp_for_phi"": 0, ""weak_r_perp_for_phi"": 0}",u,0.0010556178240022222,64.0,0.319093373739028,True
0.36281654238700867,0.25420501828193665,0.719606339931488,2298,125.193849689192,L640_sub00886,1.712843418121338,0.6214479207992554,0.745794951915741,lambda,6.0,0,"{""invalid_B"": 0, ""invalid_q"": 0, ""weak_B_direction"": 0, ""weak_q_perp_for_phi"": 0, ""weak_r_perp_for_phi"": 0}",u,0.005048633028529453,128.0,0.41418620877558215,True
0.23111984133720398,0.2536241412162781,0.4589252173900604,1983,31.984371183438952,L640_sub00032,1.7154713869094849,0.39647945761680603,0.7463758587837219,parallel,1.0,0,"{""invalid_B"": 0, ""invalid_q"": 0, ""weak_B_direction"": 0, ""weak_q_perp_for_phi"": 0, ""weak_r_perp_for_phi"": 0}",B,0.0732670990989274,32.0,0.0732670990989274,True
0.23111984133720398,0.2536241412162781,0.4589252173900604,2054,62.96824596572466,L640_sub00032,1.7154713869094849,0.39647945761680603,0.7463758587837219,parallel,1.0,0,"{""invalid_B"": 0, ""invalid_q"": 0, ""weak_B_direction"": 0, ""weak_q_perp_for_phi"": 0, ""weak_r_perp_for_phi"": 0}",B,0.11427722492026944,64.0,0.11427722492026944,True
0.23111984133720398,0.2536241412162781,0.4589252173900604,1948,125.193849689192,L640_sub00032,1.7154713869094849,0.39647945761680603,0.7463758587837219,parallel,1.0,0,"{""invalid_B"": 0, ""invalid_q"": 0, ""weak_B_direction"": 0, ""weak_q_perp_for_phi"": 0, ""weak_r_perp_for_phi"": 0}",B,0.16692290852723926,128.0,0.16692290852723926,True
0.23111984133720398,0.2536241412162781,0.4589252173900604,1580,31.984371183438952,L640_sub00032,1.7154713869094849,0.39647945761680603,0.7463758587837219,xi,1.0,0,"{""invalid_B"": 0, ""invalid_q"": 0, ""weak_B_direction"": 0, ""weak_q_perp_for_phi"": 0, ""weak_r_perp_for_phi"": 0}",B,0.10533898448649934,32.0,0.10533898448649934,True
0.23111984133720398,0.2536241412162781,0.4589252173900604,1600,62.96824596572466,L640_sub00032,1.7154713869094849,0.39647945761680603,0.7463758587837219,xi,1.0,0,"{""invalid_B"": 0, ""invalid_q"": 0, ""weak_B_direction"": 0, ""weak_q_perp_for_phi"": 0, ""weak_r_perp_for_phi"": 0}",B,0.1490831397133668,64.0,0.1490831397133668,True
0.23111984133720398,0.2536241412162781,0.4589252173900604,1790,125.193849689192,L640_sub00032,1.7154713869094849,0.39647945761680603,0.7463758587837219,xi,1.0,0,"{""invalid_B"": 0, ""invalid_q"": 0, ""weak_B_direction"": 0, ""weak_q_perp_for_phi"": 0, ""weak_r_perp_for_phi"": 0}",B,0.20961566294018974,128.0,0.20961566294018974,True
0.23111984133720398,0.2536241412162781,0.4589252173900604,2637,31.984371183438952,L640_sub00032,1.7154713869094849,0.39647945761680603,0.7463758587837219,lambda,1.0,0,"{""invalid_B"": 0, ""invalid_q"": 0, ""weak_B_direction"": 0, ""weak_q_perp_for_phi"": 0, ""weak_r_perp_for_phi"": 0}",B,0.17583503005568266,32.0,0.17583503005568266,True
0.23111984133720398,0.2536241412162781,0.4589252173900604,2643,62.96824596572466,L640_sub00032,1.7154713869094849,0.39647945761680603,0.7463758587837219,lambda,1.0,0,"{""invalid_B"": 0, ""invalid_q"": 0, ""weak_B_direction"": 0, ""weak_q_perp_for_phi"": 0, ""weak_r_perp_for_phi"": 0}",B,0.23161360934453734,64.0,0.23161360934453734,True
0.23111984133720398,0.2536241412162781,0.4589252173900604,2578,125.193849689192,L640_sub00032,1.7154713869094849,0.39647945761680603,0.7463758587837219,lambda,1.0,0,"{""invalid_B"": 0, ""invalid_q"": 0, ""weak_B_direction"": 0, ""weak_q_perp_for_phi"": 0, ""weak_r_perp_for_phi"": 0}",B,0.2872405163035608,128.0,0.2872405163035608,True
0.23111984133720398,0.2536241412162781,0.4589252173900604,1983,31.984371183438952,L640_sub00032,1.7154713869094849,0.39647945761680603,0.7463758587837219,parallel,1.0,0,"{""invalid_B"": 0, ""invalid_q"": 0, ""weak_B_direction"": 0, ""weak_q_perp_for_phi"": 0, ""weak_r_perp_for_phi"": 0}",u,0.05337532155683417,32.0,0.05337532155683417,True
0.23111984133720398,0.2536241412162781,0.4589252173900604,2054,62.96824596572466,L640_sub00032,1.7154713869094849,0.39647945761680603,0.7463758587837219,parallel,1.0,0,"{""invalid_B"": 0, ""invalid_q"": 0, ""weak_B_direction"": 0, ""weak_q_perp_for_phi"": 0, ""weak_r_perp_for_phi"": 0}",u,0.08113634607007553,64.0,0.08113634607007553,True
0.23111984133720398,0.2536241412162781,0.4589252173900604,1948,125.193849689192,L640_sub00032,1.7154713869094849,0.39647945761680603,0.7463758587837219,parallel,1.0,0,"{""invalid_B"": 0, ""invalid_q"": 0, ""weak_B_direction"": 0, ""weak_q_perp_for_phi"": 0, ""weak_r_perp_for_phi"": 0}",u,0.12306617069709413,128.0,0.12306617069709413,True
0.23111984133720398,0.2536241412162781,0.4589252173900604,1622,31.984371183438952,L640_sub00032,1.7154713869094849,0.39647945761680603,0.7463758587837219,xi,1.0,0,"{""invalid_B"": 0, ""invalid_q"": 0, ""weak_B_direction"": 0, ""weak_q_perp_for_phi"": 0, ""weak_r_perp_for_phi"": 0}",u,0.07956390008116236,32.0,0.07956390008116236,True
0.23111984133720398,0.2536241412162781,0.4589252173900604,1634,62.96824596572466,L640_sub00032,1.7154713869094849,0.39647945761680603,0.7463758587837219,xi,1.0,0,"{""invalid_B"": 0, ""invalid_q"": 0, ""weak_B_direction"": 0, ""weak_q_perp_for_phi"": 0, ""weak_r_perp_for_phi"": 0}",u,0.1069739813499923,64.0,0.1069739813499923,True
0.23111984133720398,0.2536241412162781,0.4589252173900604,1644,125.193849689192,L640_sub00032,1.7154713869094849,0.39647945761680603,0.7463758587837219,xi,1.0,0,"{""invalid_B"": 0, ""invalid_q"": 0, ""weak_B_direction"": 0, ""weak_q_perp_for_phi"": 0, ""weak_r_perp_for_phi"": 0}",u,0.13786284263398835,128.0,0.13786284263398835,True
0.23111984133720398,0.2536241412162781,0.4589252173900604,2723,31.984371183438952,L640_sub00032,1.7154713869094849,0.39647945761680603,0.7463758587837219,lambda,1.0,0,"{""invalid_B"": 0, ""invalid_q"": 0, ""weak_B_direction"": 0, ""weak_q_perp_for_phi"": 0, ""weak_r_perp_for_phi"": 0}",u,0.1185704614750379,32.0,0.1185704614750379,True
0.23111984133720398,0.2536241412162781,0.4589252173900604,2593,62.96824596572466,L640_sub00032,1.7154713869094849,0.39647945761680603,0.7463758587837219,lambda,1.0,0,"{""invalid_B"": 0, ""invalid_q"": 0, ""weak_B_direction"": 0, ""weak_q_perp_for_phi"": 0, ""weak_r_perp_for_phi"": 0}",u,0.15799223883219585,64.0,0.15799223883219585,True
0.23111984133720398,0.2536241412162781,0.4589252173900604,2722,125.193849689192,L640_sub00032,1.7154713869094849,0.39647945761680603,0.7463758587837219,lambda,1.0,0,"{""invalid_B"": 0, ""invalid_q"": 0, ""weak_B_direction"": 0, ""weak_q_perp_for_phi"": 0, ""weak_r_perp_for_phi"": 0}",u,0.19913263341722498,128.0,0.19913263341722498,True
0.23111984133720398,0.2536241412162781,0.4589252173900604,1983,31.984371183438952,L640_sub00032,1.7154713869094849,0.39647945761680603,0.7463758587837219,parallel,2.0,0,"{""invalid_B"": 0, ""invalid_q"": 0, ""weak_B_direction"": 0, ""weak_q_perp_for_phi"": 0, ""weak_r_perp_for_phi"": 0}",B,0.008793918173868235,32.0,0.09377589335148045,True
0.23111984133720398,0.2536241412162781,0.4589252173900604,2054,62.96824596572466,L640_sub00032,1.7154713869094849,0.39647945761680603,0.7463758587837219,parallel,2.0,0,"{""invalid_B"": 0, ""invalid_q"": 0, ""weak_B_direction"": 0, ""weak_q_perp_for_phi"": 0, ""weak_r_perp_for_phi"": 0}",B,0.020500505216270348,64.0,0.14317997491363918,True
0.23111984133720398,0.2536241412162781,0.4589252173900604,1948,125.193849689192,L640_sub00032,1.7154713869094849,0.39647945761680603,0.7463758587837219,parallel,2.0,0,"{""invalid_B"": 0, ""invalid_q"": 0, ""weak_B_direction"": 0, ""weak_q_perp_for_phi"": 0, ""weak_r_perp_for_phi"": 0}",B,0.04065856588079885,128.0,0.20163969321737932,True
0.23111984133720398,0.2536241412162781,0.4589252173900604,1580,31.984371183438952,L640_sub00032,1.7154713869094849,0.39647945761680603,0.7463758587837219,xi,2.0,0,"{""invalid_B"": 0, ""invalid_q"": 0, ""weak_B_direction"": 0, ""weak_q_perp_for_phi"": 0, ""weak_r_perp_for_phi"": 0}",B,0.016717213629753567,32.0,0.12929506421265108,True
0.23111984133720398,0.2536241412162781,0.4589252173900604,1600,62.96824596572466,L640_sub00032,1.7154713869094849,0.39647945761680603,0.7463758587837219,xi,2.0,0,"{""invalid_B"": 0, ""invalid_q"": 0, ""weak_B_direction"": 0, ""weak_q_perp_for_phi"": 0, ""weak_r_perp_for_phi"": 0}",B,0.032483034472609355,64.0,0.18023050372400715,True
0.23111984133720398,0.2536241412162781,0.4589252173900604,1790,125.193849689192,L640_sub00032,1.7154713869094849,0.39647945761680603,0.7463758587837219,xi,2.0,0,"{""invalid_B"": 0, ""invalid_q"": 0, ""weak_B_direction"": 0, ""weak_q_perp_for_phi"": 0, ""weak_r_perp_for_phi"": 0}",B,0.06136498831121857,128.0,0.24771957595478514,True
0.23111984133720398,0.2536241412162781,0.4589252173900604,2637,31.984371183438952,L640_sub00032,1.7154713869094849,0.39647945761680603,0.7463758587837219,lambda,2.0,0,"{""invalid_B"": 0, ""invalid_q"": 0, ""weak_B_direction"": 0, ""weak_q_perp_for_phi"": 0, ""weak_r_perp_for_phi"": 0}",B,0.051342075907245294,32.0,0.22658789885438563,True
0.23111984133720398,0.2536241412162781,0.4589252173900604,2643,62.96824596572466,L640_sub00032,1.7154713869094849,0.39647945761680603,0.7463758587837219,lambda,2.0,0,"{""invalid_B"": 0, ""invalid_q"": 0, ""weak_B_direction"": 0, ""weak_q_perp_for_phi"": 0, ""weak_r_perp_for_phi"": 0}",B,0.08450888009888446,64.0,0.29070411090812676,True
0.23111984133720398,0.2536241412162781,0.4589252173900604,2578,125.193849689192,L640_sub00032,1.7154713869094849,0.39647945761680603,0.7463758587837219,lambda,2.0,0,"{""invalid_B"": 0, ""invalid_q"": 0, ""weak_B_direction"": 0, ""weak_q_perp_for_phi"": 0, ""weak_r_perp_for_phi"": 0}",B,0.12026822527886281,128.0,0.3467970952572452,True
0.23111984133720398,0.2536241412162781,0.4589252173900604,1983,31.984371183438952,L640_sub00032,1.7154713869094849,0.39647945761680603,0.7463758587837219,parallel,2.0,0,"{""invalid_B"": 0, ""invalid_q"": 0, ""weak_B_direction"": 0, ""weak_q_perp_for_phi"": 0, ""weak_r_perp_for_phi"": 0}",u,0.004386539899082672,32.0,0.06623095876614404,True
0.23111984133720398,0.2536241412162781,0.4589252173900604,2054,62.96824596572466,L640_sub00032,1.7154713869094849,0.39647945761680603,0.7463758587837219,parallel,2.0,0,"{""invalid_B"": 0, ""invalid_q"": 0, ""weak_B_direction"": 0, ""weak_q_perp_for_phi"": 0, ""weak_r_perp_for_phi"": 0}",u,0.009612734393842458,64.0,0.09804455310644472,True
0.23111984133720398,0.2536241412162781,0.4589252173900604,1948,125.193849689192,L640_sub00032,1.7154713869094849,0.39647945761680603,0.7463758587837219,parallel,2.0,0,"{""invalid_B"": 0, ""invalid_q"": 0, ""weak_B_direction"": 0, ""weak_q_perp_for_phi"": 0, ""weak_r_perp_for_phi"": 0}",u,0.020890765658506078,128.0,0.1445363817815642,True
0.23111984133720398,0.2536241412162781,0.4589252173900604,1622,31.984371183438952,L640_sub00032,1.7154713869094849,0.39647945761680603,0.7463758587837219,xi,2.0,0,"{""invalid_B"": 0, ""invalid_q"": 0, ""weak_B_direction"": 0, ""weak_q_perp_for_phi"": 0, ""weak_r_perp_for_phi"": 0}",u,0.008705993172375338,32.0,0.09330591177613205,True
0.23111984133720398,0.2536241412162781,0.4589252173900604,1634,62.96824596572466,L640_sub00032,1.7154713869094849,0.39647945761680603,0.7463758587837219,xi,2.0,0,"{""invalid_B"": 0, ""invalid_q"": 0, ""weak_B_direction"": 0, ""weak_q_perp_for_phi"": 0, ""weak_r_perp_for_phi"": 0}",u,0.015511184131302909,64.0,0.12454390443254502,True
0.23111984133720398,0.2536241412162781,0.4589252173900604,1644,125.193849689192,L640_sub00032,1.7154713869094849,0.39647945761680603,0.7463758587837219,xi,2.0,0,"{""invalid_B"": 0, ""invalid_q"": 0, ""weak_B_direction"": 0, ""weak_q_perp_for_phi"": 0, ""weak_r_perp_for_phi"": 0}",u,0.02559972076057732,128.0,0.1599991273744245,True
0.23111984133720398,0.2536241412162781,0.4589252173900604,2723,31.984371183438952,L640_sub00032,1.7154713869094849,0.39647945761680603,0.7463758587837219,lambda,2.0,0,"{""invalid_B"": 0, ""invalid_q"": 0, ""weak_B_direction"": 0, ""weak_q_perp_for_phi"": 0, ""weak_r_perp_for_phi"": 0}",u,0.02176826060532535,32.0,0.14754070829884663,True
0.23111984133720398,0.2536241412162781,0.4589252173900604,2593,62.96824596572466,L640_sub00032,1.7154713869094849,0.39647945761680603,0.7463758587837219,lambda,2.0,0,"{""invalid_B"": 0, ""invalid_q"": 0, ""weak_B_direction"": 0, ""weak_q_perp_for_phi"": 0, ""weak_r_perp_for_phi"": 0}",u,0.03686211639665364,64.0,0.19199509472029133,True
0.23111984133720398,0.2536241412162781,0.4589252173900604,2722,125.193849689192,L640_sub00032,1.7154713869094849,0.39647945761680603,0.7463758587837219,lambda,2.0,0,"{""invalid_B"": 0, ""invalid_q"": 0, ""weak_B_direction"": 0, ""weak_q_perp_for_phi"": 0, ""weak_r_perp_for_phi"": 0}",u,0.058412211754184595,128.0,0.2416861844503831,True
0.23111984133720398,0.2536241412162781,0.4589252173900604,1983,31.984371183438952,L640_sub00032,1.7154713869094849,0.39647945761680603,0.7463758587837219,parallel,3.0,0,"{""invalid_B"": 0, ""invalid_q"": 0, ""weak_B_direction"": 0, ""weak_q_perp_for_phi"": 0, ""weak_r_perp_for_phi"": 0}",B,0.001555005725881457,32.0,0.11585390163081247,True
0.23111984133720398,0.2536241412162781,0.4589252173900604,2054,62.96824596572466,L640_sub00032,1.7154713869094849,0.39647945761680603,0.7463758587837219,parallel,3.0,0,"{""invalid_B"": 0, ""invalid_q"": 0, ""weak_B_direction"": 0, ""weak_q_perp_for_phi"": 0, ""weak_r_perp_for_phi"": 0}",B,0.005228564518445398,64.0,0.1735644689334161,True
0.23111984133720398,0.2536241412162781,0.4589252173900604,1948,125.193849689192,L640_sub00032,1.7154713869094849,0.39647945761680603,0.7463758587837219,parallel,3.0,0,"{""invalid_B"": 0, ""invalid_q"": 0, ""weak_B_direction"": 0, ""weak_q_perp_for_phi"": 0, ""weak_r_perp_for_phi"": 0}",B,0.012850068191705918,128.0,0.23422602282589508,True
0.23111984133720398,0.2536241412162781,0.4589252173900604,1580,31.984371183438952,L640_sub00032,1.7154713869094849,0.39647945761680603,0.7463758587837219,xi,3.0,0,"{""invalid_B"": 0, ""invalid_q"": 0, ""weak_B_direction"": 0, ""weak_q_perp_for_phi"": 0, ""weak_r_perp_for_phi"": 0}",B,0.0037342489636092357,32.0,0.15514379944828158,True
0.23111984133720398,0.2536241412162781,0.4589252173900604,1600,62.96824596572466,L640_sub00032,1.7154713869094849,0.39647945761680603,0.7463758587837219,xi,3.0,0,"{""invalid_B"": 0, ""invalid_q"": 0, ""weak_B_direction"": 0, ""weak_q_perp_for_phi"": 0, ""weak_r_perp_for_phi"": 0}",B,0.009500658078726876,64.0,0.21179606946016438,True
0.23111984133720398,0.2536241412162781,0.4589252173900604,1790,125.193849689192,L640_sub00032,1.7154713869094849,0.39647945761680603,0.7463758587837219,xi,3.0,0,"{""invalid_B"": 0, ""invalid_q"": 0, ""weak_B_direction"": 0, ""weak_q_perp_for_phi"": 0, ""weak_r_perp_for_phi"": 0}",B,0.022635786714581992,128.0,0.28287758199486385,True
0.23111984133720398,0.2536241412162781,0.4589252173900604,2637,31.984371183438952,L640_sub00032,1.7154713869094849,0.39647945761680603,0.7463758587837219,lambda,3.0,0,"{""invalid_B"": 0, ""invalid_q"": 0, ""weak_B_direction"": 0, ""weak_q_perp_for_phi"": 0, ""weak_r_perp_for_phi"": 0}",B,0.021409672344704547,32.0,0.2776749316406278,True
0.23111984133720398,0.2536241412162781,0.4589252173900604,2643,62.96824596572466,L640_sub00032,1.7154713869094849,0.39647945761680603,0.7463758587837219,lambda,3.0,0,"{""invalid_B"": 0, ""invalid_q"": 0, ""weak_B_direction"": 0, ""weak_q_perp_for_phi"": 0, ""weak_r_perp_for_phi"": 0}",B,0.04198463544128274,64.0,0.34756027232246484,True
0.23111984133720398,0.2536241412162781,0.4589252173900604,2578,125.193849689192,L640_sub00032,1.7154713869094849,0.39647945761680603,0.7463758587837219,lambda,3.0,0,"{""invalid_B"": 0, ""invalid_q"": 0, ""weak_B_direction"": 0, ""weak_q_perp_for_phi"": 0, ""weak_r_perp_for_phi"": 0}",B,0.06476089752317762,128.0,0.40157896216832967,True
0.23111984133720398,0.2536241412162781,0.4589252173900604,1983,31.984371183438952,L640_sub00032,1.7154713869094849,0.39647945761680603,0.7463758587837219,parallel,3.0,0,"{""invalid_B"": 0, ""invalid_q"": 0, ""weak_B_direction"": 0, ""weak_q_perp_for_phi"": 0, ""weak_r_perp_for_phi"": 0}",u,0.0005111344587335715,32.0,0.07995489429893311,True
0.23111984133720398,0.2536241412162781,0.4589252173900604,2054,62.96824596572466,L640_sub00032,1.7154713869094849,0.39647945761680603,0.7463758587837219,parallel,3.0,0,"{""invalid_B"": 0, ""invalid_q"": 0, ""weak_B_direction"": 0, ""weak_q_perp_for_phi"": 0, ""weak_r_perp_for_phi"": 0}",u,0.0015459773171309116,64.0,0.11562924924101453,True
0.23111984133720398,0.2536241412162781,0.4589252173900604,1948,125.193849689192,L640_sub00032,1.7154713869094849,0.39647945761680603,0.7463758587837219,parallel,3.0,0,"{""invalid_B"": 0, ""invalid_q"": 0, ""weak_B_direction"": 0, ""weak_q_perp_for_phi"": 0, ""weak_r_perp_for_phi"": 0}",u,0.004510595953551759,128.0,0.16522584260320028,True
0.23111984133720398,0.2536241412162781,0.4589252173900604,1622,31.984371183438952,L640_sub00032,1.7154713869094849,0.39647945761680603,0.7463758587837219,xi,3.0,0,"{""invalid_B"": 0, ""invalid_q"": 0, ""weak_B_direction"": 0, ""weak_q_perp_for_phi"": 0, ""weak_r_perp_for_phi"": 0}",u,0.0012125117786992408,32.0,0.10663390706755169,True
0.23111984133720398,0.2536241412162781,0.4589252173900604,1634,62.96824596572466,L640_sub00032,1.7154713869094849,0.39647945761680603,0.7463758587837219,xi,3.0,0,"{""invalid_B"": 0, ""invalid_q"": 0, ""weak_B_direction"": 0, ""weak_q_perp_for_phi"": 0, ""weak_r_perp_for_phi"": 0}",u,0.0028295094805664365,64.0,0.14143939320043758,True
0.23111984133720398,0.2536241412162781,0.4589252173900604,1644,125.193849689192,L640_sub00032,1.7154713869094849,0.39647945761680603,0.7463758587837219,xi,3.0,0,"{""invalid_B"": 0, ""invalid_q"": 0, ""weak_B_direction"": 0, ""weak_q_perp_for_phi"": 0, ""weak_r_perp_for_phi"": 0}",u,0.006039324087990932,128.0,0.18210817632099058,True
0.23111984133720398,0.2536241412162781,0.4589252173900604,2723,31.984371183438952,L640_sub00032,1.7154713869094849,0.39647945761680603,0.7463758587837219,lambda,3.0,0,"{""invalid_B"": 0, ""invalid_q"": 0, ""weak_B_direction"": 0, ""weak_q_perp_for_phi"": 0, ""weak_r_perp_for_phi"": 0}",u,0.006017113328990771,32.0,0.1818846563060998,True
0.23111984133720398,0.2536241412162781,0.4589252173900604,2593,62.96824596572466,L640_sub00032,1.7154713869094849,0.39647945761680603,0.7463758587837219,lambda,3.0,0,"{""invalid_B"": 0, ""invalid_q"": 0, ""weak_B_direction"": 0, ""weak_q_perp_for_phi"": 0, ""weak_r_perp_for_phi"": 0}",u,0.011974872576574598,64.0,0.22878293840245997,True
0.23111984133720398,0.2536241412162781,0.4589252173900604,2722,125.193849689192,L640_sub00032,1.7154713869094849,0.39647945761680603,0.7463758587837219,lambda,3.0,0,"{""invalid_B"": 0, ""invalid_q"": 0, ""weak_B_direction"": 0, ""weak_q_perp_for_phi"": 0, ""weak_r_perp_for_phi"": 0}",u,0.02257828783540925,128.0,0.28263785929837976,True
0.23111984133720398,0.2536241412162781,0.4589252173900604,1983,31.984371183438952,L640_sub00032,1.7154713869094849,0.39647945761680603,0.7463758587837219,parallel,4.0,0,"{""invalid_B"": 0, ""invalid_q"": 0, ""weak_B_direction"": 0, ""weak_q_perp_for_phi"": 0, ""weak_r_perp_for_phi"": 0}",B,0.00038860435299922265,32.0,0.14040317062672947,True
0.23111984133720398,0.2536241412162781,0.4589252173900604,2054,62.96824596572466,L640_sub00032,1.7154713869094849,0.39647945761680603,0.7463758587837219,parallel,4.0,0,"{""invalid_B"": 0, ""invalid_q"": 0, ""weak_B_direction"": 0, ""weak_q_perp_for_phi"": 0, ""weak_r_perp_for_phi"": 0}",B,0.001759488258075494,64.0,0.20480784750258182,True
0.23111984133720398,0.2536241412162781,0.4589252173900604,1948,125.193849689192,L640_sub00032,1.7154713869094849,0.39647945761680603,0.7463758587837219,parallel,4.0,0,"{""invalid_B"": 0, ""invalid_q"": 0, ""weak_B_direction"": 0, ""weak_q_perp_for_phi"": 0, ""weak_r_perp_for_phi"": 0}",B,0.004907720437523206,128.0,0.2646792856976324,True
0.23111984133720398,0.2536241412162781,0.4589252173900604,1580,31.984371183438952,L640_sub00032,1.7154713869094849,0.39647945761680603,0.7463758587837219,xi,4.0,0,"{""invalid_B"": 0, ""invalid_q"": 0, ""weak_B_direction"": 0, ""weak_q_perp_for_phi"": 0, ""weak_r_perp_for_phi"": 0}",B,0.0011076700365969018,32.0,0.18243266481160506,True
0.23111984133720398,0.2536241412162781,0.4589252173900604,1600,62.96824596572466,L640_sub00032,1.7154713869094849,0.39647945761680603,0.7463758587837219,xi,4.0,0,"{""invalid_B"": 0, ""invalid_q"": 0, ""weak_B_direction"": 0, ""weak_q_perp_for_phi"": 0, ""weak_r_perp_for_phi"": 0}",B,0.0035260359087884202,64.0,0.24368100812355148,True
0.23111984133720398,0.2536241412162781,0.4589252173900604,1790,125.193849689192,L640_sub00032,1.7154713869094849,0.39647945761680603,0.7463758587837219,xi,4.0,0,"{""invalid_B"": 0, ""invalid_q"": 0, ""weak_B_direction"": 0, ""weak_q_perp_for_phi"": 0, ""weak_r_perp_for_phi"": 0}",B,0.009916698837811036,128.0,0.31556714526701335,True
0.23111984133720398,0.2536241412162781,0.4589252173900604,2637,31.984371183438952,L640_sub00032,1.7154713869094849,0.39647945761680603,0.7463758587837219,lambda,4.0,0,"{""invalid_B"": 0, ""invalid_q"": 0, ""weak_B_direction"": 0, ""weak_q_perp_for_phi"": 0, ""weak_r_perp_for_phi"": 0}",B,0.01129557199791382,32.0,0.3260070988747676,True
0.23111984133720398,0.2536241412162781,0.4589252173900604,2643,62.96824596572466,L640_sub00032,1.7154713869094849,0.39647945761680603,0.7463758587837219,lambda,4.0,0,"{""invalid_B"": 0, ""invalid_q"": 0, ""weak_B_direction"": 0, ""weak_q_perp_for_phi"": 0, ""weak_r_perp_for_phi"": 0}",B,0.025735386709834978,64.0,0.400527808733281,True
0.23111984133720398,0.2536241412162781,0.4589252173900604,2578,125.193849689192,L640_sub00032,1.7154713869094849,0.39647945761680603,0.7463758587837219,lambda,4.0,0,"{""invalid_B"": 0, ""invalid_q"": 0, ""weak_B_direction"": 0, ""weak_q_perp_for_phi"": 0, ""weak_r_perp_for_phi"": 0}",B,0.04119133593302683,128.0,0.45050692312388074,True
0.23111984133720398,0.2536241412162781,0.4589252173900604,1983,31.984371183438952,L640_sub00032,1.7154713869094849,0.39647945761680603,0.7463758587837219,parallel,4.0,0,"{""invalid_B"": 0, ""invalid_q"": 0, ""weak_B_direction"": 0, ""weak_q_perp_for_phi"": 0, ""weak_r_perp_for_phi"": 0}",u,7.954650833440034e-05,32.0,0.09443984819251997,True
0.23111984133720398,0.2536241412162781,0.4589252173900604,2054,62.96824596572466,L640_sub00032,1.7154713869094849,0.39647945761680603,0.7463758587837219,parallel,4.0,0,"{""invalid_B"": 0, ""invalid_q"": 0, ""weak_B_direction"": 0, ""weak_q_perp_for_phi"": 0, ""weak_r_perp_for_phi"": 0}",u,0.00032260806421977067,64.0,0.13401975041291964,True
0.23111984133720398,0.2536241412162781,0.4589252173900604,1948,125.193849689192,L640_sub00032,1.7154713869094849,0.39647945761680603,0.7463758587837219,parallel,4.0,0,"{""invalid_B"": 0, ""invalid_q"": 0, ""weak_B_direction"": 0, ""weak_q_perp_for_phi"": 0, ""weak_r_perp_for_phi"": 0}",u,0.0011804386550192936,128.0,0.1853577954983854,True
0.23111984133720398,0.2536241412162781,0.4589252173900604,1622,31.984371183438952,L640_sub00032,1.7154713869094849,0.39647945761680603,0.7463758587837219,xi,4.0,0,"{""invalid_B"": 0, ""invalid_q"": 0, ""weak_B_direction"": 0, ""weak_q_perp_for_phi"": 0, ""weak_r_perp_for_phi"": 0}",u,0.00020655478774348404,32.0,0.11988333514786838,True
0.23111984133720398,0.2536241412162781,0.4589252173900604,1634,62.96824596572466,L640_sub00032,1.7154713869094849,0.39647945761680603,0.7463758587837219,xi,4.0,0,"{""invalid_B"": 0, ""invalid_q"": 0, ""weak_B_direction"": 0, ""weak_q_perp_for_phi"": 0, ""weak_r_perp_for_phi"": 0}",u,0.0006211307689817037,64.0,0.1578686011842673,True
0.23111984133720398,0.2536241412162781,0.4589252173900604,1644,125.193849689192,L640_sub00032,1.7154713869094849,0.39647945761680603,0.7463758587837219,xi,4.0,0,"{""invalid_B"": 0, ""invalid_q"": 0, ""weak_B_direction"": 0, ""weak_q_perp_for_phi"": 0, ""weak_r_perp_for_phi"": 0}",u,0.0017745284621617581,128.0,0.2052441287091958,True
0.23111984133720398,0.2536241412162781,0.4589252173900604,2723,31.984371183438952,L640_sub00032,1.7154713869094849,0.39647945761680603,0.7463758587837219,lambda,4.0,0,"{""invalid_B"": 0, ""invalid_q"": 0, ""weak_B_direction"": 0, ""weak_q_perp_for_phi"": 0, ""weak_r_perp_for_phi"": 0}",u,0.002486324946308597,32.0,0.22330038500363314,True
0.23111984133720398,0.2536241412162781,0.4589252173900604,2593,62.96824596572466,L640_sub00032,1.7154713869094849,0.39647945761680603,0.7463758587837219,lambda,4.0,0,"{""invalid_B"": 0, ""invalid_q"": 0, ""weak_B_direction"": 0, ""weak_q_perp_for_phi"": 0, ""weak_r_perp_for_phi"": 0}",u,0.0052266440484192095,64.0,0.2688782860334644,True
0.23111984133720398,0.2536241412162781,0.4589252173900604,2722,125.193849689192,L640_sub00032,1.7154713869094849,0.39647945761680603,0.7463758587837219,lambda,4.0,0,"{""invalid_B"": 0, ""invalid_q"": 0, ""weak_B_direction"": 0, ""weak_q_perp_for_phi"": 0, ""weak_r_perp_for_phi"": 0}",u,0.010561299674672679,128.0,0.3205747715522267,True
0.23111984133720398,0.2536241412162781,0.4589252173900604,1983,31.984371183438952,L640_sub00032,1.7154713869094849,0.39647945761680603,0.7463758587837219,parallel,5.0,0,"{""invalid_B"": 0, ""invalid_q"": 0, ""weak_B_direction"": 0, ""weak_q_perp_for_phi"": 0, ""weak_r_perp_for_phi"": 0}",B,0.0001352246908809768,32.0,0.16834925524499356,True
0.23111984133720398,0.2536241412162781,0.4589252173900604,2054,62.96824596572466,L640_sub00032,1.7154713869094849,0.39647945761680603,0.7463758587837219,parallel,5.0,0,"{""invalid_B"": 0, ""invalid_q"": 0, ""weak_B_direction"": 0, ""weak_q_perp_for_phi"": 0, ""weak_r_perp_for_phi"": 0}",B,0.0007360121528192427,64.0,0.23625281780137866,True
0.23111984133720398,0.2536241412162781,0.4589252173900604,1948,125.193849689192,L640_sub00032,1.7154713869094849,0.39647945761680603,0.7463758587837219,parallel,5.0,0,"{""invalid_B"": 0, ""invalid_q"": 0, ""weak_B_direction"": 0, ""weak_q_perp_for_phi"": 0, ""weak_r_perp_for_phi"": 0}",B,0.0021673713747765626,128.0,0.29321532602987727,True
0.23111984133720398,0.2536241412162781,0.4589252173900604,1580,31.984371183438952,L640_sub00032,1.7154713869094849,0.39647945761680603,0.7463758587837219,xi,5.0,0,"{""invalid_B"": 0, ""invalid_q"": 0, ""weak_B_direction"": 0, ""weak_q_perp_for_phi"": 0, ""weak_r_perp_for_phi"": 0}",B,0.0004061026059131661,32.0,0.20976216425048805,True
0.23111984133720398,0.2536241412162781,0.4589252173900604,1600,62.96824596572466,L640_sub00032,1.7154713869094849,0.39647945761680603,0.7463758587837219,xi,5.0,0,"{""invalid_B"": 0, ""invalid_q"": 0, ""weak_B_direction"": 0, ""weak_q_perp_for_phi"": 0, ""weak_r_perp_for_phi"": 0}",B,0.0015877527998797128,64.0,0.27552218724388283,True
0.23111984133720398,0.2536241412162781,0.4589252173900604,1790,125.193849689192,L640_sub00032,1.7154713869094849,0.39647945761680603,0.7463758587837219,xi,5.0,0,"{""invalid_B"": 0, ""invalid_q"": 0, ""weak_B_direction"": 0, ""weak_q_perp_for_phi"": 0, ""weak_r_perp_for_phi"": 0}",B,0.004959787644299742,128.0,0.3460131597935743,True
0.23111984133720398,0.2536241412162781,0.4589252173900604,2637,31.984371183438952,L640_sub00032,1.7154713869094849,0.39647945761680603,0.7463758587837219,lambda,5.0,0,"{""invalid_B"": 0, ""invalid_q"": 0, ""weak_B_direction"": 0, ""weak_q_perp_for_phi"": 0, ""weak_r_perp_for_phi"": 0}",B,0.006936813207364688,32.0,0.3700257946922732,True
0.23111984133720398,0.2536241412162781,0.4589252173900604,2643,62.96824596572466,L640_sub00032,1.7154713869094849,0.39647945761680603,0.7463758587837219,lambda,5.0,0,"{""invalid_B"": 0, ""invalid_q"": 0, ""weak_B_direction"": 0, ""weak_q_perp_for_phi"": 0, ""weak_r_perp_for_phi"": 0}",B,0.01827567392882372,64.0,0.44913270442875275,True
0.23111984133720398,0.2536241412162781,0.4589252173900604,2578,125.193849689192,L640_sub00032,1.7154713869094849,0.39647945761680603,0.7463758587837219,lambda,5.0,0,"{""invalid_B"": 0, ""invalid_q"": 0, ""weak_B_direction"": 0, ""weak_q_perp_for_phi"": 0, ""weak_r_perp_for_phi"": 0}",B,0.02921515055673991,128.0,0.49331193841179133,True
0.23111984133720398,0.2536241412162781,0.4589252173900604,1983,31.984371183438952,L640_sub00032,1.7154713869094849,0.39647945761680603,0.7463758587837219,parallel,5.0,0,"{""invalid_B"": 0, ""invalid_q"": 0, ""weak_B_direction"": 0, ""weak_q_perp_for_phi"": 0, ""weak_r_perp_for_phi"": 0}",u,1.548831119566825e-05,32.0,0.1091442380143225,True
0.23111984133720398,0.2536241412162781,0.4589252173900604,2054,62.96824596572466,L640_sub00032,1.7154713869094849,0.39647945761680603,0.7463758587837219,parallel,5.0,0,"{""invalid_B"": 0, ""invalid_q"": 0, ""weak_B_direction"": 0, ""weak_q_perp_for_phi"": 0, ""weak_r_perp_for_phi"": 0}",u,8.386741229698085e-05,64.0,0.1530095890175274,True
0.23111984133720398,0.2536241412162781,0.4589252173900604,1948,125.193849689192,L640_sub00032,1.7154713869094849,0.39647945761680603,0.7463758587837219,parallel,5.0,0,"{""invalid_B"": 0, ""invalid_q"": 0, ""weak_B_direction"": 0, ""weak_q_perp_for_phi"": 0, ""weak_r_perp_for_phi"": 0}",u,0.0003614881222386916,128.0,0.20493626005413676,True
0.23111984133720398,0.2536241412162781,0.4589252173900604,1622,31.984371183438952,L640_sub00032,1.7154713869094849,0.39647945761680603,0.7463758587837219,xi,5.0,0,"{""invalid_B"": 0, ""invalid_q"": 0, ""weak_B_direction"": 0, ""weak_q_perp_for_phi"": 0, ""weak_r_perp_for_phi"": 0}",u,4.1855491349654396e-05,32.0,0.13315285687094414,True
0.23111984133720398,0.2536241412162781,0.4589252173900604,1634,62.96824596572466,L640_sub00032,1.7154713869094849,0.39647945761680603,0.7463758587837219,xi,5.0,0,"{""invalid_B"": 0, ""invalid_q"": 0, ""weak_B_direction"": 0, ""weak_q_perp_for_phi"": 0, ""weak_r_perp_for_phi"": 0}",u,0.00015822569870437648,64.0,0.1737222335378208,True
0.23111984133720398,0.2536241412162781,0.4589252173900604,1644,125.193849689192,L640_sub00032,1.7154713869094849,0.39647945761680603,0.7463758587837219,xi,5.0,0,"{""invalid_B"": 0, ""invalid_q"": 0, ""weak_B_direction"": 0, ""weak_q_perp_for_phi"": 0, ""weak_r_perp_for_phi"": 0}",u,0.0006447956568399488,128.0,0.23008294135152085,True
0.23111984133720398,0.2536241412162781,0.4589252173900604,2723,31.984371183438952,L640_sub00032,1.7154713869094849,0.39647945761680603,0.7463758587837219,lambda,5.0,0,"{""invalid_B"": 0, ""invalid_q"": 0, ""weak_B_direction"": 0, ""weak_q_perp_for_phi"": 0, ""weak_r_perp_for_phi"": 0}",u,0.0014378350437674009,32.0,0.2701107152087914,True
0.23111984133720398,0.2536241412162781,0.4589252173900604,2593,62.96824596572466,L640_sub00032,1.7154713869094849,0.39647945761680603,0.7463758587837219,lambda,5.0,0,"{""invalid_B"": 0, ""invalid_q"": 0, ""weak_B_direction"": 0, ""weak_q_perp_for_phi"": 0, ""weak_r_perp_for_phi"": 0}",u,0.0029317132061817876,64.0,0.31147579047240376,True
0.23111984133720398,0.2536241412162781,0.4589252173900604,2722,125.193849689192,L640_sub00032,1.7154713869094849,0.39647945761680603,0.7463758587837219,lambda,5.0,0,"{""invalid_B"": 0, ""invalid_q"": 0, ""weak_B_direction"": 0, ""weak_q_perp_for_phi"": 0, ""weak_r_perp_for_phi"": 0}",u,0.0056305369688278584,128.0,0.3549032389468719,True
0.23111984133720398,0.2536241412162781,0.4589252173900604,1983,31.984371183438952,L640_sub00032,1.7154713869094849,0.39647945761680603,0.7463758587837219,parallel,6.0,0,"{""invalid_B"": 0, ""invalid_q"": 0, ""weak_B_direction"": 0, ""weak_q_perp_for_phi"": 0, ""weak_r_perp_for_phi"": 0}",B,6.215319748882723e-05,32.0,0.19902635041055708,True
0.23111984133720398,0.2536241412162781,0.4589252173900604,2054,62.96824596572466,L640_sub00032,1.7154713869094849,0.39647945761680603,0.7463758587837219,parallel,6.0,0,"{""invalid_B"": 0, ""invalid_q"": 0, ""weak_B_direction"": 0, ""weak_q_perp_for_phi"": 0, ""weak_r_perp_for_phi"": 0}",B,0.000364089821490452,64.0,0.26721946469191044,True
0.23111984133720398,0.2536241412162781,0.4589252173900604,1948,125.193849689192,L640_sub00032,1.7154713869094849,0.39647945761680603,0.7463758587837219,parallel,6.0,0,"{""invalid_B"": 0, ""invalid_q"": 0, ""weak_B_direction"": 0, ""weak_q_perp_for_phi"": 0, ""weak_r_perp_for_phi"": 0}",B,0.0010752823609295943,128.0,0.32007647359333785,True
0.23111984133720398,0.2536241412162781,0.4589252173900604,1580,31.984371183438952,L640_sub00032,1.7154713869094849,0.39647945761680603,0.7463758587837219,xi,6.0,0,"{""invalid_B"": 0, ""invalid_q"": 0, ""weak_B_direction"": 0, ""weak_q_perp_for_phi"": 0, ""weak_r_perp_for_phi"": 0}",B,0.00017160849277219652,32.0,0.23573449068882554,True
0.23111984133720398,0.2536241412162781,0.4589252173900604,1600,62.96824596572466,L640_sub00032,1.7154713869094849,0.39647945761680603,0.7463758587837219,xi,6.0,0,"{""invalid_B"": 0, ""invalid_q"": 0, ""weak_B_direction"": 0, ""weak_q_perp_for_phi"": 0, ""weak_r_perp_for_phi"": 0}",B,0.0008331128253354623,64.0,0.30674957525163987,True
0.23111984133720398,0.2536241412162781,0.4589252173900604,1790,125.193849689192,L640_sub00032,1.7154713869094849,0.39647945761680603,0.7463758587837219,xi,6.0,0,"{""invalid_B"": 0, ""invalid_q"": 0, ""weak_B_direction"": 0, ""weak_q_perp_for_phi"": 0, ""weak_r_perp_for_phi"": 0}",B,0.0027495698215910494,128.0,0.3742922131673986,True
0.23111984133720398,0.2536241412162781,0.4589252173900604,2637,31.984371183438952,L640_sub00032,1.7154713869094849,0.39647945761680603,0.7463758587837219,lambda,6.0,0,"{""invalid_B"": 0, ""invalid_q"": 0, ""weak_B_direction"": 0, ""weak_q_perp_for_phi"": 0, ""weak_r_perp_for_phi"": 0}",B,0.004715181397567189,32.0,0.40949606628954804,True
0.23111984133720398,0.2536241412162781,0.4589252173900604,2643,62.96824596572466,L640_sub00032,1.7154713869094849,0.39647945761680603,0.7463758587837219,lambda,6.0,0,"{""invalid_B"": 0, ""invalid_q"": 0, ""weak_B_direction"": 0, ""weak_q_perp_for_phi"": 0, ""weak_r_perp_for_phi"": 0}",B,0.014432218647153322,64.0,0.4934261742244608,True
0.23111984133720398,0.2536241412162781,0.4589252173900604,2578,125.193849689192,L640_sub00032,1.7154713869094849,0.39647945761680603,0.7463758587837219,lambda,6.0,0,"{""invalid_B"": 0, ""invalid_q"": 0, ""weak_B_direction"": 0, ""weak_q_perp_for_phi"": 0, ""weak_r_perp_for_phi"": 0}",B,0.022269040784938406,128.0,0.530416369276135,True
0.23111984133720398,0.2536241412162781,0.4589252173900604,1983,31.984371183438952,L640_sub00032,1.7154713869094849,0.39647945761680603,0.7463758587837219,parallel,6.0,0,"{""invalid_B"": 0, ""invalid_q"": 0, ""weak_B_direction"": 0, ""weak_q_perp_for_phi"": 0, ""weak_r_perp_for_phi"": 0}",u,3.5341003070185446e-06,32.0,0.12341837159675546,True
0.23111984133720398,0.2536241412162781,0.4589252173900604,2054,62.96824596572466,L640_sub00032,1.7154713869094849,0.39647945761680603,0.7463758587837219,parallel,6.0,0,"{""invalid_B"": 0, ""invalid_q"": 0, ""weak_B_direction"": 0, ""weak_q_perp_for_phi"": 0, ""weak_r_perp_for_phi"": 0}",u,2.600700849520849e-05,64.0,0.17212676236364954,True
0.23111984133720398,0.2536241412162781,0.4589252173900604,1948,125.193849689192,L640_sub00032,1.7154713869094849,0.39647945761680603,0.7463758587837219,parallel,6.0,0,"{""invalid_B"": 0, ""invalid_q"": 0, ""weak_B_direction"": 0, ""weak_q_perp_for_phi"": 0, ""weak_r_perp_for_phi"": 0}",u,0.00012595712282045343,128.0,0.2238912504672898,True
0.23111984133720398,0.2536241412162781,0.4589252173900604,1622,31.984371183438952,L640_sub00032,1.7154713869094849,0.39647945761680603,0.7463758587837219,xi,6.0,0,"{""invalid_B"": 0, ""invalid_q"": 0, ""weak_B_direction"": 0, ""weak_q_perp_for_phi"": 0, ""weak_r_perp_for_phi"": 0}",u,9.83402280497363e-06,32.0,0.14637105457362234,True
0.23111984133720398,0.2536241412162781,0.4589252173900604,1634,62.96824596572466,L640_sub00032,1.7154713869094849,0.39647945761680603,0.7463758587837219,xi,6.0,0,"{""invalid_B"": 0, ""invalid_q"": 0, ""weak_B_direction"": 0, ""weak_q_perp_for_phi"": 0, ""weak_r_perp_for_phi"": 0}",u,4.531476017197703e-05,64.0,0.18881650198866481,True
0.23111984133720398,0.2536241412162781,0.4589252173900604,1644,125.193849689192,L640_sub00032,1.7154713869094849,0.39647945761680603,0.7463758587837219,xi,6.0,0,"{""invalid_B"": 0, ""invalid_q"": 0, ""weak_B_direction"": 0, ""weak_q_perp_for_phi"": 0, ""weak_r_perp_for_phi"": 0}",u,0.0002848077597507822,128.0,0.25650271693703924,True
0.23111984133720398,0.2536241412162781,0.4589252173900604,2723,31.984371183438952,L640_sub00032,1.7154713869094849,0.39647945761680603,0.7463758587837219,lambda,6.0,0,"{""invalid_B"": 0, ""invalid_q"": 0, ""weak_B_direction"": 0, ""weak_q_perp_for_phi"": 0, ""weak_r_perp_for_phi"": 0}",u,0.0010366334546057065,32.0,0.3181296908266229,True
0.23111984133720398,0.2536241412162781,0.4589252173900604,2593,62.96824596572466,L640_sub00032,1.7154713869094849,0.39647945761680603,0.7463758587837219,lambda,6.0,0,"{""invalid_B"": 0, ""invalid_q"": 0, ""weak_B_direction"": 0, ""weak_q_perp_for_phi"": 0, ""weak_r_perp_for_phi"": 0}",u,0.0020037213423687024,64.0,0.35506365607630214,True
0.23111984133720398,0.2536241412162781,0.4589252173900604,2722,125.193849689192,L640_sub00032,1.7154713869094849,0.39647945761680603,0.7463758587837219,lambda,6.0,0,"{""invalid_B"": 0, ""invalid_q"": 0, ""weak_B_direction"": 0, ""weak_q_perp_for_phi"": 0, ""weak_r_perp_for_phi"": 0}",u,0.0032911590514408686,128.0,0.38567795155181406,True
0.3251866102218628,0.25358274579048157,0.6457625031471252,1682,31.984371183438952,L640_sub02279,1.7156591415405273,0.557909369468689,0.7464172840118408,parallel,1.0,0,"{""invalid_B"": 0, ""invalid_q"": 0, ""weak_B_direction"": 0, ""weak_q_perp_for_phi"": 0, ""weak_r_perp_for_phi"": 0}",B,0.0882171933750333,32.0,0.0882171933750333,True
0.3251866102218628,0.25358274579048157,0.6457625031471252,1784,62.96824596572466,L640_sub02279,1.7156591415405273,0.557909369468689,0.7464172840118408,parallel,1.0,0,"{""invalid_B"": 0, ""invalid_q"": 0, ""weak_B_direction"": 0, ""weak_q_perp_for_phi"": 0, ""weak_r_perp_for_phi"": 0}",B,0.14630171993870106,64.0,0.14630171993870106,True
0.3251866102218628,0.25358274579048157,0.6457625031471252,1850,125.193849689192,L640_sub02279,1.7156591415405273,0.557909369468689,0.7464172840118408,parallel,1.0,0,"{""invalid_B"": 0, ""invalid_q"": 0, ""weak_B_direction"": 0, ""weak_q_perp_for_phi"": 0, ""weak_r_perp_for_phi"": 0}",B,0.23229364565583777,128.0,0.23229364565583777,True
0.3251866102218628,0.25358274579048157,0.6457625031471252,1417,31.984371183438952,L640_sub02279,1.7156591415405273,0.557909369468689,0.7464172840118408,xi,1.0,0,"{""invalid_B"": 0, ""invalid_q"": 0, ""weak_B_direction"": 0, ""weak_q_perp_for_phi"": 0, ""weak_r_perp_for_phi"": 0}",B,0.12780942989353086,32.0,0.12780942989353086,True
0.3251866102218628,0.25358274579048157,0.6457625031471252,1486,62.96824596572466,L640_sub02279,1.7156591415405273,0.557909369468689,0.7464172840118408,xi,1.0,0,"{""invalid_B"": 0, ""invalid_q"": 0, ""weak_B_direction"": 0, ""weak_q_perp_for_phi"": 0, ""weak_r_perp_for_phi"": 0}",B,0.186433116737361,64.0,0.186433116737361,True
0.3251866102218628,0.25358274579048157,0.6457625031471252,1363,125.193849689192,L640_sub02279,1.7156591415405273,0.557909369468689,0.7464172840118408,xi,1.0,0,"{""invalid_B"": 0, ""invalid_q"": 0, ""weak_B_direction"": 0, ""weak_q_perp_for_phi"": 0, ""weak_r_perp_for_phi"": 0}",B,0.2833698466627371,128.0,0.2833698466627371,True
0.3251866102218628,0.25358274579048157,0.6457625031471252,2708,31.984371183438952,L640_sub02279,1.7156591415405273,0.557909369468689,0.7464172840118408,lambda,1.0,0,"{""invalid_B"": 0, ""invalid_q"": 0, ""weak_B_direction"": 0, ""weak_q_perp_for_phi"": 0, ""weak_r_perp_for_phi"": 0}",B,0.2171774948507669,32.0,0.2171774948507669,True
0.3251866102218628,0.25358274579048157,0.6457625031471252,2636,62.96824596572466,L640_sub02279,1.7156591415405273,0.557909369468689,0.7464172840118408,lambda,1.0,0,"{""invalid_B"": 0, ""invalid_q"": 0, ""weak_B_direction"": 0, ""weak_q_perp_for_phi"": 0, ""weak_r_perp_for_phi"": 0}",B,0.31167106788071713,64.0,0.31167106788071713,True
0.3251866102218628,0.25358274579048157,0.6457625031471252,2715,125.193849689192,L640_sub02279,1.7156591415405273,0.557909369468689,0.7464172840118408,lambda,1.0,0,"{""invalid_B"": 0, ""invalid_q"": 0, ""weak_B_direction"": 0, ""weak_q_perp_for_phi"": 0, ""weak_r_perp_for_phi"": 0}",B,0.4531869846734538,128.0,0.4531869846734538,True
0.3251866102218628,0.25358274579048157,0.6457625031471252,1682,31.984371183438952,L640_sub02279,1.7156591415405273,0.557909369468689,0.7464172840118408,parallel,1.0,0,"{""invalid_B"": 0, ""invalid_q"": 0, ""weak_B_direction"": 0, ""weak_q_perp_for_phi"": 0, ""weak_r_perp_for_phi"": 0}",u,0.05793784387405092,32.0,0.05793784387405092,True
0.3251866102218628,0.25358274579048157,0.6457625031471252,1784,62.96824596572466,L640_sub02279,1.7156591415405273,0.557909369468689,0.7464172840118408,parallel,1.0,0,"{""invalid_B"": 0, ""invalid_q"": 0, ""weak_B_direction"": 0, ""weak_q_perp_for_phi"": 0, ""weak_r_perp_for_phi"": 0}",u,0.09065687660785518,64.0,0.09065687660785518,True
0.3251866102218628,0.25358274579048157,0.6457625031471252,1850,125.193849689192,L640_sub02279,1.7156591415405273,0.557909369468689,0.7464172840118408,parallel,1.0,0,"{""invalid_B"": 0, ""invalid_q"": 0, ""weak_B_direction"": 0, ""weak_q_perp_for_phi"": 0, ""weak_r_perp_for_phi"": 0}",u,0.12666507377092556,128.0,0.12666507377092556,True
0.3251866102218628,0.25358274579048157,0.6457625031471252,1618,31.984371183438952,L640_sub02279,1.7156591415405273,0.557909369468689,0.7464172840118408,xi,1.0,0,"{""invalid_B"": 0, ""invalid_q"": 0, ""weak_B_direction"": 0, ""weak_q_perp_for_phi"": 0, ""weak_r_perp_for_phi"": 0}",u,0.08518499064557947,32.0,0.08518499064557947,True
0.3251866102218628,0.25358274579048157,0.6457625031471252,1658,62.96824596572466,L640_sub02279,1.7156591415405273,0.557909369468689,0.7464172840118408,xi,1.0,0,"{""invalid_B"": 0, ""invalid_q"": 0, ""weak_B_direction"": 0, ""weak_q_perp_for_phi"": 0, ""weak_r_perp_for_phi"": 0}",u,0.11904277329207073,64.0,0.11904277329207073,True
0.3251866102218628,0.25358274579048157,0.6457625031471252,1659,125.193849689192,L640_sub02279,1.7156591415405273,0.557909369468689,0.7464172840118408,xi,1.0,0,"{""invalid_B"": 0, ""invalid_q"": 0, ""weak_B_direction"": 0, ""weak_q_perp_for_phi"": 0, ""weak_r_perp_for_phi"": 0}",u,0.15013742185007717,128.0,0.15013742185007717,True
0.3251866102218628,0.25358274579048157,0.6457625031471252,2494,31.984371183438952,L640_sub02279,1.7156591415405273,0.557909369468689,0.7464172840118408,lambda,1.0,0,"{""invalid_B"": 0, ""invalid_q"": 0, ""weak_B_direction"": 0, ""weak_q_perp_for_phi"": 0, ""weak_r_perp_for_phi"": 0}",u,0.13067311149840294,32.0,0.13067311149840294,True
0.3251866102218628,0.25358274579048157,0.6457625031471252,2599,62.96824596572466,L640_sub02279,1.7156591415405273,0.557909369468689,0.7464172840118408,lambda,1.0,0,"{""invalid_B"": 0, ""invalid_q"": 0, ""weak_B_direction"": 0, ""weak_q_perp_for_phi"": 0, ""weak_r_perp_for_phi"": 0}",u,0.15846903051165753,64.0,0.15846903051165753,True
0.3251866102218628,0.25358274579048157,0.6457625031471252,2481,125.193849689192,L640_sub02279,1.7156591415405273,0.557909369468689,0.7464172840118408,lambda,1.0,0,"{""invalid_B"": 0, ""invalid_q"": 0, ""weak_B_direction"": 0, ""weak_q_perp_for_phi"": 0, ""weak_r_perp_for_phi"": 0}",u,0.22932852433239959,128.0,0.22932852433239959,True
0.3251866102218628,0.25358274579048157,0.6457625031471252,1682,31.984371183438952,L640_sub02279,1.7156591415405273,0.557909369468689,0.7464172840118408,parallel,2.0,0,"{""invalid_B"": 0, ""invalid_q"": 0, ""weak_B_direction"": 0, ""weak_q_perp_for_phi"": 0, ""weak_r_perp_for_phi"": 0}",B,0.015156797703899322,32.0,0.1231129469385707,True
0.3251866102218628,0.25358274579048157,0.6457625031471252,1784,62.96824596572466,L640_sub02279,1.7156591415405273,0.557909369468689,0.7464172840118408,parallel,2.0,0,"{""invalid_B"": 0, ""invalid_q"": 0, ""weak_B_direction"": 0, ""weak_q_perp_for_phi"": 0, ""weak_r_perp_for_phi"": 0}",B,0.04080607932080746,64.0,0.20200514676811446,True
0.3251866102218628,0.25358274579048157,0.6457625031471252,1850,125.193849689192,L640_sub02279,1.7156591415405273,0.557909369468689,0.7464172840118408,parallel,2.0,0,"{""invalid_B"": 0, ""invalid_q"": 0, ""weak_B_direction"": 0, ""weak_q_perp_for_phi"": 0, ""weak_r_perp_for_phi"": 0}",B,0.10069253160420252,128.0,0.3173208653779365,True
0.3251866102218628,0.25358274579048157,0.6457625031471252,1417,31.984371183438952,L640_sub02279,1.7156591415405273,0.557909369468689,0.7464172840118408,xi,2.0,0,"{""invalid_B"": 0, ""invalid_q"": 0, ""weak_B_direction"": 0, ""weak_q_perp_for_phi"": 0, ""weak_r_perp_for_phi"": 0}",B,0.027913498135469384,32.0,0.16707333161061158,True
0.3251866102218628,0.25358274579048157,0.6457625031471252,1486,62.96824596572466,L640_sub02279,1.7156591415405273,0.557909369468689,0.7464172840118408,xi,2.0,0,"{""invalid_B"": 0, ""invalid_q"": 0, ""weak_B_direction"": 0, ""weak_q_perp_for_phi"": 0, ""weak_r_perp_for_phi"": 0}",B,0.059392848235177494,64.0,0.24370647967417175,True
0.3251866102218628,0.25358274579048157,0.6457625031471252,1363,125.193849689192,L640_sub02279,1.7156591415405273,0.557909369468689,0.7464172840118408,xi,2.0,0,"{""invalid_B"": 0, ""invalid_q"": 0, ""weak_B_direction"": 0, ""weak_q_perp_for_phi"": 0, ""weak_r_perp_for_phi"": 0}",B,0.13756907945180344,128.0,0.3709030593723964,True
0.3251866102218628,0.25358274579048157,0.6457625031471252,2708,31.984371183438952,L640_sub02279,1.7156591415405273,0.557909369468689,0.7464172840118408,lambda,2.0,0,"{""invalid_B"": 0, ""invalid_q"": 0, ""weak_B_direction"": 0, ""weak_q_perp_for_phi"": 0, ""weak_r_perp_for_phi"": 0}",B,0.08733744190814471,32.0,0.29552908809141737,True
0.3251866102218628,0.25358274579048157,0.6457625031471252,2636,62.96824596572466,L640_sub02279,1.7156591415405273,0.557909369468689,0.7464172840118408,lambda,2.0,0,"{""invalid_B"": 0, ""invalid_q"": 0, ""weak_B_direction"": 0, ""weak_q_perp_for_phi"": 0, ""weak_r_perp_for_phi"": 0}",B,0.17156958961071242,64.0,0.4142095962320434,True
0.3251866102218628,0.25358274579048157,0.6457625031471252,2715,125.193849689192,L640_sub02279,1.7156591415405273,0.557909369468689,0.7464172840118408,lambda,2.0,0,"{""invalid_B"": 0, ""invalid_q"": 0, ""weak_B_direction"": 0, ""weak_q_perp_for_phi"": 0, ""weak_r_perp_for_phi"": 0}",B,0.3251635136097996,128.0,0.5702311054386631,True
0.3251866102218628,0.25358274579048157,0.6457625031471252,1682,31.984371183438952,L640_sub02279,1.7156591415405273,0.557909369468689,0.7464172840118408,parallel,2.0,0,"{""invalid_B"": 0, ""invalid_q"": 0, ""weak_B_direction"": 0, ""weak_q_perp_for_phi"": 0, ""weak_r_perp_for_phi"": 0}",u,0.006060433365384489,32.0,0.07784878525310776,True
0.3251866102218628,0.25358274579048157,0.6457625031471252,1784,62.96824596572466,L640_sub02279,1.7156591415405273,0.557909369468689,0.7464172840118408,parallel,2.0,0,"{""invalid_B"": 0, ""invalid_q"": 0, ""weak_B_direction"": 0, ""weak_q_perp_for_phi"": 0, ""weak_r_perp_for_phi"": 0}",u,0.014034447577976901,64.0,0.1184670738136842,True
0.3251866102218628,0.25358274579048157,0.6457625031471252,1850,125.193849689192,L640_sub02279,1.7156591415405273,0.557909369468689,0.7464172840118408,parallel,2.0,0,"{""invalid_B"": 0, ""invalid_q"": 0, ""weak_B_direction"": 0, ""weak_q_perp_for_phi"": 0, ""weak_r_perp_for_phi"": 0}",u,0.026035353248678752,128.0,0.16135474349605824,True
0.3251866102218628,0.25358274579048157,0.6457625031471252,1618,31.984371183438952,L640_sub02279,1.7156591415405273,0.557909369468689,0.7464172840118408,xi,2.0,0,"{""invalid_B"": 0, ""invalid_q"": 0, ""weak_B_direction"": 0, ""weak_q_perp_for_phi"": 0, ""weak_r_perp_for_phi"": 0}",u,0.011281428126637733,32.0,0.10621406746113121,True
0.3251866102218628,0.25358274579048157,0.6457625031471252,1658,62.96824596572466,L640_sub02279,1.7156591415405273,0.557909369468689,0.7464172840118408,xi,2.0,0,"{""invalid_B"": 0, ""invalid_q"": 0, ""weak_B_direction"": 0, ""weak_q_perp_for_phi"": 0, ""weak_r_perp_for_phi"": 0}",u,0.021757408727386424,64.0,0.14750392783714752,True
0.3251866102218628,0.25358274579048157,0.6457625031471252,1659,125.193849689192,L640_sub02279,1.7156591415405273,0.557909369468689,0.7464172840118408,xi,2.0,0,"{""invalid_B"": 0, ""invalid_q"": 0, ""weak_B_direction"": 0, ""weak_q_perp_for_phi"": 0, ""weak_r_perp_for_phi"": 0}",u,0.03668743819478386,128.0,0.1915396517559324,True
0.3251866102218628,0.25358274579048157,0.6457625031471252,2494,31.984371183438952,L640_sub02279,1.7156591415405273,0.557909369468689,0.7464172840118408,lambda,2.0,0,"{""invalid_B"": 0, ""invalid_q"": 0, ""weak_B_direction"": 0, ""weak_q_perp_for_phi"": 0, ""weak_r_perp_for_phi"": 0}",u,0.030625057981860306,32.0,0.1750001656623796,True
0.3251866102218628,0.25358274579048157,0.6457625031471252,2599,62.96824596572466,L640_sub02279,1.7156591415405273,0.557909369468689,0.7464172840118408,lambda,2.0,0,"{""invalid_B"": 0, ""invalid_q"": 0, ""weak_B_direction"": 0, ""weak_q_perp_for_phi"": 0, ""weak_r_perp_for_phi"": 0}",u,0.041069735467319554,64.0,0.20265669361587726,True
0.3251866102218628,0.25358274579048157,0.6457625031471252,2481,125.193849689192,L640_sub02279,1.7156591415405273,0.557909369468689,0.7464172840118408,lambda,2.0,0,"{""invalid_B"": 0, ""invalid_q"": 0, ""weak_B_direction"": 0, ""weak_q_perp_for_phi"": 0, ""weak_r_perp_for_phi"": 0}",u,0.08229297501522374,128.0,0.2868675217155538,True
0.3251866102218628,0.25358274579048157,0.6457625031471252,1682,31.984371183438952,L640_sub02279,1.7156591415405273,0.557909369468689,0.7464172840118408,parallel,3.0,0,"{""invalid_B"": 0, ""invalid_q"": 0, ""weak_B_direction"": 0, ""weak_q_perp_for_phi"": 0, ""weak_r_perp_for_phi"": 0}",B,0.004390999533421601,32.0,0.16375244642907613,True
0.3251866102218628,0.25358274579048157,0.6457625031471252,1784,62.96824596572466,L640_sub02279,1.7156591415405273,0.557909369468689,0.7464172840118408,parallel,3.0,0,"{""invalid_B"": 0, ""invalid_q"": 0, ""weak_B_direction"": 0, ""weak_q_perp_for_phi"": 0, ""weak_r_perp_for_phi"": 0}",B,0.02022540154791175,64.0,0.27245767790012804,True
0.3251866102218628,0.25358274579048157,0.6457625031471252,1850,125.193849689192,L640_sub02279,1.7156591415405273,0.557909369468689,0.7464172840118408,parallel,3.0,0,"{""invalid_B"": 0, ""invalid_q"": 0, ""weak_B_direction"": 0, ""weak_q_perp_for_phi"": 0, ""weak_r_perp_for_phi"": 0}",B,0.07451548713152169,128.0,0.4208062501095732,True
0.3251866102218628,0.25358274579048157,0.6457625031471252,1417,31.984371183438952,L640_sub02279,1.7156591415405273,0.557909369468689,0.7464172840118408,xi,3.0,0,"{""invalid_B"": 0, ""invalid_q"": 0, ""weak_B_direction"": 0, ""weak_q_perp_for_phi"": 0, ""weak_r_perp_for_phi"": 0}",B,0.010468028608934914,32.0,0.2187534781457129,True
0.3251866102218628,0.25358274579048157,0.6457625031471252,1486,62.96824596572466,L640_sub02279,1.7156591415405273,0.557909369468689,0.7464172840118408,xi,3.0,0,"{""invalid_B"": 0, ""invalid_q"": 0, ""weak_B_direction"": 0, ""weak_q_perp_for_phi"": 0, ""weak_r_perp_for_phi"": 0}",B,0.028434257195452162,64.0,0.3052206848429902,True
0.3251866102218628,0.25358274579048157,0.6457625031471252,1363,125.193849689192,L640_sub02279,1.7156591415405273,0.557909369468689,0.7464172840118408,xi,3.0,0,"{""invalid_B"": 0, ""invalid_q"": 0, ""weak_B_direction"": 0, ""weak_q_perp_for_phi"": 0, ""weak_r_perp_for_phi"": 0}",B,0.09863644594913237,128.0,0.46203953540145754,True
0.3251866102218628,0.25358274579048157,0.6457625031471252,2708,31.984371183438952,L640_sub02279,1.7156591415405273,0.557909369468689,0.7464172840118408,lambda,3.0,0,"{""invalid_B"": 0, ""invalid_q"": 0, ""weak_B_direction"": 0, ""weak_q_perp_for_phi"": 0, ""weak_r_perp_for_phi"": 0}",B,0.05231052540639676,32.0,0.37399261571014575,True
0.3251866102218628,0.25358274579048157,0.6457625031471252,2636,62.96824596572466,L640_sub02279,1.7156591415405273,0.557909369468689,0.7464172840118408,lambda,3.0,0,"{""invalid_B"": 0, ""invalid_q"": 0, ""weak_B_direction"": 0, ""weak_q_perp_for_phi"": 0, ""weak_r_perp_for_phi"": 0}",B,0.13453417125862027,64.0,0.5124020625973649,True
0.3251866102218628,0.25358274579048157,0.6457625031471252,2715,125.193849689192,L640_sub02279,1.7156591415405273,0.557909369468689,0.7464172840118408,lambda,3.0,0,"{""invalid_B"": 0, ""invalid_q"": 0, ""weak_B_direction"": 0, ""weak_q_perp_for_phi"": 0, ""weak_r_perp_for_phi"": 0}",B,0.3011420188910456,128.0,0.6702813245639897,True
0.3251866102218628,0.25358274579048157,0.6457625031471252,1682,31.984371183438952,L640_sub02279,1.7156591415405273,0.557909369468689,0.7464172840118408,parallel,3.0,0,"{""invalid_B"": 0, ""invalid_q"": 0, ""weak_B_direction"": 0, ""weak_q_perp_for_phi"": 0, ""weak_r_perp_for_phi"": 0}",u,0.00105305730974913,32.0,0.10173818893098832,True
0.3251866102218628,0.25358274579048157,0.6457625031471252,1784,62.96824596572466,L640_sub02279,1.7156591415405273,0.557909369468689,0.7464172840118408,parallel,3.0,0,"{""invalid_B"": 0, ""invalid_q"": 0, ""weak_B_direction"": 0, ""weak_q_perp_for_phi"": 0, ""weak_r_perp_for_phi"": 0}",u,0.0036048006834142614,64.0,0.15332998231081577,True
0.3251866102218628,0.25358274579048157,0.6457625031471252,1850,125.193849689192,L640_sub02279,1.7156591415405273,0.557909369468689,0.7464172840118408,parallel,3.0,0,"{""invalid_B"": 0, ""invalid_q"": 0, ""weak_B_direction"": 0, ""weak_q_perp_for_phi"": 0, ""weak_r_perp_for_phi"": 0}",u,0.008950923396187502,128.0,0.20762960613469547,True
0.3251866102218628,0.25358274579048157,0.6457625031471252,1618,31.984371183438952,L640_sub02279,1.7156591415405273,0.557909369468689,0.7464172840118408,xi,3.0,0,"{""invalid_B"": 0, ""invalid_q"": 0, ""weak_B_direction"": 0, ""weak_q_perp_for_phi"": 0, ""weak_r_perp_for_phi"": 0}",u,0.0022282232544761625,32.0,0.1306129486944342,True
0.3251866102218628,0.25358274579048157,0.6457625031471252,1658,62.96824596572466,L640_sub02279,1.7156591415405273,0.557909369468689,0.7464172840118408,xi,3.0,0,"{""invalid_B"": 0, ""invalid_q"": 0, ""weak_B_direction"": 0, ""weak_q_perp_for_phi"": 0, ""weak_r_perp_for_phi"": 0}",u,0.005654807883204742,64.0,0.17815825553707493,True
0.3251866102218628,0.25358274579048157,0.6457625031471252,1659,125.193849689192,L640_sub02279,1.7156591415405273,0.557909369468689,0.7464172840118408,xi,3.0,0,"{""invalid_B"": 0, ""invalid_q"": 0, ""weak_B_direction"": 0, ""weak_q_perp_for_phi"": 0, ""weak_r_perp_for_phi"": 0}",u,0.013486444159763923,128.0,0.23803043275229455,True
0.3251866102218628,0.25358274579048157,0.6457625031471252,2494,31.984371183438952,L640_sub02279,1.7156591415405273,0.557909369468689,0.7464172840118408,lambda,3.0,0,"{""invalid_B"": 0, ""invalid_q"": 0, ""weak_B_direction"": 0, ""weak_q_perp_for_phi"": 0, ""weak_r_perp_for_phi"": 0}",u,0.011138131802781963,32.0,0.22332505567575273,True
0.3251866102218628,0.25358274579048157,0.6457625031471252,2599,62.96824596572466,L640_sub02279,1.7156591415405273,0.557909369468689,0.7464172840118408,lambda,3.0,0,"{""invalid_B"": 0, ""invalid_q"": 0, ""weak_B_direction"": 0, ""weak_q_perp_for_phi"": 0, ""weak_r_perp_for_phi"": 0}",u,0.015363853680476576,64.0,0.24859938742070486,True
0.3251866102218628,0.25358274579048157,0.6457625031471252,2481,125.193849689192,L640_sub02279,1.7156591415405273,0.557909369468689,0.7464172840118408,lambda,3.0,0,"{""invalid_B"": 0, ""invalid_q"": 0, ""weak_B_direction"": 0, ""weak_q_perp_for_phi"": 0, ""weak_r_perp_for_phi"": 0}",u,0.03864685869274905,128.0,0.33809446927196884,True
0.3251866102218628,0.25358274579048157,0.6457625031471252,1682,31.984371183438952,L640_sub02279,1.7156591415405273,0.557909369468689,0.7464172840118408,parallel,4.0,0,"{""invalid_B"": 0, ""invalid_q"": 0, ""weak_B_direction"": 0, ""weak_q_perp_for_phi"": 0, ""weak_r_perp_for_phi"": 0}",B,0.0017884477466226973,32.0,0.2056454305703333,True
0.3251866102218628,0.25358274579048157,0.6457625031471252,1784,62.96824596572466,L640_sub02279,1.7156591415405273,0.557909369468689,0.7464172840118408,parallel,4.0,0,"{""invalid_B"": 0, ""invalid_q"": 0, ""weak_B_direction"": 0, ""weak_q_perp_for_phi"": 0, ""weak_r_perp_for_phi"": 0}",B,0.014991465547667875,64.0,0.3499137614128379,True
0.3251866102218628,0.25358274579048157,0.6457625031471252,1850,125.193849689192,L640_sub02279,1.7156591415405273,0.557909369468689,0.7464172840118408,parallel,4.0,0,"{""invalid_B"": 0, ""invalid_q"": 0, ""weak_B_direction"": 0, ""weak_q_perp_for_phi"": 0, ""weak_r_perp_for_phi"": 0}",B,0.07671364875044526,128.0,0.5262815679625651,True
0.3251866102218628,0.25358274579048157,0.6457625031471252,1417,31.984371183438952,L640_sub02279,1.7156591415405273,0.557909369468689,0.7464172840118408,xi,4.0,0,"{""invalid_B"": 0, ""invalid_q"": 0, ""weak_B_direction"": 0, ""weak_q_perp_for_phi"": 0, ""weak_r_perp_for_phi"": 0}",B,0.006245036276293501,32.0,0.281114819821796,True
0.3251866102218628,0.25358274579048157,0.6457625031471252,1486,62.96824596572466,L640_sub02279,1.7156591415405273,0.557909369468689,0.7464172840118408,xi,4.0,0,"{""invalid_B"": 0, ""invalid_q"": 0, ""weak_B_direction"": 0, ""weak_q_perp_for_phi"": 0, ""weak_r_perp_for_phi"": 0}",B,0.018017079499028373,64.0,0.3663710074402442,True
0.3251866102218628,0.25358274579048157,0.6457625031471252,1363,125.193849689192,L640_sub02279,1.7156591415405273,0.557909369468689,0.7464172840118408,xi,4.0,0,"{""invalid_B"": 0, ""invalid_q"": 0, ""weak_B_direction"": 0, ""weak_q_perp_for_phi"": 0, ""weak_r_perp_for_phi"": 0}",B,0.09091413503615636,128.0,0.5491081033823596,True
0.3251866102218628,0.25358274579048157,0.6457625031471252,2708,31.984371183438952,L640_sub02279,1.7156591415405273,0.557909369468689,0.7464172840118408,lambda,4.0,0,"{""invalid_B"": 0, ""invalid_q"": 0, ""weak_B_direction"": 0, ""weak_q_perp_for_phi"": 0, ""weak_r_perp_for_phi"": 0}",B,0.039467683345460185,32.0,0.44571824187467823,True
0.3251866102218628,0.25358274579048157,0.6457625031471252,2636,62.96824596572466,L640_sub02279,1.7156591415405273,0.557909369468689,0.7464172840118408,lambda,4.0,0,"{""invalid_B"": 0, ""invalid_q"": 0, ""weak_B_direction"": 0, ""weak_q_perp_for_phi"": 0, ""weak_r_perp_for_phi"": 0}",B,0.12997827577850282,64.0,0.600437340788269,True
0.3251866102218628,0.25358274579048157,0.6457625031471252,2715,125.193849689192,L640_sub02279,1.7156591415405273,0.557909369468689,0.7464172840118408,lambda,4.0,0,"{""invalid_B"": 0, ""invalid_q"": 0, ""weak_B_direction"": 0, ""weak_q_perp_for_phi"": 0, ""weak_r_perp_for_phi"": 0}",B,0.32184392955228625,128.0,0.7532017675792301,True
0.3251866102218628,0.25358274579048157,0.6457625031471252,1682,31.984371183438952,L640_sub02279,1.7156591415405273,0.557909369468689,0.7464172840118408,parallel,4.0,0,"{""invalid_B"": 0, ""invalid_q"": 0, ""weak_B_direction"": 0, ""weak_q_perp_for_phi"": 0, ""weak_r_perp_for_phi"": 0}",u,0.00027272959034251395,32.0,0.12850885823954858,True
0.3251866102218628,0.25358274579048157,0.6457625031471252,1784,62.96824596572466,L640_sub02279,1.7156591415405273,0.557909369468689,0.7464172840118408,parallel,4.0,0,"{""invalid_B"": 0, ""invalid_q"": 0, ""weak_B_direction"": 0, ""weak_q_perp_for_phi"": 0, ""weak_r_perp_for_phi"": 0}",u,0.001399679588710337,64.0,0.19342257351914696,True
0.3251866102218628,0.25358274579048157,0.6457625031471252,1850,125.193849689192,L640_sub02279,1.7156591415405273,0.557909369468689,0.7464172840118408,parallel,4.0,0,"{""invalid_B"": 0, ""invalid_q"": 0, ""weak_B_direction"": 0, ""weak_q_perp_for_phi"": 0, ""weak_r_perp_for_phi"": 0}",u,0.004947247424567859,128.0,0.2652106181421647,True
0.3251866102218628,0.25358274579048157,0.6457625031471252,1618,31.984371183438952,L640_sub02279,1.7156591415405273,0.557909369468689,0.7464172840118408,xi,4.0,0,"{""invalid_B"": 0, ""invalid_q"": 0, ""weak_B_direction"": 0, ""weak_q_perp_for_phi"": 0, ""weak_r_perp_for_phi"": 0}",u,0.0006227308901773005,32.0,0.15797017610209693,True
0.3251866102218628,0.25358274579048157,0.6457625031471252,1658,62.96824596572466,L640_sub02279,1.7156591415405273,0.557909369468689,0.7464172840118408,xi,4.0,0,"{""invalid_B"": 0, ""invalid_q"": 0, ""weak_B_direction"": 0, ""weak_q_perp_for_phi"": 0, ""weak_r_perp_for_phi"": 0}",u,0.0019189634159430034,64.0,0.2092987688935304,True
0.3251866102218628,0.25358274579048157,0.6457625031471252,1659,125.193849689192,L640_sub02279,1.7156591415405273,0.557909369468689,0.7464172840118408,xi,4.0,0,"{""invalid_B"": 0, ""invalid_q"": 0, ""weak_B_direction"": 0, ""weak_q_perp_for_phi"": 0, ""weak_r_perp_for_phi"": 0}",u,0.0066188691159838236,128.0,0.28523049020422114,True
0.3251866102218628,0.25358274579048157,0.6457625031471252,2494,31.984371183438952,L640_sub02279,1.7156591415405273,0.557909369468689,0.7464172840118408,lambda,4.0,0,"{""invalid_B"": 0, ""invalid_q"": 0, ""weak_B_direction"": 0, ""weak_q_perp_for_phi"": 0, ""weak_r_perp_for_phi"": 0}",u,0.005387857870544869,32.0,0.27092808836084065,True
0.3251866102218628,0.25358274579048157,0.6457625031471252,2599,62.96824596572466,L640_sub02279,1.7156591415405273,0.557909369468689,0.7464172840118408,lambda,4.0,0,"{""invalid_B"": 0, ""invalid_q"": 0, ""weak_B_direction"": 0, ""weak_q_perp_for_phi"": 0, ""weak_r_perp_for_phi"": 0}",u,0.007374030187097686,64.0,0.2930395426080391,True
0.3251866102218628,0.25358274579048157,0.6457625031471252,2481,125.193849689192,L640_sub02279,1.7156591415405273,0.557909369468689,0.7464172840118408,lambda,4.0,0,"{""invalid_B"": 0, ""invalid_q"": 0, ""weak_B_direction"": 0, ""weak_q_perp_for_phi"": 0, ""weak_r_perp_for_phi"": 0}",u,0.021402355281751707,128.0,0.38248586686188507,True
0.3251866102218628,0.25358274579048157,0.6457625031471252,1682,31.984371183438952,L640_sub02279,1.7156591415405273,0.557909369468689,0.7464172840118408,parallel,5.0,0,"{""invalid_B"": 0, ""invalid_q"": 0, ""weak_B_direction"": 0, ""weak_q_perp_for_phi"": 0, ""weak_r_perp_for_phi"": 0}",B,0.0008962026499567629,32.0,0.24574305033932076,True
0.3251866102218628,0.25358274579048157,0.6457625031471252,1784,62.96824596572466,L640_sub02279,1.7156591415405273,0.557909369468689,0.7464172840118408,parallel,5.0,0,"{""invalid_B"": 0, ""invalid_q"": 0, ""weak_B_direction"": 0, ""weak_q_perp_for_phi"": 0, ""weak_r_perp_for_phi"": 0}",B,0.01400955567182738,64.0,0.42587767286767714,True
0.3251866102218628,0.25358274579048157,0.6457625031471252,1850,125.193849689192,L640_sub02279,1.7156591415405273,0.557909369468689,0.7464172840118408,parallel,5.0,0,"{""invalid_B"": 0, ""invalid_q"": 0, ""weak_B_direction"": 0, ""weak_q_perp_for_phi"": 0, ""weak_r_perp_for_phi"": 0}",B,0.09414386661502169,128.0,0.6233879544601065,True
0.3251866102218628,0.25358274579048157,0.6457625031471252,1417,31.984371183438952,L640_sub02279,1.7156591415405273,0.557909369468689,0.7464172840118408,xi,5.0,0,"{""invalid_B"": 0, ""invalid_q"": 0, ""weak_B_direction"": 0, ""weak_q_perp_for_phi"": 0, ""weak_r_perp_for_phi"": 0}",B,0.00498782621101614,32.0,0.3464034929961735,True
0.3251866102218628,0.25358274579048157,0.6457625031471252,1486,62.96824596572466,L640_sub02279,1.7156591415405273,0.557909369468689,0.7464172840118408,xi,5.0,0,"{""invalid_B"": 0, ""invalid_q"": 0, ""weak_B_direction"": 0, ""weak_q_perp_for_phi"": 0, ""weak_r_perp_for_phi"": 0}",B,0.01372926837710224,64.0,0.4241597739346144,True
0.3251866102218628,0.25358274579048157,0.6457625031471252,1363,125.193849689192,L640_sub02279,1.7156591415405273,0.557909369468689,0.7464172840118408,xi,5.0,0,"{""invalid_B"": 0, ""invalid_q"": 0, ""weak_B_direction"": 0, ""weak_q_perp_for_phi"": 0, ""weak_r_perp_for_phi"": 0}",B,0.09795373059874356,128.0,0.6283537281440899,True
0.3251866102218628,0.25358274579048157,0.6457625031471252,2708,31.984371183438952,L640_sub02279,1.7156591415405273,0.557909369468689,0.7464172840118408,lambda,5.0,0,"{""invalid_B"": 0, ""invalid_q"": 0, ""weak_B_direction"": 0, ""weak_q_perp_for_phi"": 0, ""weak_r_perp_for_phi"": 0}",B,0.03414395882256593,32.0,0.5089355343769499,True
0.3251866102218628,0.25358274579048157,0.6457625031471252,2636,62.96824596572466,L640_sub02279,1.7156591415405273,0.557909369468689,0.7464172840118408,lambda,5.0,0,"{""invalid_B"": 0, ""invalid_q"": 0, ""weak_B_direction"": 0, ""weak_q_perp_for_phi"": 0, ""weak_r_perp_for_phi"": 0}",B,0.1429927061475415,64.0,0.6777394674445946,True
0.3251866102218628,0.25358274579048157,0.6457625031471252,2715,125.193849689192,L640_sub02279,1.7156591415405273,0.557909369468689,0.7464172840118408,lambda,5.0,0,"{""invalid_B"": 0, ""invalid_q"": 0, ""weak_B_direction"": 0, ""weak_q_perp_for_phi"": 0, ""weak_r_perp_for_phi"": 0}",B,0.37544236221071237,128.0,0.8220697256480993,True
0.3251866102218628,0.25358274579048157,0.6457625031471252,1682,31.984371183438952,L640_sub02279,1.7156591415405273,0.557909369468689,0.7464172840118408,parallel,5.0,0,"{""invalid_B"": 0, ""invalid_q"": 0, ""weak_B_direction"": 0, ""weak_q_perp_for_phi"": 0, ""weak_r_perp_for_phi"": 0}",u,9.291167688336573e-05,32.0,0.15617591521969112,True
0.3251866102218628,0.25358274579048157,0.6457625031471252,1784,62.96824596572466,L640_sub02279,1.7156591415405273,0.557909369468689,0.7464172840118408,parallel,5.0,0,"{""invalid_B"": 0, ""invalid_q"": 0, ""weak_B_direction"": 0, ""weak_q_perp_for_phi"": 0, ""weak_r_perp_for_phi"": 0}",u,0.0007125574168133447,64.0,0.23472749984022084,True
0.3251866102218628,0.25358274579048157,0.6457625031471252,1850,125.193849689192,L640_sub02279,1.7156591415405273,0.557909369468689,0.7464172840118408,parallel,5.0,0,"{""invalid_B"": 0, ""invalid_q"": 0, ""weak_B_direction"": 0, ""weak_q_perp_for_phi"": 0, ""weak_r_perp_for_phi"": 0}",u,0.0037651094320760256,128.0,0.327457936440406,True
0.3251866102218628,0.25358274579048157,0.6457625031471252,1618,31.984371183438952,L640_sub02279,1.7156591415405273,0.557909369468689,0.7464172840118408,xi,5.0,0,"{""invalid_B"": 0, ""invalid_q"": 0, ""weak_B_direction"": 0, ""weak_q_perp_for_phi"": 0, ""weak_r_perp_for_phi"": 0}",u,0.00022318850028527873,32.0,0.1860948535078909,True
0.3251866102218628,0.25358274579048157,0.6457625031471252,1658,62.96824596572466,L640_sub02279,1.7156591415405273,0.557909369468689,0.7464172840118408,xi,5.0,0,"{""invalid_B"": 0, ""invalid_q"": 0, ""weak_B_direction"": 0, ""weak_q_perp_for_phi"": 0, ""weak_r_perp_for_phi"": 0}",u,0.0007831178386578331,64.0,0.23920233975110106,True
0.3251866102218628,0.25358274579048157,0.6457625031471252,1659,125.193849689192,L640_sub02279,1.7156591415405273,0.557909369468689,0.7464172840118408,xi,5.0,0,"{""invalid_B"": 0, ""invalid_q"": 0, ""weak_B_direction"": 0, ""weak_q_perp_for_phi"": 0, ""weak_r_perp_for_phi"": 0}",u,0.0038940212372486965,128.0,0.3296701784219277,True
0.3251866102218628,0.25358274579048157,0.6457625031471252,2494,31.984371183438952,L640_sub02279,1.7156591415405273,0.557909369468689,0.7464172840118408,lambda,5.0,0,"{""invalid_B"": 0, ""invalid_q"": 0, ""weak_B_direction"": 0, ""weak_q_perp_for_phi"": 0, ""weak_r_perp_for_phi"": 0}",u,0.003103185192366173,32.0,0.3150369823645137,True
0.3251866102218628,0.25358274579048157,0.6457625031471252,2599,62.96824596572466,L640_sub02279,1.7156591415405273,0.557909369468689,0.7464172840118408,lambda,5.0,0,"{""invalid_B"": 0, ""invalid_q"": 0, ""weak_B_direction"": 0, ""weak_q_perp_for_phi"": 0, ""weak_r_perp_for_phi"": 0}",u,0.004162817027473992,64.0,0.3341007606983109,True
0.3251866102218628,0.25358274579048157,0.6457625031471252,2481,125.193849689192,L640_sub02279,1.7156591415405273,0.557909369468689,0.7464172840118408,lambda,5.0,0,"{""invalid_B"": 0, ""invalid_q"": 0, ""weak_B_direction"": 0, ""weak_q_perp_for_phi"": 0, ""weak_r_perp_for_phi"": 0}",u,0.013239422731513089,128.0,0.4210889158934485,True
0.3251866102218628,0.25358274579048157,0.6457625031471252,1682,31.984371183438952,L640_sub02279,1.7156591415405273,0.557909369468689,0.7464172840118408,parallel,6.0,0,"{""invalid_B"": 0, ""invalid_q"": 0, ""weak_B_direction"": 0, ""weak_q_perp_for_phi"": 0, ""weak_r_perp_for_phi"": 0}",B,0.0005125176683504545,32.0,0.2828903547517261,True
0.3251866102218628,0.25358274579048157,0.6457625031471252,1784,62.96824596572466,L640_sub02279,1.7156591415405273,0.557909369468689,0.7464172840118408,parallel,6.0,0,"{""invalid_B"": 0, ""invalid_q"": 0, ""weak_B_direction"": 0, ""weak_q_perp_for_phi"": 0, ""weak_r_perp_for_phi"": 0}",B,0.014863037169380124,64.0,0.4958510767461232,True
0.3251866102218628,0.25358274579048157,0.6457625031471252,1850,125.193849689192,L640_sub02279,1.7156591415405273,0.557909369468689,0.7464172840118408,parallel,6.0,0,"{""invalid_B"": 0, ""invalid_q"": 0, ""weak_B_direction"": 0, ""weak_q_perp_for_phi"": 0, ""weak_r_perp_for_phi"": 0}",B,0.12771018273846144,128.0,0.7096391838138455,True
0.3251866102218628,0.25358274579048157,0.6457625031471252,1417,31.984371183438952,L640_sub02279,1.7156591415405273,0.557909369468689,0.7464172840118408,xi,6.0,0,"{""invalid_B"": 0, ""invalid_q"": 0, ""weak_B_direction"": 0, ""weak_q_perp_for_phi"": 0, ""weak_r_perp_for_phi"": 0}",B,0.004628859571600278,32.0,0.40823697218395627,True
0.3251866102218628,0.25358274579048157,0.6457625031471252,1486,62.96824596572466,L640_sub02279,1.7156591415405273,0.557909369468689,0.7464172840118408,xi,6.0,0,"{""invalid_B"": 0, ""invalid_q"": 0, ""weak_B_direction"": 0, ""weak_q_perp_for_phi"": 0, ""weak_r_perp_for_phi"": 0}",B,0.01181573505782886,64.0,0.47724727506379633,True
0.3251866102218628,0.25358274579048157,0.6457625031471252,1363,125.193849689192,L640_sub02279,1.7156591415405273,0.557909369468689,0.7464172840118408,xi,6.0,0,"{""invalid_B"": 0, ""invalid_q"": 0, ""weak_B_direction"": 0, ""weak_q_perp_for_phi"": 0, ""weak_r_perp_for_phi"": 0}",B,0.11670769233543783,128.0,0.6990634247898029,True
0.3251866102218628,0.25358274579048157,0.6457625031471252,2708,31.984371183438952,L640_sub02279,1.7156591415405273,0.557909369468689,0.7464172840118408,lambda,6.0,0,"{""invalid_B"": 0, ""invalid_q"": 0, ""weak_B_direction"": 0, ""weak_q_perp_for_phi"": 0, ""weak_r_perp_for_phi"": 0}",B,0.03228081376373435,32.0,0.5642749172040331,True
0.3251866102218628,0.25358274579048157,0.6457625031471252,2636,62.96824596572466,L640_sub02279,1.7156591415405273,0.557909369468689,0.7464172840118408,lambda,6.0,0,"{""invalid_B"": 0, ""invalid_q"": 0, ""weak_B_direction"": 0, ""weak_q_perp_for_phi"": 0, ""weak_r_perp_for_phi"": 0}",B,0.1719419762740324,64.0,0.7456991573926925,True
0.3251866102218628,0.25358274579048157,0.6457625031471252,2715,125.193849689192,L640_sub02279,1.7156591415405273,0.557909369468689,0.7464172840118408,lambda,6.0,0,"{""invalid_B"": 0, ""invalid_q"": 0, ""weak_B_direction"": 0, ""weak_q_perp_for_phi"": 0, ""weak_r_perp_for_phi"": 0}",B,0.4647149311607997,128.0,0.8800981425449816,True
0.3251866102218628,0.25358274579048157,0.6457625031471252,1682,31.984371183438952,L640_sub02279,1.7156591415405273,0.557909369468689,0.7464172840118408,parallel,6.0,0,"{""invalid_B"": 0, ""invalid_q"": 0, ""weak_B_direction"": 0, ""weak_q_perp_for_phi"": 0, ""weak_r_perp_for_phi"": 0}",u,3.751322071969587e-05,32.0,0.18296333115288518,True
0.3251866102218628,0.25358274579048157,0.6457625031471252,1784,62.96824596572466,L640_sub02279,1.7156591415405273,0.557909369468689,0.7464172840118408,parallel,6.0,0,"{""invalid_B"": 0, ""invalid_q"": 0, ""weak_B_direction"": 0, ""weak_q_perp_for_phi"": 0, ""weak_r_perp_for_phi"": 0}",u,0.00042441874318192906,64.0,0.2741358028037754,True
0.3251866102218628,0.25358274579048157,0.6457625031471252,1850,125.193849689192,L640_sub02279,1.7156591415405273,0.557909369468689,0.7464172840118408,parallel,6.0,0,"{""invalid_B"": 0, ""invalid_q"": 0, ""weak_B_direction"": 0, ""weak_q_perp_for_phi"": 0, ""weak_r_perp_for_phi"": 0}",u,0.003399533000936187,128.0,0.38776613410218935,True
0.3251866102218628,0.25358274579048157,0.6457625031471252,1618,31.984371183438952,L640_sub02279,1.7156591415405273,0.557909369468689,0.7464172840118408,xi,6.0,0,"{""invalid_B"": 0, ""invalid_q"": 0, ""weak_B_direction"": 0, ""weak_q_perp_for_phi"": 0, ""weak_r_perp_for_phi"": 0}",u,9.301187778961353e-05,32.0,0.2128578814652342,True
0.3251866102218628,0.25358274579048157,0.6457625031471252,1658,62.96824596572466,L640_sub02279,1.7156591415405273,0.557909369468689,0.7464172840118408,xi,6.0,0,"{""invalid_B"": 0, ""invalid_q"": 0, ""weak_B_direction"": 0, ""weak_q_perp_for_phi"": 0, ""weak_r_perp_for_phi"": 0}",u,0.0003613241442335984,64.0,0.2668800828585372,True
0.3251866102218628,0.25358274579048157,0.6457625031471252,1659,125.193849689192,L640_sub02279,1.7156591415405273,0.557909369468689,0.7464172840118408,xi,6.0,0,"{""invalid_B"": 0, ""invalid_q"": 0, ""weak_B_direction"": 0, ""weak_q_perp_for_phi"": 0, ""weak_r_perp_for_phi"": 0}",u,0.002572206342012269,128.0,0.3701555801163147,True
0.3251866102218628,0.25358274579048157,0.6457625031471252,2494,31.984371183438952,L640_sub02279,1.7156591415405273,0.557909369468689,0.7464172840118408,lambda,6.0,0,"{""invalid_B"": 0, ""invalid_q"": 0, ""weak_B_direction"": 0, ""weak_q_perp_for_phi"": 0, ""weak_r_perp_for_phi"": 0}",u,0.0019953644934141736,32.0,0.35481641753271603,True
0.3251866102218628,0.25358274579048157,0.6457625031471252,2599,62.96824596572466,L640_sub02279,1.7156591415405273,0.557909369468689,0.7464172840118408,lambda,6.0,0,"{""invalid_B"": 0, ""invalid_q"": 0, ""weak_B_direction"": 0, ""weak_q_perp_for_phi"": 0, ""weak_r_perp_for_phi"": 0}",u,0.002621449172530409,64.0,0.37132732323693823,True
0.3251866102218628,0.25358274579048157,0.6457625031471252,2481,125.193849689192,L640_sub02279,1.7156591415405273,0.557909369468689,0.7464172840118408,lambda,6.0,0,"{""invalid_B"": 0, ""invalid_q"": 0, ""weak_B_direction"": 0, ""weak_q_perp_for_phi"": 0, ""weak_r_perp_for_phi"": 0}",u,0.008887556056297844,128.0,0.45512468583988197,True
0.4753071069717407,0.8476656675338745,0.516252338886261,2051,31.984371183438952,L640_sub01088,0.423922598361969,0.20149342715740204,0.1523343026638031,parallel,1.0,0,"{""invalid_B"": 0, ""invalid_q"": 0, ""weak_B_direction"": 0, ""weak_q_perp_for_phi"": 0, ""weak_r_perp_for_phi"": 0}",B,0.04017096639469732,32.0,0.04017096639469732,True
0.4753071069717407,0.8476656675338745,0.516252338886261,2088,62.96824596572466,L640_sub01088,0.423922598361969,0.20149342715740204,0.1523343026638031,parallel,1.0,0,"{""invalid_B"": 0, ""invalid_q"": 0, ""weak_B_direction"": 0, ""weak_q_perp_for_phi"": 0, ""weak_r_perp_for_phi"": 0}",B,0.06748100805040312,64.0,0.06748100805040312,True
0.4753071069717407,0.8476656675338745,0.516252338886261,2134,125.193849689192,L640_sub01088,0.423922598361969,0.20149342715740204,0.1523343026638031,parallel,1.0,0,"{""invalid_B"": 0, ""invalid_q"": 0, ""weak_B_direction"": 0, ""weak_q_perp_for_phi"": 0, ""weak_r_perp_for_phi"": 0}",B,0.0958987923011334,128.0,0.0958987923011334,True
0.4753071069717407,0.8476656675338745,0.516252338886261,1612,31.984371183438952,L640_sub01088,0.423922598361969,0.20149342715740204,0.1523343026638031,xi,1.0,0,"{""invalid_B"": 0, ""invalid_q"": 0, ""weak_B_direction"": 0, ""weak_q_perp_for_phi"": 0, ""weak_r_perp_for_phi"": 0}",B,0.07926951926064822,32.0,0.07926951926064822,True
0.4753071069717407,0.8476656675338745,0.516252338886261,1760,62.96824596572466,L640_sub01088,0.423922598361969,0.20149342715740204,0.1523343026638031,xi,1.0,0,"{""invalid_B"": 0, ""invalid_q"": 0, ""weak_B_direction"": 0, ""weak_q_perp_for_phi"": 0, ""weak_r_perp_for_phi"": 0}",B,0.10662374388627352,64.0,0.10662374388627352,True
0.4753071069717407,0.8476656675338745,0.516252338886261,1889,125.193849689192,L640_sub01088,0.423922598361969,0.20149342715740204,0.1523343026638031,xi,1.0,0,"{""invalid_B"": 0, ""invalid_q"": 0, ""weak_B_direction"": 0, ""weak_q_perp_for_phi"": 0, ""weak_r_perp_for_phi"": 0}",B,0.1394649444606667,128.0,0.1394649444606667,True
0.4753071069717407,0.8476656675338745,0.516252338886261,2916,31.984371183438952,L640_sub01088,0.423922598361969,0.20149342715740204,0.1523343026638031,lambda,1.0,0,"{""invalid_B"": 0, ""invalid_q"": 0, ""weak_B_direction"": 0, ""weak_q_perp_for_phi"": 0, ""weak_r_perp_for_phi"": 0}",B,0.12166326438974542,32.0,0.12166326438974542,True
0.4753071069717407,0.8476656675338745,0.516252338886261,2918,62.96824596572466,L640_sub01088,0.423922598361969,0.20149342715740204,0.1523343026638031,lambda,1.0,0,"{""invalid_B"": 0, ""invalid_q"": 0, ""weak_B_direction"": 0, ""weak_q_perp_for_phi"": 0, ""weak_r_perp_for_phi"": 0}",B,0.14794186788501043,64.0,0.14794186788501043,True
0.4753071069717407,0.8476656675338745,0.516252338886261,2931,125.193849689192,L640_sub01088,0.423922598361969,0.20149342715740204,0.1523343026638031,lambda,1.0,0,"{""invalid_B"": 0, ""invalid_q"": 0, ""weak_B_direction"": 0, ""weak_q_perp_for_phi"": 0, ""weak_r_perp_for_phi"": 0}",B,0.1711462586696855,128.0,0.1711462586696855,True
0.4753071069717407,0.8476656675338745,0.516252338886261,2051,31.984371183438952,L640_sub01088,0.423922598361969,0.20149342715740204,0.1523343026638031,parallel,1.0,0,"{""invalid_B"": 0, ""invalid_q"": 0, ""weak_B_direction"": 0, ""weak_q_perp_for_phi"": 0, ""weak_r_perp_for_phi"": 0}",u,0.034000114912944523,32.0,0.034000114912944523,True
0.4753071069717407,0.8476656675338745,0.516252338886261,2088,62.96824596572466,L640_sub01088,0.423922598361969,0.20149342715740204,0.1523343026638031,parallel,1.0,0,"{""invalid_B"": 0, ""invalid_q"": 0, ""weak_B_direction"": 0, ""weak_q_perp_for_phi"": 0, ""weak_r_perp_for_phi"": 0}",u,0.05496864093478041,64.0,0.05496864093478041,True
0.4753071069717407,0.8476656675338745,0.516252338886261,2134,125.193849689192,L640_sub01088,0.423922598361969,0.20149342715740204,0.1523343026638031,parallel,1.0,0,"{""invalid_B"": 0, ""invalid_q"": 0, ""weak_B_direction"": 0, ""weak_q_perp_for_phi"": 0, ""weak_r_perp_for_phi"": 0}",u,0.07703352056196038,128.0,0.07703352056196038,True
0.4753071069717407,0.8476656675338745,0.516252338886261,1749,31.984371183438952,L640_sub01088,0.423922598361969,0.20149342715740204,0.1523343026638031,xi,1.0,0,"{""invalid_B"": 0, ""invalid_q"": 0, ""weak_B_direction"": 0, ""weak_q_perp_for_phi"": 0, ""weak_r_perp_for_phi"": 0}",u,0.06398009682000176,32.0,0.06398009682000176,True
0.4753071069717407,0.8476656675338745,0.516252338886261,1788,62.96824596572466,L640_sub01088,0.423922598361969,0.20149342715740204,0.1523343026638031,xi,1.0,0,"{""invalid_B"": 0, ""invalid_q"": 0, ""weak_B_direction"": 0, ""weak_q_perp_for_phi"": 0, ""weak_r_perp_for_phi"": 0}",u,0.08397389318739104,64.0,0.08397389318739104,True
0.4753071069717407,0.8476656675338745,0.516252338886261,1990,125.193849689192,L640_sub01088,0.423922598361969,0.20149342715740204,0.1523343026638031,xi,1.0,0,"{""invalid_B"": 0, ""invalid_q"": 0, ""weak_B_direction"": 0, ""weak_q_perp_for_phi"": 0, ""weak_r_perp_for_phi"": 0}",u,0.1143147721936517,128.0,0.1143147721936517,True
0.4753071069717407,0.8476656675338745,0.516252338886261,2928,31.984371183438952,L640_sub01088,0.423922598361969,0.20149342715740204,0.1523343026638031,lambda,1.0,0,"{""invalid_B"": 0, ""invalid_q"": 0, ""weak_B_direction"": 0, ""weak_q_perp_for_phi"": 0, ""weak_r_perp_for_phi"": 0}",u,0.0993273148133242,32.0,0.0993273148133242,True
0.4753071069717407,0.8476656675338745,0.516252338886261,3014,62.96824596572466,L640_sub01088,0.423922598361969,0.20149342715740204,0.1523343026638031,lambda,1.0,0,"{""invalid_B"": 0, ""invalid_q"": 0, ""weak_B_direction"": 0, ""weak_q_perp_for_phi"": 0, ""weak_r_perp_for_phi"": 0}",u,0.1250881366295762,64.0,0.1250881366295762,True
0.4753071069717407,0.8476656675338745,0.516252338886261,3065,125.193849689192,L640_sub01088,0.423922598361969,0.20149342715740204,0.1523343026638031,lambda,1.0,0,"{""invalid_B"": 0, ""invalid_q"": 0, ""weak_B_direction"": 0, ""weak_q_perp_for_phi"": 0, ""weak_r_perp_for_phi"": 0}",u,0.14888794972491676,128.0,0.14888794972491676,True
0.4753071069717407,0.8476656675338745,0.516252338886261,2051,31.984371183438952,L640_sub01088,0.423922598361969,0.20149342715740204,0.1523343026638031,parallel,2.0,0,"{""invalid_B"": 0, ""invalid_q"": 0, ""weak_B_direction"": 0, ""weak_q_perp_for_phi"": 0, ""weak_r_perp_for_phi"": 0}",B,0.0032626449793729845,32.0,0.05711956739483401,True
0.4753071069717407,0.8476656675338745,0.516252338886261,2088,62.96824596572466,L640_sub01088,0.423922598361969,0.20149342715740204,0.1523343026638031,parallel,2.0,0,"{""invalid_B"": 0, ""invalid_q"": 0, ""weak_B_direction"": 0, ""weak_q_perp_for_phi"": 0, ""weak_r_perp_for_phi"": 0}",B,0.00873223210047905,64.0,0.0934464129888304,True
0.4753071069717407,0.8476656675338745,0.516252338886261,2134,125.193849689192,L640_sub01088,0.423922598361969,0.20149342715740204,0.1523343026638031,parallel,2.0,0,"{""invalid_B"": 0, ""invalid_q"": 0, ""weak_B_direction"": 0, ""weak_q_perp_for_phi"": 0, ""weak_r_perp_for_phi"": 0}",B,0.014625235008190705,128.0,0.12093483785986033,True
0.4753071069717407,0.8476656675338745,0.516252338886261,1612,31.984371183438952,L640_sub01088,0.423922598361969,0.20149342715740204,0.1523343026638031,xi,2.0,0,"{""invalid_B"": 0, ""invalid_q"": 0, ""weak_B_direction"": 0, ""weak_q_perp_for_phi"": 0, ""weak_r_perp_for_phi"": 0}",B,0.009968389054660588,32.0,0.09984182016900828,True
0.4753071069717407,0.8476656675338745,0.516252338886261,1760,62.96824596572466,L640_sub01088,0.423922598361969,0.20149342715740204,0.1523343026638031,xi,2.0,0,"{""invalid_B"": 0, ""invalid_q"": 0, ""weak_B_direction"": 0, ""weak_q_perp_for_phi"": 0, ""weak_r_perp_for_phi"": 0}",B,0.01656918494406439,64.0,0.1287213461088113,True
0.4753071069717407,0.8476656675338745,0.516252338886261,1889,125.193849689192,L640_sub01088,0.423922598361969,0.20149342715740204,0.1523343026638031,xi,2.0,0,"{""invalid_B"": 0, ""invalid_q"": 0, ""weak_B_direction"": 0, ""weak_q_perp_for_phi"": 0, ""weak_r_perp_for_phi"": 0}",B,0.027075098075772235,128.0,0.16454512474021293,True
0.4753071069717407,0.8476656675338745,0.516252338886261,2916,31.984371183438952,L640_sub01088,0.423922598361969,0.20149342715740204,0.1523343026638031,lambda,2.0,0,"{""invalid_B"": 0, ""invalid_q"": 0, ""weak_B_direction"": 0, ""weak_q_perp_for_phi"": 0, ""weak_r_perp_for_phi"": 0}",B,0.024454008504234938,32.0,0.1563777749689352,True
0.4753071069717407,0.8476656675338745,0.516252338886261,2918,62.96824596572466,L640_sub01088,0.423922598361969,0.20149342715740204,0.1523343026638031,lambda,2.0,0,"{""invalid_B"": 0, ""invalid_q"": 0, ""weak_B_direction"": 0, ""weak_q_perp_for_phi"": 0, ""weak_r_perp_for_phi"": 0}",B,0.03308533973758212,64.0,0.1818937594794888,True
0.4753071069717407,0.8476656675338745,0.516252338886261,2931,125.193849689192,L640_sub01088,0.423922598361969,0.20149342715740204,0.1523343026638031,lambda,2.0,0,"{""invalid_B"": 0, ""invalid_q"": 0, ""weak_B_direction"": 0, ""weak_q_perp_for_phi"": 0, ""weak_r_perp_for_phi"": 0}",B,0.04067449930640913,128.0,0.20167919899287862,True
0.4753071069717407,0.8476656675338745,0.516252338886261,2051,31.984371183438952,L640_sub01088,0.423922598361969,0.20149342715740204,0.1523343026638031,parallel,2.0,0,"{""invalid_B"": 0, ""invalid_q"": 0, ""weak_B_direction"": 0, ""weak_q_perp_for_phi"": 0, ""weak_r_perp_for_phi"": 0}",u,0.0022885074063820465,32.0,0.04783834661003708,True
0.4753071069717407,0.8476656675338745,0.516252338886261,2088,62.96824596572466,L640_sub01088,0.423922598361969,0.20149342715740204,0.1523343026638031,parallel,2.0,0,"{""invalid_B"": 0, ""invalid_q"": 0, ""weak_B_direction"": 0, ""weak_q_perp_for_phi"": 0, ""weak_r_perp_for_phi"": 0}",u,0.005553134987666145,64.0,0.0745193598178765,True
0.4753071069717407,0.8476656675338745,0.516252338886261,2134,125.193849689192,L640_sub01088,0.423922598361969,0.20149342715740204,0.1523343026638031,parallel,2.0,0,"{""invalid_B"": 0, ""invalid_q"": 0, ""weak_B_direction"": 0, ""weak_q_perp_for_phi"": 0, ""weak_r_perp_for_phi"": 0}",u,0.009045710110727766,128.0,0.09510893812217527,True
0.4753071069717407,0.8476656675338745,0.516252338886261,1749,31.984371183438952,L640_sub01088,0.423922598361969,0.20149342715740204,0.1523343026638031,xi,2.0,0,"{""invalid_B"": 0, ""invalid_q"": 0, ""weak_B_direction"": 0, ""weak_q_perp_for_phi"": 0, ""weak_r_perp_for_phi"": 0}",u,0.006303901124449195,32.0,0.07939711030288946,True
0.4753071069717407,0.8476656675338745,0.516252338886261,1788,62.96824596572466,L640_sub01088,0.423922598361969,0.20149342715740204,0.1523343026638031,xi,2.0,0,"{""invalid_B"": 0, ""invalid_q"": 0, ""weak_B_direction"": 0, ""weak_q_perp_for_phi"": 0, ""weak_r_perp_for_phi"": 0}",u,0.010075350341908984,64.0,0.10037604466160731,True
0.4753071069717407,0.8476656675338745,0.516252338886261,1990,125.193849689192,L640_sub01088,0.423922598361969,0.20149342715740204,0.1523343026638031,xi,2.0,0,"{""invalid_B"": 0, ""invalid_q"": 0, ""weak_B_direction"": 0, ""weak_q_perp_for_phi"": 0, ""weak_r_perp_for_phi"": 0}",u,0.018278805193858865,128.0,0.13519913163130473,True
0.4753071069717407,0.8476656675338745,0.516252338886261,2928,31.984371183438952,L640_sub01088,0.423922598361969,0.20149342715740204,0.1523343026638031,lambda,2.0,0,"{""invalid_B"": 0, ""invalid_q"": 0, ""weak_B_direction"": 0, ""weak_q_perp_for_phi"": 0, ""weak_r_perp_for_phi"": 0}",u,0.015674989661428402,32.0,0.12519979896720443,True
0.4753071069717407,0.8476656675338745,0.516252338886261,3014,62.96824596572466,L640_sub01088,0.423922598361969,0.20149342715740204,0.1523343026638031,lambda,2.0,0,"{""invalid_B"": 0, ""invalid_q"": 0, ""weak_B_direction"": 0, ""weak_q_perp_for_phi"": 0, ""weak_r_perp_for_phi"": 0}",u,0.024133538697618466,64.0,0.15534973027855076,True
0.4753071069717407,0.8476656675338745,0.516252338886261,3065,125.193849689192,L640_sub01088,0.423922598361969,0.20149342715740204,0.1523343026638031,lambda,2.0,0,"{""invalid_B"": 0, ""invalid_q"": 0, ""weak_B_direction"": 0, ""weak_q_perp_for_phi"": 0, ""weak_r_perp_for_phi"": 0}",u,0.030833068679914748,128.0,0.17559347561887015,True
0.4753071069717407,0.8476656675338745,0.516252338886261,2051,31.984371183438952,L640_sub01088,0.423922598361969,0.20149342715740204,0.1523343026638031,parallel,3.0,0,"{""invalid_B"": 0, ""invalid_q"": 0, ""weak_B_direction"": 0, ""weak_q_perp_for_phi"": 0, ""weak_r_perp_for_phi"": 0}",B,0.00047569409874006845,32.0,0.07806252376385736,True
0.4753071069717407,0.8476656675338745,0.516252338886261,2088,62.96824596572466,L640_sub01088,0.423922598361969,0.20149342715740204,0.1523343026638031,parallel,3.0,0,"{""invalid_B"": 0, ""invalid_q"": 0, ""weak_B_direction"": 0, ""weak_q_perp_for_phi"": 0, ""weak_r_perp_for_phi"": 0}",B,0.0019684479806844563,64.0,0.12532603910324683,True
0.4753071069717407,0.8476656675338745,0.516252338886261,2134,125.193849689192,L640_sub01088,0.423922598361969,0.20149342715740204,0.1523343026638031,parallel,3.0,0,"{""invalid_B"": 0, ""invalid_q"": 0, ""weak_B_direction"": 0, ""weak_q_perp_for_phi"": 0, ""weak_r_perp_for_phi"": 0}",B,0.003429822945917656,128.0,0.15080783334971068,True
0.4753071069717407,0.8476656675338745,0.516252338886261,1612,31.984371183438952,L640_sub01088,0.423922598361969,0.20149342715740204,0.1523343026638031,xi,3.0,0,"{""invalid_B"": 0, ""invalid_q"": 0, ""weak_B_direction"": 0, ""weak_q_perp_for_phi"": 0, ""weak_r_perp_for_phi"": 0}",B,0.0019796332073950115,32.0,0.12556296914398718,True
0.4753071069717407,0.8476656675338745,0.516252338886261,1760,62.96824596572466,L640_sub01088,0.423922598361969,0.20149342715740204,0.1523343026638031,xi,3.0,0,"{""invalid_B"": 0, ""invalid_q"": 0, ""weak_B_direction"": 0, ""weak_q_perp_for_phi"": 0, ""weak_r_perp_for_phi"": 0}",B,0.003550824470302619,64.0,0.1525608388669955,True
0.4753071069717407,0.8476656675338745,0.516252338886261,1889,125.193849689192,L640_sub01088,0.423922598361969,0.20149342715740204,0.1523343026638031,xi,3.0,0,"{""invalid_B"": 0, ""invalid_q"": 0, ""weak_B_direction"": 0, ""weak_q_perp_for_phi"": 0, ""weak_r_perp_for_phi"": 0}",B,0.006934038215376104,128.0,0.19069036218265817,True
0.4753071069717407,0.8476656675338745,0.516252338886261,2916,31.984371183438952,L640_sub01088,0.423922598361969,0.20149342715740204,0.1523343026638031,lambda,3.0,0,"{""invalid_B"": 0, ""invalid_q"": 0, ""weak_B_direction"": 0, ""weak_q_perp_for_phi"": 0, ""weak_r_perp_for_phi"": 0}",B,0.007295398428544588,32.0,0.1939469726872346,True
0.4753071069717407,0.8476656675338745,0.516252338886261,2918,62.96824596572466,L640_sub01088,0.423922598361969,0.20149342715740204,0.1523343026638031,lambda,3.0,0,"{""invalid_B"": 0, ""invalid_q"": 0, ""weak_B_direction"": 0, ""weak_q_perp_for_phi"": 0, ""weak_r_perp_for_phi"": 0}",B,0.0101963969086109,64.0,0.21684474945652432,True
0.4753071069717407,0.8476656675338745,0.516252338886261,2931,125.193849689192,L640_sub01088,0.423922598361969,0.20149342715740204,0.1523343026638031,lambda,3.0,0,"{""invalid_B"": 0, ""invalid_q"": 0, ""weak_B_direction"": 0, ""weak_q_perp_for_phi"": 0, ""weak_r_perp_for_phi"": 0}",B,0.012603527502089368,128.0,0.23271839041029416,True
0.4753071069717407,0.8476656675338745,0.516252338886261,2051,31.984371183438952,L640_sub01088,0.423922598361969,0.20149342715740204,0.1523343026638031,parallel,3.0,0,"{""invalid_B"": 0, ""invalid_q"": 0, ""weak_B_direction"": 0, ""weak_q_perp_for_phi"": 0, ""weak_r_perp_for_phi"": 0}",u,0.00029733992754562964,32.0,0.06674484729137625,True
0.4753071069717407,0.8476656675338745,0.516252338886261,2088,62.96824596572466,L640_sub01088,0.423922598361969,0.20149342715740204,0.1523343026638031,parallel,3.0,0,"{""invalid_B"": 0, ""invalid_q"": 0, ""weak_B_direction"": 0, ""weak_q_perp_for_phi"": 0, ""weak_r_perp_for_phi"": 0}",u,0.001023892262268452,64.0,0.1007901489448013,True
0.4753071069717407,0.8476656675338745,0.516252338886261,2134,125.193849689192,L640_sub01088,0.423922598361969,0.20149342715740204,0.1523343026638031,parallel,3.0,0,"{""invalid_B"": 0, ""invalid_q"": 0, ""weak_B_direction"": 0, ""weak_q_perp_for_phi"": 0, ""weak_r_perp_for_phi"": 0}",u,0.001640424736147849,128.0,0.11793755041196806,True
0.4753071069717407,0.8476656675338745,0.516252338886261,1749,31.984371183438952,L640_sub01088,0.423922598361969,0.20149342715740204,0.1523343026638031,xi,3.0,0,"{""invalid_B"": 0, ""invalid_q"": 0, ""weak_B_direction"": 0, ""weak_q_perp_for_phi"": 0, ""weak_r_perp_for_phi"": 0}",u,0.0010244936353992567,32.0,0.10080987778633776,True
0.4753071069717407,0.8476656675338745,0.516252338886261,1788,62.96824596572466,L640_sub01088,0.423922598361969,0.20149342715740204,0.1523343026638031,xi,3.0,0,"{""invalid_B"": 0, ""invalid_q"": 0, ""weak_B_direction"": 0, ""weak_q_perp_for_phi"": 0, ""weak_r_perp_for_phi"": 0}",u,0.001735775436203256,64.0,0.12017971766113603,True
0.4753071069717407,0.8476656675338745,0.516252338886261,1990,125.193849689192,L640_sub01088,0.423922598361969,0.20149342715740204,0.1523343026638031,xi,3.0,0,"{""invalid_B"": 0, ""invalid_q"": 0, ""weak_B_direction"": 0, ""weak_q_perp_for_phi"": 0, ""weak_r_perp_for_phi"": 0}",u,0.0038568264716971152,128.0,0.1568230994882472,True
0.4753071069717407,0.8476656675338745,0.516252338886261,2928,31.984371183438952,L640_sub01088,0.423922598361969,0.20149342715740204,0.1523343026638031,lambda,3.0,0,"{""invalid_B"": 0, ""invalid_q"": 0, ""weak_B_direction"": 0, ""weak_q_perp_for_phi"": 0, ""weak_r_perp_for_phi"": 0}",u,0.0036245040844826485,32.0,0.1536088358632711,True
0.4753071069717407,0.8476656675338745,0.516252338886261,3014,62.96824596572466,L640_sub01088,0.423922598361969,0.20149342715740204,0.1523343026638031,lambda,3.0,0,"{""invalid_B"": 0, ""invalid_q"": 0, ""weak_B_direction"": 0, ""weak_q_perp_for_phi"": 0, ""weak_r_perp_for_phi"": 0}",u,0.0064418806625593916,64.0,0.18606765818718904,True
0.4753071069717407,0.8476656675338745,0.516252338886261,3065,125.193849689192,L640_sub01088,0.423922598361969,0.20149342715740204,0.1523343026638031,lambda,3.0,0,"{""invalid_B"": 0, ""invalid_q"": 0, ""weak_B_direction"": 0, ""weak_q_perp_for_phi"": 0, ""weak_r_perp_for_phi"": 0}",u,0.008117630543030675,128.0,0.20097548889686323,True
0.4753071069717407,0.8476656675338745,0.516252338886261,2051,31.984371183438952,L640_sub01088,0.423922598361969,0.20149342715740204,0.1523343026638031,parallel,4.0,0,"{""invalid_B"": 0, ""invalid_q"": 0, ""weak_B_direction"": 0, ""weak_q_perp_for_phi"": 0, ""weak_r_perp_for_phi"": 0}",B,0.00010365411583730034,32.0,0.1009012712373744,True
0.4753071069717407,0.8476656675338745,0.516252338886261,2088,62.96824596572466,L640_sub01088,0.423922598361969,0.20149342715740204,0.1523343026638031,parallel,4.0,0,"{""invalid_B"": 0, ""invalid_q"": 0, ""weak_B_direction"": 0, ""weak_q_perp_for_phi"": 0, ""weak_r_perp_for_phi"": 0}",B,0.0006636956593373073,64.0,0.16050635944563102,True
0.4753071069717407,0.8476656675338745,0.516252338886261,2134,125.193849689192,L640_sub01088,0.423922598361969,0.20149342715740204,0.1523343026638031,parallel,4.0,0,"{""invalid_B"": 0, ""invalid_q"": 0, ""weak_B_direction"": 0, ""weak_q_perp_for_phi"": 0, ""weak_r_perp_for_phi"": 0}",B,0.001199981338629233,128.0,0.18612024821777037,True
0.4753071069717407,0.8476656675338745,0.516252338886261,1612,31.984371183438952,L640_sub01088,0.423922598361969,0.20149342715740204,0.1523343026638031,xi,4.0,0,"{""invalid_B"": 0, ""invalid_q"": 0, ""weak_B_direction"": 0, ""weak_q_perp_for_phi"": 0, ""weak_r_perp_for_phi"": 0}",B,0.0006057752739803015,32.0,0.15688372251982327,True
0.4753071069717407,0.8476656675338745,0.516252338886261,1760,62.96824596572466,L640_sub01088,0.423922598361969,0.20149342715740204,0.1523343026638031,xi,4.0,0,"{""invalid_B"": 0, ""invalid_q"": 0, ""weak_B_direction"": 0, ""weak_q_perp_for_phi"": 0, ""weak_r_perp_for_phi"": 0}",B,0.0010347472409902563,64.0,0.1793529685505499,True
0.4753071069717407,0.8476656675338745,0.516252338886261,1889,125.193849689192,L640_sub01088,0.423922598361969,0.20149342715740204,0.1523343026638031,xi,4.0,0,"{""invalid_B"": 0, ""invalid_q"": 0, ""weak_B_direction"": 0, ""weak_q_perp_for_phi"": 0, ""weak_r_perp_for_phi"": 0}",B,0.0022757299599626577,128.0,0.21841385376558775,True
0.4753071069717407,0.8476656675338745,0.516252338886261,2916,31.984371183438952,L640_sub01088,0.423922598361969,0.20149342715740204,0.1523343026638031,lambda,4.0,0,"{""invalid_B"": 0, ""invalid_q"": 0, ""weak_B_direction"": 0, ""weak_q_perp_for_phi"": 0, ""weak_r_perp_for_phi"": 0}",B,0.0029103423658701747,32.0,0.23226620301817827,True
0.4753071069717407,0.8476656675338745,0.516252338886261,2918,62.96824596572466,L640_sub01088,0.423922598361969,0.20149342715740204,0.1523343026638031,lambda,4.0,0,"{""invalid_B"": 0, ""invalid_q"": 0, ""weak_B_direction"": 0, ""weak_q_perp_for_phi"": 0, ""weak_r_perp_for_phi"": 0}",B,0.003994835564459214,64.0,0.2514054724315191,True
0.4753071069717407,0.8476656675338745,0.516252338886261,2931,125.193849689192,L640_sub01088,0.423922598361969,0.20149342715740204,0.1523343026638031,lambda,4.0,0,"{""invalid_B"": 0, ""invalid_q"": 0, ""weak_B_direction"": 0, ""weak_q_perp_for_phi"": 0, ""weak_r_perp_for_phi"": 0}",B,0.004928793587741588,128.0,0.26496295444623535,True
0.4753071069717407,0.8476656675338745,0.516252338886261,2051,31.984371183438952,L640_sub01088,0.423922598361969,0.20149342715740204,0.1523343026638031,parallel,4.0,0,"{""invalid_B"": 0, ""invalid_q"": 0, ""weak_B_direction"": 0, ""weak_q_perp_for_phi"": 0, ""weak_r_perp_for_phi"": 0}",u,6.571966322630985e-05,32.0,0.0900375838674236,True
0.4753071069717407,0.8476656675338745,0.516252338886261,2088,62.96824596572466,L640_sub01088,0.423922598361969,0.20149342715740204,0.1523343026638031,parallel,4.0,0,"{""invalid_B"": 0, ""invalid_q"": 0, ""weak_B_direction"": 0, ""weak_q_perp_for_phi"": 0, ""weak_r_perp_for_phi"": 0}",u,0.0002983284476848267,64.0,0.13142369312087912,True
0.4753071069717407,0.8476656675338745,0.516252338886261,2134,125.193849689192,L640_sub01088,0.423922598361969,0.20149342715740204,0.1523343026638031,parallel,4.0,0,"{""invalid_B"": 0, ""invalid_q"": 0, ""weak_B_direction"": 0, ""weak_q_perp_for_phi"": 0, ""weak_r_perp_for_phi"": 0}",u,0.00046686462060573027,128.0,0.14699336805552568,True
0.4753071069717407,0.8476656675338745,0.516252338886261,1749,31.984371183438952,L640_sub01088,0.423922598361969,0.20149342715740204,0.1523343026638031,xi,4.0,0,"{""invalid_B"": 0, ""invalid_q"": 0, ""weak_B_direction"": 0, ""weak_q_perp_for_phi"": 0, ""weak_r_perp_for_phi"": 0}",u,0.00030060247433893035,32.0,0.13167342666120738,True
0.4753071069717407,0.8476656675338745,0.516252338886261,1788,62.96824596572466,L640_sub01088,0.423922598361969,0.20149342715740204,0.1523343026638031,xi,4.0,0,"{""invalid_B"": 0, ""invalid_q"": 0, ""weak_B_direction"": 0, ""weak_q_perp_for_phi"": 0, ""weak_r_perp_for_phi"": 0}",u,0.00043351654242668614,64.0,0.14429504520154232,True
0.4753071069717407,0.8476656675338745,0.516252338886261,1990,125.193849689192,L640_sub01088,0.423922598361969,0.20149342715740204,0.1523343026638031,xi,4.0,0,"{""invalid_B"": 0, ""invalid_q"": 0, ""weak_B_direction"": 0, ""weak_q_perp_for_phi"": 0, ""weak_r_perp_for_phi"": 0}",u,0.0010460379125072686,128.0,0.1798402329081396,True
0.4753071069717407,0.8476656675338745,0.516252338886261,2928,31.984371183438952,L640_sub01088,0.423922598361969,0.20149342715740204,0.1523343026638031,lambda,4.0,0,"{""invalid_B"": 0, ""invalid_q"": 0, ""weak_B_direction"": 0, ""weak_q_perp_for_phi"": 0, ""weak_r_perp_for_phi"": 0}",u,0.0011269830421862506,32.0,0.1832227281056637,True
0.4753071069717407,0.8476656675338745,0.516252338886261,3014,62.96824596572466,L640_sub01088,0.423922598361969,0.20149342715740204,0.1523343026638031,lambda,4.0,0,"{""invalid_B"": 0, ""invalid_q"": 0, ""weak_B_direction"": 0, ""weak_q_perp_for_phi"": 0, ""weak_r_perp_for_phi"": 0}",u,0.002163766999798891,64.0,0.21567639872218078,True
0.4753071069717407,0.8476656675338745,0.516252338886261,3065,125.193849689192,L640_sub01088,0.423922598361969,0.20149342715740204,0.1523343026638031,lambda,4.0,0,"{""invalid_B"": 0, ""invalid_q"": 0, ""weak_B_direction"": 0, ""weak_q_perp_for_phi"": 0, ""weak_r_perp_for_phi"": 0}",u,0.002580290032732689,128.0,0.22538091162184307,True
0.4753071069717407,0.8476656675338745,0.516252338886261,2051,31.984371183438952,L640_sub01088,0.423922598361969,0.20149342715740204,0.1523343026638031,parallel,5.0,0,"{""invalid_B"": 0, ""invalid_q"": 0, ""weak_B_direction"": 0, ""weak_q_perp_for_phi"": 0, ""weak_r_perp_for_phi"": 0}",B,2.8558247776591125e-05,32.0,0.1233520329554685,True
0.4753071069717407,0.8476656675338745,0.516252338886261,2088,62.96824596572466,L640_sub01088,0.423922598361969,0.20149342715740204,0.1523343026638031,parallel,5.0,0,"{""invalid_B"": 0, ""invalid_q"": 0, ""weak_B_direction"": 0, ""weak_q_perp_for_phi"": 0, ""weak_r_perp_for_phi"": 0}",B,0.0002873967247412895,64.0,0.19574756253632214,True
0.4753071069717407,0.8476656675338745,0.516252338886261,2134,125.193849689192,L640_sub01088,0.423922598361969,0.20149342715740204,0.1523343026638031,parallel,5.0,0,"{""invalid_B"": 0, ""invalid_q"": 0, ""weak_B_direction"": 0, ""weak_q_perp_for_phi"": 0, ""weak_r_perp_for_phi"": 0}",B,0.0005672276245146014,128.0,0.22425982279518666,True
0.4753071069717407,0.8476656675338745,0.516252338886261,1612,31.984371183438952,L640_sub01088,0.423922598361969,0.20149342715740204,0.1523343026638031,xi,5.0,0,"{""invalid_B"": 0, ""invalid_q"": 0, ""weak_B_direction"": 0, ""weak_q_perp_for_phi"": 0, ""weak_r_perp_for_phi"": 0}",B,0.00025603419697363807,32.0,0.19127560974142604,True
0.4753071069717407,0.8476656675338745,0.516252338886261,1760,62.96824596572466,L640_sub01088,0.423922598361969,0.20149342715740204,0.1523343026638031,xi,5.0,0,"{""invalid_B"": 0, ""invalid_q"": 0, ""weak_B_direction"": 0, ""weak_q_perp_for_phi"": 0, ""weak_r_perp_for_phi"": 0}",B,0.00040191948955204824,64.0,0.20932823578380158,True
0.4753071069717407,0.8476656675338745,0.516252338886261,1889,125.193849689192,L640_sub01088,0.423922598361969,0.20149342715740204,0.1523343026638031,xi,5.0,0,"{""invalid_B"": 0, ""invalid_q"": 0, ""weak_B_direction"": 0, ""weak_q_perp_for_phi"": 0, ""weak_r_perp_for_phi"": 0}",B,0.0009245403722981383,128.0,0.24727782726075775,True
0.4753071069717407,0.8476656675338745,0.516252338886261,2916,31.984371183438952,L640_sub01088,0.423922598361969,0.20149342715740204,0.1523343026638031,lambda,5.0,0,"{""invalid_B"": 0, ""invalid_q"": 0, ""weak_B_direction"": 0, ""weak_q_perp_for_phi"": 0, ""weak_r_perp_for_phi"": 0}",B,0.00141131221447407,32.0,0.2691067678119264,True
0.4753071069717407,0.8476656675338745,0.516252338886261,2918,62.96824596572466,L640_sub01088,0.423922598361969,0.20149342715740204,0.1523343026638031,lambda,5.0,0,"{""invalid_B"": 0, ""invalid_q"": 0, ""weak_B_direction"": 0, ""weak_q_perp_for_phi"": 0, ""weak_r_perp_for_phi"": 0}",B,0.0018560026699003611,64.0,0.2842599788090485,True
0.4753071069717407,0.8476656675338745,0.516252338886261,2931,125.193849689192,L640_sub01088,0.423922598361969,0.20149342715740204,0.1523343026638031,lambda,5.0,0,"{""invalid_B"": 0, ""invalid_q"": 0, ""weak_B_direction"": 0, ""weak_q_perp_for_phi"": 0, ""weak_r_perp_for_phi"": 0}",B,0.0023563143374100543,128.0,0.29815812260667873,True
0.4753071069717407,0.8476656675338745,0.516252338886261,2051,31.984371183438952,L640_sub01088,0.423922598361969,0.20149342715740204,0.1523343026638031,parallel,5.0,0,"{""invalid_B"": 0, ""invalid_q"": 0, ""weak_B_direction"": 0, ""weak_q_perp_for_phi"": 0, ""weak_r_perp_for_phi"": 0}",u,2.0119968480405103e-05,32.0,0.11500731362949657,True
0.4753071069717407,0.8476656675338745,0.516252338886261,2088,62.96824596572466,L640_sub01088,0.423922598361969,0.20149342715740204,0.1523343026638031,parallel,5.0,0,"{""invalid_B"": 0, ""invalid_q"": 0, ""weak_B_direction"": 0, ""weak_q_perp_for_phi"": 0, ""weak_r_perp_for_phi"": 0}",u,0.00011356055168359543,64.0,0.16257190648221626,True
0.4753071069717407,0.8476656675338745,0.516252338886261,2134,125.193849689192,L640_sub01088,0.423922598361969,0.20149342715740204,0.1523343026638031,parallel,5.0,0,"{""invalid_B"": 0, ""invalid_q"": 0, ""weak_B_direction"": 0, ""weak_q_perp_for_phi"": 0, ""weak_r_perp_for_phi"": 0}",u,0.00018916455503278627,128.0,0.18003956403819113,True
0.4753071069717407,0.8476656675338745,0.516252338886261,1749,31.984371183438952,L640_sub01088,0.423922598361969,0.20149342715740204,0.1523343026638031,xi,5.0,0,"{""invalid_B"": 0, ""invalid_q"": 0, ""weak_B_direction"": 0, ""weak_q_perp_for_phi"": 0, ""weak_r_perp_for_phi"": 0}",u,0.000140081908415826,32.0,0.16954165175782057,True
0.4753071069717407,0.8476656675338745,0.516252338886261,1788,62.96824596572466,L640_sub01088,0.423922598361969,0.20149342715740204,0.1523343026638031,xi,5.0,0,"{""invalid_B"": 0, ""invalid_q"": 0, ""weak_B_direction"": 0, ""weak_q_perp_for_phi"": 0, ""weak_r_perp_for_phi"": 0}",u,0.00014603490148675234,64.0,0.17095874947700643,True
0.4753071069717407,0.8476656675338745,0.516252338886261,1990,125.193849689192,L640_sub01088,0.423922598361969,0.20149342715740204,0.1523343026638031,xi,5.0,0,"{""invalid_B"": 0, ""invalid_q"": 0, ""weak_B_direction"": 0, ""weak_q_perp_for_phi"": 0, ""weak_r_perp_for_phi"": 0}",u,0.00035677040677104,128.0,0.20439852840299505,True
0.4753071069717407,0.8476656675338745,0.516252338886261,2928,31.984371183438952,L640_sub01088,0.423922598361969,0.20149342715740204,0.1523343026638031,lambda,5.0,0,"{""invalid_B"": 0, ""invalid_q"": 0, ""weak_B_direction"": 0, ""weak_q_perp_for_phi"": 0, ""weak_r_perp_for_phi"": 0}",u,0.00043131566697692935,32.0,0.2123044252869639,True
0.4753071069717407,0.8476656675338745,0.516252338886261,3014,62.96824596572466,L640_sub01088,0.423922598361969,0.20149342715740204,0.1523343026638031,lambda,5.0,0,"{""invalid_B"": 0, ""invalid_q"": 0, ""weak_B_direction"": 0, ""weak_q_perp_for_phi"": 0, ""weak_r_perp_for_phi"": 0}",u,0.0008484154984304595,64.0,0.24306460336135138,True
0.4753071069717407,0.8476656675338745,0.516252338886261,3065,125.193849689192,L640_sub01088,0.423922598361969,0.20149342715740204,0.1523343026638031,lambda,5.0,0,"{""invalid_B"": 0, ""invalid_q"": 0, ""weak_B_direction"": 0, ""weak_q_perp_for_phi"": 0, ""weak_r_perp_for_phi"": 0}",u,0.000957266865515969,128.0,0.24900416149912416,True
0.4753071069717407,0.8476656675338745,0.516252338886261,2051,31.984371183438952,L640_sub01088,0.423922598361969,0.20149342715740204,0.1523343026638031,parallel,6.0,0,"{""invalid_B"": 0, ""invalid_q"": 0, ""weak_B_direction"": 0, ""weak_q_perp_for_phi"": 0, ""weak_r_perp_for_phi"": 0}",B,8.970135792838424e-06,32.0,0.14414508423086542,True
0.4753071069717407,0.8476656675338745,0.516252338886261,2088,62.96824596572466,L640_sub01088,0.423922598361969,0.20149342715740204,0.1523343026638031,parallel,6.0,0,"{""invalid_B"": 0, ""invalid_q"": 0, ""weak_B_direction"": 0, ""weak_q_perp_for_phi"": 0, ""weak_r_perp_for_phi"": 0}",B,0.00014372143573417167,64.0,0.22886897494327943,True
0.4753071069717407,0.8476656675338745,0.516252338886261,2134,125.193849689192,L640_sub01088,0.423922598361969,0.20149342715740204,0.1523343026638031,parallel,6.0,0,"{""invalid_B"": 0, ""invalid_q"": 0, ""weak_B_direction"": 0, ""weak_q_perp_for_phi"": 0, ""weak_r_perp_for_phi"": 0}",B,0.00032094393996439264,128.0,0.261660517889107,True
0.4753071069717407,0.8476656675338745,0.516252338886261,1612,31.984371183438952,L640_sub01088,0.423922598361969,0.20149342715740204,0.1523343026638031,xi,6.0,0,"{""invalid_B"": 0, ""invalid_q"": 0, ""weak_B_direction"": 0, ""weak_q_perp_for_phi"": 0, ""weak_r_perp_for_phi"": 0}",B,0.00013204981184473247,32.0,0.22566089058887723,True
0.4753071069717407,0.8476656675338745,0.516252338886261,1760,62.96824596572466,L640_sub01088,0.423922598361969,0.20149342715740204,0.1523343026638031,xi,6.0,0,"{""invalid_B"": 0, ""invalid_q"": 0, ""weak_B_direction"": 0, ""weak_q_perp_for_phi"": 0, ""weak_r_perp_for_phi"": 0}",B,0.00019718602728890702,64.0,0.24125668507942655,True
0.4753071069717407,0.8476656675338745,0.516252338886261,1889,125.193849689192,L640_sub01088,0.423922598361969,0.20149342715740204,0.1523343026638031,xi,6.0,0,"{""invalid_B"": 0, ""invalid_q"": 0, ""weak_B_direction"": 0, ""weak_q_perp_for_phi"": 0, ""weak_r_perp_for_phi"": 0}",B,0.0004452172000356934,128.0,0.2763303936312579,True
0.4753071069717407,0.8476656675338745,0.516252338886261,2916,31.984371183438952,L640_sub01088,0.423922598361969,0.20149342715740204,0.1523343026638031,lambda,6.0,0,"{""invalid_B"": 0, ""invalid_q"": 0, ""weak_B_direction"": 0, ""weak_q_perp_for_phi"": 0, ""weak_r_perp_for_phi"": 0}",B,0.0007771419179654982,32.0,0.3032145628240241,True
0.4753071069717407,0.8476656675338745,0.516252338886261,2918,62.96824596572466,L640_sub01088,0.423922598361969,0.20149342715740204,0.1523343026638031,lambda,6.0,0,"{""invalid_B"": 0, ""invalid_q"": 0, ""weak_B_direction"": 0, ""weak_q_perp_for_phi"": 0, ""weak_r_perp_for_phi"": 0}",B,0.0009716755544707164,64.0,0.31471700729594954,True
0.4753071069717407,0.8476656675338745,0.516252338886261,2931,125.193849689192,L640_sub01088,0.423922598361969,0.20149342715740204,0.1523343026638031,lambda,6.0,0,"{""invalid_B"": 0, ""invalid_q"": 0, ""weak_B_direction"": 0, ""weak_q_perp_for_phi"": 0, ""weak_r_perp_for_phi"": 0}",B,0.0013277416941608012,128.0,0.3315270217702072,True
0.4753071069717407,0.8476656675338745,0.516252338886261,2051,31.984371183438952,L640_sub01088,0.423922598361969,0.20149342715740204,0.1523343026638031,parallel,6.0,0,"{""invalid_B"": 0, ""invalid_q"": 0, ""weak_B_direction"": 0, ""weak_q_perp_for_phi"": 0, ""weak_r_perp_for_phi"": 0}",u,7.275080377430796e-06,32.0,0.1392001273672985,True
0.4753071069717407,0.8476656675338745,0.516252338886261,2088,62.96824596572466,L640_sub01088,0.423922598361969,0.20149342715740204,0.1523343026638031,parallel,6.0,0,"{""invalid_B"": 0, ""invalid_q"": 0, ""weak_B_direction"": 0, ""weak_q_perp_for_phi"": 0, ""weak_r_perp_for_phi"": 0}",u,4.9980602628065585e-05,64.0,0.19192589803079246,True
0.4753071069717407,0.8476656675338745,0.516252338886261,2134,125.193849689192,L640_sub01088,0.423922598361969,0.20149342715740204,0.1523343026638031,parallel,6.0,0,"{""invalid_B"": 0, ""invalid_q"": 0, ""weak_B_direction"": 0, ""weak_q_perp_for_phi"": 0, ""weak_r_perp_for_phi"": 0}",u,9.409893357414459e-05,128.0,0.21327049826680286,True
0.4753071069717407,0.8476656675338745,0.516252338886261,1749,31.984371183438952,L640_sub01088,0.423922598361969,0.20149342715740204,0.1523343026638031,xi,6.0,0,"{""invalid_B"": 0, ""invalid_q"": 0, ""weak_B_direction"": 0, ""weak_q_perp_for_phi"": 0, ""weak_r_perp_for_phi"": 0}",u,8.254896426520749e-05,32.0,0.20866611873887225,True
0.4753071069717407,0.8476656675338745,0.516252338886261,1788,62.96824596572466,L640_sub01088,0.423922598361969,0.20149342715740204,0.1523343026638031,xi,6.0,0,"{""invalid_B"": 0, ""invalid_q"": 0, ""weak_B_direction"": 0, ""weak_q_perp_for_phi"": 0, ""weak_r_perp_for_phi"": 0}",u,5.92273068780766e-05,64.0,0.1974332664893974,True
0.4753071069717407,0.8476656675338745,0.516252338886261,1990,125.193849689192,L640_sub01088,0.423922598361969,0.20149342715740204,0.1523343026638031,xi,6.0,0,"{""invalid_B"": 0, ""invalid_q"": 0, ""weak_B_direction"": 0, ""weak_q_perp_for_phi"": 0, ""weak_r_perp_for_phi"": 0}",u,0.0001490076400695324,128.0,0.23025094576845384,True
0.4753071069717407,0.8476656675338745,0.516252338886261,2928,31.984371183438952,L640_sub01088,0.423922598361969,0.20149342715740204,0.1523343026638031,lambda,6.0,0,"{""invalid_B"": 0, ""invalid_q"": 0, ""weak_B_direction"": 0, ""weak_q_perp_for_phi"": 0, ""weak_r_perp_for_phi"": 0}",u,0.00018953380019675047,32.0,0.23967042448501993,True
0.4753071069717407,0.8476656675338745,0.516252338886261,3014,62.96824596572466,L640_sub01088,0.423922598361969,0.20149342715740204,0.1523343026638031,lambda,6.0,0,"{""invalid_B"": 0, ""invalid_q"": 0, ""weak_B_direction"": 0, ""weak_q_perp_for_phi"": 0, ""weak_r_perp_for_phi"": 0}",u,0.0003690166112244332,64.0,0.2678187545247204,True
0.4753071069717407,0.8476656675338745,0.516252338886261,3065,125.193849689192,L640_sub01088,0.423922598361969,0.20149342715740204,0.1523343026638031,lambda,6.0,0,"{""invalid_B"": 0, ""invalid_q"": 0, ""weak_B_direction"": 0, ""weak_q_perp_for_phi"": 0, ""weak_r_perp_for_phi"": 0}",u,0.0004046494345676764,128.0,0.2719650872671108,True
0.23613546788692474,0.4055726230144501,0.3707890510559082,1379,31.984371183438952,L640_sub02297,1.2106401920318604,0.2858750820159912,0.5944273471832275,parallel,1.0,0,"{""invalid_B"": 0, ""invalid_q"": 0, ""weak_B_direction"": 0, ""weak_q_perp_for_phi"": 0, ""weak_r_perp_for_phi"": 0}",B,0.04369951423430353,32.0,0.04369951423430353,True
0.23613546788692474,0.4055726230144501,0.3707890510559082,1479,62.96824596572466,L640_sub02297,1.2106401920318604,0.2858750820159912,0.5944273471832275,parallel,1.0,0,"{""invalid_B"": 0, ""invalid_q"": 0, ""weak_B_direction"": 0, ""weak_q_perp_for_phi"": 0, ""weak_r_perp_for_phi"": 0}",B,0.07738644649199378,64.0,0.07738644649199378,True
0.23613546788692474,0.4055726230144501,0.3707890510559082,1483,125.193849689192,L640_sub02297,1.2106401920318604,0.2858750820159912,0.5944273471832275,parallel,1.0,0,"{""invalid_B"": 0, ""invalid_q"": 0, ""weak_B_direction"": 0, ""weak_q_perp_for_phi"": 0, ""weak_r_perp_for_phi"": 0}",B,0.1206868943554329,128.0,0.1206868943554329,True
0.23613546788692474,0.4055726230144501,0.3707890510559082,1633,31.984371183438952,L640_sub02297,1.2106401920318604,0.2858750820159912,0.5944273471832275,xi,1.0,0,"{""invalid_B"": 0, ""invalid_q"": 0, ""weak_B_direction"": 0, ""weak_q_perp_for_phi"": 0, ""weak_r_perp_for_phi"": 0}",B,0.06206904944609712,32.0,0.06206904944609712,True
0.23613546788692474,0.4055726230144501,0.3707890510559082,1584,62.96824596572466,L640_sub02297,1.2106401920318604,0.2858750820159912,0.5944273471832275,xi,1.0,0,"{""invalid_B"": 0, ""invalid_q"": 0, ""weak_B_direction"": 0, ""weak_q_perp_for_phi"": 0, ""weak_r_perp_for_phi"": 0}",B,0.08197600433820346,64.0,0.08197600433820346,True
0.23613546788692474,0.4055726230144501,0.3707890510559082,1616,125.193849689192,L640_sub02297,1.2106401920318604,0.2858750820159912,0.5944273471832275,xi,1.0,0,"{""invalid_B"": 0, ""invalid_q"": 0, ""weak_B_direction"": 0, ""weak_q_perp_for_phi"": 0, ""weak_r_perp_for_phi"": 0}",B,0.11994345310199264,128.0,0.11994345310199264,True
0.23613546788692474,0.4055726230144501,0.3707890510559082,2800,31.984371183438952,L640_sub02297,1.2106401920318604,0.2858750820159912,0.5944273471832275,lambda,1.0,0,"{""invalid_B"": 0, ""invalid_q"": 0, ""weak_B_direction"": 0, ""weak_q_perp_for_phi"": 0, ""weak_r_perp_for_phi"": 0}",B,0.10320903806765293,32.0,0.10320903806765293,True
0.23613546788692474,0.4055726230144501,0.3707890510559082,2682,62.96824596572466,L640_sub02297,1.2106401920318604,0.2858750820159912,0.5944273471832275,lambda,1.0,0,"{""invalid_B"": 0, ""invalid_q"": 0, ""weak_B_direction"": 0, ""weak_q_perp_for_phi"": 0, ""weak_r_perp_for_phi"": 0}",B,0.14391078278529634,64.0,0.14391078278529634,True
0.23613546788692474,0.4055726230144501,0.3707890510559082,2678,125.193849689192,L640_sub02297,1.2106401920318604,0.2858750820159912,0.5944273471832275,lambda,1.0,0,"{""invalid_B"": 0, ""invalid_q"": 0, ""weak_B_direction"": 0, ""weak_q_perp_for_phi"": 0, ""weak_r_perp_for_phi"": 0}",B,0.19137015198076926,128.0,0.19137015198076926,True
0.23613546788692474,0.4055726230144501,0.3707890510559082,1379,31.984371183438952,L640_sub02297,1.2106401920318604,0.2858750820159912,0.5944273471832275,parallel,1.0,0,"{""invalid_B"": 0, ""invalid_q"": 0, ""weak_B_direction"": 0, ""weak_q_perp_for_phi"": 0, ""weak_r_perp_for_phi"": 0}",u,0.030816455088514487,32.0,0.030816455088514487,True
0.23613546788692474,0.4055726230144501,0.3707890510559082,1479,62.96824596572466,L640_sub02297,1.2106401920318604,0.2858750820159912,0.5944273471832275,parallel,1.0,0,"{""invalid_B"": 0, ""invalid_q"": 0, ""weak_B_direction"": 0, ""weak_q_perp_for_phi"": 0, ""weak_r_perp_for_phi"": 0}",u,0.05039073034701123,64.0,0.05039073034701123,True
0.23613546788692474,0.4055726230144501,0.3707890510559082,1483,125.193849689192,L640_sub02297,1.2106401920318604,0.2858750820159912,0.5944273471832275,parallel,1.0,0,"{""invalid_B"": 0, ""invalid_q"": 0, ""weak_B_direction"": 0, ""weak_q_perp_for_phi"": 0, ""weak_r_perp_for_phi"": 0}",u,0.08026841018000849,128.0,0.08026841018000849,True
0.23613546788692474,0.4055726230144501,0.3707890510559082,1643,31.984371183438952,L640_sub02297,1.2106401920318604,0.2858750820159912,0.5944273471832275,xi,1.0,0,"{""invalid_B"": 0, ""invalid_q"": 0, ""weak_B_direction"": 0, ""weak_q_perp_for_phi"": 0, ""weak_r_perp_for_phi"": 0}",u,0.04589228808504727,32.0,0.04589228808504727,True
0.23613546788692474,0.4055726230144501,0.3707890510559082,1804,62.96824596572466,L640_sub02297,1.2106401920318604,0.2858750820159912,0.5944273471832275,xi,1.0,0,"{""invalid_B"": 0, ""invalid_q"": 0, ""weak_B_direction"": 0, ""weak_q_perp_for_phi"": 0, ""weak_r_perp_for_phi"": 0}",u,0.06250228942324243,64.0,0.06250228942324243,True
0.23613546788692474,0.4055726230144501,0.3707890510559082,1839,125.193849689192,L640_sub02297,1.2106401920318604,0.2858750820159912,0.5944273471832275,xi,1.0,0,"{""invalid_B"": 0, ""invalid_q"": 0, ""weak_B_direction"": 0, ""weak_q_perp_for_phi"": 0, ""weak_r_perp_for_phi"": 0}",u,0.0809198963780538,128.0,0.0809198963780538,True
0.23613546788692474,0.4055726230144501,0.3707890510559082,2701,31.984371183438952,L640_sub02297,1.2106401920318604,0.2858750820159912,0.5944273471832275,lambda,1.0,0,"{""invalid_B"": 0, ""invalid_q"": 0, ""weak_B_direction"": 0, ""weak_q_perp_for_phi"": 0, ""weak_r_perp_for_phi"": 0}",u,0.06831913874868087,32.0,0.06831913874868087,True
0.23613546788692474,0.4055726230144501,0.3707890510559082,2734,62.96824596572466,L640_sub02297,1.2106401920318604,0.2858750820159912,0.5944273471832275,lambda,1.0,0,"{""invalid_B"": 0, ""invalid_q"": 0, ""weak_B_direction"": 0, ""weak_q_perp_for_phi"": 0, ""weak_r_perp_for_phi"": 0}",u,0.08504180032709044,64.0,0.08504180032709044,True
0.23613546788692474,0.4055726230144501,0.3707890510559082,2612,125.193849689192,L640_sub02297,1.2106401920318604,0.2858750820159912,0.5944273471832275,lambda,1.0,0,"{""invalid_B"": 0, ""invalid_q"": 0, ""weak_B_direction"": 0, ""weak_q_perp_for_phi"": 0, ""weak_r_perp_for_phi"": 0}",u,0.0983937632897516,128.0,0.0983937632897516,True
0.23613546788692474,0.4055726230144501,0.3707890510559082,1379,31.984371183438952,L640_sub02297,1.2106401920318604,0.2858750820159912,0.5944273471832275,parallel,2.0,0,"{""invalid_B"": 0, ""invalid_q"": 0, ""weak_B_direction"": 0, ""weak_q_perp_for_phi"": 0, ""weak_r_perp_for_phi"": 0}",B,0.003331541490753503,32.0,0.05771950702105401,True
0.23613546788692474,0.4055726230144501,0.3707890510559082,1479,62.96824596572466,L640_sub02297,1.2106401920318604,0.2858750820159912,0.5944273471832275,parallel,2.0,0,"{""invalid_B"": 0, ""invalid_q"": 0, ""weak_B_direction"": 0, ""weak_q_perp_for_phi"": 0, ""weak_r_perp_for_phi"": 0}",B,0.010012416326571173,64.0,0.10006206237416443,True
0.23613546788692474,0.4055726230144501,0.3707890510559082,1483,125.193849689192,L640_sub02297,1.2106401920318604,0.2858750820159912,0.5944273471832275,parallel,2.0,0,"{""invalid_B"": 0, ""invalid_q"": 0, ""weak_B_direction"": 0, ""weak_q_perp_for_phi"": 0, ""weak_r_perp_for_phi"": 0}",B,0.02203192230808329,128.0,0.14843154081287202,True
0.23613546788692474,0.4055726230144501,0.3707890510559082,1633,31.984371183438952,L640_sub02297,1.2106401920318604,0.2858750820159912,0.5944273471832275,xi,2.0,0,"{""invalid_B"": 0, ""invalid_q"": 0, ""weak_B_direction"": 0, ""weak_q_perp_for_phi"": 0, ""weak_r_perp_for_phi"": 0}",B,0.006062823539857993,32.0,0.07786413513202335,True
0.23613546788692474,0.4055726230144501,0.3707890510559082,1584,62.96824596572466,L640_sub02297,1.2106401920318604,0.2858750820159912,0.5944273471832275,xi,2.0,0,"{""invalid_B"": 0, ""invalid_q"": 0, ""weak_B_direction"": 0, ""weak_q_perp_for_phi"": 0, ""weak_r_perp_for_phi"": 0}",B,0.010449988527367426,64.0,0.10222518538680879,True
0.23613546788692474,0.4055726230144501,0.3707890510559082,1616,125.193849689192,L640_sub02297,1.2106401920318604,0.2858750820159912,0.5944273471832275,xi,2.0,0,"{""invalid_B"": 0, ""invalid_q"": 0, ""weak_B_direction"": 0, ""weak_q_perp_for_phi"": 0, ""weak_r_perp_for_phi"": 0}",B,0.02112223261617714,128.0,0.1453348981359162,True
0.23613546788692474,0.4055726230144501,0.3707890510559082,2800,31.984371183438952,L640_sub02297,1.2106401920318604,0.2858750820159912,0.5944273471832275,lambda,2.0,0,"{""invalid_B"": 0, ""invalid_q"": 0, ""weak_B_direction"": 0, ""weak_q_perp_for_phi"": 0, ""weak_r_perp_for_phi"": 0}",B,0.019494909867500493,32.0,0.13962417365019744,True
0.23613546788692474,0.4055726230144501,0.3707890510559082,2682,62.96824596572466,L640_sub02297,1.2106401920318604,0.2858750820159912,0.5944273471832275,lambda,2.0,0,"{""invalid_B"": 0, ""invalid_q"": 0, ""weak_B_direction"": 0, ""weak_q_perp_for_phi"": 0, ""weak_r_perp_for_phi"": 0}",B,0.03664080473275826,64.0,0.1914178798669504,True
0.23613546788692474,0.4055726230144501,0.3707890510559082,2678,125.193849689192,L640_sub02297,1.2106401920318604,0.2858750820159912,0.5944273471832275,lambda,2.0,0,"{""invalid_B"": 0, ""invalid_q"": 0, ""weak_B_direction"": 0, ""weak_q_perp_for_phi"": 0, ""weak_r_perp_for_phi"": 0}",B,0.06060707923499505,128.0,0.24618505079511846,True
0.23613546788692474,0.4055726230144501,0.3707890510559082,1379,31.984371183438952,L640_sub02297,1.2106401920318604,0.2858750820159912,0.5944273471832275,parallel,2.0,0,"{""invalid_B"": 0, ""invalid_q"": 0, ""weak_B_direction"": 0, ""weak_q_perp_for_phi"": 0, ""weak_r_perp_for_phi"": 0}",u,0.0014631995531307258,32.0,0.0382517915022385,True
0.23613546788692474,0.4055726230144501,0.3707890510559082,1479,62.96824596572466,L640_sub02297,1.2106401920318604,0.2858750820159912,0.5944273471832275,parallel,2.0,0,"{""invalid_B"": 0, ""invalid_q"": 0, ""weak_B_direction"": 0, ""weak_q_perp_for_phi"": 0, ""weak_r_perp_for_phi"": 0}",u,0.003710338858933583,64.0,0.06091255091468082,True
0.23613546788692474,0.4055726230144501,0.3707890510559082,1483,125.193849689192,L640_sub02297,1.2106401920318604,0.2858750820159912,0.5944273471832275,parallel,2.0,0,"{""invalid_B"": 0, ""invalid_q"": 0, ""weak_B_direction"": 0, ""weak_q_perp_for_phi"": 0, ""weak_r_perp_for_phi"": 0}",u,0.00906548212889434,128.0,0.09521282544328961,True
0.23613546788692474,0.4055726230144501,0.3707890510559082,1643,31.984371183438952,L640_sub02297,1.2106401920318604,0.2858750820159912,0.5944273471832275,xi,2.0,0,"{""invalid_B"": 0, ""invalid_q"": 0, ""weak_B_direction"": 0, ""weak_q_perp_for_phi"": 0, ""weak_r_perp_for_phi"": 0}",u,0.0030719587496751016,32.0,0.055425253717733235,True
0.23613546788692474,0.4055726230144501,0.3707890510559082,1804,62.96824596572466,L640_sub02297,1.2106401920318604,0.2858750820159912,0.5944273471832275,xi,2.0,0,"{""invalid_B"": 0, ""invalid_q"": 0, ""weak_B_direction"": 0, ""weak_q_perp_for_phi"": 0, ""weak_r_perp_for_phi"": 0}",u,0.005460175051512671,64.0,0.07389299731038572,True
0.23613546788692474,0.4055726230144501,0.3707890510559082,1839,125.193849689192,L640_sub02297,1.2106401920318604,0.2858750820159912,0.5944273471832275,xi,2.0,0,"{""invalid_B"": 0, ""invalid_q"": 0, ""weak_B_direction"": 0, ""weak_q_perp_for_phi"": 0, ""weak_r_perp_for_phi"": 0}",u,0.00902422057563342,128.0,0.09499589767791776,True
0.23613546788692474,0.4055726230144501,0.3707890510559082,2701,31.984371183438952,L640_sub02297,1.2106401920318604,0.2858750820159912,0.5944273471832275,lambda,2.0,0,"{""invalid_B"": 0, ""invalid_q"": 0, ""weak_B_direction"": 0, ""weak_q_perp_for_phi"": 0, ""weak_r_perp_for_phi"": 0}",u,0.0073818000552299725,32.0,0.08591740251677754,True
0.23613546788692474,0.4055726230144501,0.3707890510559082,2734,62.96824596572466,L640_sub02297,1.2106401920318604,0.2858750820159912,0.5944273471832275,lambda,2.0,0,"{""invalid_B"": 0, ""invalid_q"": 0, ""weak_B_direction"": 0, ""weak_q_perp_for_phi"": 0, ""weak_r_perp_for_phi"": 0}",u,0.010729157998388342,64.0,0.10358164894607703,True
0.23613546788692474,0.4055726230144501,0.3707890510559082,2612,125.193849689192,L640_sub02297,1.2106401920318604,0.2858750820159912,0.5944273471832275,lambda,2.0,0,"{""invalid_B"": 0, ""invalid_q"": 0, ""weak_B_direction"": 0, ""weak_q_perp_for_phi"": 0, ""weak_r_perp_for_phi"": 0}",u,0.013947735402961283,128.0,0.11810053091735567,True
0.23613546788692474,0.4055726230144501,0.3707890510559082,1379,31.984371183438952,L640_sub02297,1.2106401920318604,0.2858750820159912,0.5944273471832275,parallel,3.0,0,"{""invalid_B"": 0, ""invalid_q"": 0, ""weak_B_direction"": 0, ""weak_q_perp_for_phi"": 0, ""weak_r_perp_for_phi"": 0}",B,0.00043383357074596525,32.0,0.07570206362683579,True
0.23613546788692474,0.4055726230144501,0.3707890510559082,1479,62.96824596572466,L640_sub02297,1.2106401920318604,0.2858750820159912,0.5944273471832275,parallel,3.0,0,"{""invalid_B"": 0, ""invalid_q"": 0, ""weak_B_direction"": 0, ""weak_q_perp_for_phi"": 0, ""weak_r_perp_for_phi"": 0}",B,0.001989794055341118,64.0,0.12577742800226246,True
0.23613546788692474,0.4055726230144501,0.3707890510559082,1483,125.193849689192,L640_sub02297,1.2106401920318604,0.2858750820159912,0.5944273471832275,parallel,3.0,0,"{""invalid_B"": 0, ""invalid_q"": 0, ""weak_B_direction"": 0, ""weak_q_perp_for_phi"": 0, ""weak_r_perp_for_phi"": 0}",B,0.005666322962398297,128.0,0.17827910346680303,True
0.23613546788692474,0.4055726230144501,0.3707890510559082,1633,31.984371183438952,L640_sub02297,1.2106401920318604,0.2858750820159912,0.5944273471832275,xi,3.0,0,"{""invalid_B"": 0, ""invalid_q"": 0, ""weak_B_direction"": 0, ""weak_q_perp_for_phi"": 0, ""weak_r_perp_for_phi"": 0}",B,0.0008913677487311334,32.0,0.09623926676220355,True
0.23613546788692474,0.4055726230144501,0.3707890510559082,1584,62.96824596572466,L640_sub02297,1.2106401920318604,0.2858750820159912,0.5944273471832275,xi,3.0,0,"{""invalid_B"": 0, ""invalid_q"": 0, ""weak_B_direction"": 0, ""weak_q_perp_for_phi"": 0, ""weak_r_perp_for_phi"": 0}",B,0.0019026249002250138,64.0,0.12391324360379623,True
0.23613546788692474,0.4055726230144501,0.3707890510559082,1616,125.193849689192,L640_sub02297,1.2106401920318604,0.2858750820159912,0.5944273471832275,xi,3.0,0,"{""invalid_B"": 0, ""invalid_q"": 0, ""weak_B_direction"": 0, ""weak_q_perp_for_phi"": 0, ""weak_r_perp_for_phi"": 0}",B,0.0049243927322704445,128.0,0.17013130262299364,True
0.23613546788692474,0.4055726230144501,0.3707890510559082,2800,31.984371183438952,L640_sub02297,1.2106401920318604,0.2858750820159912,0.5944273471832275,lambda,3.0,0,"{""invalid_B"": 0, ""invalid_q"": 0, ""weak_B_direction"": 0, ""weak_q_perp_for_phi"": 0, ""weak_r_perp_for_phi"": 0}",B,0.005465508036503802,32.0,0.1761476468137276,True
0.23613546788692474,0.4055726230144501,0.3707890510559082,2682,62.96824596572466,L640_sub02297,1.2106401920318604,0.2858750820159912,0.5944273471832275,lambda,3.0,0,"{""invalid_B"": 0, ""invalid_q"": 0, ""weak_B_direction"": 0, ""weak_q_perp_for_phi"": 0, ""weak_r_perp_for_phi"": 0}",B,0.013314050810156299,64.0,0.23701185535451935,True
0.23613546788692474,0.4055726230144501,0.3707890510559082,2678,125.193849689192,L640_sub02297,1.2106401920318604,0.2858750820159912,0.5944273471832275,lambda,3.0,0,"{""invalid_B"": 0, ""invalid_q"": 0, ""weak_B_direction"": 0, ""weak_q_perp_for_phi"": 0, ""weak_r_perp_for_phi"": 0}",B,0.02677561457507633,128.0,0.2991666299957364,True
0.23613546788692474,0.4055726230144501,0.3707890510559082,1379,31.984371183438952,L640_sub02297,1.2106401920318604,0.2858750820159912,0.5944273471832275,parallel,3.0,0,"{""invalid_B"": 0, ""invalid_q"": 0, ""weak_B_direction"": 0, ""weak_q_perp_for_phi"": 0, ""weak_r_perp_for_phi"": 0}",u,9.966186237852678e-05,32.0,0.04636351273088317,True
0.23613546788692474,0.4055726230144501,0.3707890510559082,1479,62.96824596572466,L640_sub02297,1.2106401920318604,0.2858750820159912,0.5944273471832275,parallel,3.0,0,"{""invalid_B"": 0, ""invalid_q"": 0, ""weak_B_direction"": 0, ""weak_q_perp_for_phi"": 0, ""weak_r_perp_for_phi"": 0}",u,0.00037445397278930946,64.0,0.07207746118016249,True
0.23613546788692474,0.4055726230144501,0.3707890510559082,1483,125.193849689192,L640_sub02297,1.2106401920318604,0.2858750820159912,0.5944273471832275,parallel,3.0,0,"{""invalid_B"": 0, ""invalid_q"": 0, ""weak_B_direction"": 0, ""weak_q_perp_for_phi"": 0, ""weak_r_perp_for_phi"": 0}",u,0.0013501563547355048,128.0,0.11052521157798395,True
0.23613546788692474,0.4055726230144501,0.3707890510559082,1643,31.984371183438952,L640_sub02297,1.2106401920318604,0.2858750820159912,0.5944273471832275,xi,3.0,0,"{""invalid_B"": 0, ""invalid_q"": 0, ""weak_B_direction"": 0, ""weak_q_perp_for_phi"": 0, ""weak_r_perp_for_phi"": 0}",u,0.00027811638469792805,32.0,0.06527429527967957,True
0.23613546788692474,0.4055726230144501,0.3707890510559082,1804,62.96824596572466,L640_sub02297,1.2106401920318604,0.2858750820159912,0.5944273471832275,xi,3.0,0,"{""invalid_B"": 0, ""invalid_q"": 0, ""weak_B_direction"": 0, ""weak_q_perp_for_phi"": 0, ""weak_r_perp_for_phi"": 0}",u,0.0006149144618858691,64.0,0.0850364070976258,True
0.23613546788692474,0.4055726230144501,0.3707890510559082,1839,125.193849689192,L640_sub02297,1.2106401920318604,0.2858750820159912,0.5944273471832275,xi,3.0,0,"{""invalid_B"": 0, ""invalid_q"": 0, ""weak_B_direction"": 0, ""weak_q_perp_for_phi"": 0, ""weak_r_perp_for_phi"": 0}",u,0.0012672274721179716,128.0,0.10821435115540494,True
0.23613546788692474,0.4055726230144501,0.3707890510559082,2701,31.984371183438952,L640_sub02297,1.2106401920318604,0.2858750820159912,0.5944273471832275,lambda,3.0,0,"{""invalid_B"": 0, ""invalid_q"": 0, ""weak_B_direction"": 0, ""weak_q_perp_for_phi"": 0, ""weak_r_perp_for_phi"": 0}",u,0.0011100552328502707,32.0,0.1035415978745305,True
0.23613546788692474,0.4055726230144501,0.3707890510559082,2734,62.96824596572466,L640_sub02297,1.2106401920318604,0.2858750820159912,0.5944273471832275,lambda,3.0,0,"{""invalid_B"": 0, ""invalid_q"": 0, ""weak_B_direction"": 0, ""weak_q_perp_for_phi"": 0, ""weak_r_perp_for_phi"": 0}",u,0.0017944903657517778,64.0,0.12151979932722874,True
0.23613546788692474,0.4055726230144501,0.3707890510559082,2612,125.193849689192,L640_sub02297,1.2106401920318604,0.2858750820159912,0.5944273471832275,lambda,3.0,0,"{""invalid_B"": 0, ""invalid_q"": 0, ""weak_B_direction"": 0, ""weak_q_perp_for_phi"": 0, ""weak_r_perp_for_phi"": 0}",u,0.0025512781593599355,128.0,0.13664254336776582,True
0.23613546788692474,0.4055726230144501,0.3707890510559082,1379,31.984371183438952,L640_sub02297,1.2106401920318604,0.2858750820159912,0.5944273471832275,parallel,4.0,0,"{""invalid_B"": 0, ""invalid_q"": 0, ""weak_B_direction"": 0, ""weak_q_perp_for_phi"": 0, ""weak_r_perp_for_phi"": 0}",B,9.135473172157287e-05,32.0,0.09776485526030168,True
0.23613546788692474,0.4055726230144501,0.3707890510559082,1479,62.96824596572466,L640_sub02297,1.2106401920318604,0.2858750820159912,0.5944273471832275,parallel,4.0,0,"{""invalid_B"": 0, ""invalid_q"": 0, ""weak_B_direction"": 0, ""weak_q_perp_for_phi"": 0, ""weak_r_perp_for_phi"": 0}",B,0.0005361864311230465,64.0,0.15216996994990134,True
0.23613546788692474,0.4055726230144501,0.3707890510559082,1483,125.193849689192,L640_sub02297,1.2106401920318604,0.2858750820159912,0.5944273471832275,parallel,4.0,0,"{""invalid_B"": 0, ""invalid_q"": 0, ""weak_B_direction"": 0, ""weak_q_perp_for_phi"": 0, ""weak_r_perp_for_phi"": 0}",B,0.0018849323603025616,128.0,0.2083646028569024,True
0.23613546788692474,0.4055726230144501,0.3707890510559082,1633,31.984371183438952,L640_sub02297,1.2106401920318604,0.2858750820159912,0.5944273471832275,xi,4.0,0,"{""invalid_B"": 0, ""invalid_q"": 0, ""weak_B_direction"": 0, ""weak_q_perp_for_phi"": 0, ""weak_r_perp_for_phi"": 0}",B,0.0001816938309080476,32.0,0.11610075540420631,True
0.23613546788692474,0.4055726230144501,0.3707890510559082,1584,62.96824596572466,L640_sub02297,1.2106401920318604,0.2858750820159912,0.5944273471832275,xi,4.0,0,"{""invalid_B"": 0, ""invalid_q"": 0, ""weak_B_direction"": 0, ""weak_q_perp_for_phi"": 0, ""weak_r_perp_for_phi"": 0}",B,0.00045359075280138836,64.0,0.14593721295861636,True
0.23613546788692474,0.4055726230144501,0.3707890510559082,1616,125.193849689192,L640_sub02297,1.2106401920318604,0.2858750820159912,0.5944273471832275,xi,4.0,0,"{""invalid_B"": 0, ""invalid_q"": 0, ""weak_B_direction"": 0, ""weak_q_perp_for_phi"": 0, ""weak_r_perp_for_phi"": 0}",B,0.0014057187163243265,128.0,0.19363087447115704,True
0.23613546788692474,0.4055726230144501,0.3707890510559082,2800,31.984371183438952,L640_sub02297,1.2106401920318604,0.2858750820159912,0.5944273471832275,lambda,4.0,0,"{""invalid_B"": 0, ""invalid_q"": 0, ""weak_B_direction"": 0, ""weak_q_perp_for_phi"": 0, ""weak_r_perp_for_phi"": 0}",B,0.001923955181781288,32.0,0.20943474762376246,True
0.23613546788692474,0.4055726230144501,0.3707890510559082,2682,62.96824596572466,L640_sub02297,1.2106401920318604,0.2858750820159912,0.5944273471832275,lambda,4.0,0,"{""invalid_B"": 0, ""invalid_q"": 0, ""weak_B_direction"": 0, ""weak_q_perp_for_phi"": 0, ""weak_r_perp_for_phi"": 0}",B,0.005975376743726876,64.0,0.27802978452473814,True
0.23613546788692474,0.4055726230144501,0.3707890510559082,2678,125.193849689192,L640_sub02297,1.2106401920318604,0.2858750820159912,0.5944273471832275,lambda,4.0,0,"{""invalid_B"": 0, ""invalid_q"": 0, ""weak_B_direction"": 0, ""weak_q_perp_for_phi"": 0, ""weak_r_perp_for_phi"": 0}",B,0.014539686217506545,128.0,0.34724720479129123,True
0.23613546788692474,0.4055726230144501,0.3707890510559082,1379,31.984371183438952,L640_sub02297,1.2106401920318604,0.2858750820159912,0.5944273471832275,parallel,4.0,0,"{""invalid_B"": 0, ""invalid_q"": 0, ""weak_B_direction"": 0, ""weak_q_perp_for_phi"": 0, ""weak_r_perp_for_phi"": 0}",u,9.132349686426676e-06,32.0,0.054972518382267035,True
0.23613546788692474,0.4055726230144501,0.3707890510559082,1479,62.96824596572466,L640_sub02297,1.2106401920318604,0.2858750820159912,0.5944273471832275,parallel,4.0,0,"{""invalid_B"": 0, ""invalid_q"": 0, ""weak_B_direction"": 0, ""weak_q_perp_for_phi"": 0, ""weak_r_perp_for_phi"": 0}",u,4.9604102100903756e-05,64.0,0.08392269042539455,True
0.23613546788692474,0.4055726230144501,0.3707890510559082,1483,125.193849689192,L640_sub02297,1.2106401920318604,0.2858750820159912,0.5944273471832275,parallel,4.0,0,"{""invalid_B"": 0, ""invalid_q"": 0, ""weak_B_direction"": 0, ""weak_q_perp_for_phi"": 0, ""weak_r_perp_for_phi"": 0}",u,0.0002532225467470138,128.0,0.12614661263747412,True
0.23613546788692474,0.4055726230144501,0.3707890510559082,1643,31.984371183438952,L640_sub02297,1.2106401920318604,0.2858750820159912,0.5944273471832275,xi,4.0,0,"{""invalid_B"": 0, ""invalid_q"": 0, ""weak_B_direction"": 0, ""weak_q_perp_for_phi"": 0, ""weak_r_perp_for_phi"": 0}",u,3.205705202376392e-05,32.0,0.07524556291212252,True
0.23613546788692474,0.4055726230144501,0.3707890510559082,1804,62.96824596572466,L640_sub02297,1.2106401920318604,0.2858750820159912,0.5944273471832275,xi,4.0,0,"{""invalid_B"": 0, ""invalid_q"": 0, ""weak_B_direction"": 0, ""weak_q_perp_for_phi"": 0, ""weak_r_perp_for_phi"": 0}",u,8.424512427049665e-05,64.0,0.09580456290589749,True
0.23613546788692474,0.4055726230144501,0.3707890510559082,1839,125.193849689192,L640_sub02297,1.2106401920318604,0.2858750820159912,0.5944273471832275,xi,4.0,0,"{""invalid_B"": 0, ""invalid_q"": 0, ""weak_B_direction"": 0, ""weak_q_perp_for_phi"": 0, ""weak_r_perp_for_phi"": 0}",u,0.0002122972327284379,128.0,0.12070800809061517,True
0.23613546788692474,0.4055726230144501,0.3707890510559082,2701,31.984371183438952,L640_sub02297,1.2106401920318604,0.2858750820159912,0.5944273471832275,lambda,4.0,0,"{""invalid_B"": 0, ""invalid_q"": 0, ""weak_B_direction"": 0, ""weak_q_perp_for_phi"": 0, ""weak_r_perp_for_phi"": 0}",u,0.00020872057875468043,32.0,0.12019636049707835,True
0.23613546788692474,0.4055726230144501,0.3707890510559082,2734,62.96824596572466,L640_sub02297,1.2106401920318604,0.2858750820159912,0.5944273471832275,lambda,4.0,0,"{""invalid_B"": 0, ""invalid_q"": 0, ""weak_B_direction"": 0, ""weak_q_perp_for_phi"": 0, ""weak_r_perp_for_phi"": 0}",u,0.0003641213369481175,64.0,0.13813748099431708,True
0.23613546788692474,0.4055726230144501,0.3707890510559082,2612,125.193849689192,L640_sub02297,1.2106401920318604,0.2858750820159912,0.5944273471832275,lambda,4.0,0,"{""invalid_B"": 0, ""invalid_q"": 0, ""weak_B_direction"": 0, ""weak_q_perp_for_phi"": 0, ""weak_r_perp_for_phi"": 0}",u,0.0005603624821835542,128.0,0.15385700090480395,True
0.23613546788692474,0.4055726230144501,0.3707890510559082,1379,31.984371183438952,L640_sub02297,1.2106401920318604,0.2858750820159912,0.5944273471832275,parallel,5.0,0,"{""invalid_B"": 0, ""invalid_q"": 0, ""weak_B_direction"": 0, ""weak_q_perp_for_phi"": 0, ""weak_r_perp_for_phi"": 0}",B,2.7702706589562133e-05,32.0,0.12260394382762681,True
0.23613546788692474,0.4055726230144501,0.3707890510559082,1479,62.96824596572466,L640_sub02297,1.2106401920318604,0.2858750820159912,0.5944273471832275,parallel,5.0,0,"{""invalid_B"": 0, ""invalid_q"": 0, ""weak_B_direction"": 0, ""weak_q_perp_for_phi"": 0, ""weak_r_perp_for_phi"": 0}",B,0.00017583163446782012,64.0,0.17742687467295187,True
0.23613546788692474,0.4055726230144501,0.3707890510559082,1483,125.193849689192,L640_sub02297,1.2106401920318604,0.2858750820159912,0.5944273471832275,parallel,5.0,0,"{""invalid_B"": 0, ""invalid_q"": 0, ""weak_B_direction"": 0, ""weak_q_perp_for_phi"": 0, ""weak_r_perp_for_phi"": 0}",B,0.0007456191064843673,128.0,0.23686637063302393,True
0.23613546788692474,0.4055726230144501,0.3707890510559082,1633,31.984371183438952,L640_sub02297,1.2106401920318604,0.2858750820159912,0.5944273471832275,xi,5.0,0,"{""invalid_B"": 0, ""invalid_q"": 0, ""weak_B_direction"": 0, ""weak_q_perp_for_phi"": 0, ""weak_r_perp_for_phi"": 0}",B,4.5994383533883526e-05,32.0,0.13568784982179527,True
0.23613546788692474,0.4055726230144501,0.3707890510559082,1584,62.96824596572466,L640_sub02297,1.2106401920318604,0.2858750820159912,0.5944273471832275,xi,5.0,0,"{""invalid_B"": 0, ""invalid_q"": 0, ""weak_B_direction"": 0, ""weak_q_perp_for_phi"": 0, ""weak_r_perp_for_phi"": 0}",B,0.0001300384669326223,64.0,0.16703764874957208,True
0.23613546788692474,0.4055726230144501,0.3707890510559082,1616,125.193849689192,L640_sub02297,1.2106401920318604,0.2858750820159912,0.5944273471832275,xi,5.0,0,"{""invalid_B"": 0, ""invalid_q"": 0, ""weak_B_direction"": 0, ""weak_q_perp_for_phi"": 0, ""weak_r_perp_for_phi"": 0}",B,0.00046244071763708,128.0,0.21528373193302497,True
0.23613546788692474,0.4055726230144501,0.3707890510559082,2800,31.984371183438952,L640_sub02297,1.2106401920318604,0.2858750820159912,0.5944273471832275,lambda,5.0,0,"{""invalid_B"": 0, ""invalid_q"": 0, ""weak_B_direction"": 0, ""weak_q_perp_for_phi"": 0, ""weak_r_perp_for_phi"": 0}",B,0.0007733959126729191,32.0,0.23860545841468106,True
0.23613546788692474,0.4055726230144501,0.3707890510559082,2682,62.96824596572466,L640_sub02297,1.2106401920318604,0.2858750820159912,0.5944273471832275,lambda,5.0,0,"{""invalid_B"": 0, ""invalid_q"": 0, ""weak_B_direction"": 0, ""weak_q_perp_for_phi"": 0, ""weak_r_perp_for_phi"": 0}",B,0.0030685505289481715,64.0,0.31433059586653267,True
0.23613546788692474,0.4055726230144501,0.3707890510559082,2678,125.193849689192,L640_sub02297,1.2106401920318604,0.2858750820159912,0.5944273471832275,lambda,5.0,0,"{""invalid_B"": 0, ""invalid_q"": 0, ""weak_B_direction"": 0, ""weak_q_perp_for_phi"": 0, ""weak_r_perp_for_phi"": 0}",B,0.009001944666472908,128.0,0.3898228280276046,True
0.23613546788692474,0.4055726230144501,0.3707890510559082,1379,31.984371183438952,L640_sub02297,1.2106401920318604,0.2858750820159912,0.5944273471832275,parallel,5.0,0,"{""invalid_B"": 0, ""invalid_q"": 0, ""weak_B_direction"": 0, ""weak_q_perp_for_phi"": 0, ""weak_r_perp_for_phi"": 0}",u,1.0580641342749043e-06,32.0,0.0638120061866863,True
0.23613546788692474,0.4055726230144501,0.3707890510559082,1479,62.96824596572466,L640_sub02297,1.2106401920318604,0.2858750820159912,0.5944273471832275,parallel,5.0,0,"{""invalid_B"": 0, ""invalid_q"": 0, ""weak_B_direction"": 0, ""weak_q_perp_for_phi"": 0, ""weak_r_perp_for_phi"": 0}",u,8.304449288119253e-06,64.0,0.0963523180668345,True
0.23613546788692474,0.4055726230144501,0.3707890510559082,1483,125.193849689192,L640_sub02297,1.2106401920318604,0.2858750820159912,0.5944273471832275,parallel,5.0,0,"{""invalid_B"": 0, ""invalid_q"": 0, ""weak_B_direction"": 0, ""weak_q_perp_for_phi"": 0, ""weak_r_perp_for_phi"": 0}",u,5.741106422857294e-05,128.0,0.1418401296265672,True
0.23613546788692474,0.4055726230144501,0.3707890510559082,1643,31.984371183438952,L640_sub02297,1.2106401920318604,0.2858750820159912,0.5944273471832275,xi,5.0,0,"{""invalid_B"": 0, ""invalid_q"": 0, ""weak_B_direction"": 0, ""weak_q_perp_for_phi"": 0, ""weak_r_perp_for_phi"": 0}",u,4.427799495738842e-06,32.0,0.08496451629289238,True
0.23613546788692474,0.4055726230144501,0.3707890510559082,1804,62.96824596572466,L640_sub02297,1.2106401920318604,0.2858750820159912,0.5944273471832275,xi,5.0,0,"{""invalid_B"": 0, ""invalid_q"": 0, ""weak_B_direction"": 0, ""weak_q_perp_for_phi"": 0, ""weak_r_perp_for_phi"": 0}",u,1.3415351053379213e-05,64.0,0.10605237733142885,True
0.23613546788692474,0.4055726230144501,0.3707890510559082,1839,125.193849689192,L640_sub02297,1.2106401920318604,0.2858750820159912,0.5944273471832275,xi,5.0,0,"{""invalid_B"": 0, ""invalid_q"": 0, ""weak_B_direction"": 0, ""weak_q_perp_for_phi"": 0, ""weak_r_perp_for_phi"": 0}",u,4.0685944950494495e-05,128.0,0.13240027325607673,True
0.23613546788692474,0.4055726230144501,0.3707890510559082,2701,31.984371183438952,L640_sub02297,1.2106401920318604,0.2858750820159912,0.5944273471832275,lambda,5.0,0,"{""invalid_B"": 0, ""invalid_q"": 0, ""weak_B_direction"": 0, ""weak_q_perp_for_phi"": 0, ""weak_r_perp_for_phi"": 0}",u,4.547579347797864e-05,32.0,0.13538048234516994,True
0.23613546788692474,0.4055726230144501,0.3707890510559082,2734,62.96824596572466,L640_sub02297,1.2106401920318604,0.2858750820159912,0.5944273471832275,lambda,5.0,0,"{""invalid_B"": 0, ""invalid_q"": 0, ""weak_B_direction"": 0, ""weak_q_perp_for_phi"": 0, ""weak_r_perp_for_phi"": 0}",u,8.425171241616617e-05,64.0,0.15314955785636883,True
0.23613546788692474,0.4055726230144501,0.3707890510559082,2612,125.193849689192,L640_sub02297,1.2106401920318604,0.2858750820159912,0.5944273471832275,lambda,5.0,0,"{""invalid_B"": 0, ""invalid_q"": 0, ""weak_B_direction"": 0, ""weak_q_perp_for_phi"": 0, ""weak_r_perp_for_phi"": 0}",u,0.00014044021033825973,128.0,0.1696282939859444,True
0.23613546788692474,0.4055726230144501,0.3707890510559082,1379,31.984371183438952,L640_sub02297,1.2106401920318604,0.2858750820159912,0.5944273471832275,parallel,6.0,0,"{""invalid_B"": 0, ""invalid_q"": 0, ""weak_B_direction"": 0, ""weak_q_perp_for_phi"": 0, ""weak_r_perp_for_phi"": 0}",B,1.0509872581688819e-05,32.0,0.14800154252886719,True
0.23613546788692474,0.4055726230144501,0.3707890510559082,1479,62.96824596572466,L640_sub02297,1.2106401920318604,0.2858750820159912,0.5944273471832275,parallel,6.0,0,"{""invalid_B"": 0, ""invalid_q"": 0, ""weak_B_direction"": 0, ""weak_q_perp_for_phi"": 0, ""weak_r_perp_for_phi"": 0}",B,6.545282350453408e-05,64.0,0.20074961958792284,True
0.23613546788692474,0.4055726230144501,0.3707890510559082,1483,125.193849689192,L640_sub02297,1.2106401920318604,0.2858750820159912,0.5944273471832275,parallel,6.0,0,"{""invalid_B"": 0, ""invalid_q"": 0, ""weak_B_direction"": 0, ""weak_q_perp_for_phi"": 0, ""weak_r_perp_for_phi"": 0}",B,0.00032953823587469357,128.0,0.26281549626545253,True
0.23613546788692474,0.4055726230144501,0.3707890510559082,1633,31.984371183438952,L640_sub02297,1.2106401920318604,0.2858750820159912,0.5944273471832275,xi,6.0,0,"{""invalid_B"": 0, ""invalid_q"": 0, ""weak_B_direction"": 0, ""weak_q_perp_for_phi"": 0, ""weak_r_perp_for_phi"": 0}",B,1.324386895083576e-05,32.0,0.15381634207077455,True
0.23613546788692474,0.4055726230144501,0.3707890510559082,1584,62.96824596572466,L640_sub02297,1.2106401920318604,0.2858750820159912,0.5944273471832275,xi,6.0,0,"{""invalid_B"": 0, ""invalid_q"": 0, ""weak_B_direction"": 0, ""weak_q_perp_for_phi"": 0, ""weak_r_perp_for_phi"": 0}",B,4.198434717646633e-05,64.0,0.1864294710810765,True
0.23613546788692474,0.4055726230144501,0.3707890510559082,1616,125.193849689192,L640_sub02297,1.2106401920318604,0.2858750820159912,0.5944273471832275,xi,6.0,0,"{""invalid_B"": 0, ""invalid_q"": 0, ""weak_B_direction"": 0, ""weak_q_perp_for_phi"": 0, ""weak_r_perp_for_phi"": 0}",B,0.00016812701671224708,128.0,0.23493059816940415,True
0.23613546788692474,0.4055726230144501,0.3707890510559082,2800,31.984371183438952,L640_sub02297,1.2106401920318604,0.2858750820159912,0.5944273471832275,lambda,6.0,0,"{""invalid_B"": 0, ""invalid_q"": 0, ""weak_B_direction"": 0, ""weak_q_perp_for_phi"": 0, ""weak_r_perp_for_phi"": 0}",B,0.0003380055376900983,32.0,0.26392911566628124,True
0.23613546788692474,0.4055726230144501,0.3707890510559082,2682,62.96824596572466,L640_sub02297,1.2106401920318604,0.2858750820159912,0.5944273471832275,lambda,6.0,0,"{""invalid_B"": 0, ""invalid_q"": 0, ""weak_B_direction"": 0, ""weak_q_perp_for_phi"": 0, ""weak_r_perp_for_phi"": 0}",B,0.0017342363898891825,64.0,0.34661821584741254,True
0.23613546788692474,0.4055726230144501,0.3707890510559082,2678,125.193849689192,L640_sub02297,1.2106401920318604,0.2858750820159912,0.5944273471832275,lambda,6.0,0,"{""invalid_B"": 0, ""invalid_q"": 0, ""weak_B_direction"": 0, ""weak_q_perp_for_phi"": 0, ""weak_r_perp_for_phi"": 0}",B,0.006087294839267243,128.0,0.4273044243500019,True
0.23613546788692474,0.4055726230144501,0.3707890510559082,1379,31.984371183438952,L640_sub02297,1.2106401920318604,0.2858750820159912,0.5944273471832275,parallel,6.0,0,"{""invalid_B"": 0, ""invalid_q"": 0, ""weak_B_direction"": 0, ""weak_q_perp_for_phi"": 0, ""weak_r_perp_for_phi"": 0}",u,1.4615901138932265e-07,32.0,0.07257787796589543,True
0.23613546788692474,0.4055726230144501,0.3707890510559082,1479,62.96824596572466,L640_sub02297,1.2106401920318604,0.2858750820159912,0.5944273471832275,parallel,6.0,0,"{""invalid_B"": 0, ""invalid_q"": 0, ""weak_B_direction"": 0, ""weak_q_perp_for_phi"": 0, ""weak_r_perp_for_phi"": 0}",u,1.68628822976228e-06,64.0,0.10909930101026481,True
0.23613546788692474,0.4055726230144501,0.3707890510559082,1483,125.193849689192,L640_sub02297,1.2106401920318604,0.2858750820159912,0.5944273471832275,parallel,6.0,0,"{""invalid_B"": 0, ""invalid_q"": 0, ""weak_B_direction"": 0, ""weak_q_perp_for_phi"": 0, ""weak_r_perp_for_phi"": 0}",u,1.5153713184459755e-05,128.0,0.1573088576066176,True
0.23613546788692474,0.4055726230144501,0.3707890510559082,1643,31.984371183438952,L640_sub02297,1.2106401920318604,0.2858750820159912,0.5944273471832275,xi,6.0,0,"{""invalid_B"": 0, ""invalid_q"": 0, ""weak_B_direction"": 0, ""weak_q_perp_for_phi"": 0, ""weak_r_perp_for_phi"": 0}",u,6.940056233300881e-07,32.0,0.0940936895621838,True
0.23613546788692474,0.4055726230144501,0.3707890510559082,1804,62.96824596572466,L640_sub02297,1.2106401920318604,0.2858750820159912,0.5944273471832275,xi,6.0,0,"{""invalid_B"": 0, ""invalid_q"": 0, ""weak_B_direction"": 0, ""weak_q_perp_for_phi"": 0, ""weak_r_perp_for_phi"": 0}",u,2.398457266529142e-06,64.0,0.11569697324628685,True
0.23613546788692474,0.4055726230144501,0.3707890510559082,1839,125.193849689192,L640_sub02297,1.2106401920318604,0.2858750820159912,0.5944273471832275,xi,6.0,0,"{""invalid_B"": 0, ""invalid_q"": 0, ""weak_B_direction"": 0, ""weak_q_perp_for_phi"": 0, ""weak_r_perp_for_phi"": 0}",u,8.623432952818443e-06,128.0,0.14320121359053434,True
0.23613546788692474,0.4055726230144501,0.3707890510559082,2701,31.984371183438952,L640_sub02297,1.2106401920318604,0.2858750820159912,0.5944273471832275,lambda,6.0,0,"{""invalid_B"": 0, ""invalid_q"": 0, ""weak_B_direction"": 0, ""weak_q_perp_for_phi"": 0, ""weak_r_perp_for_phi"": 0}",u,1.0951906207975085e-05,32.0,0.14902127882575822,True
0.23613546788692474,0.4055726230144501,0.3707890510559082,2734,62.96824596572466,L640_sub02297,1.2106401920318604,0.2858750820159912,0.5944273471832275,lambda,6.0,0,"{""invalid_B"": 0, ""invalid_q"": 0, ""weak_B_direction"": 0, ""weak_q_perp_for_phi"": 0, ""weak_r_perp_for_phi"": 0}",u,2.13970575223904e-05,64.0,0.1666194419980025,True
0.23613546788692474,0.4055726230144501,0.3707890510559082,2612,125.193849689192,L640_sub02297,1.2106401920318604,0.2858750820159912,0.5944273471832275,lambda,6.0,0,"{""invalid_B"": 0, ""invalid_q"": 0, ""weak_B_direction"": 0, ""weak_q_perp_for_phi"": 0, ""weak_r_perp_for_phi"": 0}",u,3.879925170623203e-05,128.0,0.18399409770574632,True
0.4757770597934723,0.8596553206443787,0.5131464004516602,837,31.984371183438952,L640_sub00732,0.4040506184101105,0.1922380030155182,0.14034466445446014,parallel,1.0,0,"{""invalid_B"": 0, ""invalid_q"": 0, ""weak_B_direction"": 0, ""weak_q_perp_for_phi"": 0, ""weak_r_perp_for_phi"": 0}",B,0.04739453825181595,32.0,0.04739453825181595,True
0.4757770597934723,0.8596553206443787,0.5131464004516602,756,62.96824596572466,L640_sub00732,0.4040506184101105,0.1922380030155182,0.14034466445446014,parallel,1.0,0,"{""invalid_B"": 0, ""invalid_q"": 0, ""weak_B_direction"": 0, ""weak_q_perp_for_phi"": 0, ""weak_r_perp_for_phi"": 0}",B,0.07880318559207046,64.0,0.07880318559207046,True
0.4757770597934723,0.8596553206443787,0.5131464004516602,686,125.193849689192,L640_sub00732,0.4040506184101105,0.1922380030155182,0.14034466445446014,parallel,1.0,0,"{""invalid_B"": 0, ""invalid_q"": 0, ""weak_B_direction"": 0, ""weak_q_perp_for_phi"": 0, ""weak_r_perp_for_phi"": 0}",B,0.1086535366237583,128.0,0.1086535366237583,True
0.4757770597934723,0.8596553206443787,0.5131464004516602,1531,31.984371183438952,L640_sub00732,0.4040506184101105,0.1922380030155182,0.14034466445446014,xi,1.0,0,"{""invalid_B"": 0, ""invalid_q"": 0, ""weak_B_direction"": 0, ""weak_q_perp_for_phi"": 0, ""weak_r_perp_for_phi"": 0}",B,0.08097369360586444,32.0,0.08097369360586444,True
0.4757770597934723,0.8596553206443787,0.5131464004516602,1683,62.96824596572466,L640_sub00732,0.4040506184101105,0.1922380030155182,0.14034466445446014,xi,1.0,0,"{""invalid_B"": 0, ""invalid_q"": 0, ""weak_B_direction"": 0, ""weak_q_perp_for_phi"": 0, ""weak_r_perp_for_phi"": 0}",B,0.10980788559207874,64.0,0.10980788559207874,True
0.4757770597934723,0.8596553206443787,0.5131464004516602,1825,125.193849689192,L640_sub00732,0.4040506184101105,0.1922380030155182,0.14034466445446014,xi,1.0,0,"{""invalid_B"": 0, ""invalid_q"": 0, ""weak_B_direction"": 0, ""weak_q_perp_for_phi"": 0, ""weak_r_perp_for_phi"": 0}",B,0.13655979388339287,128.0,0.13655979388339287,True
0.4757770597934723,0.8596553206443787,0.5131464004516602,2281,31.984371183438952,L640_sub00732,0.4040506184101105,0.1922380030155182,0.14034466445446014,lambda,1.0,0,"{""invalid_B"": 0, ""invalid_q"": 0, ""weak_B_direction"": 0, ""weak_q_perp_for_phi"": 0, ""weak_r_perp_for_phi"": 0}",B,0.11754348139429939,32.0,0.11754348139429939,True
0.4757770597934723,0.8596553206443787,0.5131464004516602,2289,62.96824596572466,L640_sub00732,0.4040506184101105,0.1922380030155182,0.14034466445446014,lambda,1.0,0,"{""invalid_B"": 0, ""invalid_q"": 0, ""weak_B_direction"": 0, ""weak_q_perp_for_phi"": 0, ""weak_r_perp_for_phi"": 0}",B,0.1357502855432966,64.0,0.1357502855432966,True
0.4757770597934723,0.8596553206443787,0.5131464004516602,2289,125.193849689192,L640_sub00732,0.4040506184101105,0.1922380030155182,0.14034466445446014,lambda,1.0,0,"{""invalid_B"": 0, ""invalid_q"": 0, ""weak_B_direction"": 0, ""weak_q_perp_for_phi"": 0, ""weak_r_perp_for_phi"": 0}",B,0.16123763577576786,128.0,0.16123763577576786,True
0.4757770597934723,0.8596553206443787,0.5131464004516602,837,31.984371183438952,L640_sub00732,0.4040506184101105,0.1922380030155182,0.14034466445446014,parallel,1.0,0,"{""invalid_B"": 0, ""invalid_q"": 0, ""weak_B_direction"": 0, ""weak_q_perp_for_phi"": 0, ""weak_r_perp_for_phi"": 0}",u,0.04041537262243425,32.0,0.04041537262243425,True
0.4757770597934723,0.8596553206443787,0.5131464004516602,756,62.96824596572466,L640_sub00732,0.4040506184101105,0.1922380030155182,0.14034466445446014,parallel,1.0,0,"{""invalid_B"": 0, ""invalid_q"": 0, ""weak_B_direction"": 0, ""weak_q_perp_for_phi"": 0, ""weak_r_perp_for_phi"": 0}",u,0.06396587129266429,64.0,0.06396587129266429,True
0.4757770597934723,0.8596553206443787,0.5131464004516602,686,125.193849689192,L640_sub00732,0.4040506184101105,0.1922380030155182,0.14034466445446014,parallel,1.0,0,"{""invalid_B"": 0, ""invalid_q"": 0, ""weak_B_direction"": 0, ""weak_q_perp_for_phi"": 0, ""weak_r_perp_for_phi"": 0}",u,0.09805679649614704,128.0,0.09805679649614704,True
0.4757770597934723,0.8596553206443787,0.5131464004516602,1584,31.984371183438952,L640_sub00732,0.4040506184101105,0.1922380030155182,0.14034466445446014,xi,1.0,0,"{""invalid_B"": 0, ""invalid_q"": 0, ""weak_B_direction"": 0, ""weak_q_perp_for_phi"": 0, ""weak_r_perp_for_phi"": 0}",u,0.06577770100326484,32.0,0.06577770100326484,True
0.4757770597934723,0.8596553206443787,0.5131464004516602,1723,62.96824596572466,L640_sub00732,0.4040506184101105,0.1922380030155182,0.14034466445446014,xi,1.0,0,"{""invalid_B"": 0, ""invalid_q"": 0, ""weak_B_direction"": 0, ""weak_q_perp_for_phi"": 0, ""weak_r_perp_for_phi"": 0}",u,0.09052522324658864,64.0,0.09052522324658864,True
0.4757770597934723,0.8596553206443787,0.5131464004516602,1813,125.193849689192,L640_sub00732,0.4040506184101105,0.1922380030155182,0.14034466445446014,xi,1.0,0,"{""invalid_B"": 0, ""invalid_q"": 0, ""weak_B_direction"": 0, ""weak_q_perp_for_phi"": 0, ""weak_r_perp_for_phi"": 0}",u,0.12035833536250794,128.0,0.12035833536250794,True
0.4757770597934723,0.8596553206443787,0.5131464004516602,2333,31.984371183438952,L640_sub00732,0.4040506184101105,0.1922380030155182,0.14034466445446014,lambda,1.0,0,"{""invalid_B"": 0, ""invalid_q"": 0, ""weak_B_direction"": 0, ""weak_q_perp_for_phi"": 0, ""weak_r_perp_for_phi"": 0}",u,0.09394478078010818,32.0,0.09394478078010818,True
0.4757770597934723,0.8596553206443787,0.5131464004516602,2287,62.96824596572466,L640_sub00732,0.4040506184101105,0.1922380030155182,0.14034466445446014,lambda,1.0,0,"{""invalid_B"": 0, ""invalid_q"": 0, ""weak_B_direction"": 0, ""weak_q_perp_for_phi"": 0, ""weak_r_perp_for_phi"": 0}",u,0.12425257609776272,64.0,0.12425257609776272,True
0.4757770597934723,0.8596553206443787,0.5131464004516602,2162,125.193849689192,L640_sub00732,0.4040506184101105,0.1922380030155182,0.14034466445446014,lambda,1.0,0,"{""invalid_B"": 0, ""invalid_q"": 0, ""weak_B_direction"": 0, ""weak_q_perp_for_phi"": 0, ""weak_r_perp_for_phi"": 0}",u,0.15403461237034963,128.0,0.15403461237034963,True
0.4757770597934723,0.8596553206443787,0.5131464004516602,837,31.984371183438952,L640_sub00732,0.4040506184101105,0.1922380030155182,0.14034466445446014,parallel,2.0,0,"{""invalid_B"": 0, ""invalid_q"": 0, ""weak_B_direction"": 0, ""weak_q_perp_for_phi"": 0, ""weak_r_perp_for_phi"": 0}",B,0.004100580367100469,32.0,0.06403577411963152,True
0.4757770597934723,0.8596553206443787,0.5131464004516602,756,62.96824596572466,L640_sub00732,0.4040506184101105,0.1922380030155182,0.14034466445446014,parallel,2.0,0,"{""invalid_B"": 0, ""invalid_q"": 0, ""weak_B_direction"": 0, ""weak_q_perp_for_phi"": 0, ""weak_r_perp_for_phi"": 0}",B,0.010005499592029846,64.0,0.10002749418049943,True
0.4757770597934723,0.8596553206443787,0.5131464004516602,686,125.193849689192,L640_sub00732,0.4040506184101105,0.1922380030155182,0.14034466445446014,parallel,2.0,0,"{""invalid_B"": 0, ""invalid_q"": 0, ""weak_B_direction"": 0, ""weak_q_perp_for_phi"": 0, ""weak_r_perp_for_phi"": 0}",B,0.017636773499627646,128.0,0.1328035146358245,True
0.4757770597934723,0.8596553206443787,0.5131464004516602,1531,31.984371183438952,L640_sub00732,0.4040506184101105,0.1922380030155182,0.14034466445446014,xi,2.0,0,"{""invalid_B"": 0, ""invalid_q"": 0, ""weak_B_direction"": 0, ""weak_q_perp_for_phi"": 0, ""weak_r_perp_for_phi"": 0}",B,0.01030570790397949,32.0,0.10151703258064378,True
0.4757770597934723,0.8596553206443787,0.5131464004516602,1683,62.96824596572466,L640_sub00732,0.4040506184101105,0.1922380030155182,0.14034466445446014,xi,2.0,0,"{""invalid_B"": 0, ""invalid_q"": 0, ""weak_B_direction"": 0, ""weak_q_perp_for_phi"": 0, ""weak_r_perp_for_phi"": 0}",B,0.01777348524531042,64.0,0.1333172353647885,True
0.4757770597934723,0.8596553206443787,0.5131464004516602,1825,125.193849689192,L640_sub00732,0.4040506184101105,0.1922380030155182,0.14034466445446014,xi,2.0,0,"{""invalid_B"": 0, ""invalid_q"": 0, ""weak_B_direction"": 0, ""weak_q_perp_for_phi"": 0, ""weak_r_perp_for_phi"": 0}",B,0.026779691667568564,128.0,0.16364501724027092,True
0.4757770597934723,0.8596553206443787,0.5131464004516602,2281,31.984371183438952,L640_sub00732,0.4040506184101105,0.1922380030155182,0.14034466445446014,lambda,2.0,0,"{""invalid_B"": 0, ""invalid_q"": 0, ""weak_B_direction"": 0, ""weak_q_perp_for_phi"": 0, ""weak_r_perp_for_phi"": 0}",B,0.022700426431670466,32.0,0.15066660688975,True
0.4757770597934723,0.8596553206443787,0.5131464004516602,2289,62.96824596572466,L640_sub00732,0.4040506184101105,0.1922380030155182,0.14034466445446014,lambda,2.0,0,"{""invalid_B"": 0, ""invalid_q"": 0, ""weak_B_direction"": 0, ""weak_q_perp_for_phi"": 0, ""weak_r_perp_for_phi"": 0}",B,0.028171661944521136,64.0,0.16784415969738456,True
0.4757770597934723,0.8596553206443787,0.5131464004516602,2289,125.193849689192,L640_sub00732,0.4040506184101105,0.1922380030155182,0.14034466445446014,lambda,2.0,0,"{""invalid_B"": 0, ""invalid_q"": 0, ""weak_B_direction"": 0, ""weak_q_perp_for_phi"": 0, ""weak_r_perp_for_phi"": 0}",B,0.03692329362951614,128.0,0.19215434845331017,True
0.4757770597934723,0.8596553206443787,0.5131464004516602,837,31.984371183438952,L640_sub00732,0.4040506184101105,0.1922380030155182,0.14034466445446014,parallel,2.0,0,"{""invalid_B"": 0, ""invalid_q"": 0, ""weak_B_direction"": 0, ""weak_q_perp_for_phi"": 0, ""weak_r_perp_for_phi"": 0}",u,0.0026014434536876505,32.0,0.051004347399880044,True
0.4757770597934723,0.8596553206443787,0.5131464004516602,756,62.96824596572466,L640_sub00732,0.4040506184101105,0.1922380030155182,0.14034466445446014,parallel,2.0,0,"{""invalid_B"": 0, ""invalid_q"": 0, ""weak_B_direction"": 0, ""weak_q_perp_for_phi"": 0, ""weak_r_perp_for_phi"": 0}",u,0.006173395613837933,64.0,0.07857095909964401,True
0.4757770597934723,0.8596553206443787,0.5131464004516602,686,125.193849689192,L640_sub00732,0.4040506184101105,0.1922380030155182,0.14034466445446014,parallel,2.0,0,"{""invalid_B"": 0, ""invalid_q"": 0, ""weak_B_direction"": 0, ""weak_q_perp_for_phi"": 0, ""weak_r_perp_for_phi"": 0}",u,0.012610435783896751,128.0,0.11229619665819832,True
0.4757770597934723,0.8596553206443787,0.5131464004516602,1584,31.984371183438952,L640_sub00732,0.4040506184101105,0.1922380030155182,0.14034466445446014,xi,2.0,0,"{""invalid_B"": 0, ""invalid_q"": 0, ""weak_B_direction"": 0, ""weak_q_perp_for_phi"": 0, ""weak_r_perp_for_phi"": 0}",u,0.006186069967569671,32.0,0.07865157320467069,True
0.4757770597934723,0.8596553206443787,0.5131464004516602,1723,62.96824596572466,L640_sub00732,0.4040506184101105,0.1922380030155182,0.14034466445446014,xi,2.0,0,"{""invalid_B"": 0, ""invalid_q"": 0, ""weak_B_direction"": 0, ""weak_q_perp_for_phi"": 0, ""weak_r_perp_for_phi"": 0}",u,0.011438092812338301,64.0,0.10694901968853339,True
0.4757770597934723,0.8596553206443787,0.5131464004516602,1813,125.193849689192,L640_sub00732,0.4040506184101105,0.1922380030155182,0.14034466445446014,xi,2.0,0,"{""invalid_B"": 0, ""invalid_q"": 0, ""weak_B_direction"": 0, ""weak_q_perp_for_phi"": 0, ""weak_r_perp_for_phi"": 0}",u,0.01963182160175357,128.0,0.1401136024865308,True
0.4757770597934723,0.8596553206443787,0.5131464004516602,2333,31.984371183438952,L640_sub00732,0.4040506184101105,0.1922380030155182,0.14034466445446014,lambda,2.0,0,"{""invalid_B"": 0, ""invalid_q"": 0, ""weak_B_direction"": 0, ""weak_q_perp_for_phi"": 0, ""weak_r_perp_for_phi"": 0}",u,0.013802795234065615,32.0,0.11748529794857575,True
0.4757770597934723,0.8596553206443787,0.5131464004516602,2287,62.96824596572466,L640_sub00732,0.4040506184101105,0.1922380030155182,0.14034466445446014,lambda,2.0,0,"{""invalid_B"": 0, ""invalid_q"": 0, ""weak_B_direction"": 0, ""weak_q_perp_for_phi"": 0, ""weak_r_perp_for_phi"": 0}",u,0.022797401497000398,64.0,0.15098808395698118,True
0.4757770597934723,0.8596553206443787,0.5131464004516602,2162,125.193849689192,L640_sub00732,0.4040506184101105,0.1922380030155182,0.14034466445446014,lambda,2.0,0,"{""invalid_B"": 0, ""invalid_q"": 0, ""weak_B_direction"": 0, ""weak_q_perp_for_phi"": 0, ""weak_r_perp_for_phi"": 0}",u,0.03354696028470036,128.0,0.18315829297277358,True
0.4757770597934723,0.8596553206443787,0.5131464004516602,837,31.984371183438952,L640_sub00732,0.4040506184101105,0.1922380030155182,0.14034466445446014,parallel,3.0,0,"{""invalid_B"": 0, ""invalid_q"": 0, ""weak_B_direction"": 0, ""weak_q_perp_for_phi"": 0, ""weak_r_perp_for_phi"": 0}",B,0.0006041088131317,32.0,0.0845353568938823,True
0.4757770597934723,0.8596553206443787,0.5131464004516602,756,62.96824596572466,L640_sub00732,0.4040506184101105,0.1922380030155182,0.14034466445446014,parallel,3.0,0,"{""invalid_B"": 0, ""invalid_q"": 0, ""weak_B_direction"": 0, ""weak_q_perp_for_phi"": 0, ""weak_r_perp_for_phi"": 0}",B,0.0018369214508240411,64.0,0.1224701346230728,True
0.4757770597934723,0.8596553206443787,0.5131464004516602,686,125.193849689192,L640_sub00732,0.4040506184101105,0.1922380030155182,0.14034466445446014,parallel,3.0,0,"{""invalid_B"": 0, ""invalid_q"": 0, ""weak_B_direction"": 0, ""weak_q_perp_for_phi"": 0, ""weak_r_perp_for_phi"": 0}",B,0.004006263528195341,128.0,0.15882291808049936,True
0.4757770597934723,0.8596553206443787,0.5131464004516602,1531,31.984371183438952,L640_sub00732,0.4040506184101105,0.1922380030155182,0.14034466445446014,xi,3.0,0,"{""invalid_B"": 0, ""invalid_q"": 0, ""weak_B_direction"": 0, ""weak_q_perp_for_phi"": 0, ""weak_r_perp_for_phi"": 0}",B,0.0019178090509600666,32.0,0.12424200593802881,True
0.4757770597934723,0.8596553206443787,0.5131464004516602,1683,62.96824596572466,L640_sub00732,0.4040506184101105,0.1922380030155182,0.14034466445446014,xi,3.0,0,"{""invalid_B"": 0, ""invalid_q"": 0, ""weak_B_direction"": 0, ""weak_q_perp_for_phi"": 0, ""weak_r_perp_for_phi"": 0}",B,0.0038696950452987147,64.0,0.156997322973526,True
0.4757770597934723,0.8596553206443787,0.5131464004516602,1825,125.193849689192,L640_sub00732,0.4040506184101105,0.1922380030155182,0.14034466445446014,xi,3.0,0,"{""invalid_B"": 0, ""invalid_q"": 0, ""weak_B_direction"": 0, ""weak_q_perp_for_phi"": 0, ""weak_r_perp_for_phi"": 0}",B,0.006937140104961471,128.0,0.19071879257444158,True
0.4757770597934723,0.8596553206443787,0.5131464004516602,2281,31.984371183438952,L640_sub00732,0.4040506184101105,0.1922380030155182,0.14034466445446014,lambda,3.0,0,"{""invalid_B"": 0, ""invalid_q"": 0, ""weak_B_direction"": 0, ""weak_q_perp_for_phi"": 0, ""weak_r_perp_for_phi"": 0}",B,0.00624437733377578,32.0,0.18414632081407703,True
0.4757770597934723,0.8596553206443787,0.5131464004516602,2289,62.96824596572466,L640_sub00732,0.4040506184101105,0.1922380030155182,0.14034466445446014,lambda,3.0,0,"{""invalid_B"": 0, ""invalid_q"": 0, ""weak_B_direction"": 0, ""weak_q_perp_for_phi"": 0, ""weak_r_perp_for_phi"": 0}",B,0.008123849814006347,64.0,0.20102680115880733,True
0.4757770597934723,0.8596553206443787,0.5131464004516602,2289,125.193849689192,L640_sub00732,0.4040506184101105,0.1922380030155182,0.14034466445446014,lambda,3.0,0,"{""invalid_B"": 0, ""invalid_q"": 0, ""weak_B_direction"": 0, ""weak_q_perp_for_phi"": 0, ""weak_r_perp_for_phi"": 0}",B,0.010748956264779324,128.0,0.22069310517395996,True
0.4757770597934723,0.8596553206443787,0.5131464004516602,837,31.984371183438952,L640_sub00732,0.4040506184101105,0.1922380030155182,0.14034466445446014,parallel,3.0,0,"{""invalid_B"": 0, ""invalid_q"": 0, ""weak_B_direction"": 0, ""weak_q_perp_for_phi"": 0, ""weak_r_perp_for_phi"": 0}",u,0.00024737198832990053,32.0,0.06277453532415841,True
0.4757770597934723,0.8596553206443787,0.5131464004516602,756,62.96824596572466,L640_sub00732,0.4040506184101105,0.1922380030155182,0.14034466445446014,parallel,3.0,0,"{""invalid_B"": 0, ""invalid_q"": 0, ""weak_B_direction"": 0, ""weak_q_perp_for_phi"": 0, ""weak_r_perp_for_phi"": 0}",u,0.0008408675957293594,64.0,0.0943863529617726,True
0.4757770597934723,0.8596553206443787,0.5131464004516602,686,125.193849689192,L640_sub00732,0.4040506184101105,0.1922380030155182,0.14034466445446014,parallel,3.0,0,"{""invalid_B"": 0, ""invalid_q"": 0, ""weak_B_direction"": 0, ""weak_q_perp_for_phi"": 0, ""weak_r_perp_for_phi"": 0}",u,0.001980656469574952,128.0,0.12558459970091007,True
0.4757770597934723,0.8596553206443787,0.5131464004516602,1584,31.984371183438952,L640_sub00732,0.4040506184101105,0.1922380030155182,0.14034466445446014,xi,3.0,0,"{""invalid_B"": 0, ""invalid_q"": 0, ""weak_B_direction"": 0, ""weak_q_perp_for_phi"": 0, ""weak_r_perp_for_phi"": 0}",u,0.0007617321188471981,32.0,0.09132732896170986,True
0.4757770597934723,0.8596553206443787,0.5131464004516602,1723,62.96824596572466,L640_sub00732,0.4040506184101105,0.1922380030155182,0.14034466445446014,xi,3.0,0,"{""invalid_B"": 0, ""invalid_q"": 0, ""weak_B_direction"": 0, ""weak_q_perp_for_phi"": 0, ""weak_r_perp_for_phi"": 0}",u,0.0018669818814999852,64.0,0.12313458029364863,True
0.4757770597934723,0.8596553206443787,0.5131464004516602,1813,125.193849689192,L640_sub00732,0.4040506184101105,0.1922380030155182,0.14034466445446014,xi,3.0,0,"{""invalid_B"": 0, ""invalid_q"": 0, ""weak_B_direction"": 0, ""weak_q_perp_for_phi"": 0, ""weak_r_perp_for_phi"": 0}",u,0.004014600959140557,128.0,0.15893301714441394,True
0.4757770597934723,0.8596553206443787,0.5131464004516602,2333,31.984371183438952,L640_sub00732,0.4040506184101105,0.1922380030155182,0.14034466445446014,lambda,3.0,0,"{""invalid_B"": 0, ""invalid_q"": 0, ""weak_B_direction"": 0, ""weak_q_perp_for_phi"": 0, ""weak_r_perp_for_phi"": 0}",u,0.002781067589664661,32.0,0.14062758368613676,True
0.4757770597934723,0.8596553206443787,0.5131464004516602,2287,62.96824596572466,L640_sub00732,0.4040506184101105,0.1922380030155182,0.14034466445446014,lambda,3.0,0,"{""invalid_B"": 0, ""invalid_q"": 0, ""weak_B_direction"": 0, ""weak_q_perp_for_phi"": 0, ""weak_r_perp_for_phi"": 0}",u,0.0055447524561460316,64.0,0.17699488697654175,True
0.4757770597934723,0.8596553206443787,0.5131464004516602,2162,125.193849689192,L640_sub00732,0.4040506184101105,0.1922380030155182,0.14034466445446014,lambda,3.0,0,"{""invalid_B"": 0, ""invalid_q"": 0, ""weak_B_direction"": 0, ""weak_q_perp_for_phi"": 0, ""weak_r_perp_for_phi"": 0}",u,0.009169859275665387,128.0,0.20930883331572753,True
0.4757770597934723,0.8596553206443787,0.5131464004516602,837,31.984371183438952,L640_sub00732,0.4040506184101105,0.1922380030155182,0.14034466445446014,parallel,4.0,0,"{""invalid_B"": 0, ""invalid_q"": 0, ""weak_B_direction"": 0, ""weak_q_perp_for_phi"": 0, ""weak_r_perp_for_phi"": 0}",B,0.00013271982094683783,32.0,0.10733316769762073,True
0.4757770597934723,0.8596553206443787,0.5131464004516602,756,62.96824596572466,L640_sub00732,0.4040506184101105,0.1922380030155182,0.14034466445446014,parallel,4.0,0,"{""invalid_B"": 0, ""invalid_q"": 0, ""weak_B_direction"": 0, ""weak_q_perp_for_phi"": 0, ""weak_r_perp_for_phi"": 0}",B,0.0004408837141025657,64.0,0.1449042135536922,True
0.4757770597934723,0.8596553206443787,0.5131464004516602,686,125.193849689192,L640_sub00732,0.4040506184101105,0.1922380030155182,0.14034466445446014,parallel,4.0,0,"{""invalid_B"": 0, ""invalid_q"": 0, ""weak_B_direction"": 0, ""weak_q_perp_for_phi"": 0, ""weak_r_perp_for_phi"": 0}",B,0.0011745514535436465,128.0,0.18512625328400703,True
0.4757770597934723,0.8596553206443787,0.5131464004516602,1531,31.984371183438952,L640_sub00732,0.4040506184101105,0.1922380030155182,0.14034466445446014,xi,4.0,0,"{""invalid_B"": 0, ""invalid_q"": 0, ""weak_B_direction"": 0, ""weak_q_perp_for_phi"": 0, ""weak_r_perp_for_phi"": 0}",B,0.0004918701015264957,32.0,0.14892328455212075,True
0.4757770597934723,0.8596553206443787,0.5131464004516602,1683,62.96824596572466,L640_sub00732,0.4040506184101105,0.1922380030155182,0.14034466445446014,xi,4.0,0,"{""invalid_B"": 0, ""invalid_q"": 0, ""weak_B_direction"": 0, ""weak_q_perp_for_phi"": 0, ""weak_r_perp_for_phi"": 0}",B,0.0010547238830200384,64.0,0.18021241020063902,True
0.4757770597934723,0.8596553206443787,0.5131464004516602,1825,125.193849689192,L640_sub00732,0.4040506184101105,0.1922380030155182,0.14034466445446014,xi,4.0,0,"{""invalid_B"": 0, ""invalid_q"": 0, ""weak_B_direction"": 0, ""weak_q_perp_for_phi"": 0, ""weak_r_perp_for_phi"": 0}",B,0.002282460943669275,128.0,0.21857517698089685,True
0.4757770597934723,0.8596553206443787,0.5131464004516602,2281,31.984371183438952,L640_sub00732,0.4040506184101105,0.1922380030155182,0.14034466445446014,lambda,4.0,0,"{""invalid_B"": 0, ""invalid_q"": 0, ""weak_B_direction"": 0, ""weak_q_perp_for_phi"": 0, ""weak_r_perp_for_phi"": 0}",B,0.002230101026930686,32.0,0.21731071184473055,True
0.4757770597934723,0.8596553206443787,0.5131464004516602,2289,62.96824596572466,L640_sub00732,0.4040506184101105,0.1922380030155182,0.14034466445446014,lambda,4.0,0,"{""invalid_B"": 0, ""invalid_q"": 0, ""weak_B_direction"": 0, ""weak_q_perp_for_phi"": 0, ""weak_r_perp_for_phi"": 0}",B,0.003059374771722373,64.0,0.23518421537389456,True
0.4757770597934723,0.8596553206443787,0.5131464004516602,2289,125.193849689192,L640_sub00732,0.4040506184101105,0.1922380030155182,0.14034466445446014,lambda,4.0,0,"{""invalid_B"": 0, ""invalid_q"": 0, ""weak_B_direction"": 0, ""weak_q_perp_for_phi"": 0, ""weak_r_perp_for_phi"": 0}",B,0.0037250344701592153,128.0,0.24704870060083817,True
0.4757770597934723,0.8596553206443787,0.5131464004516602,837,31.984371183438952,L640_sub00732,0.4040506184101105,0.1922380030155182,0.14034466445446014,parallel,4.0,0,"{""invalid_B"": 0, ""invalid_q"": 0, ""weak_B_direction"": 0, ""weak_q_perp_for_phi"": 0, ""weak_r_perp_for_phi"": 0}",u,3.179637697716597e-05,32.0,0.07509212757908083,True
0.4757770597934723,0.8596553206443787,0.5131464004516602,756,62.96824596572466,L640_sub00732,0.4040506184101105,0.1922380030155182,0.14034466445446014,parallel,4.0,0,"{""invalid_B"": 0, ""invalid_q"": 0, ""weak_B_direction"": 0, ""weak_q_perp_for_phi"": 0, ""weak_r_perp_for_phi"": 0}",u,0.00014880317598493738,64.0,0.11044677779680984,True
0.4757770597934723,0.8596553206443787,0.5131464004516602,686,125.193849689192,L640_sub00732,0.4040506184101105,0.1922380030155182,0.14034466445446014,parallel,4.0,0,"{""invalid_B"": 0, ""invalid_q"": 0, ""weak_B_direction"": 0, ""weak_q_perp_for_phi"": 0, ""weak_r_perp_for_phi"": 0}",u,0.0003674862407166767,128.0,0.138455518630818,True
0.4757770597934723,0.8596553206443787,0.5131464004516602,1584,31.984371183438952,L640_sub00732,0.4040506184101105,0.1922380030155182,0.14034466445446014,xi,4.0,0,"{""invalid_B"": 0, ""invalid_q"": 0, ""weak_B_direction"": 0, ""weak_q_perp_for_phi"": 0, ""weak_r_perp_for_phi"": 0}",u,0.0001157332961601483,32.0,0.10372049495829976,True
0.4757770597934723,0.8596553206443787,0.5131464004516602,1723,62.96824596572466,L640_sub00732,0.4040506184101105,0.1922380030155182,0.14034466445446014,xi,4.0,0,"{""invalid_B"": 0, ""invalid_q"": 0, ""weak_B_direction"": 0, ""weak_q_perp_for_phi"": 0, ""weak_r_perp_for_phi"": 0}",u,0.00037492465325698513,64.0,0.1391508935967214,True
0.4757770597934723,0.8596553206443787,0.5131464004516602,1813,125.193849689192,L640_sub00732,0.4040506184101105,0.1922380030155182,0.14034466445446014,xi,4.0,0,"{""invalid_B"": 0, ""invalid_q"": 0, ""weak_B_direction"": 0, ""weak_q_perp_for_phi"": 0, ""weak_r_perp_for_phi"": 0}",u,0.0009828441571955308,128.0,0.17706028749528863,True
0.4757770597934723,0.8596553206443787,0.5131464004516602,2333,31.984371183438952,L640_sub00732,0.4040506184101105,0.1922380030155182,0.14034466445446014,lambda,4.0,0,"{""invalid_B"": 0, ""invalid_q"": 0, ""weak_B_direction"": 0, ""weak_q_perp_for_phi"": 0, ""weak_r_perp_for_phi"": 0}",u,0.0006938574926814179,32.0,0.162299645267191,True
0.4757770597934723,0.8596553206443787,0.5131464004516602,2287,62.96824596572466,L640_sub00732,0.4040506184101105,0.1922380030155182,0.14034466445446014,lambda,4.0,0,"{""invalid_B"": 0, ""invalid_q"": 0, ""weak_B_direction"": 0, ""weak_q_perp_for_phi"": 0, ""weak_r_perp_for_phi"": 0}",u,0.0016572373578575155,64.0,0.20176516117782478,True
0.4757770597934723,0.8596553206443787,0.5131464004516602,2162,125.193849689192,L640_sub00732,0.4040506184101105,0.1922380030155182,0.14034466445446014,lambda,4.0,0,"{""invalid_B"": 0, ""invalid_q"": 0, ""weak_B_direction"": 0, ""weak_q_perp_for_phi"": 0, ""weak_r_perp_for_phi"": 0}",u,0.0029097645046985473,128.0,0.23225467279268852,True
0.4757770597934723,0.8596553206443787,0.5131464004516602,837,31.984371183438952,L640_sub00732,0.4040506184101105,0.1922380030155182,0.14034466445446014,parallel,5.0,0,"{""invalid_B"": 0, ""invalid_q"": 0, ""weak_B_direction"": 0, ""weak_q_perp_for_phi"": 0, ""weak_r_perp_for_phi"": 0}",B,3.732128201271924e-05,32.0,0.13013415928900282,True
0.4757770597934723,0.8596553206443787,0.5131464004516602,756,62.96824596572466,L640_sub00732,0.4040506184101105,0.1922380030155182,0.14034466445446014,parallel,5.0,0,"{""invalid_B"": 0, ""invalid_q"": 0, ""weak_B_direction"": 0, ""weak_q_perp_for_phi"": 0, ""weak_r_perp_for_phi"": 0}",B,0.00012716639719309385,64.0,0.16629319344530555,True
0.4757770597934723,0.8596553206443787,0.5131464004516602,686,125.193849689192,L640_sub00732,0.4040506184101105,0.1922380030155182,0.14034466445446014,parallel,5.0,0,"{""invalid_B"": 0, ""invalid_q"": 0, ""weak_B_direction"": 0, ""weak_q_perp_for_phi"": 0, ""weak_r_perp_for_phi"": 0}",B,0.0004109719480083125,128.0,0.21026279628120942,True
0.4757770597934723,0.8596553206443787,0.5131464004516602,1531,31.984371183438952,L640_sub00732,0.4040506184101105,0.1922380030155182,0.14034466445446014,xi,5.0,0,"{""invalid_B"": 0, ""invalid_q"": 0, ""weak_B_direction"": 0, ""weak_q_perp_for_phi"": 0, ""weak_r_perp_for_phi"": 0}",B,0.00016237962177632776,32.0,0.17462495415193344,True
0.4757770597934723,0.8596553206443787,0.5131464004516602,1683,62.96824596572466,L640_sub00732,0.4040506184101105,0.1922380030155182,0.14034466445446014,xi,5.0,0,"{""invalid_B"": 0, ""invalid_q"": 0, ""weak_B_direction"": 0, ""weak_q_perp_for_phi"": 0, ""weak_r_perp_for_phi"": 0}",B,0.00033848122981856935,64.0,0.20225856332555056,True
0.4757770597934723,0.8596553206443787,0.5131464004516602,1825,125.193849689192,L640_sub00732,0.4040506184101105,0.1922380030155182,0.14034466445446014,xi,5.0,0,"{""invalid_B"": 0, ""invalid_q"": 0, ""weak_B_direction"": 0, ""weak_q_perp_for_phi"": 0, ""weak_r_perp_for_phi"": 0}",B,0.000930051160665505,128.0,0.24757191033339288,True
0.4757770597934723,0.8596553206443787,0.5131464004516602,2281,31.984371183438952,L640_sub00732,0.4040506184101105,0.1922380030155182,0.14034466445446014,lambda,5.0,0,"{""invalid_B"": 0, ""invalid_q"": 0, ""weak_B_direction"": 0, ""weak_q_perp_for_phi"": 0, ""weak_r_perp_for_phi"": 0}",B,0.0009815510218271614,32.0,0.25025489202778356,True
0.4757770597934723,0.8596553206443787,0.5131464004516602,2289,62.96824596572466,L640_sub00732,0.4040506184101105,0.1922380030155182,0.14034466445446014,lambda,5.0,0,"{""invalid_B"": 0, ""invalid_q"": 0, ""weak_B_direction"": 0, ""weak_q_perp_for_phi"": 0, ""weak_r_perp_for_phi"": 0}",B,0.0014214556483652125,64.0,0.26949248726497754,True
0.4757770597934723,0.8596553206443787,0.5131464004516602,2289,125.193849689192,L640_sub00732,0.4040506184101105,0.1922380030155182,0.14034466445446014,lambda,5.0,0,"{""invalid_B"": 0, ""invalid_q"": 0, ""weak_B_direction"": 0, ""weak_q_perp_for_phi"": 0, ""weak_r_perp_for_phi"": 0}",B,0.001477638881970808,128.0,0.27158992933129317,True
0.4757770597934723,0.8596553206443787,0.5131464004516602,837,31.984371183438952,L640_sub00732,0.4040506184101105,0.1922380030155182,0.14034466445446014,parallel,5.0,0,"{""invalid_B"": 0, ""invalid_q"": 0, ""weak_B_direction"": 0, ""weak_q_perp_for_phi"": 0, ""weak_r_perp_for_phi"": 0}",u,5.032069964177833e-06,32.0,0.08716644501805747,True
0.4757770597934723,0.8596553206443787,0.5131464004516602,756,62.96824596572466,L640_sub00732,0.4040506184101105,0.1922380030155182,0.14034466445446014,parallel,5.0,0,"{""invalid_B"": 0, ""invalid_q"": 0, ""weak_B_direction"": 0, ""weak_q_perp_for_phi"": 0, ""weak_r_perp_for_phi"": 0}",u,3.118977977185251e-05,64.0,0.12554587898092975,True
0.4757770597934723,0.8596553206443787,0.5131464004516602,686,125.193849689192,L640_sub00732,0.4040506184101105,0.1922380030155182,0.14034466445446014,parallel,5.0,0,"{""invalid_B"": 0, ""invalid_q"": 0, ""weak_B_direction"": 0, ""weak_q_perp_for_phi"": 0, ""weak_r_perp_for_phi"": 0}",u,7.857565677024608e-05,128.0,0.15102804614411242,True
0.4757770597934723,0.8596553206443787,0.5131464004516602,1584,31.984371183438952,L640_sub00732,0.4040506184101105,0.1922380030155182,0.14034466445446014,xi,5.0,0,"{""invalid_B"": 0, ""invalid_q"": 0, ""weak_B_direction"": 0, ""weak_q_perp_for_phi"": 0, ""weak_r_perp_for_phi"": 0}",u,2.070226463301223e-05,32.0,0.11566542851716866,True
0.4757770597934723,0.8596553206443787,0.5131464004516602,1723,62.96824596572466,L640_sub00732,0.4040506184101105,0.1922380030155182,0.14034466445446014,xi,5.0,0,"{""invalid_B"": 0, ""invalid_q"": 0, ""weak_B_direction"": 0, ""weak_q_perp_for_phi"": 0, ""weak_r_perp_for_phi"": 0}",u,8.908255554893068e-05,64.0,0.15486687446159753,True
0.4757770597934723,0.8596553206443787,0.5131464004516602,1813,125.193849689192,L640_sub00732,0.4040506184101105,0.1922380030155182,0.14034466445446014,xi,5.0,0,"{""invalid_B"": 0, ""invalid_q"": 0, ""weak_B_direction"": 0, ""weak_q_perp_for_phi"": 0, ""weak_r_perp_for_phi"": 0}",u,0.0002785134028263968,128.0,0.19452222114038062,True
0.4757770597934723,0.8596553206443787,0.5131464004516602,2333,31.984371183438952,L640_sub00732,0.4040506184101105,0.1922380030155182,0.14034466445446014,lambda,5.0,0,"{""invalid_B"": 0, ""invalid_q"": 0, ""weak_B_direction"": 0, ""weak_q_perp_for_phi"": 0, ""weak_r_perp_for_phi"": 0}",u,0.00019986754911539966,32.0,0.1820323003784346,True
0.4757770597934723,0.8596553206443787,0.5131464004516602,2287,62.96824596572466,L640_sub00732,0.4040506184101105,0.1922380030155182,0.14034466445446014,lambda,5.0,0,"{""invalid_B"": 0, ""invalid_q"": 0, ""weak_B_direction"": 0, ""weak_q_perp_for_phi"": 0, ""weak_r_perp_for_phi"": 0}",u,0.0005752703814949664,64.0,0.22489220514972816,True
0.4757770597934723,0.8596553206443787,0.5131464004516602,2162,125.193849689192,L640_sub00732,0.4040506184101105,0.1922380030155182,0.14034466445446014,lambda,5.0,0,"{""invalid_B"": 0, ""invalid_q"": 0, ""weak_B_direction"": 0, ""weak_q_perp_for_phi"": 0, ""weak_r_perp_for_phi"": 0}",u,0.0010210333010542143,128.0,0.25223652892457077,True
0.4757770597934723,0.8596553206443787,0.5131464004516602,837,31.984371183438952,L640_sub00732,0.4040506184101105,0.1922380030155182,0.14034466445446014,parallel,6.0,0,"{""invalid_B"": 0, ""invalid_q"": 0, ""weak_B_direction"": 0, ""weak_q_perp_for_phi"": 0, ""weak_r_perp_for_phi"": 0}",B,1.2077988225860704e-05,32.0,0.15147202576672153,True
0.4757770597934723,0.8596553206443787,0.5131464004516602,756,62.96824596572466,L640_sub00732,0.4040506184101105,0.1922380030155182,0.14034466445446014,parallel,6.0,0,"{""invalid_B"": 0, ""invalid_q"": 0, ""weak_B_direction"": 0, ""weak_q_perp_for_phi"": 0, ""weak_r_perp_for_phi"": 0}",B,4.145567423727869e-05,64.0,0.18603614453292946,True
0.4757770597934723,0.8596553206443787,0.5131464004516602,686,125.193849689192,L640_sub00732,0.4040506184101105,0.1922380030155182,0.14034466445446014,parallel,6.0,0,"{""invalid_B"": 0, ""invalid_q"": 0, ""weak_B_direction"": 0, ""weak_q_perp_for_phi"": 0, ""weak_r_perp_for_phi"": 0}",B,0.00016186438525440973,128.0,0.23344892784492252,True
0.4757770597934723,0.8596553206443787,0.5131464004516602,1531,31.984371183438952,L640_sub00732,0.4040506184101105,0.1922380030155182,0.14034466445446014,xi,6.0,0,"{""invalid_B"": 0, ""invalid_q"": 0, ""weak_B_direction"": 0, ""weak_q_perp_for_phi"": 0, ""weak_r_perp_for_phi"": 0}",B,6.442042977922693e-05,32.0,0.2002183768690865,True
0.4757770597934723,0.8596553206443787,0.5131464004516602,1683,62.96824596572466,L640_sub00732,0.4040506184101105,0.1922380030155182,0.14034466445446014,xi,6.0,0,"{""invalid_B"": 0, ""invalid_q"": 0, ""weak_B_direction"": 0, ""weak_q_perp_for_phi"": 0, ""weak_r_perp_for_phi"": 0}",B,0.00012191916888772921,64.0,0.22267869402593732,True
0.4757770597934723,0.8596553206443787,0.5131464004516602,1825,125.193849689192,L640_sub00732,0.4040506184101105,0.1922380030155182,0.14034466445446014,xi,6.0,0,"{""invalid_B"": 0, ""invalid_q"": 0, ""weak_B_direction"": 0, ""weak_q_perp_for_phi"": 0, ""weak_r_perp_for_phi"": 0}",B,0.00045488321786064267,128.0,0.27732135856846496,True
0.4757770597934723,0.8596553206443787,0.5131464004516602,2281,31.984371183438952,L640_sub00732,0.4040506184101105,0.1922380030155182,0.14034466445446014,lambda,6.0,0,"{""invalid_B"": 0, ""invalid_q"": 0, ""weak_B_direction"": 0, ""weak_q_perp_for_phi"": 0, ""weak_r_perp_for_phi"": 0}",B,0.0005136019176112088,32.0,0.2829900110358926,True
0.4757770597934723,0.8596553206443787,0.5131464004516602,2289,62.96824596572466,L640_sub00732,0.4040506184101105,0.1922380030155182,0.14034466445446014,lambda,6.0,0,"{""invalid_B"": 0, ""invalid_q"": 0, ""weak_B_direction"": 0, ""weak_q_perp_for_phi"": 0, ""weak_r_perp_for_phi"": 0}",B,0.0007712140584618489,64.0,0.302827856812785,True
0.4757770597934723,0.8596553206443787,0.5131464004516602,2289,125.193849689192,L640_sub00732,0.4040506184101105,0.1922380030155182,0.14034466445446014,lambda,6.0,0,"{""invalid_B"": 0, ""invalid_q"": 0, ""weak_B_direction"": 0, ""weak_q_perp_for_phi"": 0, ""weak_r_perp_for_phi"": 0}",B,0.0006545545104786236,128.0,0.294662116050282,True
0.4757770597934723,0.8596553206443787,0.5131464004516602,837,31.984371183438952,L640_sub00732,0.4040506184101105,0.1922380030155182,0.14034466445446014,parallel,6.0,0,"{""invalid_B"": 0, ""invalid_q"": 0, ""weak_B_direction"": 0, ""weak_q_perp_for_phi"": 0, ""weak_r_perp_for_phi"": 0}",u,9.098955705123953e-07,32.0,0.09843856145849518,True
0.4757770597934723,0.8596553206443787,0.5131464004516602,756,62.96824596572466,L640_sub00732,0.4040506184101105,0.1922380030155182,0.14034466445446014,parallel,6.0,0,"{""invalid_B"": 0, ""invalid_q"": 0, ""weak_B_direction"": 0, ""weak_q_perp_for_phi"": 0, ""weak_r_perp_for_phi"": 0}",u,7.217865962689021e-06,64.0,0.13901707148358405,True
0.4757770597934723,0.8596553206443787,0.5131464004516602,686,125.193849689192,L640_sub00732,0.4040506184101105,0.1922380030155182,0.14034466445446014,parallel,6.0,0,"{""invalid_B"": 0, ""invalid_q"": 0, ""weak_B_direction"": 0, ""weak_q_perp_for_phi"": 0, ""weak_r_perp_for_phi"": 0}",u,1.8932832123818802e-05,128.0,0.16325604230352397,True
0.4757770597934723,0.8596553206443787,0.5131464004516602,1584,31.984371183438952,L640_sub00732,0.4040506184101105,0.1922380030155182,0.14034466445446014,xi,6.0,0,"{""invalid_B"": 0, ""invalid_q"": 0, ""weak_B_direction"": 0, ""weak_q_perp_for_phi"": 0, ""weak_r_perp_for_phi"": 0}",u,4.202980795190622e-06,32.0,0.1270358314125214,True
0.4757770597934723,0.8596553206443787,0.5131464004516602,1723,62.96824596572466,L640_sub00732,0.4040506184101105,0.1922380030155182,0.14034466445446014,xi,6.0,0,"{""invalid_B"": 0, ""invalid_q"": 0, ""weak_B_direction"": 0, ""weak_q_perp_for_phi"": 0, ""weak_r_perp_for_phi"": 0}",u,2.419807832212192e-05,64.0,0.1700709534075946,True
0.4757770597934723,0.8596553206443787,0.5131464004516602,1813,125.193849689192,L640_sub00732,0.4040506184101105,0.1922380030155182,0.14034466445446014,xi,6.0,0,"{""invalid_B"": 0, ""invalid_q"": 0, ""weak_B_direction"": 0, ""weak_q_perp_for_phi"": 0, ""weak_r_perp_for_phi"": 0}",u,8.903921802092966e-05,128.0,0.21131494974994236,True
0.4757770597934723,0.8596553206443787,0.5131464004516602,2333,31.984371183438952,L640_sub00732,0.4040506184101105,0.1922380030155182,0.14034466445446014,lambda,6.0,0,"{""invalid_B"": 0, ""invalid_q"": 0, ""weak_B_direction"": 0, ""weak_q_perp_for_phi"": 0, ""weak_r_perp_for_phi"": 0}",u,6.361038216953137e-05,32.0,0.19979655738657265,True
0.4757770597934723,0.8596553206443787,0.5131464004516602,2287,62.96824596572466,L640_sub00732,0.4040506184101105,0.1922380030155182,0.14034466445446014,lambda,6.0,0,"{""invalid_B"": 0, ""invalid_q"": 0, ""weak_B_direction"": 0, ""weak_q_perp_for_phi"": 0, ""weak_r_perp_for_phi"": 0}",u,0.0002226010671817009,64.0,0.24618100502505655,True
0.4757770597934723,0.8596553206443787,0.5131464004516602,2162,125.193849689192,L640_sub00732,0.4040506184101105,0.1922380030155182,0.14034466445446014,lambda,6.0,0,"{""invalid_B"": 0, ""invalid_q"": 0, ""weak_B_direction"": 0, ""weak_q_perp_for_phi"": 0, ""weak_r_perp_for_phi"": 0}",u,0.0003848848524428208,128.0,0.2697046721454201,True
0.2508369982242584,0.3519156277179718,0.4228363335132599,2170,31.984371183438952,L640_sub02000,1.3570520877838135,0.3403988480567932,0.6480844020843506,parallel,1.0,0,"{""invalid_B"": 0, ""invalid_q"": 0, ""weak_B_direction"": 0, ""weak_q_perp_for_phi"": 0, ""weak_r_perp_for_phi"": 0}",B,0.06254116904211385,32.0,0.06254116904211385,True
0.2508369982242584,0.3519156277179718,0.4228363335132599,2120,62.96824596572466,L640_sub02000,1.3570520877838135,0.3403988480567932,0.6480844020843506,parallel,1.0,0,"{""invalid_B"": 0, ""invalid_q"": 0, ""weak_B_direction"": 0, ""weak_q_perp_for_phi"": 0, ""weak_r_perp_for_phi"": 0}",B,0.09713988011872382,64.0,0.09713988011872382,True
0.2508369982242584,0.3519156277179718,0.4228363335132599,2210,125.193849689192,L640_sub02000,1.3570520877838135,0.3403988480567932,0.6480844020843506,parallel,1.0,0,"{""invalid_B"": 0, ""invalid_q"": 0, ""weak_B_direction"": 0, ""weak_q_perp_for_phi"": 0, ""weak_r_perp_for_phi"": 0}",B,0.1473045919191473,128.0,0.1473045919191473,True
0.2508369982242584,0.3519156277179718,0.4228363335132599,1429,31.984371183438952,L640_sub02000,1.3570520877838135,0.3403988480567932,0.6480844020843506,xi,1.0,0,"{""invalid_B"": 0, ""invalid_q"": 0, ""weak_B_direction"": 0, ""weak_q_perp_for_phi"": 0, ""weak_r_perp_for_phi"": 0}",B,0.09301933699559126,32.0,0.09301933699559126,True
0.2508369982242584,0.3519156277179718,0.4228363335132599,1485,62.96824596572466,L640_sub02000,1.3570520877838135,0.3403988480567932,0.6480844020843506,xi,1.0,0,"{""invalid_B"": 0, ""invalid_q"": 0, ""weak_B_direction"": 0, ""weak_q_perp_for_phi"": 0, ""weak_r_perp_for_phi"": 0}",B,0.1319231056158464,64.0,0.1319231056158464,True
0.2508369982242584,0.3519156277179718,0.4228363335132599,1556,125.193849689192,L640_sub02000,1.3570520877838135,0.3403988480567932,0.6480844020843506,xi,1.0,0,"{""invalid_B"": 0, ""invalid_q"": 0, ""weak_B_direction"": 0, ""weak_q_perp_for_phi"": 0, ""weak_r_perp_for_phi"": 0}",B,0.17665624749621275,128.0,0.17665624749621275,True
0.2508369982242584,0.3519156277179718,0.4228363335132599,2277,31.984371183438952,L640_sub02000,1.3570520877838135,0.3403988480567932,0.6480844020843506,lambda,1.0,0,"{""invalid_B"": 0, ""invalid_q"": 0, ""weak_B_direction"": 0, ""weak_q_perp_for_phi"": 0, ""weak_r_perp_for_phi"": 0}",B,0.14477172808672273,32.0,0.14477172808672273,True
0.2508369982242584,0.3519156277179718,0.4228363335132599,2369,62.96824596572466,L640_sub02000,1.3570520877838135,0.3403988480567932,0.6480844020843506,lambda,1.0,0,"{""invalid_B"": 0, ""invalid_q"": 0, ""weak_B_direction"": 0, ""weak_q_perp_for_phi"": 0, ""weak_r_perp_for_phi"": 0}",B,0.194222136099997,64.0,0.194222136099997,True
0.2508369982242584,0.3519156277179718,0.4228363335132599,2167,125.193849689192,L640_sub02000,1.3570520877838135,0.3403988480567932,0.6480844020843506,lambda,1.0,0,"{""invalid_B"": 0, ""invalid_q"": 0, ""weak_B_direction"": 0, ""weak_q_perp_for_phi"": 0, ""weak_r_perp_for_phi"": 0}",B,0.2579787640484272,128.0,0.2579787640484272,True
0.2508369982242584,0.3519156277179718,0.4228363335132599,2170,31.984371183438952,L640_sub02000,1.3570520877838135,0.3403988480567932,0.6480844020843506,parallel,1.0,0,"{""invalid_B"": 0, ""invalid_q"": 0, ""weak_B_direction"": 0, ""weak_q_perp_for_phi"": 0, ""weak_r_perp_for_phi"": 0}",u,0.04871785957367608,32.0,0.04871785957367608,True
0.2508369982242584,0.3519156277179718,0.4228363335132599,2120,62.96824596572466,L640_sub02000,1.3570520877838135,0.3403988480567932,0.6480844020843506,parallel,1.0,0,"{""invalid_B"": 0, ""invalid_q"": 0, ""weak_B_direction"": 0, ""weak_q_perp_for_phi"": 0, ""weak_r_perp_for_phi"": 0}",u,0.07498450932337997,64.0,0.07498450932337997,True
0.2508369982242584,0.3519156277179718,0.4228363335132599,2210,125.193849689192,L640_sub02000,1.3570520877838135,0.3403988480567932,0.6480844020843506,parallel,1.0,0,"{""invalid_B"": 0, ""invalid_q"": 0, ""weak_B_direction"": 0, ""weak_q_perp_for_phi"": 0, ""weak_r_perp_for_phi"": 0}",u,0.10795679228616603,128.0,0.10795679228616603,True
0.2508369982242584,0.3519156277179718,0.4228363335132599,1517,31.984371183438952,L640_sub02000,1.3570520877838135,0.3403988480567932,0.6480844020843506,xi,1.0,0,"{""invalid_B"": 0, ""invalid_q"": 0, ""weak_B_direction"": 0, ""weak_q_perp_for_phi"": 0, ""weak_r_perp_for_phi"": 0}",u,0.07126460919378136,32.0,0.07126460919378136,True
0.2508369982242584,0.3519156277179718,0.4228363335132599,1573,62.96824596572466,L640_sub02000,1.3570520877838135,0.3403988480567932,0.6480844020843506,xi,1.0,0,"{""invalid_B"": 0, ""invalid_q"": 0, ""weak_B_direction"": 0, ""weak_q_perp_for_phi"": 0, ""weak_r_perp_for_phi"": 0}",u,0.09667906104609332,64.0,0.09667906104609332,True
0.2508369982242584,0.3519156277179718,0.4228363335132599,1659,125.193849689192,L640_sub02000,1.3570520877838135,0.3403988480567932,0.6480844020843506,xi,1.0,0,"{""invalid_B"": 0, ""invalid_q"": 0, ""weak_B_direction"": 0, ""weak_q_perp_for_phi"": 0, ""weak_r_perp_for_phi"": 0}",u,0.12662139252069934,128.0,0.12662139252069934,True
0.2508369982242584,0.3519156277179718,0.4228363335132599,2266,31.984371183438952,L640_sub02000,1.3570520877838135,0.3403988480567932,0.6480844020843506,lambda,1.0,0,"{""invalid_B"": 0, ""invalid_q"": 0, ""weak_B_direction"": 0, ""weak_q_perp_for_phi"": 0, ""weak_r_perp_for_phi"": 0}",u,0.10124634430013302,32.0,0.10124634430013302,True
0.2508369982242584,0.3519156277179718,0.4228363335132599,2188,62.96824596572466,L640_sub02000,1.3570520877838135,0.3403988480567932,0.6480844020843506,lambda,1.0,0,"{""invalid_B"": 0, ""invalid_q"": 0, ""weak_B_direction"": 0, ""weak_q_perp_for_phi"": 0, ""weak_r_perp_for_phi"": 0}",u,0.11805639538542731,64.0,0.11805639538542731,True
0.2508369982242584,0.3519156277179718,0.4228363335132599,2111,125.193849689192,L640_sub02000,1.3570520877838135,0.3403988480567932,0.6480844020843506,lambda,1.0,0,"{""invalid_B"": 0, ""invalid_q"": 0, ""weak_B_direction"": 0, ""weak_q_perp_for_phi"": 0, ""weak_r_perp_for_phi"": 0}",u,0.14565516479035223,128.0,0.14565516479035223,True
0.2508369982242584,0.3519156277179718,0.4228363335132599,2170,31.984371183438952,L640_sub02000,1.3570520877838135,0.3403988480567932,0.6480844020843506,parallel,2.0,0,"{""invalid_B"": 0, ""invalid_q"": 0, ""weak_B_direction"": 0, ""weak_q_perp_for_phi"": 0, ""weak_r_perp_for_phi"": 0}",B,0.007961411004073724,32.0,0.08922673928858839,True
0.2508369982242584,0.3519156277179718,0.4228363335132599,2120,62.96824596572466,L640_sub02000,1.3570520877838135,0.3403988480567932,0.6480844020843506,parallel,2.0,0,"{""invalid_B"": 0, ""invalid_q"": 0, ""weak_B_direction"": 0, ""weak_q_perp_for_phi"": 0, ""weak_r_perp_for_phi"": 0}",B,0.016249293037562708,64.0,0.12747271487484177,True
0.2508369982242584,0.3519156277179718,0.4228363335132599,2210,125.193849689192,L640_sub02000,1.3570520877838135,0.3403988480567932,0.6480844020843506,parallel,2.0,0,"{""invalid_B"": 0, ""invalid_q"": 0, ""weak_B_direction"": 0, ""weak_q_perp_for_phi"": 0, ""weak_r_perp_for_phi"": 0}",B,0.03762173425494876,128.0,0.19396322913106176,True
0.2508369982242584,0.3519156277179718,0.4228363335132599,1429,31.984371183438952,L640_sub02000,1.3570520877838135,0.3403988480567932,0.6480844020843506,xi,2.0,0,"{""invalid_B"": 0, ""invalid_q"": 0, ""weak_B_direction"": 0, ""weak_q_perp_for_phi"": 0, ""weak_r_perp_for_phi"": 0}",B,0.013749237499180052,32.0,0.1172571426360887,True
0.2508369982242584,0.3519156277179718,0.4228363335132599,1485,62.96824596572466,L640_sub02000,1.3570520877838135,0.3403988480567932,0.6480844020843506,xi,2.0,0,"{""invalid_B"": 0, ""invalid_q"": 0, ""weak_B_direction"": 0, ""weak_q_perp_for_phi"": 0, ""weak_r_perp_for_phi"": 0}",B,0.026857760257138912,64.0,0.1638833739497052,True
0.2508369982242584,0.3519156277179718,0.4228363335132599,1556,125.193849689192,L640_sub02000,1.3570520877838135,0.3403988480567932,0.6480844020843506,xi,2.0,0,"{""invalid_B"": 0, ""invalid_q"": 0, ""weak_B_direction"": 0, ""weak_q_perp_for_phi"": 0, ""weak_r_perp_for_phi"": 0}",B,0.04849702090618916,128.0,0.22022039166750468,True
0.2508369982242584,0.3519156277179718,0.4228363335132599,2277,31.984371183438952,L640_sub02000,1.3570520877838135,0.3403988480567932,0.6480844020843506,lambda,2.0,0,"{""invalid_B"": 0, ""invalid_q"": 0, ""weak_B_direction"": 0, ""weak_q_perp_for_phi"": 0, ""weak_r_perp_for_phi"": 0}",B,0.03770596314072906,32.0,0.19418023365092818,True
0.2508369982242584,0.3519156277179718,0.4228363335132599,2369,62.96824596572466,L640_sub02000,1.3570520877838135,0.3403988480567932,0.6480844020843506,lambda,2.0,0,"{""invalid_B"": 0, ""invalid_q"": 0, ""weak_B_direction"": 0, ""weak_q_perp_for_phi"": 0, ""weak_r_perp_for_phi"": 0}",B,0.06491891515550643,64.0,0.2547919055925962,True
0.2508369982242584,0.3519156277179718,0.4228363335132599,2167,125.193849689192,L640_sub02000,1.3570520877838135,0.3403988480567932,0.6480844020843506,lambda,2.0,0,"{""invalid_B"": 0, ""invalid_q"": 0, ""weak_B_direction"": 0, ""weak_q_perp_for_phi"": 0, ""weak_r_perp_for_phi"": 0}",B,0.10898866933913506,128.0,0.33013432014732286,True
0.2508369982242584,0.3519156277179718,0.4228363335132599,2170,31.984371183438952,L640_sub02000,1.3570520877838135,0.3403988480567932,0.6480844020843506,parallel,2.0,0,"{""invalid_B"": 0, ""invalid_q"": 0, ""weak_B_direction"": 0, ""weak_q_perp_for_phi"": 0, ""weak_r_perp_for_phi"": 0}",u,0.004056926080214055,32.0,0.06369400348709488,True
0.2508369982242584,0.3519156277179718,0.4228363335132599,2120,62.96824596572466,L640_sub02000,1.3570520877838135,0.3403988480567932,0.6480844020843506,parallel,2.0,0,"{""invalid_B"": 0, ""invalid_q"": 0, ""weak_B_direction"": 0, ""weak_q_perp_for_phi"": 0, ""weak_r_perp_for_phi"": 0}",u,0.008399801319037638,64.0,0.09165042999919662,True
0.2508369982242584,0.3519156277179718,0.4228363335132599,2210,125.193849689192,L640_sub02000,1.3570520877838135,0.3403988480567932,0.6480844020843506,parallel,2.0,0,"{""invalid_B"": 0, ""invalid_q"": 0, ""weak_B_direction"": 0, ""weak_q_perp_for_phi"": 0, ""weak_r_perp_for_phi"": 0}",u,0.016735518735214727,128.0,0.1293658329514201,True
0.2508369982242584,0.3519156277179718,0.4228363335132599,1517,31.984371183438952,L640_sub02000,1.3570520877838135,0.3403988480567932,0.6480844020843506,xi,2.0,0,"{""invalid_B"": 0, ""invalid_q"": 0, ""weak_B_direction"": 0, ""weak_q_perp_for_phi"": 0, ""weak_r_perp_for_phi"": 0}",u,0.007326475328454141,32.0,0.08559483237003354,True
0.2508369982242584,0.3519156277179718,0.4228363335132599,1573,62.96824596572466,L640_sub02000,1.3570520877838135,0.3403988480567932,0.6480844020843506,xi,2.0,0,"{""invalid_B"": 0, ""invalid_q"": 0, ""weak_B_direction"": 0, ""weak_q_perp_for_phi"": 0, ""weak_r_perp_for_phi"": 0}",u,0.012858847117867328,64.0,0.11339685673715709,True
0.2508369982242584,0.3519156277179718,0.4228363335132599,1659,125.193849689192,L640_sub02000,1.3570520877838135,0.3403988480567932,0.6480844020843506,xi,2.0,0,"{""invalid_B"": 0, ""invalid_q"": 0, ""weak_B_direction"": 0, ""weak_q_perp_for_phi"": 0, ""weak_r_perp_for_phi"": 0}",u,0.021110564202933266,128.0,0.14529474939905182,True
0.2508369982242584,0.3519156277179718,0.4228363335132599,2266,31.984371183438952,L640_sub02000,1.3570520877838135,0.3403988480567932,0.6480844020843506,lambda,2.0,0,"{""invalid_B"": 0, ""invalid_q"": 0, ""weak_B_direction"": 0, ""weak_q_perp_for_phi"": 0, ""weak_r_perp_for_phi"": 0}",u,0.015702573039690196,32.0,0.12530990798691935,True
0.2508369982242584,0.3519156277179718,0.4228363335132599,2188,62.96824596572466,L640_sub02000,1.3570520877838135,0.3403988480567932,0.6480844020843506,lambda,2.0,0,"{""invalid_B"": 0, ""invalid_q"": 0, ""weak_B_direction"": 0, ""weak_q_perp_for_phi"": 0, ""weak_r_perp_for_phi"": 0}",u,0.019684681694627035,64.0,0.14030210866065781,True
0.2508369982242584,0.3519156277179718,0.4228363335132599,2111,125.193849689192,L640_sub02000,1.3570520877838135,0.3403988480567932,0.6480844020843506,lambda,2.0,0,"{""invalid_B"": 0, ""invalid_q"": 0, ""weak_B_direction"": 0, ""weak_q_perp_for_phi"": 0, ""weak_r_perp_for_phi"": 0}",u,0.028842856979963846,128.0,0.16983184913308766,True
0.2508369982242584,0.3519156277179718,0.4228363335132599,2170,31.984371183438952,L640_sub02000,1.3570520877838135,0.3403988480567932,0.6480844020843506,parallel,3.0,0,"{""invalid_B"": 0, ""invalid_q"": 0, ""weak_B_direction"": 0, ""weak_q_perp_for_phi"": 0, ""weak_r_perp_for_phi"": 0}",B,0.001972151965167926,32.0,0.1254045975836557,True
0.2508369982242584,0.3519156277179718,0.4228363335132599,2120,62.96824596572466,L640_sub02000,1.3570520877838135,0.3403988480567932,0.6480844020843506,parallel,3.0,0,"{""invalid_B"": 0, ""invalid_q"": 0, ""weak_B_direction"": 0, ""weak_q_perp_for_phi"": 0, ""weak_r_perp_for_phi"": 0}",B,0.004518133160953341,64.0,0.165317822202978,True
0.2508369982242584,0.3519156277179718,0.4228363335132599,2210,125.193849689192,L640_sub02000,1.3570520877838135,0.3403988480567932,0.6480844020843506,parallel,3.0,0,"{""invalid_B"": 0, ""invalid_q"": 0, ""weak_B_direction"": 0, ""weak_q_perp_for_phi"": 0, ""weak_r_perp_for_phi"": 0}",B,0.015140649803167676,128.0,0.24738963785196127,True
0.2508369982242584,0.3519156277179718,0.4228363335132599,1429,31.984371183438952,L640_sub02000,1.3570520877838135,0.3403988480567932,0.6480844020843506,xi,3.0,0,"{""invalid_B"": 0, ""invalid_q"": 0, ""weak_B_direction"": 0, ""weak_q_perp_for_phi"": 0, ""weak_r_perp_for_phi"": 0}",B,0.0030512249877884417,32.0,0.1450412088626929,True
0.2508369982242584,0.3519156277179718,0.4228363335132599,1485,62.96824596572466,L640_sub02000,1.3570520877838135,0.3403988480567932,0.6480844020843506,xi,3.0,0,"{""invalid_B"": 0, ""invalid_q"": 0, ""weak_B_direction"": 0, ""weak_q_perp_for_phi"": 0, ""weak_r_perp_for_phi"": 0}",B,0.008009508476345595,64.0,0.2000792059308417,True
0.2508369982242584,0.3519156277179718,0.4228363335132599,1556,125.193849689192,L640_sub02000,1.3570520877838135,0.3403988480567932,0.6480844020843506,xi,3.0,0,"{""invalid_B"": 0, ""invalid_q"": 0, ""weak_B_direction"": 0, ""weak_q_perp_for_phi"": 0, ""weak_r_perp_for_phi"": 0}",B,0.018960566910499185,128.0,0.2666554346976601,True
0.2508369982242584,0.3519156277179718,0.4228363335132599,2277,31.984371183438952,L640_sub02000,1.3570520877838135,0.3403988480567932,0.6480844020843506,lambda,3.0,0,"{""invalid_B"": 0, ""invalid_q"": 0, ""weak_B_direction"": 0, ""weak_q_perp_for_phi"": 0, ""weak_r_perp_for_phi"": 0}",B,0.015730781722834482,32.0,0.25056290080792304,True
0.2508369982242584,0.3519156277179718,0.4228363335132599,2369,62.96824596572466,L640_sub02000,1.3570520877838135,0.3403988480567932,0.6480844020843506,lambda,3.0,0,"{""invalid_B"": 0, ""invalid_q"": 0, ""weak_B_direction"": 0, ""weak_q_perp_for_phi"": 0, ""weak_r_perp_for_phi"": 0}",B,0.032838513862320444,64.0,0.32022937286074166,True
0.2508369982242584,0.3519156277179718,0.4228363335132599,2167,125.193849689192,L640_sub02000,1.3570520877838135,0.3403988480567932,0.6480844020843506,lambda,3.0,0,"{""invalid_B"": 0, ""invalid_q"": 0, ""weak_B_direction"": 0, ""weak_q_perp_for_phi"": 0, ""weak_r_perp_for_phi"": 0}",B,0.06448217182842816,128.0,0.4010020124741263,True
0.2508369982242584,0.3519156277179718,0.4228363335132599,2170,31.984371183438952,L640_sub02000,1.3570520877838135,0.3403988480567932,0.6480844020843506,parallel,3.0,0,"{""invalid_B"": 0, ""invalid_q"": 0, ""weak_B_direction"": 0, ""weak_q_perp_for_phi"": 0, ""weak_r_perp_for_phi"": 0}",u,0.0005367194899383272,32.0,0.08126729206396892,True
0.2508369982242584,0.3519156277179718,0.4228363335132599,2120,62.96824596572466,L640_sub02000,1.3570520877838135,0.3403988480567932,0.6480844020843506,parallel,3.0,0,"{""invalid_B"": 0, ""invalid_q"": 0, ""weak_B_direction"": 0, ""weak_q_perp_for_phi"": 0, ""weak_r_perp_for_phi"": 0}",u,0.001264365661218979,64.0,0.10813282871490482,True
0.2508369982242584,0.3519156277179718,0.4228363335132599,2210,125.193849689192,L640_sub02000,1.3570520877838135,0.3403988480567932,0.6480844020843506,parallel,3.0,0,"{""invalid_B"": 0, ""invalid_q"": 0, ""weak_B_direction"": 0, ""weak_q_perp_for_phi"": 0, ""weak_r_perp_for_phi"": 0}",u,0.0034675256506153406,128.0,0.15135841136762068,True
0.2508369982242584,0.3519156277179718,0.4228363335132599,1517,31.984371183438952,L640_sub02000,1.3570520877838135,0.3403988480567932,0.6480844020843506,xi,3.0,0,"{""invalid_B"": 0, ""invalid_q"": 0, ""weak_B_direction"": 0, ""weak_q_perp_for_phi"": 0, ""weak_r_perp_for_phi"": 0}",u,0.0009938929543864012,32.0,0.09979601600108413,True
0.2508369982242584,0.3519156277179718,0.4228363335132599,1573,62.96824596572466,L640_sub02000,1.3570520877838135,0.3403988480567932,0.6480844020843506,xi,3.0,0,"{""invalid_B"": 0, ""invalid_q"": 0, ""weak_B_direction"": 0, ""weak_q_perp_for_phi"": 0, ""weak_r_perp_for_phi"": 0}",u,0.00218315760637775,64.0,0.1297263990620168,True
0.2508369982242584,0.3519156277179718,0.4228363335132599,1659,125.193849689192,L640_sub02000,1.3570520877838135,0.3403988480567932,0.6480844020843506,xi,3.0,0,"{""invalid_B"": 0, ""invalid_q"": 0, ""weak_B_direction"": 0, ""weak_q_perp_for_phi"": 0, ""weak_r_perp_for_phi"": 0}",u,0.004384363742171002,128.0,0.16366991587366783,True
0.2508369982242584,0.3519156277179718,0.4228363335132599,2266,31.984371183438952,L640_sub02000,1.3570520877838135,0.3403988480567932,0.6480844020843506,lambda,3.0,0,"{""invalid_B"": 0, ""invalid_q"": 0, ""weak_B_direction"": 0, ""weak_q_perp_for_phi"": 0, ""weak_r_perp_for_phi"": 0}",u,0.003361700283023122,32.0,0.14980270777485366,True
0.2508369982242584,0.3519156277179718,0.4228363335132599,2188,62.96824596572466,L640_sub02000,1.3570520877838135,0.3403988480567932,0.6480844020843506,lambda,3.0,0,"{""invalid_B"": 0, ""invalid_q"": 0, ""weak_B_direction"": 0, ""weak_q_perp_for_phi"": 0, ""weak_r_perp_for_phi"": 0}",u,0.00426343916731108,64.0,0.1621511464343497,True
0.2508369982242584,0.3519156277179718,0.4228363335132599,2111,125.193849689192,L640_sub02000,1.3570520877838135,0.3403988480567932,0.6480844020843506,lambda,3.0,0,"{""invalid_B"": 0, ""invalid_q"": 0, ""weak_B_direction"": 0, ""weak_q_perp_for_phi"": 0, ""weak_r_perp_for_phi"": 0}",u,0.007218791473115956,128.0,0.193265721427806,True
0.2508369982242584,0.3519156277179718,0.4228363335132599,2170,31.984371183438952,L640_sub02000,1.3570520877838135,0.3403988480567932,0.6480844020843506,parallel,4.0,0,"{""invalid_B"": 0, ""invalid_q"": 0, ""weak_B_direction"": 0, ""weak_q_perp_for_phi"": 0, ""weak_r_perp_for_phi"": 0}",B,0.0008072831505702616,32.0,0.16856075661812772,True
0.2508369982242584,0.3519156277179718,0.4228363335132599,2120,62.96824596572466,L640_sub02000,1.3570520877838135,0.3403988480567932,0.6480844020843506,parallel,4.0,0,"{""invalid_B"": 0, ""invalid_q"": 0, ""weak_B_direction"": 0, ""weak_q_perp_for_phi"": 0, ""weak_r_perp_for_phi"": 0}",B,0.0018889862256833553,64.0,0.208476543434253,True
0.2508369982242584,0.3519156277179718,0.4228363335132599,2210,125.193849689192,L640_sub02000,1.3570520877838135,0.3403988480567932,0.6480844020843506,parallel,4.0,0,"{""invalid_B"": 0, ""invalid_q"": 0, ""weak_B_direction"": 0, ""weak_q_perp_for_phi"": 0, ""weak_r_perp_for_phi"": 0}",B,0.008291682435531885,128.0,0.3017593010728575,True
0.2508369982242584,0.3519156277179718,0.4228363335132599,1429,31.984371183438952,L640_sub02000,1.3570520877838135,0.3403988480567932,0.6480844020843506,xi,4.0,0,"{""invalid_B"": 0, ""invalid_q"": 0, ""weak_B_direction"": 0, ""weak_q_perp_for_phi"": 0, ""weak_r_perp_for_phi"": 0}",B,0.0009363277221429616,32.0,0.17492704930767575,True
0.2508369982242584,0.3519156277179718,0.4228363335132599,1485,62.96824596572466,L640_sub02000,1.3570520877838135,0.3403988480567932,0.6480844020843506,xi,4.0,0,"{""invalid_B"": 0, ""invalid_q"": 0, ""weak_B_direction"": 0, ""weak_q_perp_for_phi"": 0, ""weak_r_perp_for_phi"": 0}",B,0.0032783109471694227,64.0,0.23928338070867952,True
0.2508369982242584,0.3519156277179718,0.4228363335132599,1556,125.193849689192,L640_sub02000,1.3570520877838135,0.3403988480567932,0.6480844020843506,xi,4.0,0,"{""invalid_B"": 0, ""invalid_q"": 0, ""weak_B_direction"": 0, ""weak_q_perp_for_phi"": 0, ""weak_r_perp_for_phi"": 0}",B,0.009617485355154377,128.0,0.31315935032690523,True
0.2508369982242584,0.3519156277179718,0.4228363335132599,2277,31.984371183438952,L640_sub02000,1.3570520877838135,0.3403988480567932,0.6480844020843506,lambda,4.0,0,"{""invalid_B"": 0, ""invalid_q"": 0, ""weak_B_direction"": 0, ""weak_q_perp_for_phi"": 0, ""weak_r_perp_for_phi"": 0}",B,0.009187081561244604,32.0,0.30959532424183217,True
0.2508369982242584,0.3519156277179718,0.4228363335132599,2369,62.96824596572466,L640_sub02000,1.3570520877838135,0.3403988480567932,0.6480844020843506,lambda,4.0,0,"{""invalid_B"": 0, ""invalid_q"": 0, ""weak_B_direction"": 0, ""weak_q_perp_for_phi"": 0, ""weak_r_perp_for_phi"": 0}",B,0.021856196820156448,64.0,0.38449761320693937,True
0.2508369982242584,0.3519156277179718,0.4228363335132599,2167,125.193849689192,L640_sub02000,1.3570520877838135,0.3403988480567932,0.6480844020843506,lambda,4.0,0,"{""invalid_B"": 0, ""invalid_q"": 0, ""weak_B_direction"": 0, ""weak_q_perp_for_phi"": 0, ""weak_r_perp_for_phi"": 0}",B,0.04726233038985426,128.0,0.4662606695121754,True
0.2508369982242584,0.3519156277179718,0.4228363335132599,2170,31.984371183438952,L640_sub02000,1.3570520877838135,0.3403988480567932,0.6480844020843506,parallel,4.0,0,"{""invalid_B"": 0, ""invalid_q"": 0, ""weak_B_direction"": 0, ""weak_q_perp_for_phi"": 0, ""weak_r_perp_for_phi"": 0}",u,0.00010402649337617704,32.0,0.10099177139305542,True
0.2508369982242584,0.3519156277179718,0.4228363335132599,2120,62.96824596572466,L640_sub02000,1.3570520877838135,0.3403988480567932,0.6480844020843506,parallel,4.0,0,"{""invalid_B"": 0, ""invalid_q"": 0, ""weak_B_direction"": 0, ""weak_q_perp_for_phi"": 0, ""weak_r_perp_for_phi"": 0}",u,0.00024050857566454095,64.0,0.12453248133450132,True
0.2508369982242584,0.3519156277179718,0.4228363335132599,2210,125.193849689192,L640_sub02000,1.3570520877838135,0.3403988480567932,0.6480844020843506,parallel,4.0,0,"{""invalid_B"": 0, ""invalid_q"": 0, ""weak_B_direction"": 0, ""weak_q_perp_for_phi"": 0, ""weak_r_perp_for_phi"": 0}",u,0.0009175480491933609,128.0,0.17404325783325117,True
0.2508369982242584,0.3519156277179718,0.4228363335132599,1517,31.984371183438952,L640_sub02000,1.3570520877838135,0.3403988480567932,0.6480844020843506,xi,4.0,0,"{""invalid_B"": 0, ""invalid_q"": 0, ""weak_B_direction"": 0, ""weak_q_perp_for_phi"": 0, ""weak_r_perp_for_phi"": 0}",u,0.00016658829113284964,32.0,0.11360857652062126,True
0.2508369982242584,0.3519156277179718,0.4228363335132599,1573,62.96824596572466,L640_sub02000,1.3570520877838135,0.3403988480567932,0.6480844020843506,xi,4.0,0,"{""invalid_B"": 0, ""invalid_q"": 0, ""weak_B_direction"": 0, ""weak_q_perp_for_phi"": 0, ""weak_r_perp_for_phi"": 0}",u,0.0004541998568550299,64.0,0.14598618123001011,True
0.2508369982242584,0.3519156277179718,0.4228363335132599,1659,125.193849689192,L640_sub02000,1.3570520877838135,0.3403988480567932,0.6480844020843506,xi,4.0,0,"{""invalid_B"": 0, ""invalid_q"": 0, ""weak_B_direction"": 0, ""weak_q_perp_for_phi"": 0, ""weak_r_perp_for_phi"": 0}",u,0.0011176108329237389,128.0,0.1828406054313227,True
0.2508369982242584,0.3519156277179718,0.4228363335132599,2266,31.984371183438952,L640_sub02000,1.3570520877838135,0.3403988480567932,0.6480844020843506,lambda,4.0,0,"{""invalid_B"": 0, ""invalid_q"": 0, ""weak_B_direction"": 0, ""weak_q_perp_for_phi"": 0, ""weak_r_perp_for_phi"": 0}",u,0.0009194841336871626,32.0,0.1741349958493707,True
0.2508369982242584,0.3519156277179718,0.4228363335132599,2188,62.96824596572466,L640_sub02000,1.3570520877838135,0.3403988480567932,0.6480844020843506,lambda,4.0,0,"{""invalid_B"": 0, ""invalid_q"": 0, ""weak_B_direction"": 0, ""weak_q_perp_for_phi"": 0, ""weak_r_perp_for_phi"": 0}",u,0.0011357146126099436,64.0,0.1835765921087868,True
0.2508369982242584,0.3519156277179718,0.4228363335132599,2111,125.193849689192,L640_sub02000,1.3570520877838135,0.3403988480567932,0.6480844020843506,lambda,4.0,0,"{""invalid_B"": 0, ""invalid_q"": 0, ""weak_B_direction"": 0, ""weak_q_perp_for_phi"": 0, ""weak_r_perp_for_phi"": 0}",u,0.0021849194028163797,128.0,0.21620157596377132,True
0.2508369982242584,0.3519156277179718,0.4228363335132599,2170,31.984371183438952,L640_sub02000,1.3570520877838135,0.3403988480567932,0.6480844020843506,parallel,5.0,0,"{""invalid_B"": 0, ""invalid_q"": 0, ""weak_B_direction"": 0, ""weak_q_perp_for_phi"": 0, ""weak_r_perp_for_phi"": 0}",B,0.0004518705064227921,32.0,0.21429044128109973,True
0.2508369982242584,0.3519156277179718,0.4228363335132599,2120,62.96824596572466,L640_sub02000,1.3570520877838135,0.3403988480567932,0.6480844020843506,parallel,5.0,0,"{""invalid_B"": 0, ""invalid_q"": 0, ""weak_B_direction"": 0, ""weak_q_perp_for_phi"": 0, ""weak_r_perp_for_phi"": 0}",B,0.0010122767907256851,64.0,0.25180239462778203,True
0.2508369982242584,0.3519156277179718,0.4228363335132599,2210,125.193849689192,L640_sub02000,1.3570520877838135,0.3403988480567932,0.6480844020843506,parallel,5.0,0,"{""invalid_B"": 0, ""invalid_q"": 0, ""weak_B_direction"": 0, ""weak_q_perp_for_phi"": 0, ""weak_r_perp_for_phi"": 0}",B,0.005425986072468994,128.0,0.3522862842847032,True
0.2508369982242584,0.3519156277179718,0.4228363335132599,1429,31.984371183438952,L640_sub02000,1.3570520877838135,0.3403988480567932,0.6480844020843506,xi,5.0,0,"{""invalid_B"": 0, ""invalid_q"": 0, ""weak_B_direction"": 0, ""weak_q_perp_for_phi"": 0, ""weak_r_perp_for_phi"": 0}",B,0.0003590971370331603,32.0,0.20466443860109157,True
0.2508369982242584,0.3519156277179718,0.4228363335132599,1485,62.96824596572466,L640_sub02000,1.3570520877838135,0.3403988480567932,0.6480844020843506,xi,5.0,0,"{""invalid_B"": 0, ""invalid_q"": 0, ""weak_B_direction"": 0, ""weak_q_perp_for_phi"": 0, ""weak_r_perp_for_phi"": 0}",B,0.0016691575490324377,64.0,0.2782911953260255,True
0.2508369982242584,0.3519156277179718,0.4228363335132599,1556,125.193849689192,L640_sub02000,1.3570520877838135,0.3403988480567932,0.6480844020843506,xi,5.0,0,"{""invalid_B"": 0, ""invalid_q"": 0, ""weak_B_direction"": 0, ""weak_q_perp_for_phi"": 0, ""weak_r_perp_for_phi"": 0}",B,0.005793691508903533,128.0,0.3569365925613442,True
0.2508369982242584,0.3519156277179718,0.4228363335132599,2277,31.984371183438952,L640_sub02000,1.3570520877838135,0.3403988480567932,0.6480844020843506,lambda,5.0,0,"{""invalid_B"": 0, ""invalid_q"": 0, ""weak_B_direction"": 0, ""weak_q_perp_for_phi"": 0, ""weak_r_perp_for_phi"": 0}",B,0.0066180615083458304,32.0,0.3665609183041573,True
0.2508369982242584,0.3519156277179718,0.4228363335132599,2369,62.96824596572466,L640_sub02000,1.3570520877838135,0.3403988480567932,0.6480844020843506,lambda,5.0,0,"{""invalid_B"": 0, ""invalid_q"": 0, ""weak_B_direction"": 0, ""weak_q_perp_for_phi"": 0, ""weak_r_perp_for_phi"": 0}",B,0.01712149490648901,64.0,0.44331082493116997,True
0.2508369982242584,0.3519156277179718,0.4228363335132599,2167,125.193849689192,L640_sub02000,1.3570520877838135,0.3403988480567932,0.6480844020843506,lambda,5.0,0,"{""invalid_B"": 0, ""invalid_q"": 0, ""weak_B_direction"": 0, ""weak_q_perp_for_phi"": 0, ""weak_r_perp_for_phi"": 0}",B,0.03949050796868678,128.0,0.5239604953227184,True
0.2508369982242584,0.3519156277179718,0.4228363335132599,2170,31.984371183438952,L640_sub02000,1.3570520877838135,0.3403988480567932,0.6480844020843506,parallel,5.0,0,"{""invalid_B"": 0, ""invalid_q"": 0, ""weak_B_direction"": 0, ""weak_q_perp_for_phi"": 0, ""weak_r_perp_for_phi"": 0}",u,2.6651218137980992e-05,32.0,0.12165876760973983,True
0.2508369982242584,0.3519156277179718,0.4228363335132599,2120,62.96824596572466,L640_sub02000,1.3570520877838135,0.3403988480567932,0.6480844020843506,parallel,5.0,0,"{""invalid_B"": 0, ""invalid_q"": 0, ""weak_B_direction"": 0, ""weak_q_perp_for_phi"": 0, ""weak_r_perp_for_phi"": 0}",u,5.508158514038816e-05,64.0,0.1406699347409201,True
0.2508369982242584,0.3519156277179718,0.4228363335132599,2210,125.193849689192,L640_sub02000,1.3570520877838135,0.3403988480567932,0.6480844020843506,parallel,5.0,0,"{""invalid_B"": 0, ""invalid_q"": 0, ""weak_B_direction"": 0, ""weak_q_perp_for_phi"": 0, ""weak_r_perp_for_phi"": 0}",u,0.0002952115178584259,128.0,0.19680070938484256,True
0.2508369982242584,0.3519156277179718,0.4228363335132599,1517,31.984371183438952,L640_sub02000,1.3570520877838135,0.3403988480567932,0.6480844020843506,xi,5.0,0,"{""invalid_B"": 0, ""invalid_q"": 0, ""weak_B_direction"": 0, ""weak_q_perp_for_phi"": 0, ""weak_r_perp_for_phi"": 0}",u,3.271588180364839e-05,32.0,0.12675109681448915,True
0.2508369982242584,0.3519156277179718,0.4228363335132599,1573,62.96824596572466,L640_sub02000,1.3570520877838135,0.3403988480567932,0.6480844020843506,xi,5.0,0,"{""invalid_B"": 0, ""invalid_q"": 0, ""weak_B_direction"": 0, ""weak_q_perp_for_phi"": 0, ""weak_r_perp_for_phi"": 0}",u,0.0001117128284907327,64.0,0.1620393937277703,True
0.2508369982242584,0.3519156277179718,0.4228363335132599,1659,125.193849689192,L640_sub02000,1.3570520877838135,0.3403988480567932,0.6480844020843506,xi,5.0,0,"{""invalid_B"": 0, ""invalid_q"": 0, ""weak_B_direction"": 0, ""weak_q_perp_for_phi"": 0, ""weak_r_perp_for_phi"": 0}",u,0.000350360828135768,128.0,0.20365876640220046,True
0.2508369982242584,0.3519156277179718,0.4228363335132599,2266,31.984371183438952,L640_sub02000,1.3570520877838135,0.3403988480567932,0.6480844020843506,lambda,5.0,0,"{""invalid_B"": 0, ""invalid_q"": 0, ""weak_B_direction"": 0, ""weak_q_perp_for_phi"": 0, ""weak_r_perp_for_phi"": 0}",u,0.0003020165489710926,32.0,0.19769976275439316,True
0.2508369982242584,0.3519156277179718,0.4228363335132599,2188,62.96824596572466,L640_sub02000,1.3570520877838135,0.3403988480567932,0.6480844020843506,lambda,5.0,0,"{""invalid_B"": 0, ""invalid_q"": 0, ""weak_B_direction"": 0, ""weak_q_perp_for_phi"": 0, ""weak_r_perp_for_phi"": 0}",u,0.0003563649910567235,64.0,0.20435205365869072,True
0.2508369982242584,0.3519156277179718,0.4228363335132599,2111,125.193849689192,L640_sub02000,1.3570520877838135,0.3403988480567932,0.6480844020843506,lambda,5.0,0,"{""invalid_B"": 0, ""invalid_q"": 0, ""weak_B_direction"": 0, ""weak_q_perp_for_phi"": 0, ""weak_r_perp_for_phi"": 0}",u,0.0007717610213509768,128.0,0.23850449479287975,True
0.2508369982242584,0.3519156277179718,0.4228363335132599,2170,31.984371183438952,L640_sub02000,1.3570520877838135,0.3403988480567932,0.6480844020843506,parallel,6.0,0,"{""invalid_B"": 0, ""invalid_q"": 0, ""weak_B_direction"": 0, ""weak_q_perp_for_phi"": 0, ""weak_r_perp_for_phi"": 0}",B,0.00030322011144980895,32.0,0.2591948294983262,True
0.2508369982242584,0.3519156277179718,0.4228363335132599,2120,62.96824596572466,L640_sub02000,1.3570520877838135,0.3403988480567932,0.6480844020843506,parallel,6.0,0,"{""invalid_B"": 0, ""invalid_q"": 0, ""weak_B_direction"": 0, ""weak_q_perp_for_phi"": 0, ""weak_r_perp_for_phi"": 0}",B,0.0006170476655870444,64.0,0.29177838688780067,True
0.2508369982242584,0.3519156277179718,0.4228363335132599,2210,125.193849689192,L640_sub02000,1.3570520877838135,0.3403988480567932,0.6480844020843506,parallel,6.0,0,"{""invalid_B"": 0, ""invalid_q"": 0, ""weak_B_direction"": 0, ""weak_q_perp_for_phi"": 0, ""weak_r_perp_for_phi"": 0}",B,0.003933315318489973,128.0,0.3973072230283576,True
0.2508369982242584,0.3519156277179718,0.4228363335132599,1429,31.984371183438952,L640_sub02000,1.3570520877838135,0.3403988480567932,0.6480844020843506,xi,6.0,0,"{""invalid_B"": 0, ""invalid_q"": 0, ""weak_B_direction"": 0, ""weak_q_perp_for_phi"": 0, ""weak_r_perp_for_phi"": 0}",B,0.0001584101599147234,32.0,0.23261113768266145,True
0.2508369982242584,0.3519156277179718,0.4228363335132599,1485,62.96824596572466,L640_sub02000,1.3570520877838135,0.3403988480567932,0.6480844020843506,xi,6.0,0,"{""invalid_B"": 0, ""invalid_q"": 0, ""weak_B_direction"": 0, ""weak_q_perp_for_phi"": 0, ""weak_r_perp_for_phi"": 0}",B,0.000967681237008421,64.0,0.3145010164404651,True
0.2508369982242584,0.3519156277179718,0.4228363335132599,1556,125.193849689192,L640_sub02000,1.3570520877838135,0.3403988480567932,0.6480844020843506,xi,6.0,0,"{""invalid_B"": 0, ""invalid_q"": 0, ""weak_B_direction"": 0, ""weak_q_perp_for_phi"": 0, ""weak_r_perp_for_phi"": 0}",B,0.0038920136755536054,128.0,0.39660884272351116,True
0.2508369982242584,0.3519156277179718,0.4228363335132599,2277,31.984371183438952,L640_sub02000,1.3570520877838135,0.3403988480567932,0.6480844020843506,lambda,6.0,0,"{""invalid_B"": 0, ""invalid_q"": 0, ""weak_B_direction"": 0, ""weak_q_perp_for_phi"": 0, ""weak_r_perp_for_phi"": 0}",B,0.005399076912363472,32.0,0.41884491994678885,True
0.2508369982242584,0.3519156277179718,0.4228363335132599,2369,62.96824596572466,L640_sub02000,1.3570520877838135,0.3403988480567932,0.6480844020843506,lambda,6.0,0,"{""invalid_B"": 0, ""invalid_q"": 0, ""weak_B_direction"": 0, ""weak_q_perp_for_phi"": 0, ""weak_r_perp_for_phi"": 0}",B,0.014775782212706399,64.0,0.495364728454366,True
0.2508369982242584,0.3519156277179718,0.4228363335132599,2167,125.193849689192,L640_sub02000,1.3570520877838135,0.3403988480567932,0.6480844020843506,lambda,6.0,0,"{""invalid_B"": 0, ""invalid_q"": 0, ""weak_B_direction"": 0, ""weak_q_perp_for_phi"": 0, ""weak_r_perp_for_phi"": 0}",B,0.03579105250553907,128.0,0.5740667743523049,True
0.2508369982242584,0.3519156277179718,0.4228363335132599,2170,31.984371183438952,L640_sub02000,1.3570520877838135,0.3403988480567932,0.6480844020843506,parallel,6.0,0,"{""invalid_B"": 0, ""invalid_q"": 0, ""weak_B_direction"": 0, ""weak_q_perp_for_phi"": 0, ""weak_r_perp_for_phi"": 0}",u,8.208013620678038e-06,32.0,0.142027686029084,True
0.2508369982242584,0.3519156277179718,0.4228363335132599,2120,62.96824596572466,L640_sub02000,1.3570520877838135,0.3403988480567932,0.6480844020843506,parallel,6.0,0,"{""invalid_B"": 0, ""invalid_q"": 0, ""weak_B_direction"": 0, ""weak_q_perp_for_phi"": 0, ""weak_r_perp_for_phi"": 0}",u,1.4536794263216742e-05,64.0,0.1562229282554707,True
0.2508369982242584,0.3519156277179718,0.4228363335132599,2210,125.193849689192,L640_sub02000,1.3570520877838135,0.3403988480567932,0.6480844020843506,parallel,6.0,0,"{""invalid_B"": 0, ""invalid_q"": 0, ""weak_B_direction"": 0, ""weak_q_perp_for_phi"": 0, ""weak_r_perp_for_phi"": 0}",u,0.00010973155707935955,128.0,0.2188039999062608,True
0.2508369982242584,0.3519156277179718,0.4228363335132599,1517,31.984371183438952,L640_sub02000,1.3570520877838135,0.3403988480567932,0.6480844020843506,xi,6.0,0,"{""invalid_B"": 0, ""invalid_q"": 0, ""weak_B_direction"": 0, ""weak_q_perp_for_phi"": 0, ""weak_r_perp_for_phi"": 0}",u,7.240668284149514e-06,32.0,0.13909017128463466,True
0.2508369982242584,0.3519156277179718,0.4228363335132599,1573,62.96824596572466,L640_sub02000,1.3570520877838135,0.3403988480567932,0.6480844020843506,xi,6.0,0,"{""invalid_B"": 0, ""invalid_q"": 0, ""weak_B_direction"": 0, ""weak_q_perp_for_phi"": 0, ""weak_r_perp_for_phi"": 0}",u,3.13345804593756e-05,64.0,0.17755680190207698,True
0.2508369982242584,0.3519156277179718,0.4228363335132599,1659,125.193849689192,L640_sub02000,1.3570520877838135,0.3403988480567932,0.6480844020843506,xi,6.0,0,"{""invalid_B"": 0, ""invalid_q"": 0, ""weak_B_direction"": 0, ""weak_q_perp_for_phi"": 0, ""weak_r_perp_for_phi"": 0}",u,0.00013423785252379204,128.0,0.22627982419483067,True
0.2508369982242584,0.3519156277179718,0.4228363335132599,2266,31.984371183438952,L640_sub02000,1.3570520877838135,0.3403988480567932,0.6480844020843506,lambda,6.0,0,"{""invalid_B"": 0, ""invalid_q"": 0, ""weak_B_direction"": 0, ""weak_q_perp_for_phi"": 0, ""weak_r_perp_for_phi"": 0}",u,0.00011356770437846181,32.0,0.22006069211557666,True
0.2508369982242584,0.3519156277179718,0.4228363335132599,2188,62.96824596572466,L640_sub02000,1.3570520877838135,0.3403988480567932,0.6480844020843506,lambda,6.0,0,"{""invalid_B"": 0, ""invalid_q"": 0, ""weak_B_direction"": 0, ""weak_q_perp_for_phi"": 0, ""weak_r_perp_for_phi"": 0}",u,0.0001270223490749306,64.0,0.2242057209113226,True
0.2508369982242584,0.3519156277179718,0.4228363335132599,2111,125.193849689192,L640_sub02000,1.3570520877838135,0.3403988480567932,0.6480844020843506,lambda,6.0,0,"{""invalid_B"": 0, ""invalid_q"": 0, ""weak_B_direction"": 0, ""weak_q_perp_for_phi"": 0, ""weak_r_perp_for_phi"": 0}",u,0.0003079502426161568,128.0,0.259864382540187,True
0.5627098083496094,0.8368735909461975,0.6151124835014343,1483,31.984371183438952,L640_sub02602,0.4415014982223511,0.24843721091747284,0.1631263941526413,parallel,1.0,0,"{""invalid_B"": 0, ""invalid_q"": 0, ""weak_B_direction"": 0, ""weak_q_perp_for_phi"": 0, ""weak_r_perp_for_phi"": 0}",B,0.051472219144661206,32.0,0.051472219144661206,True
0.5627098083496094,0.8368735909461975,0.6151124835014343,1553,62.96824596572466,L640_sub02602,0.4415014982223511,0.24843721091747284,0.1631263941526413,parallel,1.0,0,"{""invalid_B"": 0, ""invalid_q"": 0, ""weak_B_direction"": 0, ""weak_q_perp_for_phi"": 0, ""weak_r_perp_for_phi"": 0}",B,0.08101363185448057,64.0,0.08101363185448057,True
0.5627098083496094,0.8368735909461975,0.6151124835014343,1597,125.193849689192,L640_sub02602,0.4415014982223511,0.24843721091747284,0.1631263941526413,parallel,1.0,0,"{""invalid_B"": 0, ""invalid_q"": 0, ""weak_B_direction"": 0, ""weak_q_perp_for_phi"": 0, ""weak_r_perp_for_phi"": 0}",B,0.11571924505390623,128.0,0.11571924505390623,True
0.5627098083496094,0.8368735909461975,0.6151124835014343,1564,31.984371183438952,L640_sub02602,0.4415014982223511,0.24843721091747284,0.1631263941526413,xi,1.0,0,"{""invalid_B"": 0, ""invalid_q"": 0, ""weak_B_direction"": 0, ""weak_q_perp_for_phi"": 0, ""weak_r_perp_for_phi"": 0}",B,0.09373964946005703,32.0,0.09373964946005703,True
0.5627098083496094,0.8368735909461975,0.6151124835014343,1676,62.96824596572466,L640_sub02602,0.4415014982223511,0.24843721091747284,0.1631263941526413,xi,1.0,0,"{""invalid_B"": 0, ""invalid_q"": 0, ""weak_B_direction"": 0, ""weak_q_perp_for_phi"": 0, ""weak_r_perp_for_phi"": 0}",B,0.12716360048640873,64.0,0.12716360048640873,True
0.5627098083496094,0.8368735909461975,0.6151124835014343,1896,125.193849689192,L640_sub02602,0.4415014982223511,0.24843721091747284,0.1631263941526413,xi,1.0,0,"{""invalid_B"": 0, ""invalid_q"": 0, ""weak_B_direction"": 0, ""weak_q_perp_for_phi"": 0, ""weak_r_perp_for_phi"": 0}",B,0.16457532799076177,128.0,0.16457532799076177,True
0.5627098083496094,0.8368735909461975,0.6151124835014343,2607,31.984371183438952,L640_sub02602,0.4415014982223511,0.24843721091747284,0.1631263941526413,lambda,1.0,0,"{""invalid_B"": 0, ""invalid_q"": 0, ""weak_B_direction"": 0, ""weak_q_perp_for_phi"": 0, ""weak_r_perp_for_phi"": 0}",B,0.1361659809092669,32.0,0.1361659809092669,True
0.5627098083496094,0.8368735909461975,0.6151124835014343,2514,62.96824596572466,L640_sub02602,0.4415014982223511,0.24843721091747284,0.1631263941526413,lambda,1.0,0,"{""invalid_B"": 0, ""invalid_q"": 0, ""weak_B_direction"": 0, ""weak_q_perp_for_phi"": 0, ""weak_r_perp_for_phi"": 0}",B,0.16716882538055478,64.0,0.16716882538055478,True
0.5627098083496094,0.8368735909461975,0.6151124835014343,2568,125.193849689192,L640_sub02602,0.4415014982223511,0.24843721091747284,0.1631263941526413,lambda,1.0,0,"{""invalid_B"": 0, ""invalid_q"": 0, ""weak_B_direction"": 0, ""weak_q_perp_for_phi"": 0, ""weak_r_perp_for_phi"": 0}",B,0.19352570936369332,128.0,0.19352570936369332,True
0.5627098083496094,0.8368735909461975,0.6151124835014343,1483,31.984371183438952,L640_sub02602,0.4415014982223511,0.24843721091747284,0.1631263941526413,parallel,1.0,0,"{""invalid_B"": 0, ""invalid_q"": 0, ""weak_B_direction"": 0, ""weak_q_perp_for_phi"": 0, ""weak_r_perp_for_phi"": 0}",u,0.038470380625457525,32.0,0.038470380625457525,True
0.5627098083496094,0.8368735909461975,0.6151124835014343,1553,62.96824596572466,L640_sub02602,0.4415014982223511,0.24843721091747284,0.1631263941526413,parallel,1.0,0,"{""invalid_B"": 0, ""invalid_q"": 0, ""weak_B_direction"": 0, ""weak_q_perp_for_phi"": 0, ""weak_r_perp_for_phi"": 0}",u,0.05675416541828838,64.0,0.05675416541828838,True
0.5627098083496094,0.8368735909461975,0.6151124835014343,1597,125.193849689192,L640_sub02602,0.4415014982223511,0.24843721091747284,0.1631263941526413,parallel,1.0,0,"{""invalid_B"": 0, ""invalid_q"": 0, ""weak_B_direction"": 0, ""weak_q_perp_for_phi"": 0, ""weak_r_perp_for_phi"": 0}",u,0.08274538643496013,128.0,0.08274538643496013,True
0.5627098083496094,0.8368735909461975,0.6151124835014343,1654,31.984371183438952,L640_sub02602,0.4415014982223511,0.24843721091747284,0.1631263941526413,xi,1.0,0,"{""invalid_B"": 0, ""invalid_q"": 0, ""weak_B_direction"": 0, ""weak_q_perp_for_phi"": 0, ""weak_r_perp_for_phi"": 0}",u,0.07264122274054767,32.0,0.07264122274054767,True
0.5627098083496094,0.8368735909461975,0.6151124835014343,1653,62.96824596572466,L640_sub02602,0.4415014982223511,0.24843721091747284,0.1631263941526413,xi,1.0,0,"{""invalid_B"": 0, ""invalid_q"": 0, ""weak_B_direction"": 0, ""weak_q_perp_for_phi"": 0, ""weak_r_perp_for_phi"": 0}",u,0.10056845428335592,64.0,0.10056845428335592,True
0.5627098083496094,0.8368735909461975,0.6151124835014343,1723,125.193849689192,L640_sub02602,0.4415014982223511,0.24843721091747284,0.1631263941526413,xi,1.0,0,"{""invalid_B"": 0, ""invalid_q"": 0, ""weak_B_direction"": 0, ""weak_q_perp_for_phi"": 0, ""weak_r_perp_for_phi"": 0}",u,0.13069091307870104,128.0,0.13069091307870104,True
0.5627098083496094,0.8368735909461975,0.6151124835014343,2671,31.984371183438952,L640_sub02602,0.4415014982223511,0.24843721091747284,0.1631263941526413,lambda,1.0,0,"{""invalid_B"": 0, ""invalid_q"": 0, ""weak_B_direction"": 0, ""weak_q_perp_for_phi"": 0, ""weak_r_perp_for_phi"": 0}",u,0.10299839661685306,32.0,0.10299839661685306,True
0.5627098083496094,0.8368735909461975,0.6151124835014343,2773,62.96824596572466,L640_sub02602,0.4415014982223511,0.24843721091747284,0.1631263941526413,lambda,1.0,0,"{""invalid_B"": 0, ""invalid_q"": 0, ""weak_B_direction"": 0, ""weak_q_perp_for_phi"": 0, ""weak_r_perp_for_phi"": 0}",u,0.13334337251793751,64.0,0.13334337251793751,True
0.5627098083496094,0.8368735909461975,0.6151124835014343,2726,125.193849689192,L640_sub02602,0.4415014982223511,0.24843721091747284,0.1631263941526413,lambda,1.0,0,"{""invalid_B"": 0, ""invalid_q"": 0, ""weak_B_direction"": 0, ""weak_q_perp_for_phi"": 0, ""weak_r_perp_for_phi"": 0}",u,0.19023004213287026,128.0,0.19023004213287026,True
0.5627098083496094,0.8368735909461975,0.6151124835014343,1483,31.984371183438952,L640_sub02602,0.4415014982223511,0.24843721091747284,0.1631263941526413,parallel,2.0,0,"{""invalid_B"": 0, ""invalid_q"": 0, ""weak_B_direction"": 0, ""weak_q_perp_for_phi"": 0, ""weak_r_perp_for_phi"": 0}",B,0.0070948079484022325,32.0,0.08423068293918928,True
0.5627098083496094,0.8368735909461975,0.6151124835014343,1553,62.96824596572466,L640_sub02602,0.4415014982223511,0.24843721091747284,0.1631263941526413,parallel,2.0,0,"{""invalid_B"": 0, ""invalid_q"": 0, ""weak_B_direction"": 0, ""weak_q_perp_for_phi"": 0, ""weak_r_perp_for_phi"": 0}",B,0.014575744786458934,64.0,0.12073004922743523,True
0.5627098083496094,0.8368735909461975,0.6151124835014343,1597,125.193849689192,L640_sub02602,0.4415014982223511,0.24843721091747284,0.1631263941526413,parallel,2.0,0,"{""invalid_B"": 0, ""invalid_q"": 0, ""weak_B_direction"": 0, ""weak_q_perp_for_phi"": 0, ""weak_r_perp_for_phi"": 0}",B,0.026668921734984325,128.0,0.16330622074796883,True
0.5627098083496094,0.8368735909461975,0.6151124835014343,1564,31.984371183438952,L640_sub02602,0.4415014982223511,0.24843721091747284,0.1631263941526413,xi,2.0,0,"{""invalid_B"": 0, ""invalid_q"": 0, ""weak_B_direction"": 0, ""weak_q_perp_for_phi"": 0, ""weak_r_perp_for_phi"": 0}",B,0.017802960777470872,32.0,0.1334277361625793,True
0.5627098083496094,0.8368735909461975,0.6151124835014343,1676,62.96824596572466,L640_sub02602,0.4415014982223511,0.24843721091747284,0.1631263941526413,xi,2.0,0,"{""invalid_B"": 0, ""invalid_q"": 0, ""weak_B_direction"": 0, ""weak_q_perp_for_phi"": 0, ""weak_r_perp_for_phi"": 0}",B,0.030468152894819595,64.0,0.17455129015512774,True
0.5627098083496094,0.8368735909461975,0.6151124835014343,1896,125.193849689192,L640_sub02602,0.4415014982223511,0.24843721091747284,0.1631263941526413,xi,2.0,0,"{""invalid_B"": 0, ""invalid_q"": 0, ""weak_B_direction"": 0, ""weak_q_perp_for_phi"": 0, ""weak_r_perp_for_phi"": 0}",B,0.04623756726138842,128.0,0.2150292242031032,True
0.5627098083496094,0.8368735909461975,0.6151124835014343,2607,31.984371183438952,L640_sub02602,0.4415014982223511,0.24843721091747284,0.1631263941526413,lambda,2.0,0,"{""invalid_B"": 0, ""invalid_q"": 0, ""weak_B_direction"": 0, ""weak_q_perp_for_phi"": 0, ""weak_r_perp_for_phi"": 0}",B,0.039242528613886336,32.0,0.1980972705866649,True
0.5627098083496094,0.8368735909461975,0.6151124835014343,2514,62.96824596572466,L640_sub02602,0.4415014982223511,0.24843721091747284,0.1631263941526413,lambda,2.0,0,"{""invalid_B"": 0, ""invalid_q"": 0, ""weak_B_direction"": 0, ""weak_q_perp_for_phi"": 0, ""weak_r_perp_for_phi"": 0}",B,0.052419447157542924,64.0,0.22895293655584092,True
0.5627098083496094,0.8368735909461975,0.6151124835014343,2568,125.193849689192,L640_sub02602,0.4415014982223511,0.24843721091747284,0.1631263941526413,lambda,2.0,0,"{""invalid_B"": 0, ""invalid_q"": 0, ""weak_B_direction"": 0, ""weak_q_perp_for_phi"": 0, ""weak_r_perp_for_phi"": 0}",B,0.06317374382363045,128.0,0.2513438756437691,True
0.5627098083496094,0.8368735909461975,0.6151124835014343,1483,31.984371183438952,L640_sub02602,0.4415014982223511,0.24843721091747284,0.1631263941526413,parallel,2.0,0,"{""invalid_B"": 0, ""invalid_q"": 0, ""weak_B_direction"": 0, ""weak_q_perp_for_phi"": 0, ""weak_r_perp_for_phi"": 0}",u,0.003522383790790331,32.0,0.0593496738895028,True
0.5627098083496094,0.8368735909461975,0.6151124835014343,1553,62.96824596572466,L640_sub02602,0.4415014982223511,0.24843721091747284,0.1631263941526413,parallel,2.0,0,"{""invalid_B"": 0, ""invalid_q"": 0, ""weak_B_direction"": 0, ""weak_q_perp_for_phi"": 0, ""weak_r_perp_for_phi"": 0}",u,0.00675789175801819,64.0,0.08220639730591647,True
0.5627098083496094,0.8368735909461975,0.6151124835014343,1597,125.193849689192,L640_sub02602,0.4415014982223511,0.24843721091747284,0.1631263941526413,parallel,2.0,0,"{""invalid_B"": 0, ""invalid_q"": 0, ""weak_B_direction"": 0, ""weak_q_perp_for_phi"": 0, ""weak_r_perp_for_phi"": 0}",u,0.012223826155610565,128.0,0.11056141350222765,True
0.5627098083496094,0.8368735909461975,0.6151124835014343,1654,31.984371183438952,L640_sub02602,0.4415014982223511,0.24843721091747284,0.1631263941526413,xi,2.0,0,"{""invalid_B"": 0, ""invalid_q"": 0, ""weak_B_direction"": 0, ""weak_q_perp_for_phi"": 0, ""weak_r_perp_for_phi"": 0}",u,0.009476659241510093,32.0,0.09734813424770962,True
0.5627098083496094,0.8368735909461975,0.6151124835014343,1653,62.96824596572466,L640_sub02602,0.4415014982223511,0.24843721091747284,0.1631263941526413,xi,2.0,0,"{""invalid_B"": 0, ""invalid_q"": 0, ""weak_B_direction"": 0, ""weak_q_perp_for_phi"": 0, ""weak_r_perp_for_phi"": 0}",u,0.017784922242289555,64.0,0.13336012238405284,True
0.5627098083496094,0.8368735909461975,0.6151124835014343,1723,125.193849689192,L640_sub02602,0.4415014982223511,0.24843721091747284,0.1631263941526413,xi,2.0,0,"{""invalid_B"": 0, ""invalid_q"": 0, ""weak_B_direction"": 0, ""weak_q_perp_for_phi"": 0, ""weak_r_perp_for_phi"": 0}",u,0.03166350163070294,128.0,0.17794241099497032,True
0.5627098083496094,0.8368735909461975,0.6151124835014343,2671,31.984371183438952,L640_sub02602,0.4415014982223511,0.24843721091747284,0.1631263941526413,lambda,2.0,0,"{""invalid_B"": 0, ""invalid_q"": 0, ""weak_B_direction"": 0, ""weak_q_perp_for_phi"": 0, ""weak_r_perp_for_phi"": 0}",u,0.021597637037342295,32.0,0.14696134538490827,True
0.5627098083496094,0.8368735909461975,0.6151124835014343,2773,62.96824596572466,L640_sub02602,0.4415014982223511,0.24843721091747284,0.1631263941526413,lambda,2.0,0,"{""invalid_B"": 0, ""invalid_q"": 0, ""weak_B_direction"": 0, ""weak_q_perp_for_phi"": 0, ""weak_r_perp_for_phi"": 0}",u,0.03609698159537871,64.0,0.18999205666390032,True
0.5627098083496094,0.8368735909461975,0.6151124835014343,2726,125.193849689192,L640_sub02602,0.4415014982223511,0.24843721091747284,0.1631263941526413,lambda,2.0,0,"{""invalid_B"": 0, ""invalid_q"": 0, ""weak_B_direction"": 0, ""weak_q_perp_for_phi"": 0, ""weak_r_perp_for_phi"": 0}",u,0.07198301378426429,128.0,0.26829650348870426,True
0.5627098083496094,0.8368735909461975,0.6151124835014343,1483,31.984371183438952,L640_sub02602,0.4415014982223511,0.24843721091747284,0.1631263941526413,parallel,3.0,0,"{""invalid_B"": 0, ""invalid_q"": 0, ""weak_B_direction"": 0, ""weak_q_perp_for_phi"": 0, ""weak_r_perp_for_phi"": 0}",B,0.0020262235740172285,32.0,0.12654037620285016,True
0.5627098083496094,0.8368735909461975,0.6151124835014343,1553,62.96824596572466,L640_sub02602,0.4415014982223511,0.24843721091747284,0.1631263941526413,parallel,3.0,0,"{""invalid_B"": 0, ""invalid_q"": 0, ""weak_B_direction"": 0, ""weak_q_perp_for_phi"": 0, ""weak_r_perp_for_phi"": 0}",B,0.00474365005617994,64.0,0.1680238304274166,True
0.5627098083496094,0.8368735909461975,0.6151124835014343,1597,125.193849689192,L640_sub02602,0.4415014982223511,0.24843721091747284,0.1631263941526413,parallel,3.0,0,"{""invalid_B"": 0, ""invalid_q"": 0, ""weak_B_direction"": 0, ""weak_q_perp_for_phi"": 0, ""weak_r_perp_for_phi"": 0}",B,0.011055332815772681,128.0,0.22277029183202854,True
0.5627098083496094,0.8368735909461975,0.6151124835014343,1564,31.984371183438952,L640_sub02602,0.4415014982223511,0.24843721091747284,0.1631263941526413,xi,3.0,0,"{""invalid_B"": 0, ""invalid_q"": 0, ""weak_B_direction"": 0, ""weak_q_perp_for_phi"": 0, ""weak_r_perp_for_phi"": 0}",B,0.0059582221531302255,32.0,0.181289324452047,True
0.5627098083496094,0.8368735909461975,0.6151124835014343,1676,62.96824596572466,L640_sub02602,0.4415014982223511,0.24843721091747284,0.1631263941526413,xi,3.0,0,"{""invalid_B"": 0, ""invalid_q"": 0, ""weak_B_direction"": 0, ""weak_q_perp_for_phi"": 0, ""weak_r_perp_for_phi"": 0}",B,0.01187997178962327,64.0,0.22817696703489812,True
0.5627098083496094,0.8368735909461975,0.6151124835014343,1896,125.193849689192,L640_sub02602,0.4415014982223511,0.24843721091747284,0.1631263941526413,xi,3.0,0,"{""invalid_B"": 0, ""invalid_q"": 0, ""weak_B_direction"": 0, ""weak_q_perp_for_phi"": 0, ""weak_r_perp_for_phi"": 0}",B,0.019439202106878953,128.0,0.26888060605789393,True
0.5627098083496094,0.8368735909461975,0.6151124835014343,2607,31.984371183438952,L640_sub02602,0.4415014982223511,0.24843721091747284,0.1631263941526413,lambda,3.0,0,"{""invalid_B"": 0, ""invalid_q"": 0, ""weak_B_direction"": 0, ""weak_q_perp_for_phi"": 0, ""weak_r_perp_for_phi"": 0}",B,0.018263485402750933,32.0,0.2633467040646814,True
0.5627098083496094,0.8368735909461975,0.6151124835014343,2514,62.96824596572466,L640_sub02602,0.4415014982223511,0.24843721091747284,0.1631263941526413,lambda,3.0,0,"{""invalid_B"": 0, ""invalid_q"": 0, ""weak_B_direction"": 0, ""weak_q_perp_for_phi"": 0, ""weak_r_perp_for_phi"": 0}",B,0.025851981452286614,64.0,0.29568635152566264,True
0.5627098083496094,0.8368735909461975,0.6151124835014343,2568,125.193849689192,L640_sub02602,0.4415014982223511,0.24843721091747284,0.1631263941526413,lambda,3.0,0,"{""invalid_B"": 0, ""invalid_q"": 0, ""weak_B_direction"": 0, ""weak_q_perp_for_phi"": 0, ""weak_r_perp_for_phi"": 0}",B,0.030128544908654707,128.0,0.31116641703097137,True
0.5627098083496094,0.8368735909461975,0.6151124835014343,1483,31.984371183438952,L640_sub02602,0.4415014982223511,0.24843721091747284,0.1631263941526413,parallel,3.0,0,"{""invalid_B"": 0, ""invalid_q"": 0, ""weak_B_direction"": 0, ""weak_q_perp_for_phi"": 0, ""weak_r_perp_for_phi"": 0}",u,0.0006296629783483759,32.0,0.08571089954526359,True
0.5627098083496094,0.8368735909461975,0.6151124835014343,1553,62.96824596572466,L640_sub02602,0.4415014982223511,0.24843721091747284,0.1631263941526413,parallel,3.0,0,"{""invalid_B"": 0, ""invalid_q"": 0, ""weak_B_direction"": 0, ""weak_q_perp_for_phi"": 0, ""weak_r_perp_for_phi"": 0}",u,0.0014700034498922826,64.0,0.1137032254626459,True
0.5627098083496094,0.8368735909461975,0.6151124835014343,1597,125.193849689192,L640_sub02602,0.4415014982223511,0.24843721091747284,0.1631263941526413,parallel,3.0,0,"{""invalid_B"": 0, ""invalid_q"": 0, ""weak_B_direction"": 0, ""weak_q_perp_for_phi"": 0, ""weak_r_perp_for_phi"": 0}",u,0.0030125973412061385,128.0,0.14442654745912833,True
0.5627098083496094,0.8368735909461975,0.6151124835014343,1654,31.984371183438952,L640_sub02602,0.4415014982223511,0.24843721091747284,0.1631263941526413,xi,3.0,0,"{""invalid_B"": 0, ""invalid_q"": 0, ""weak_B_direction"": 0, ""weak_q_perp_for_phi"": 0, ""weak_r_perp_for_phi"": 0}",u,0.00196161921609842,32.0,0.12518094787995898,True
0.5627098083496094,0.8368735909461975,0.6151124835014343,1653,62.96824596572466,L640_sub02602,0.4415014982223511,0.24843721091747284,0.1631263941526413,xi,3.0,0,"{""invalid_B"": 0, ""invalid_q"": 0, ""weak_B_direction"": 0, ""weak_q_perp_for_phi"": 0, ""weak_r_perp_for_phi"": 0}",u,0.004689190752644673,64.0,0.16737835680009416,True
0.5627098083496094,0.8368735909461975,0.6151124835014343,1723,125.193849689192,L640_sub02602,0.4415014982223511,0.24843721091747284,0.1631263941526413,xi,3.0,0,"{""invalid_B"": 0, ""invalid_q"": 0, ""weak_B_direction"": 0, ""weak_q_perp_for_phi"": 0, ""weak_r_perp_for_phi"": 0}",u,0.012232535137873963,128.0,0.2304122106155887,True
0.5627098083496094,0.8368735909461975,0.6151124835014343,2671,31.984371183438952,L640_sub02602,0.4415014982223511,0.24843721091747284,0.1631263941526413,lambda,3.0,0,"{""invalid_B"": 0, ""invalid_q"": 0, ""weak_B_direction"": 0, ""weak_q_perp_for_phi"": 0, ""weak_r_perp_for_phi"": 0}",u,0.0076316367005550365,32.0,0.19688194719222527,True
0.5627098083496094,0.8368735909461975,0.6151124835014343,2773,62.96824596572466,L640_sub02602,0.4415014982223511,0.24843721091747284,0.1631263941526413,lambda,3.0,0,"{""invalid_B"": 0, ""invalid_q"": 0, ""weak_B_direction"": 0, ""weak_q_perp_for_phi"": 0, ""weak_r_perp_for_phi"": 0}",u,0.015802780464283885,64.0,0.25094458898778155,True
0.5627098083496094,0.8368735909461975,0.6151124835014343,2726,125.193849689192,L640_sub02602,0.4415014982223511,0.24843721091747284,0.1631263941526413,lambda,3.0,0,"{""invalid_B"": 0, ""invalid_q"": 0, ""weak_B_direction"": 0, ""weak_q_perp_for_phi"": 0, ""weak_r_perp_for_phi"": 0}",u,0.042406257124991555,128.0,0.34871983252452604,True
0.5627098083496094,0.8368735909461975,0.6151124835014343,1483,31.984371183438952,L640_sub02602,0.4415014982223511,0.24843721091747284,0.1631263941526413,parallel,4.0,0,"{""invalid_B"": 0, ""invalid_q"": 0, ""weak_B_direction"": 0, ""weak_q_perp_for_phi"": 0, ""weak_r_perp_for_phi"": 0}",B,0.0008568599251551386,32.0,0.1710911155088586,True
0.5627098083496094,0.8368735909461975,0.6151124835014343,1553,62.96824596572466,L640_sub02602,0.4415014982223511,0.24843721091747284,0.1631263941526413,parallel,4.0,0,"{""invalid_B"": 0, ""invalid_q"": 0, ""weak_B_direction"": 0, ""weak_q_perp_for_phi"": 0, ""weak_r_perp_for_phi"": 0}",B,0.0022249848887156204,64.0,0.21718596980633206,True
0.5627098083496094,0.8368735909461975,0.6151124835014343,1597,125.193849689192,L640_sub02602,0.4415014982223511,0.24843721091747284,0.1631263941526413,parallel,4.0,0,"{""invalid_B"": 0, ""invalid_q"": 0, ""weak_B_direction"": 0, ""weak_q_perp_for_phi"": 0, ""weak_r_perp_for_phi"": 0}",B,0.006687873858383207,128.0,0.2859710159682058,True
0.5627098083496094,0.8368735909461975,0.6151124835014343,1564,31.984371183438952,L640_sub02602,0.4415014982223511,0.24843721091747284,0.1631263941526413,xi,4.0,0,"{""invalid_B"": 0, ""invalid_q"": 0, ""weak_B_direction"": 0, ""weak_q_perp_for_phi"": 0, ""weak_r_perp_for_phi"": 0}",B,0.0028952996741029137,32.0,0.23196549084534085,True
0.5627098083496094,0.8368735909461975,0.6151124835014343,1676,62.96824596572466,L640_sub02602,0.4415014982223511,0.24843721091747284,0.1631263941526413,xi,4.0,0,"{""invalid_B"": 0, ""invalid_q"": 0, ""weak_B_direction"": 0, ""weak_q_perp_for_phi"": 0, ""weak_r_perp_for_phi"": 0}",B,0.006375581931356003,64.0,0.28257254152819855,True
0.5627098083496094,0.8368735909461975,0.6151124835014343,1896,125.193849689192,L640_sub02602,0.4415014982223511,0.24843721091747284,0.1631263941526413,xi,4.0,0,"{""invalid_B"": 0, ""invalid_q"": 0, ""weak_B_direction"": 0, ""weak_q_perp_for_phi"": 0, ""weak_r_perp_for_phi"": 0}",B,0.010630693126702763,128.0,0.32110006643258143,True
0.5627098083496094,0.8368735909461975,0.6151124835014343,2607,31.984371183438952,L640_sub02602,0.4415014982223511,0.24843721091747284,0.1631263941526413,lambda,4.0,0,"{""invalid_B"": 0, ""invalid_q"": 0, ""weak_B_direction"": 0, ""weak_q_perp_for_phi"": 0, ""weak_r_perp_for_phi"": 0}",B,0.010886111752475823,32.0,0.3230116580653639,True
0.5627098083496094,0.8368735909461975,0.6151124835014343,2514,62.96824596572466,L640_sub02602,0.4415014982223511,0.24843721091747284,0.1631263941526413,lambda,4.0,0,"{""invalid_B"": 0, ""invalid_q"": 0, ""weak_B_direction"": 0, ""weak_q_perp_for_phi"": 0, ""weak_r_perp_for_phi"": 0}",B,0.016692021473384885,64.0,0.3594406853696097,True
0.5627098083496094,0.8368735909461975,0.6151124835014343,2568,125.193849689192,L640_sub02602,0.4415014982223511,0.24843721091747284,0.1631263941526413,lambda,4.0,0,"{""invalid_B"": 0, ""invalid_q"": 0, ""weak_B_direction"": 0, ""weak_q_perp_for_phi"": 0, ""weak_r_perp_for_phi"": 0}",B,0.018255290309675497,128.0,0.36757603262026406,True
0.5627098083496094,0.8368735909461975,0.6151124835014343,1483,31.984371183438952,L640_sub02602,0.4415014982223511,0.24843721091747284,0.1631263941526413,parallel,4.0,0,"{""invalid_B"": 0, ""invalid_q"": 0, ""weak_B_direction"": 0, ""weak_q_perp_for_phi"": 0, ""weak_r_perp_for_phi"": 0}",u,0.00016510674708360547,32.0,0.11335513676686569,True
0.5627098083496094,0.8368735909461975,0.6151124835014343,1553,62.96824596572466,L640_sub02602,0.4415014982223511,0.24843721091747284,0.1631263941526413,parallel,4.0,0,"{""invalid_B"": 0, ""invalid_q"": 0, ""weak_B_direction"": 0, ""weak_q_perp_for_phi"": 0, ""weak_r_perp_for_phi"": 0}",u,0.0004726006703026717,64.0,0.14744280461559653,True
0.5627098083496094,0.8368735909461975,0.6151124835014343,1597,125.193849689192,L640_sub02602,0.4415014982223511,0.24843721091747284,0.1631263941526413,parallel,4.0,0,"{""invalid_B"": 0, ""invalid_q"": 0, ""weak_B_direction"": 0, ""weak_q_perp_for_phi"": 0, ""weak_r_perp_for_phi"": 0}",u,0.0010759190038143948,128.0,0.18111102756135522,True
0.5627098083496094,0.8368735909461975,0.6151124835014343,1654,31.984371183438952,L640_sub02602,0.4415014982223511,0.24843721091747284,0.1631263941526413,xi,4.0,0,"{""invalid_B"": 0, ""invalid_q"": 0, ""weak_B_direction"": 0, ""weak_q_perp_for_phi"": 0, ""weak_r_perp_for_phi"": 0}",u,0.0005649403583058354,32.0,0.1541702761314045,True
0.5627098083496094,0.8368735909461975,0.6151124835014343,1653,62.96824596572466,L640_sub02602,0.4415014982223511,0.24843721091747284,0.1631263941526413,xi,4.0,0,"{""invalid_B"": 0, ""invalid_q"": 0, ""weak_B_direction"": 0, ""weak_q_perp_for_phi"": 0, ""weak_r_perp_for_phi"": 0}",u,0.0016256686462160401,64.0,0.2007973640865773,True
0.5627098083496094,0.8368735909461975,0.6151124835014343,1723,125.193849689192,L640_sub02602,0.4415014982223511,0.24843721091747284,0.1631263941526413,xi,4.0,0,"{""invalid_B"": 0, ""invalid_q"": 0, ""weak_B_direction"": 0, ""weak_q_perp_for_phi"": 0, ""weak_r_perp_for_phi"": 0}",u,0.0064373256626021925,128.0,0.2832542078091111,True
0.5627098083496094,0.8368735909461975,0.6151124835014343,2671,31.984371183438952,L640_sub02602,0.4415014982223511,0.24843721091747284,0.1631263941526413,lambda,4.0,0,"{""invalid_B"": 0, ""invalid_q"": 0, ""weak_B_direction"": 0, ""weak_q_perp_for_phi"": 0, ""weak_r_perp_for_phi"": 0}",u,0.0037012306117389904,32.0,0.2466530762593509,True
0.5627098083496094,0.8368735909461975,0.6151124835014343,2773,62.96824596572466,L640_sub02602,0.4415014982223511,0.24843721091747284,0.1631263941526413,lambda,4.0,0,"{""invalid_B"": 0, ""invalid_q"": 0, ""weak_B_direction"": 0, ""weak_q_perp_for_phi"": 0, ""weak_r_perp_for_phi"": 0}",u,0.008912526334683896,64.0,0.3072558826418568,True
0.5627098083496094,0.8368735909461975,0.6151124835014343,2726,125.193849689192,L640_sub02602,0.4415014982223511,0.24843721091747284,0.1631263941526413,lambda,4.0,0,"{""invalid_B"": 0, ""invalid_q"": 0, ""weak_B_direction"": 0, ""weak_q_perp_for_phi"": 0, ""weak_r_perp_for_phi"": 0}",u,0.03166660772827902,128.0,0.42184255190517694,True
0.5627098083496094,0.8368735909461975,0.6151124835014343,1483,31.984371183438952,L640_sub02602,0.4415014982223511,0.24843721091747284,0.1631263941526413,parallel,5.0,0,"{""invalid_B"": 0, ""invalid_q"": 0, ""weak_B_direction"": 0, ""weak_q_perp_for_phi"": 0, ""weak_r_perp_for_phi"": 0}",B,0.00043974542172052326,32.0,0.21312788015767453,True
0.5627098083496094,0.8368735909461975,0.6151124835014343,1553,62.96824596572466,L640_sub02602,0.4415014982223511,0.24843721091747284,0.1631263941526413,parallel,5.0,0,"{""invalid_B"": 0, ""invalid_q"": 0, ""weak_B_direction"": 0, ""weak_q_perp_for_phi"": 0, ""weak_r_perp_for_phi"": 0}",B,0.0012962757588102706,64.0,0.264569319275157,True
0.5627098083496094,0.8368735909461975,0.6151124835014343,1597,125.193849689192,L640_sub02602,0.4415014982223511,0.24843721091747284,0.1631263941526413,parallel,5.0,0,"{""invalid_B"": 0, ""invalid_q"": 0, ""weak_B_direction"": 0, ""weak_q_perp_for_phi"": 0, ""weak_r_perp_for_phi"": 0}",B,0.004980475474065853,128.0,0.34630133132421237,True
0.5627098083496094,0.8368735909461975,0.6151124835014343,1564,31.984371183438952,L640_sub02602,0.4415014982223511,0.24843721091747284,0.1631263941526413,xi,5.0,0,"{""invalid_B"": 0, ""invalid_q"": 0, ""weak_B_direction"": 0, ""weak_q_perp_for_phi"": 0, ""weak_r_perp_for_phi"": 0}",B,0.0017666522400894774,32.0,0.2814687689641267,True
0.5627098083496094,0.8368735909461975,0.6151124835014343,1676,62.96824596572466,L640_sub02602,0.4415014982223511,0.24843721091747284,0.1631263941526413,xi,5.0,0,"{""invalid_B"": 0, ""invalid_q"": 0, ""weak_B_direction"": 0, ""weak_q_perp_for_phi"": 0, ""weak_r_perp_for_phi"": 0}",B,0.004153528012111726,64.0,0.33395152325382443,True
0.5627098083496094,0.8368735909461975,0.6151124835014343,1896,125.193849689192,L640_sub02602,0.4415014982223511,0.24843721091747284,0.1631263941526413,xi,5.0,0,"{""invalid_B"": 0, ""invalid_q"": 0, ""weak_B_direction"": 0, ""weak_q_perp_for_phi"": 0, ""weak_r_perp_for_phi"": 0}",B,0.0068494732049319985,128.0,0.3690892822797228,True
0.5627098083496094,0.8368735909461975,0.6151124835014343,2607,31.984371183438952,L640_sub02602,0.4415014982223511,0.24843721091747284,0.1631263941526413,lambda,5.0,0,"{""invalid_B"": 0, ""invalid_q"": 0, ""weak_B_direction"": 0, ""weak_q_perp_for_phi"": 0, ""weak_r_perp_for_phi"": 0}",B,0.007393645936755927,32.0,0.3747759639670917,True
0.5627098083496094,0.8368735909461975,0.6151124835014343,2514,62.96824596572466,L640_sub02602,0.4415014982223511,0.24843721091747284,0.1631263941526413,lambda,5.0,0,"{""invalid_B"": 0, ""invalid_q"": 0, ""weak_B_direction"": 0, ""weak_q_perp_for_phi"": 0, ""weak_r_perp_for_phi"": 0}",B,0.012547442649427585,64.0,0.41659211330786045,True
0.5627098083496094,0.8368735909461975,0.6151124835014343,2568,125.193849689192,L640_sub02602,0.4415014982223511,0.24843721091747284,0.1631263941526413,lambda,5.0,0,"{""invalid_B"": 0, ""invalid_q"": 0, ""weak_B_direction"": 0, ""weak_q_perp_for_phi"": 0, ""weak_r_perp_for_phi"": 0}",B,0.012808934979363662,128.0,0.41831419703804895,True
0.5627098083496094,0.8368735909461975,0.6151124835014343,1483,31.984371183438952,L640_sub02602,0.4415014982223511,0.24843721091747284,0.1631263941526413,parallel,5.0,0,"{""invalid_B"": 0, ""invalid_q"": 0, ""weak_B_direction"": 0, ""weak_q_perp_for_phi"": 0, ""weak_r_perp_for_phi"": 0}",u,5.2807662627945404e-05,32.0,0.13948881635251353,True
0.5627098083496094,0.8368735909461975,0.6151124835014343,1553,62.96824596572466,L640_sub02602,0.4415014982223511,0.24843721091747284,0.1631263941526413,parallel,5.0,0,"{""invalid_B"": 0, ""invalid_q"": 0, ""weak_B_direction"": 0, ""weak_q_perp_for_phi"": 0, ""weak_r_perp_for_phi"": 0}",u,0.0001916625009911412,64.0,0.1805125620102706,True
0.5627098083496094,0.8368735909461975,0.6151124835014343,1597,125.193849689192,L640_sub02602,0.4415014982223511,0.24843721091747284,0.1631263941526413,parallel,5.0,0,"{""invalid_B"": 0, ""invalid_q"": 0, ""weak_B_direction"": 0, ""weak_q_perp_for_phi"": 0, ""weak_r_perp_for_phi"": 0}",u,0.00048093974303103616,128.0,0.21697921487532137,True
0.5627098083496094,0.8368735909461975,0.6151124835014343,1654,31.984371183438952,L640_sub02602,0.4415014982223511,0.24843721091747284,0.1631263941526413,xi,5.0,0,"{""invalid_B"": 0, ""invalid_q"": 0, ""weak_B_direction"": 0, ""weak_q_perp_for_phi"": 0, ""weak_r_perp_for_phi"": 0}",u,0.00020271144849879597,32.0,0.18254740154027413,True
0.5627098083496094,0.8368735909461975,0.6151124835014343,1653,62.96824596572466,L640_sub02602,0.4415014982223511,0.24843721091747284,0.1631263941526413,xi,5.0,0,"{""invalid_B"": 0, ""invalid_q"": 0, ""weak_B_direction"": 0, ""weak_q_perp_for_phi"": 0, ""weak_r_perp_for_phi"": 0}",u,0.0006815819652649168,64.0,0.23265030064198797,True
0.5627098083496094,0.8368735909461975,0.6151124835014343,1723,125.193849689192,L640_sub02602,0.4415014982223511,0.24843721091747284,0.1631263941526413,xi,5.0,0,"{""invalid_B"": 0, ""invalid_q"": 0, ""weak_B_direction"": 0, ""weak_q_perp_for_phi"": 0, ""weak_r_perp_for_phi"": 0}",u,0.004148591709168587,128.0,0.33387210786981586,True
0.5627098083496094,0.8368735909461975,0.6151124835014343,2671,31.984371183438952,L640_sub02602,0.4415014982223511,0.24843721091747284,0.1631263941526413,lambda,5.0,0,"{""invalid_B"": 0, ""invalid_q"": 0, ""weak_B_direction"": 0, ""weak_q_perp_for_phi"": 0, ""weak_r_perp_for_phi"": 0}",u,0.0021645976275076434,32.0,0.2931402376644744,True
0.5627098083496094,0.8368735909461975,0.6151124835014343,2773,62.96824596572466,L640_sub02602,0.4415014982223511,0.24843721091747284,0.1631263941526413,lambda,5.0,0,"{""invalid_B"": 0, ""invalid_q"": 0, ""weak_B_direction"": 0, ""weak_q_perp_for_phi"": 0, ""weak_r_perp_for_phi"": 0}",u,0.005747240817548735,64.0,0.3563624031922778,True
0.5627098083496094,0.8368735909461975,0.6151124835014343,2726,125.193849689192,L640_sub02602,0.4415014982223511,0.24843721091747284,0.1631263941526413,lambda,5.0,0,"{""invalid_B"": 0, ""invalid_q"": 0, ""weak_B_direction"": 0, ""weak_q_perp_for_phi"": 0, ""weak_r_perp_for_phi"": 0}",u,0.02708140378386122,128.0,0.48588583077654063,True
0.5627098083496094,0.8368735909461975,0.6151124835014343,1483,31.984371183438952,L640_sub02602,0.4415014982223511,0.24843721091747284,0.1631263941526413,parallel,6.0,0,"{""invalid_B"": 0, ""invalid_q"": 0, ""weak_B_direction"": 0, ""weak_q_perp_for_phi"": 0, ""weak_r_perp_for_phi"": 0}",B,0.00024997552252269383,32.0,0.2509860483142028,True
0.5627098083496094,0.8368735909461975,0.6151124835014343,1553,62.96824596572466,L640_sub02602,0.4415014982223511,0.24843721091747284,0.1631263941526413,parallel,6.0,0,"{""invalid_B"": 0, ""invalid_q"": 0, ""weak_B_direction"": 0, ""weak_q_perp_for_phi"": 0, ""weak_r_perp_for_phi"": 0}",B,0.0008588905840358495,64.0,0.30831144042729197,True
0.5627098083496094,0.8368735909461975,0.6151124835014343,1597,125.193849689192,L640_sub02602,0.4415014982223511,0.24843721091747284,0.1631263941526413,parallel,6.0,0,"{""invalid_B"": 0, ""invalid_q"": 0, ""weak_B_direction"": 0, ""weak_q_perp_for_phi"": 0, ""weak_r_perp_for_phi"": 0}",B,0.004161725001730781,128.0,0.4010626600271604,True
0.5627098083496094,0.8368735909461975,0.6151124835014343,1564,31.984371183438952,L640_sub02602,0.4415014982223511,0.24843721091747284,0.1631263941526413,xi,6.0,0,"{""invalid_B"": 0, ""invalid_q"": 0, ""weak_B_direction"": 0, ""weak_q_perp_for_phi"": 0, ""weak_r_perp_for_phi"": 0}",B,0.0012410771754421497,32.0,0.3278182529284167,True
0.5627098083496094,0.8368735909461975,0.6151124835014343,1676,62.96824596572466,L640_sub02602,0.4415014982223511,0.24843721091747284,0.1631263941526413,xi,6.0,0,"{""invalid_B"": 0, ""invalid_q"": 0, ""weak_B_direction"": 0, ""weak_q_perp_for_phi"": 0, ""weak_r_perp_for_phi"": 0}",B,0.0030447880797684736,64.0,0.38070873825565693,True
0.5627098083496094,0.8368735909461975,0.6151124835014343,1896,125.193849689192,L640_sub02602,0.4415014982223511,0.24843721091747284,0.1631263941526413,xi,6.0,0,"{""invalid_B"": 0, ""invalid_q"": 0, ""weak_B_direction"": 0, ""weak_q_perp_for_phi"": 0, ""weak_r_perp_for_phi"": 0}",B,0.0049180952617129455,128.0,0.41238179951742204,True
0.5627098083496094,0.8368735909461975,0.6151124835014343,2607,31.984371183438952,L640_sub02602,0.4415014982223511,0.24843721091747284,0.1631263941526413,lambda,6.0,0,"{""invalid_B"": 0, ""invalid_q"": 0, ""weak_B_direction"": 0, ""weak_q_perp_for_phi"": 0, ""weak_r_perp_for_phi"": 0}",B,0.005433475608911281,32.0,0.4192885025561904,True
0.5627098083496094,0.8368735909461975,0.6151124835014343,2514,62.96824596572466,L640_sub02602,0.4415014982223511,0.24843721091747284,0.1631263941526413,lambda,6.0,0,"{""invalid_B"": 0, ""invalid_q"": 0, ""weak_B_direction"": 0, ""weak_q_perp_for_phi"": 0, ""weak_r_perp_for_phi"": 0}",B,0.010332921740207465,64.0,0.4666993435563411,True
0.5627098083496094,0.8368735909461975,0.6151124835014343,2568,125.193849689192,L640_sub02602,0.4415014982223511,0.24843721091747284,0.1631263941526413,lambda,6.0,0,"{""invalid_B"": 0, ""invalid_q"": 0, ""weak_B_direction"": 0, ""weak_q_perp_for_phi"": 0, ""weak_r_perp_for_phi"": 0}",B,0.0098824955796322,128.0,0.4632453885864671,True
0.5627098083496094,0.8368735909461975,0.6151124835014343,1483,31.984371183438952,L640_sub02602,0.4415014982223511,0.24843721091747284,0.1631263941526413,parallel,6.0,0,"{""invalid_B"": 0, ""invalid_q"": 0, ""weak_B_direction"": 0, ""weak_q_perp_for_phi"": 0, ""weak_r_perp_for_phi"": 0}",u,1.8796040820281025e-05,32.0,0.16305885808155057,True
0.5627098083496094,0.8368735909461975,0.6151124835014343,1553,62.96824596572466,L640_sub02602,0.4415014982223511,0.24843721091747284,0.1631263941526413,parallel,6.0,0,"{""invalid_B"": 0, ""invalid_q"": 0, ""weak_B_direction"": 0, ""weak_q_perp_for_phi"": 0, ""weak_r_perp_for_phi"": 0}",u,8.955006674641723e-05,64.0,0.2115165328563386,True
0.5627098083496094,0.8368735909461975,0.6151124835014343,1597,125.193849689192,L640_sub02602,0.4415014982223511,0.24843721091747284,0.1631263941526413,parallel,6.0,0,"{""invalid_B"": 0, ""invalid_q"": 0, ""weak_B_direction"": 0, ""weak_q_perp_for_phi"": 0, ""weak_r_perp_for_phi"": 0}",u,0.0002443209558225379,128.0,0.25003076699274795,True
0.5627098083496094,0.8368735909461975,0.6151124835014343,1654,31.984371183438952,L640_sub02602,0.4415014982223511,0.24843721091747284,0.1631263941526413,xi,6.0,0,"{""invalid_B"": 0, ""invalid_q"": 0, ""weak_B_direction"": 0, ""weak_q_perp_for_phi"": 0, ""weak_r_perp_for_phi"": 0}",u,8.394759241861949e-05,32.0,0.20925124030060172,True
0.5627098083496094,0.8368735909461975,0.6151124835014343,1653,62.96824596572466,L640_sub02602,0.4415014982223511,0.24843721091747284,0.1631263941526413,xi,6.0,0,"{""invalid_B"": 0, ""invalid_q"": 0, ""weak_B_direction"": 0, ""weak_q_perp_for_phi"": 0, ""weak_r_perp_for_phi"": 0}",u,0.00032598392687875096,64.0,0.262340916342316,True
0.5627098083496094,0.8368735909461975,0.6151124835014343,1723,125.193849689192,L640_sub02602,0.4415014982223511,0.24843721091747284,0.1631263941526413,xi,6.0,0,"{""invalid_B"": 0, ""invalid_q"": 0, ""weak_B_direction"": 0, ""weak_q_perp_for_phi"": 0, ""weak_r_perp_for_phi"": 0}",u,0.0030653990999185868,128.0,0.38113705238045803,True
0.5627098083496094,0.8368735909461975,0.6151124835014343,2671,31.984371183438952,L640_sub02602,0.4415014982223511,0.24843721091747284,0.1631263941526413,lambda,6.0,0,"{""invalid_B"": 0, ""invalid_q"": 0, ""weak_B_direction"": 0, ""weak_q_perp_for_phi"": 0, ""weak_r_perp_for_phi"": 0}",u,0.0014236974309560565,32.0,0.33540506517793717,True
0.5627098083496094,0.8368735909461975,0.6151124835014343,2773,62.96824596572466,L640_sub02602,0.4415014982223511,0.24843721091747284,0.1631263941526413,lambda,6.0,0,"{""invalid_B"": 0, ""invalid_q"": 0, ""weak_B_direction"": 0, ""weak_q_perp_for_phi"": 0, ""weak_r_perp_for_phi"": 0}",u,0.004022579010232775,64.0,0.3987959726818808,True
0.5627098083496094,0.8368735909461975,0.6151124835014343,2726,125.193849689192,L640_sub02602,0.4415014982223511,0.24843721091747284,0.1631263941526413,lambda,6.0,0,"{""invalid_B"": 0, ""invalid_q"": 0, ""weak_B_direction"": 0, ""weak_q_perp_for_phi"": 0, ""weak_r_perp_for_phi"": 0}",u,0.025378247592116782,128.0,0.5420969182074319,True
0.3325652480125427,0.3978487253189087,0.5272516012191772,1729,31.984371183438952,L640_sub02249,1.2302511930465698,0.40913882851600647,0.6021512746810913,parallel,1.0,0,"{""invalid_B"": 0, ""invalid_q"": 0, ""weak_B_direction"": 0, ""weak_q_perp_for_phi"": 0, ""weak_r_perp_for_phi"": 0}",B,0.06982180341605271,32.0,0.06982180341605271,True
0.3325652480125427,0.3978487253189087,0.5272516012191772,1682,62.96824596572466,L640_sub02249,1.2302511930465698,0.40913882851600647,0.6021512746810913,parallel,1.0,0,"{""invalid_B"": 0, ""invalid_q"": 0, ""weak_B_direction"": 0, ""weak_q_perp_for_phi"": 0, ""weak_r_perp_for_phi"": 0}",B,0.11224408385302935,64.0,0.11224408385302935,True
0.3325652480125427,0.3978487253189087,0.5272516012191772,1665,125.193849689192,L640_sub02249,1.2302511930465698,0.40913882851600647,0.6021512746810913,parallel,1.0,0,"{""invalid_B"": 0, ""invalid_q"": 0, ""weak_B_direction"": 0, ""weak_q_perp_for_phi"": 0, ""weak_r_perp_for_phi"": 0}",B,0.16341215775557114,128.0,0.16341215775557114,True
0.3325652480125427,0.3978487253189087,0.5272516012191772,1519,31.984371183438952,L640_sub02249,1.2302511930465698,0.40913882851600647,0.6021512746810913,xi,1.0,0,"{""invalid_B"": 0, ""invalid_q"": 0, ""weak_B_direction"": 0, ""weak_q_perp_for_phi"": 0, ""weak_r_perp_for_phi"": 0}",B,0.10030279285064814,32.0,0.10030279285064814,True
0.3325652480125427,0.3978487253189087,0.5272516012191772,1534,62.96824596572466,L640_sub02249,1.2302511930465698,0.40913882851600647,0.6021512746810913,xi,1.0,0,"{""invalid_B"": 0, ""invalid_q"": 0, ""weak_B_direction"": 0, ""weak_q_perp_for_phi"": 0, ""weak_r_perp_for_phi"": 0}",B,0.15058585733599908,64.0,0.15058585733599908,True
0.3325652480125427,0.3978487253189087,0.5272516012191772,1824,125.193849689192,L640_sub02249,1.2302511930465698,0.40913882851600647,0.6021512746810913,xi,1.0,0,"{""invalid_B"": 0, ""invalid_q"": 0, ""weak_B_direction"": 0, ""weak_q_perp_for_phi"": 0, ""weak_r_perp_for_phi"": 0}",B,0.2168260121473446,128.0,0.2168260121473446,True
0.3325652480125427,0.3978487253189087,0.5272516012191772,2574,31.984371183438952,L640_sub02249,1.2302511930465698,0.40913882851600647,0.6021512746810913,lambda,1.0,0,"{""invalid_B"": 0, ""invalid_q"": 0, ""weak_B_direction"": 0, ""weak_q_perp_for_phi"": 0, ""weak_r_perp_for_phi"": 0}",B,0.17163409867400384,32.0,0.17163409867400384,True
0.3325652480125427,0.3978487253189087,0.5272516012191772,2508,62.96824596572466,L640_sub02249,1.2302511930465698,0.40913882851600647,0.6021512746810913,lambda,1.0,0,"{""invalid_B"": 0, ""invalid_q"": 0, ""weak_B_direction"": 0, ""weak_q_perp_for_phi"": 0, ""weak_r_perp_for_phi"": 0}",B,0.23530370708417866,64.0,0.23530370708417866,True
0.3325652480125427,0.3978487253189087,0.5272516012191772,2313,125.193849689192,L640_sub02249,1.2302511930465698,0.40913882851600647,0.6021512746810913,lambda,1.0,0,"{""invalid_B"": 0, ""invalid_q"": 0, ""weak_B_direction"": 0, ""weak_q_perp_for_phi"": 0, ""weak_r_perp_for_phi"": 0}",B,0.29726856482694225,128.0,0.29726856482694225,True
0.3325652480125427,0.3978487253189087,0.5272516012191772,1729,31.984371183438952,L640_sub02249,1.2302511930465698,0.40913882851600647,0.6021512746810913,parallel,1.0,0,"{""invalid_B"": 0, ""invalid_q"": 0, ""weak_B_direction"": 0, ""weak_q_perp_for_phi"": 0, ""weak_r_perp_for_phi"": 0}",u,0.04868969500573989,32.0,0.04868969500573989,True
0.3325652480125427,0.3978487253189087,0.5272516012191772,1682,62.96824596572466,L640_sub02249,1.2302511930465698,0.40913882851600647,0.6021512746810913,parallel,1.0,0,"{""invalid_B"": 0, ""invalid_q"": 0, ""weak_B_direction"": 0, ""weak_q_perp_for_phi"": 0, ""weak_r_perp_for_phi"": 0}",u,0.07462391795715168,64.0,0.07462391795715168,True
0.3325652480125427,0.3978487253189087,0.5272516012191772,1665,125.193849689192,L640_sub02249,1.2302511930465698,0.40913882851600647,0.6021512746810913,parallel,1.0,0,"{""invalid_B"": 0, ""invalid_q"": 0, ""weak_B_direction"": 0, ""weak_q_perp_for_phi"": 0, ""weak_r_perp_for_phi"": 0}",u,0.10548748194676758,128.0,0.10548748194676758,True
0.3325652480125427,0.3978487253189087,0.5272516012191772,1604,31.984371183438952,L640_sub02249,1.2302511930465698,0.40913882851600647,0.6021512746810913,xi,1.0,0,"{""invalid_B"": 0, ""invalid_q"": 0, ""weak_B_direction"": 0, ""weak_q_perp_for_phi"": 0, ""weak_r_perp_for_phi"": 0}",u,0.07677041765561668,32.0,0.07677041765561668,True
0.3325652480125427,0.3978487253189087,0.5272516012191772,1678,62.96824596572466,L640_sub02249,1.2302511930465698,0.40913882851600647,0.6021512746810913,xi,1.0,0,"{""invalid_B"": 0, ""invalid_q"": 0, ""weak_B_direction"": 0, ""weak_q_perp_for_phi"": 0, ""weak_r_perp_for_phi"": 0}",u,0.1032274862043436,64.0,0.1032274862043436,True
0.3325652480125427,0.3978487253189087,0.5272516012191772,1669,125.193849689192,L640_sub02249,1.2302511930465698,0.40913882851600647,0.6021512746810913,xi,1.0,0,"{""invalid_B"": 0, ""invalid_q"": 0, ""weak_B_direction"": 0, ""weak_q_perp_for_phi"": 0, ""weak_r_perp_for_phi"": 0}",u,0.14522899296548086,128.0,0.14522899296548086,True
0.3325652480125427,0.3978487253189087,0.5272516012191772,2543,31.984371183438952,L640_sub02249,1.2302511930465698,0.40913882851600647,0.6021512746810913,lambda,1.0,0,"{""invalid_B"": 0, ""invalid_q"": 0, ""weak_B_direction"": 0, ""weak_q_perp_for_phi"": 0, ""weak_r_perp_for_phi"": 0}",u,0.11288648420085648,32.0,0.11288648420085648,True
0.3325652480125427,0.3978487253189087,0.5272516012191772,2405,62.96824596572466,L640_sub02249,1.2302511930465698,0.40913882851600647,0.6021512746810913,lambda,1.0,0,"{""invalid_B"": 0, ""invalid_q"": 0, ""weak_B_direction"": 0, ""weak_q_perp_for_phi"": 0, ""weak_r_perp_for_phi"": 0}",u,0.16103394444602162,64.0,0.16103394444602162,True
0.3325652480125427,0.3978487253189087,0.5272516012191772,2416,125.193849689192,L640_sub02249,1.2302511930465698,0.40913882851600647,0.6021512746810913,lambda,1.0,0,"{""invalid_B"": 0, ""invalid_q"": 0, ""weak_B_direction"": 0, ""weak_q_perp_for_phi"": 0, ""weak_r_perp_for_phi"": 0}",u,0.20256461614964513,128.0,0.20256461614964513,True
0.3325652480125427,0.3978487253189087,0.5272516012191772,1729,31.984371183438952,L640_sub02249,1.2302511930465698,0.40913882851600647,0.6021512746810913,parallel,2.0,0,"{""invalid_B"": 0, ""invalid_q"": 0, ""weak_B_direction"": 0, ""weak_q_perp_for_phi"": 0, ""weak_r_perp_for_phi"": 0}",B,0.008782873227181461,32.0,0.09371698473159207,True
0.3325652480125427,0.3978487253189087,0.5272516012191772,1682,62.96824596572466,L640_sub02249,1.2302511930465698,0.40913882851600647,0.6021512746810913,parallel,2.0,0,"{""invalid_B"": 0, ""invalid_q"": 0, ""weak_B_direction"": 0, ""weak_q_perp_for_phi"": 0, ""weak_r_perp_for_phi"": 0}",B,0.023465827204608977,64.0,0.15318559724924852,True
0.3325652480125427,0.3978487253189087,0.5272516012191772,1665,125.193849689192,L640_sub02249,1.2302511930465698,0.40913882851600647,0.6021512746810913,parallel,2.0,0,"{""invalid_B"": 0, ""invalid_q"": 0, ""weak_B_direction"": 0, ""weak_q_perp_for_phi"": 0, ""weak_r_perp_for_phi"": 0}",B,0.04377805234243759,128.0,0.20923205381211932,True
0.3325652480125427,0.3978487253189087,0.5272516012191772,1519,31.984371183438952,L640_sub02249,1.2302511930465698,0.40913882851600647,0.6021512746810913,xi,2.0,0,"{""invalid_B"": 0, ""invalid_q"": 0, ""weak_B_direction"": 0, ""weak_q_perp_for_phi"": 0, ""weak_r_perp_for_phi"": 0}",B,0.016095948458593384,32.0,0.1268698090902378,True
0.3325652480125427,0.3978487253189087,0.5272516012191772,1534,62.96824596572466,L640_sub02249,1.2302511930465698,0.40913882851600647,0.6021512746810913,xi,2.0,0,"{""invalid_B"": 0, ""invalid_q"": 0, ""weak_B_direction"": 0, ""weak_q_perp_for_phi"": 0, ""weak_r_perp_for_phi"": 0}",B,0.03496518623499314,64.0,0.18698980248931527,True
0.3325652480125427,0.3978487253189087,0.5272516012191772,1824,125.193849689192,L640_sub02249,1.2302511930465698,0.40913882851600647,0.6021512746810913,xi,2.0,0,"{""invalid_B"": 0, ""invalid_q"": 0, ""weak_B_direction"": 0, ""weak_q_perp_for_phi"": 0, ""weak_r_perp_for_phi"": 0}",B,0.06861098909148232,128.0,0.26193699450723323,True
0.3325652480125427,0.3978487253189087,0.5272516012191772,2574,31.984371183438952,L640_sub02249,1.2302511930465698,0.40913882851600647,0.6021512746810913,lambda,2.0,0,"{""invalid_B"": 0, ""invalid_q"": 0, ""weak_B_direction"": 0, ""weak_q_perp_for_phi"": 0, ""weak_r_perp_for_phi"": 0}",B,0.049876161478354414,32.0,0.22332971472321908,True
0.3325652480125427,0.3978487253189087,0.5272516012191772,2508,62.96824596572466,L640_sub02249,1.2302511930465698,0.40913882851600647,0.6021512746810913,lambda,2.0,0,"{""invalid_B"": 0, ""invalid_q"": 0, ""weak_B_direction"": 0, ""weak_q_perp_for_phi"": 0, ""weak_r_perp_for_phi"": 0}",B,0.09056912280107668,64.0,0.3009470431838078,True
0.3325652480125427,0.3978487253189087,0.5272516012191772,2313,125.193849689192,L640_sub02249,1.2302511930465698,0.40913882851600647,0.6021512746810913,lambda,2.0,0,"{""invalid_B"": 0, ""invalid_q"": 0, ""weak_B_direction"": 0, ""weak_q_perp_for_phi"": 0, ""weak_r_perp_for_phi"": 0}",B,0.1319873973569089,128.0,0.3633006982609707,True
0.3325652480125427,0.3978487253189087,0.5272516012191772,1729,31.984371183438952,L640_sub02249,1.2302511930465698,0.40913882851600647,0.6021512746810913,parallel,2.0,0,"{""invalid_B"": 0, ""invalid_q"": 0, ""weak_B_direction"": 0, ""weak_q_perp_for_phi"": 0, ""weak_r_perp_for_phi"": 0}",u,0.003763889627027924,32.0,0.06135054708010291,True
0.3325652480125427,0.3978487253189087,0.5272516012191772,1682,62.96824596572466,L640_sub02249,1.2302511930465698,0.40913882851600647,0.6021512746810913,parallel,2.0,0,"{""invalid_B"": 0, ""invalid_q"": 0, ""weak_B_direction"": 0, ""weak_q_perp_for_phi"": 0, ""weak_r_perp_for_phi"": 0}",u,0.008566625242267766,64.0,0.09255606539966879,True
0.3325652480125427,0.3978487253189087,0.5272516012191772,1665,125.193849689192,L640_sub02249,1.2302511930465698,0.40913882851600647,0.6021512746810913,parallel,2.0,0,"{""invalid_B"": 0, ""invalid_q"": 0, ""weak_B_direction"": 0, ""weak_q_perp_for_phi"": 0, ""weak_r_perp_for_phi"": 0}",u,0.016608214325701542,128.0,0.1288728610906949,True
0.3325652480125427,0.3978487253189087,0.5272516012191772,1604,31.984371183438952,L640_sub02249,1.2302511930465698,0.40913882851600647,0.6021512746810913,xi,2.0,0,"{""invalid_B"": 0, ""invalid_q"": 0, ""weak_B_direction"": 0, ""weak_q_perp_for_phi"": 0, ""weak_r_perp_for_phi"": 0}",u,0.008668852207510958,32.0,0.09310667112248701,True
0.3325652480125427,0.3978487253189087,0.5272516012191772,1678,62.96824596572466,L640_sub02249,1.2302511930465698,0.40913882851600647,0.6021512746810913,xi,2.0,0,"{""invalid_B"": 0, ""invalid_q"": 0, ""weak_B_direction"": 0, ""weak_q_perp_for_phi"": 0, ""weak_r_perp_for_phi"": 0}",u,0.015153862946100827,64.0,0.1231010273966096,True
0.3325652480125427,0.3978487253189087,0.5272516012191772,1669,125.193849689192,L640_sub02249,1.2302511930465698,0.40913882851600647,0.6021512746810913,xi,2.0,0,"{""invalid_B"": 0, ""invalid_q"": 0, ""weak_B_direction"": 0, ""weak_q_perp_for_phi"": 0, ""weak_r_perp_for_phi"": 0}",u,0.029595766467962067,128.0,0.17203420144832268,True
0.3325652480125427,0.3978487253189087,0.5272516012191772,2543,31.984371183438952,L640_sub02249,1.2302511930465698,0.40913882851600647,0.6021512746810913,lambda,2.0,0,"{""invalid_B"": 0, ""invalid_q"": 0, ""weak_B_direction"": 0, ""weak_q_perp_for_phi"": 0, ""weak_r_perp_for_phi"": 0}",u,0.01998103919230563,32.0,0.14135430376294042,True
0.3325652480125427,0.3978487253189087,0.5272516012191772,2405,62.96824596572466,L640_sub02249,1.2302511930465698,0.40913882851600647,0.6021512746810913,lambda,2.0,0,"{""invalid_B"": 0, ""invalid_q"": 0, ""weak_B_direction"": 0, ""weak_q_perp_for_phi"": 0, ""weak_r_perp_for_phi"": 0}",u,0.039398928282724094,64.0,0.19849163277761633,True
0.3325652480125427,0.3978487253189087,0.5272516012191772,2416,125.193849689192,L640_sub02249,1.2302511930465698,0.40913882851600647,0.6021512746810913,lambda,2.0,0,"{""invalid_B"": 0, ""invalid_q"": 0, ""weak_B_direction"": 0, ""weak_q_perp_for_phi"": 0, ""weak_r_perp_for_phi"": 0}",u,0.058271388789307176,128.0,0.24139467431844303,True
0.3325652480125427,0.3978487253189087,0.5272516012191772,1729,31.984371183438952,L640_sub02249,1.2302511930465698,0.40913882851600647,0.6021512746810913,parallel,3.0,0,"{""invalid_B"": 0, ""invalid_q"": 0, ""weak_B_direction"": 0, ""weak_q_perp_for_phi"": 0, ""weak_r_perp_for_phi"": 0}",B,0.0017797052918008462,32.0,0.12118513860975637,True
0.3325652480125427,0.3978487253189087,0.5272516012191772,1682,62.96824596572466,L640_sub02249,1.2302511930465698,0.40913882851600647,0.6021512746810913,parallel,3.0,0,"{""invalid_B"": 0, ""invalid_q"": 0, ""weak_B_direction"": 0, ""weak_q_perp_for_phi"": 0, ""weak_r_perp_for_phi"": 0}",B,0.00880658811026268,64.0,0.20650753126397922,True
0.3325652480125427,0.3978487253189087,0.5272516012191772,1665,125.193849689192,L640_sub02249,1.2302511930465698,0.40913882851600647,0.6021512746810913,parallel,3.0,0,"{""invalid_B"": 0, ""invalid_q"": 0, ""weak_B_direction"": 0, ""weak_q_perp_for_phi"": 0, ""weak_r_perp_for_phi"": 0}",B,0.017228455314259317,128.0,0.258274847388457,True
0.3325652480125427,0.3978487253189087,0.5272516012191772,1519,31.984371183438952,L640_sub02249,1.2302511930465698,0.40913882851600647,0.6021512746810913,xi,3.0,0,"{""invalid_B"": 0, ""invalid_q"": 0, ""weak_B_direction"": 0, ""weak_q_perp_for_phi"": 0, ""weak_r_perp_for_phi"": 0}",B,0.003851586463420689,32.0,0.1567520456671515,True
0.3325652480125427,0.3978487253189087,0.5272516012191772,1534,62.96824596572466,L640_sub02249,1.2302511930465698,0.40913882851600647,0.6021512746810913,xi,3.0,0,"{""invalid_B"": 0, ""invalid_q"": 0, ""weak_B_direction"": 0, ""weak_q_perp_for_phi"": 0, ""weak_r_perp_for_phi"": 0}",B,0.011479270608630328,64.0,0.22558216718516394,True
0.3325652480125427,0.3978487253189087,0.5272516012191772,1824,125.193849689192,L640_sub02249,1.2302511930465698,0.40913882851600647,0.6021512746810913,xi,3.0,0,"{""invalid_B"": 0, ""invalid_q"": 0, ""weak_B_direction"": 0, ""weak_q_perp_for_phi"": 0, ""weak_r_perp_for_phi"": 0}",B,0.028201171250100007,128.0,0.3043843938906743,True
0.3325652480125427,0.3978487253189087,0.5272516012191772,2574,31.984371183438952,L640_sub02249,1.2302511930465698,0.40913882851600647,0.6021512746810913,lambda,3.0,0,"{""invalid_B"": 0, ""invalid_q"": 0, ""weak_B_direction"": 0, ""weak_q_perp_for_phi"": 0, ""weak_r_perp_for_phi"": 0}",B,0.020438923779952902,32.0,0.27341311407308166,True
0.3325652480125427,0.3978487253189087,0.5272516012191772,2508,62.96824596572466,L640_sub02249,1.2302511930465698,0.40913882851600647,0.6021512746810913,lambda,3.0,0,"{""invalid_B"": 0, ""invalid_q"": 0, ""weak_B_direction"": 0, ""weak_q_perp_for_phi"": 0, ""weak_r_perp_for_phi"": 0}",B,0.04701080802790457,64.0,0.36091026851285896,True
0.3325652480125427,0.3978487253189087,0.5272516012191772,2313,125.193849689192,L640_sub02249,1.2302511930465698,0.40913882851600647,0.6021512746810913,lambda,3.0,0,"{""invalid_B"": 0, ""invalid_q"": 0, ""weak_B_direction"": 0, ""weak_q_perp_for_phi"": 0, ""weak_r_perp_for_phi"": 0}",B,0.07427093343038367,128.0,0.42034539507559227,True
0.3325652480125427,0.3978487253189087,0.5272516012191772,1729,31.984371183438952,L640_sub02249,1.2302511930465698,0.40913882851600647,0.6021512746810913,parallel,3.0,0,"{""invalid_B"": 0, ""invalid_q"": 0, ""weak_B_direction"": 0, ""weak_q_perp_for_phi"": 0, ""weak_r_perp_for_phi"": 0}",u,0.00040918069819733657,32.0,0.0742400711939057,True
0.3325652480125427,0.3978487253189087,0.5272516012191772,1682,62.96824596572466,L640_sub02249,1.2302511930465698,0.40913882851600647,0.6021512746810913,parallel,3.0,0,"{""invalid_B"": 0, ""invalid_q"": 0, ""weak_B_direction"": 0, ""weak_q_perp_for_phi"": 0, ""weak_r_perp_for_phi"": 0}",u,0.0013902250615145922,64.0,0.11160792599876326,True
0.3325652480125427,0.3978487253189087,0.5272516012191772,1665,125.193849689192,L640_sub02249,1.2302511930465698,0.40913882851600647,0.6021512746810913,parallel,3.0,0,"{""invalid_B"": 0, ""invalid_q"": 0, ""weak_B_direction"": 0, ""weak_q_perp_for_phi"": 0, ""weak_r_perp_for_phi"": 0}",u,0.003834038450092193,128.0,0.15651362659495668,True
0.3325652480125427,0.3978487253189087,0.5272516012191772,1604,31.984371183438952,L640_sub02249,1.2302511930465698,0.40913882851600647,0.6021512746810913,xi,3.0,0,"{""invalid_B"": 0, ""invalid_q"": 0, ""weak_B_direction"": 0, ""weak_q_perp_for_phi"": 0, ""weak_r_perp_for_phi"": 0}",u,0.0013653048249834706,32.0,0.11093703175846999,True
0.3325652480125427,0.3978487253189087,0.5272516012191772,1678,62.96824596572466,L640_sub02249,1.2302511930465698,0.40913882851600647,0.6021512746810913,xi,3.0,0,"{""invalid_B"": 0, ""invalid_q"": 0, ""weak_B_direction"": 0, ""weak_q_perp_for_phi"": 0, ""weak_r_perp_for_phi"": 0}",u,0.002895817746935206,64.0,0.1425357291663814,True
0.3325652480125427,0.3978487253189087,0.5272516012191772,1669,125.193849689192,L640_sub02249,1.2302511930465698,0.40913882851600647,0.6021512746810913,xi,3.0,0,"{""invalid_B"": 0, ""invalid_q"": 0, ""weak_B_direction"": 0, ""weak_q_perp_for_phi"": 0, ""weak_r_perp_for_phi"": 0}",u,0.00768338534493808,128.0,0.19732595119685015,True
0.3325652480125427,0.3978487253189087,0.5272516012191772,2543,31.984371183438952,L640_sub02249,1.2302511930465698,0.40913882851600647,0.6021512746810913,lambda,3.0,0,"{""invalid_B"": 0, ""invalid_q"": 0, ""weak_B_direction"": 0, ""weak_q_perp_for_phi"": 0, ""weak_r_perp_for_phi"": 0}",u,0.005051807746687642,32.0,0.17158616649024624,True
0.3325652480125427,0.3978487253189087,0.5272516012191772,2405,62.96824596572466,L640_sub02249,1.2302511930465698,0.40913882851600647,0.6021512746810913,lambda,3.0,0,"{""invalid_B"": 0, ""invalid_q"": 0, ""weak_B_direction"": 0, ""weak_q_perp_for_phi"": 0, ""weak_r_perp_for_phi"": 0}",u,0.01267424343124896,64.0,0.23315282471133134,True
0.3325652480125427,0.3978487253189087,0.5272516012191772,2416,125.193849689192,L640_sub02249,1.2302511930465698,0.40913882851600647,0.6021512746810913,lambda,3.0,0,"{""invalid_B"": 0, ""invalid_q"": 0, ""weak_B_direction"": 0, ""weak_q_perp_for_phi"": 0, ""weak_r_perp_for_phi"": 0}",u,0.020788011047963923,128.0,0.2749609246869312,True
0.3325652480125427,0.3978487253189087,0.5272516012191772,1729,31.984371183438952,L640_sub02249,1.2302511930465698,0.40913882851600647,0.6021512746810913,parallel,4.0,0,"{""invalid_B"": 0, ""invalid_q"": 0, ""weak_B_direction"": 0, ""weak_q_perp_for_phi"": 0, ""weak_r_perp_for_phi"": 0}",B,0.0005140481275224554,32.0,0.1505743320744648,True
0.3325652480125427,0.3978487253189087,0.5272516012191772,1682,62.96824596572466,L640_sub02249,1.2302511930465698,0.40913882851600647,0.6021512746810913,parallel,4.0,0,"{""invalid_B"": 0, ""invalid_q"": 0, ""weak_B_direction"": 0, ""weak_q_perp_for_phi"": 0, ""weak_r_perp_for_phi"": 0}",B,0.005266950275934194,64.0,0.26939516975634387,True
0.3325652480125427,0.3978487253189087,0.5272516012191772,1665,125.193849689192,L640_sub02249,1.2302511930465698,0.40913882851600647,0.6021512746810913,parallel,4.0,0,"{""invalid_B"": 0, ""invalid_q"": 0, ""weak_B_direction"": 0, ""weak_q_perp_for_phi"": 0, ""weak_r_perp_for_phi"": 0}",B,0.008853484998879762,128.0,0.306745756854242,True
0.3325652480125427,0.3978487253189087,0.5272516012191772,1519,31.984371183438952,L640_sub02249,1.2302511930465698,0.40913882851600647,0.6021512746810913,xi,4.0,0,"{""invalid_B"": 0, ""invalid_q"": 0, ""weak_B_direction"": 0, ""weak_q_perp_for_phi"": 0, ""weak_r_perp_for_phi"": 0}",B,0.0012599185898966722,32.0,0.18840204867557578,True
0.3325652480125427,0.3978487253189087,0.5272516012191772,1534,62.96824596572466,L640_sub02249,1.2302511930465698,0.40913882851600647,0.6021512746810913,xi,4.0,0,"{""invalid_B"": 0, ""invalid_q"": 0, ""weak_B_direction"": 0, ""weak_q_perp_for_phi"": 0, ""weak_r_perp_for_phi"": 0}",B,0.004912559842880745,64.0,0.2647445103265678,True
0.3325652480125427,0.3978487253189087,0.5272516012191772,1824,125.193849689192,L640_sub02249,1.2302511930465698,0.40913882851600647,0.6021512746810913,xi,4.0,0,"{""invalid_B"": 0, ""invalid_q"": 0, ""weak_B_direction"": 0, ""weak_q_perp_for_phi"": 0, ""weak_r_perp_for_phi"": 0}",B,0.013966040623378435,128.0,0.3437702779101499,True
0.3325652480125427,0.3978487253189087,0.5272516012191772,2574,31.984371183438952,L640_sub02249,1.2302511930465698,0.40913882851600647,0.6021512746810913,lambda,4.0,0,"{""invalid_B"": 0, ""invalid_q"": 0, ""weak_B_direction"": 0, ""weak_q_perp_for_phi"": 0, ""weak_r_perp_for_phi"": 0}",B,0.010484159548467853,32.0,0.31998778882488466,True
0.3325652480125427,0.3978487253189087,0.5272516012191772,2508,62.96824596572466,L640_sub02249,1.2302511930465698,0.40913882851600647,0.6021512746810913,lambda,4.0,0,"{""invalid_B"": 0, ""invalid_q"": 0, ""weak_B_direction"": 0, ""weak_q_perp_for_phi"": 0, ""weak_r_perp_for_phi"": 0}",B,0.029642736769769112,64.0,0.4149345270723859,True
0.3325652480125427,0.3978487253189087,0.5272516012191772,2313,125.193849689192,L640_sub02249,1.2302511930465698,0.40913882851600647,0.6021512746810913,lambda,4.0,0,"{""invalid_B"": 0, ""invalid_q"": 0, ""weak_B_direction"": 0, ""weak_q_perp_for_phi"": 0, ""weak_r_perp_for_phi"": 0}",B,0.04809720708981134,128.0,0.4683062615586345,True
0.3325652480125427,0.3978487253189087,0.5272516012191772,1729,31.984371183438952,L640_sub02249,1.2302511930465698,0.40913882851600647,0.6021512746810913,parallel,4.0,0,"{""invalid_B"": 0, ""invalid_q"": 0, ""weak_B_direction"": 0, ""weak_q_perp_for_phi"": 0, ""weak_r_perp_for_phi"": 0}",u,5.665685326855004e-05,32.0,0.08675871530866285,True
0.3325652480125427,0.3978487253189087,0.5272516012191772,1682,62.96824596572466,L640_sub02249,1.2302511930465698,0.40913882851600647,0.6021512746810913,parallel,4.0,0,"{""invalid_B"": 0, ""invalid_q"": 0, ""weak_B_direction"": 0, ""weak_q_perp_for_phi"": 0, ""weak_r_perp_for_phi"": 0}",u,0.0002956806519466968,64.0,0.1311311067795096,True
0.3325652480125427,0.3978487253189087,0.5272516012191772,1665,125.193849689192,L640_sub02249,1.2302511930465698,0.40913882851600647,0.6021512746810913,parallel,4.0,0,"{""invalid_B"": 0, ""invalid_q"": 0, ""weak_B_direction"": 0, ""weak_q_perp_for_phi"": 0, ""weak_r_perp_for_phi"": 0}",u,0.00126511081076887,128.0,0.18859585423743266,True
0.3325652480125427,0.3978487253189087,0.5272516012191772,1604,31.984371183438952,L640_sub02249,1.2302511930465698,0.40913882851600647,0.6021512746810913,xi,4.0,0,"{""invalid_B"": 0, ""invalid_q"": 0, ""weak_B_direction"": 0, ""weak_q_perp_for_phi"": 0, ""weak_r_perp_for_phi"": 0}",u,0.0002905179001147112,32.0,0.13055491432323135,True
0.3325652480125427,0.3978487253189087,0.5272516012191772,1678,62.96824596572466,L640_sub02249,1.2302511930465698,0.40913882851600647,0.6021512746810913,xi,4.0,0,"{""invalid_B"": 0, ""invalid_q"": 0, ""weak_B_direction"": 0, ""weak_q_perp_for_phi"": 0, ""weak_r_perp_for_phi"": 0}",u,0.0006788038931559241,64.0,0.16141209751711452,True
0.3325652480125427,0.3978487253189087,0.5272516012191772,1669,125.193849689192,L640_sub02249,1.2302511930465698,0.40913882851600647,0.6021512746810913,xi,4.0,0,"{""invalid_B"": 0, ""invalid_q"": 0, ""weak_B_direction"": 0, ""weak_q_perp_for_phi"": 0, ""weak_r_perp_for_phi"": 0}",u,0.002369296340975423,128.0,0.22062506258673817,True
0.3325652480125427,0.3978487253189087,0.5272516012191772,2543,31.984371183438952,L640_sub02249,1.2302511930465698,0.40913882851600647,0.6021512746810913,lambda,4.0,0,"{""invalid_B"": 0, ""invalid_q"": 0, ""weak_B_direction"": 0, ""weak_q_perp_for_phi"": 0, ""weak_r_perp_for_phi"": 0}",u,0.0016798525065814364,32.0,0.20245000318318615,True
0.3325652480125427,0.3978487253189087,0.5272516012191772,2405,62.96824596572466,L640_sub02249,1.2302511930465698,0.40913882851600647,0.6021512746810913,lambda,4.0,0,"{""invalid_B"": 0, ""invalid_q"": 0, ""weak_B_direction"": 0, ""weak_q_perp_for_phi"": 0, ""weak_r_perp_for_phi"": 0}",u,0.004871257142623896,64.0,0.2641862825997001,True
0.3325652480125427,0.3978487253189087,0.5272516012191772,2416,125.193849689192,L640_sub02249,1.2302511930465698,0.40913882851600647,0.6021512746810913,lambda,4.0,0,"{""invalid_B"": 0, ""invalid_q"": 0, ""weak_B_direction"": 0, ""weak_q_perp_for_phi"": 0, ""weak_r_perp_for_phi"": 0}",u,0.00853029544544583,128.0,0.303907220309275,True
0.3325652480125427,0.3978487253189087,0.5272516012191772,1729,31.984371183438952,L640_sub02249,1.2302511930465698,0.40913882851600647,0.6021512746810913,parallel,5.0,0,"{""invalid_B"": 0, ""invalid_q"": 0, ""weak_B_direction"": 0, ""weak_q_perp_for_phi"": 0, ""weak_r_perp_for_phi"": 0}",B,0.00018711812963657134,32.0,0.17964832552053311,True
0.3325652480125427,0.3978487253189087,0.5272516012191772,1682,62.96824596572466,L640_sub02249,1.2302511930465698,0.40913882851600647,0.6021512746810913,parallel,5.0,0,"{""invalid_B"": 0, ""invalid_q"": 0, ""weak_B_direction"": 0, ""weak_q_perp_for_phi"": 0, ""weak_r_perp_for_phi"": 0}",B,0.0042397720486771475,64.0,0.33532698296245406,True
0.3325652480125427,0.3978487253189087,0.5272516012191772,1665,125.193849689192,L640_sub02249,1.2302511930465698,0.40913882851600647,0.6021512746810913,parallel,5.0,0,"{""invalid_B"": 0, ""invalid_q"": 0, ""weak_B_direction"": 0, ""weak_q_perp_for_phi"": 0, ""weak_r_perp_for_phi"": 0}",B,0.005407675279466736,128.0,0.3520481942390339,True
0.3325652480125427,0.3978487253189087,0.5272516012191772,1519,31.984371183438952,L640_sub02249,1.2302511930465698,0.40913882851600647,0.6021512746810913,xi,5.0,0,"{""invalid_B"": 0, ""invalid_q"": 0, ""weak_B_direction"": 0, ""weak_q_perp_for_phi"": 0, ""weak_r_perp_for_phi"": 0}",B,0.0005102383637490159,32.0,0.219560707641633,True
0.3325652480125427,0.3978487253189087,0.5272516012191772,1534,62.96824596572466,L640_sub02249,1.2302511930465698,0.40913882851600647,0.6021512746810913,xi,5.0,0,"{""invalid_B"": 0, ""invalid_q"": 0, ""weak_B_direction"": 0, ""weak_q_perp_for_phi"": 0, ""weak_r_perp_for_phi"": 0}",B,0.002525917792999328,64.0,0.30233180883664124,True
0.3325652480125427,0.3978487253189087,0.5272516012191772,1824,125.193849689192,L640_sub02249,1.2302511930465698,0.40913882851600647,0.6021512746810913,xi,5.0,0,"{""invalid_B"": 0, ""invalid_q"": 0, ""weak_B_direction"": 0, ""weak_q_perp_for_phi"": 0, ""weak_r_perp_for_phi"": 0}",B,0.007926681132158503,128.0,0.3800303464790505,True
0.3325652480125427,0.3978487253189087,0.5272516012191772,2574,31.984371183438952,L640_sub02249,1.2302511930465698,0.40913882851600647,0.6021512746810913,lambda,5.0,0,"{""invalid_B"": 0, ""invalid_q"": 0, ""weak_B_direction"": 0, ""weak_q_perp_for_phi"": 0, ""weak_r_perp_for_phi"": 0}",B,0.006251503792868219,32.0,0.3624072688565704,True
0.3325652480125427,0.3978487253189087,0.5272516012191772,2508,62.96824596572466,L640_sub02249,1.2302511930465698,0.40913882851600647,0.6021512746810913,lambda,5.0,0,"{""invalid_B"": 0, ""invalid_q"": 0, ""weak_B_direction"": 0, ""weak_q_perp_for_phi"": 0, ""weak_r_perp_for_phi"": 0}",B,0.021529946542971627,64.0,0.4640968175061629,True
0.3325652480125427,0.3978487253189087,0.5272516012191772,2313,125.193849689192,L640_sub02249,1.2302511930465698,0.40913882851600647,0.6021512746810913,lambda,5.0,0,"{""invalid_B"": 0, ""invalid_q"": 0, ""weak_B_direction"": 0, ""weak_q_perp_for_phi"": 0, ""weak_r_perp_for_phi"": 0}",B,0.034007126287056814,128.0,0.50852696523098,True
0.3325652480125427,0.3978487253189087,0.5272516012191772,1729,31.984371183438952,L640_sub02249,1.2302511930465698,0.40913882851600647,0.6021512746810913,parallel,5.0,0,"{""invalid_B"": 0, ""invalid_q"": 0, ""weak_B_direction"": 0, ""weak_q_perp_for_phi"": 0, ""weak_r_perp_for_phi"": 0}",u,9.242567964159181e-06,32.0,0.09843703649999505,True
0.3325652480125427,0.3978487253189087,0.5272516012191772,1682,62.96824596572466,L640_sub02249,1.2302511930465698,0.40913882851600647,0.6021512746810913,parallel,5.0,0,"{""invalid_B"": 0, ""invalid_q"": 0, ""weak_B_direction"": 0, ""weak_q_perp_for_phi"": 0, ""weak_r_perp_for_phi"": 0}",u,7.659504305166184e-05,64.0,0.15025887500081975,True
0.3325652480125427,0.3978487253189087,0.5272516012191772,1665,125.193849689192,L640_sub02249,1.2302511930465698,0.40913882851600647,0.6021512746810913,parallel,5.0,0,"{""invalid_B"": 0, ""invalid_q"": 0, ""weak_B_direction"": 0, ""weak_q_perp_for_phi"": 0, ""weak_r_perp_for_phi"": 0}",u,0.000551290803856973,128.0,0.22298525680980816,True
0.3325652480125427,0.3978487253189087,0.5272516012191772,1604,31.984371183438952,L640_sub02249,1.2302511930465698,0.40913882851600647,0.6021512746810913,xi,5.0,0,"{""invalid_B"": 0, ""invalid_q"": 0, ""weak_B_direction"": 0, ""weak_q_perp_for_phi"": 0, ""weak_r_perp_for_phi"": 0}",u,7.983387848471002e-05,32.0,0.1515086560172864,True
0.3325652480125427,0.3978487253189087,0.5272516012191772,1678,62.96824596572466,L640_sub02249,1.2302511930465698,0.40913882851600647,0.6021512746810913,xi,5.0,0,"{""invalid_B"": 0, ""invalid_q"": 0, ""weak_B_direction"": 0, ""weak_q_perp_for_phi"": 0, ""weak_r_perp_for_phi"": 0}",u,0.00018729717283522514,64.0,0.17968269151943828,True
0.3325652480125427,0.3978487253189087,0.5272516012191772,1669,125.193849689192,L640_sub02249,1.2302511930465698,0.40913882851600647,0.6021512746810913,xi,5.0,0,"{""invalid_B"": 0, ""invalid_q"": 0, ""weak_B_direction"": 0, ""weak_q_perp_for_phi"": 0, ""weak_r_perp_for_phi"": 0}",u,0.0008242640918093037,128.0,0.24166473258429594,True
0.3325652480125427,0.3978487253189087,0.5272516012191772,2543,31.984371183438952,L640_sub02249,1.2302511930465698,0.40913882851600647,0.6021512746810913,lambda,5.0,0,"{""invalid_B"": 0, ""invalid_q"": 0, ""weak_B_direction"": 0, ""weak_q_perp_for_phi"": 0, ""weak_r_perp_for_phi"": 0}",u,0.0006775734597103603,32.0,0.23237600298988204,True
0.3325652480125427,0.3978487253189087,0.5272516012191772,2405,62.96824596572466,L640_sub02249,1.2302511930465698,0.40913882851600647,0.6021512746810913,lambda,5.0,0,"{""invalid_B"": 0, ""invalid_q"": 0, ""weak_B_direction"": 0, ""weak_q_perp_for_phi"": 0, ""weak_r_perp_for_phi"": 0}",u,0.002107853034168221,64.0,0.29158693809202973,True
0.3325652480125427,0.3978487253189087,0.5272516012191772,2416,125.193849689192,L640_sub02249,1.2302511930465698,0.40913882851600647,0.6021512746810913,lambda,5.0,0,"{""invalid_B"": 0, ""invalid_q"": 0, ""weak_B_direction"": 0, ""weak_q_perp_for_phi"": 0, ""weak_r_perp_for_phi"": 0}",u,0.0038533914788515585,128.0,0.3289793411746607,True
0.3325652480125427,0.3978487253189087,0.5272516012191772,1729,31.984371183438952,L640_sub02249,1.2302511930465698,0.40913882851600647,0.6021512746810913,parallel,6.0,0,"{""invalid_B"": 0, ""invalid_q"": 0, ""weak_B_direction"": 0, ""weak_q_perp_for_phi"": 0, ""weak_r_perp_for_phi"": 0}",B,7.815563544139559e-05,32.0,0.2067727877710086,True
0.3325652480125427,0.3978487253189087,0.5272516012191772,1682,62.96824596572466,L640_sub02249,1.2302511930465698,0.40913882851600647,0.6021512746810913,parallel,6.0,0,"{""invalid_B"": 0, ""invalid_q"": 0, ""weak_B_direction"": 0, ""weak_q_perp_for_phi"": 0, ""weak_r_perp_for_phi"": 0}",B,0.004025645590767312,64.0,0.39884662640789353,True
0.3325652480125427,0.3978487253189087,0.5272516012191772,1665,125.193849689192,L640_sub02249,1.2302511930465698,0.40913882851600647,0.6021512746810913,parallel,6.0,0,"{""invalid_B"": 0, ""invalid_q"": 0, ""weak_B_direction"": 0, ""weak_q_perp_for_phi"": 0, ""weak_r_perp_for_phi"": 0}",B,0.0037035880074025077,128.0,0.3933421115598201,True
0.3325652480125427,0.3978487253189087,0.5272516012191772,1519,31.984371183438952,L640_sub02249,1.2302511930465698,0.40913882851600647,0.6021512746810913,xi,6.0,0,"{""invalid_B"": 0, ""invalid_q"": 0, ""weak_B_direction"": 0, ""weak_q_perp_for_phi"": 0, ""weak_r_perp_for_phi"": 0}",B,0.00023632627838508395,32.0,0.24864820934093224,True
0.3325652480125427,0.3978487253189087,0.5272516012191772,1534,62.96824596572466,L640_sub02249,1.2302511930465698,0.40913882851600647,0.6021512746810913,xi,6.0,0,"{""invalid_B"": 0, ""invalid_q"": 0, ""weak_B_direction"": 0, ""weak_q_perp_for_phi"": 0, ""weak_r_perp_for_phi"": 0}",B,0.0014626735673772641,64.0,0.3369182753029829,True
0.3325652480125427,0.3978487253189087,0.5272516012191772,1824,125.193849689192,L640_sub02249,1.2302511930465698,0.40913882851600647,0.6021512746810913,xi,6.0,0,"{""invalid_B"": 0, ""invalid_q"": 0, ""weak_B_direction"": 0, ""weak_q_perp_for_phi"": 0, ""weak_r_perp_for_phi"": 0}",B,0.004980613878392106,128.0,0.41325090411601384,True
0.3325652480125427,0.3978487253189087,0.5272516012191772,2574,31.984371183438952,L640_sub02249,1.2302511930465698,0.40913882851600647,0.6021512746810913,lambda,6.0,0,"{""invalid_B"": 0, ""invalid_q"": 0, ""weak_B_direction"": 0, ""weak_q_perp_for_phi"": 0, ""weak_r_perp_for_phi"": 0}",B,0.0041344672460791295,32.0,0.4006236585034352,True
0.3325652480125427,0.3978487253189087,0.5272516012191772,2508,62.96824596572466,L640_sub02249,1.2302511930465698,0.40913882851600647,0.6021512746810913,lambda,6.0,0,"{""invalid_B"": 0, ""invalid_q"": 0, ""weak_B_direction"": 0, ""weak_q_perp_for_phi"": 0, ""weak_r_perp_for_phi"": 0}",B,0.017512922108556133,64.0,0.5095964994004285,True
0.3325652480125427,0.3978487253189087,0.5272516012191772,2313,125.193849689192,L640_sub02249,1.2302511930465698,0.40913882851600647,0.6021512746810913,lambda,6.0,0,"{""invalid_B"": 0, ""invalid_q"": 0, ""weak_B_direction"": 0, ""weak_q_perp_for_phi"": 0, ""weak_r_perp_for_phi"": 0}",B,0.025513868390826585,128.0,0.5425786722919764,True
0.3325652480125427,0.3978487253189087,0.5272516012191772,1729,31.984371183438952,L640_sub02249,1.2302511930465698,0.40913882851600647,0.6021512746810913,parallel,6.0,0,"{""invalid_B"": 0, ""invalid_q"": 0, ""weak_B_direction"": 0, ""weak_q_perp_for_phi"": 0, ""weak_r_perp_for_phi"": 0}",u,1.6819818894218586e-06,32.0,0.10905281632981814,True
0.3325652480125427,0.3978487253189087,0.5272516012191772,1682,62.96824596572466,L640_sub02249,1.2302511930465698,0.40913882851600647,0.6021512746810913,parallel,6.0,0,"{""invalid_B"": 0, ""invalid_q"": 0, ""weak_B_direction"": 0, ""weak_q_perp_for_phi"": 0, ""weak_r_perp_for_phi"": 0}",u,2.27339970379574e-05,64.0,0.1683110514940141,True
0.3325652480125427,0.3978487253189087,0.5272516012191772,1665,125.193849689192,L640_sub02249,1.2302511930465698,0.40913882851600647,0.6021512746810913,parallel,6.0,0,"{""invalid_B"": 0, ""invalid_q"": 0, ""weak_B_direction"": 0, ""weak_q_perp_for_phi"": 0, ""weak_r_perp_for_phi"": 0}",u,0.00028867422351042663,128.0,0.25707982822367026,True
0.3325652480125427,0.3978487253189087,0.5272516012191772,1604,31.984371183438952,L640_sub02249,1.2302511930465698,0.40913882851600647,0.6021512746810913,xi,6.0,0,"{""invalid_B"": 0, ""invalid_q"": 0, ""weak_B_direction"": 0, ""weak_q_perp_for_phi"": 0, ""weak_r_perp_for_phi"": 0}",u,2.6719690660223195e-05,32.0,0.17290407850860115,True
0.3325652480125427,0.3978487253189087,0.5272516012191772,1678,62.96824596572466,L640_sub02249,1.2302511930465698,0.40913882851600647,0.6021512746810913,xi,6.0,0,"{""invalid_B"": 0, ""invalid_q"": 0, ""weak_B_direction"": 0, ""weak_q_perp_for_phi"": 0, ""weak_r_perp_for_phi"": 0}",u,5.915833723034634e-05,64.0,0.19739492968371974,True
0.3325652480125427,0.3978487253189087,0.5272516012191772,1669,125.193849689192,L640_sub02249,1.2302511930465698,0.40913882851600647,0.6021512746810913,xi,6.0,0,"{""invalid_B"": 0, ""invalid_q"": 0, ""weak_B_direction"": 0, ""weak_q_perp_for_phi"": 0, ""weak_r_perp_for_phi"": 0}",u,0.00031220937512302436,128.0,0.2604599722846005,True
0.3325652480125427,0.3978487253189087,0.5272516012191772,2543,31.984371183438952,L640_sub02249,1.2302511930465698,0.40913882851600647,0.6021512746810913,lambda,6.0,0,"{""invalid_B"": 0, ""invalid_q"": 0, ""weak_B_direction"": 0, ""weak_q_perp_for_phi"": 0, ""weak_r_perp_for_phi"": 0}",u,0.0003108276683074754,32.0,0.26026750276354677,True
0.3325652480125427,0.3978487253189087,0.5272516012191772,2405,62.96824596572466,L640_sub02249,1.2302511930465698,0.40913882851600647,0.6021512746810913,lambda,6.0,0,"{""invalid_B"": 0, ""invalid_q"": 0, ""weak_B_direction"": 0, ""weak_q_perp_for_phi"": 0, ""weak_r_perp_for_phi"": 0}",u,0.0009905553782704872,64.0,0.31572802048820847,True
0.3325652480125427,0.3978487253189087,0.5272516012191772,2416,125.193849689192,L640_sub02249,1.2302511930465698,0.40913882851600647,0.6021512746810913,lambda,6.0,0,"{""invalid_B"": 0, ""invalid_q"": 0, ""weak_B_direction"": 0, ""weak_q_perp_for_phi"": 0, ""weak_r_perp_for_phi"": 0}",u,0.0018649175464890437,128.0,0.35084067604197827,True
0.018953079357743263,0.0004996524075977504,0.847902238368988,1091,31.984371183438952,L640_sub00738,44.72573471069336,0.8476903438568115,0.9995003342628479,parallel,1.0,0,"{""invalid_B"": 0, ""invalid_q"": 0, ""weak_B_direction"": 0, ""weak_q_perp_for_phi"": 0, ""weak_r_perp_for_phi"": 0}",B,0.19227205901872602,32.0,0.19227205901872602,True
0.018953079357743263,0.0004996524075977504,0.847902238368988,1133,62.96824596572466,L640_sub00738,44.72573471069336,0.8476903438568115,0.9995003342628479,parallel,1.0,0,"{""invalid_B"": 0, ""invalid_q"": 0, ""weak_B_direction"": 0, ""weak_q_perp_for_phi"": 0, ""weak_r_perp_for_phi"": 0}",B,0.40916210038862255,64.0,0.40916210038862255,True
0.018953079357743263,0.0004996524075977504,0.847902238368988,1124,125.193849689192,L640_sub00738,44.72573471069336,0.8476903438568115,0.9995003342628479,parallel,1.0,0,"{""invalid_B"": 0, ""invalid_q"": 0, ""weak_B_direction"": 0, ""weak_q_perp_for_phi"": 0, ""weak_r_perp_for_phi"": 0}",B,0.6465800338218528,128.0,0.6465800338218528,True
0.018953079357743263,0.0004996524075977504,0.847902238368988,1431,31.984371183438952,L640_sub00738,44.72573471069336,0.8476903438568115,0.9995003342628479,xi,1.0,0,"{""invalid_B"": 0, ""invalid_q"": 0, ""weak_B_direction"": 0, ""weak_q_perp_for_phi"": 0, ""weak_r_perp_for_phi"": 0}",B,0.20614246540606657,32.0,0.20614246540606657,True
0.018953079357743263,0.0004996524075977504,0.847902238368988,1470,62.96824596572466,L640_sub00738,44.72573471069336,0.8476903438568115,0.9995003342628479,xi,1.0,0,"{""invalid_B"": 0, ""invalid_q"": 0, ""weak_B_direction"": 0, ""weak_q_perp_for_phi"": 0, ""weak_r_perp_for_phi"": 0}",B,0.31190719058835475,64.0,0.31190719058835475,True
0.018953079357743263,0.0004996524075977504,0.847902238368988,1566,125.193849689192,L640_sub00738,44.72573471069336,0.8476903438568115,0.9995003342628479,xi,1.0,0,"{""invalid_B"": 0, ""invalid_q"": 0, ""weak_B_direction"": 0, ""weak_q_perp_for_phi"": 0, ""weak_r_perp_for_phi"": 0}",B,0.5078091459172962,128.0,0.5078091459172962,True
0.018953079357743263,0.0004996524075977504,0.847902238368988,2205,31.984371183438952,L640_sub00738,44.72573471069336,0.8476903438568115,0.9995003342628479,lambda,1.0,0,"{""invalid_B"": 0, ""invalid_q"": 0, ""weak_B_direction"": 0, ""weak_q_perp_for_phi"": 0, ""weak_r_perp_for_phi"": 0}",B,0.3483985633385943,32.0,0.3483985633385943,True
0.018953079357743263,0.0004996524075977504,0.847902238368988,2036,62.96824596572466,L640_sub00738,44.72573471069336,0.8476903438568115,0.9995003342628479,lambda,1.0,0,"{""invalid_B"": 0, ""invalid_q"": 0, ""weak_B_direction"": 0, ""weak_q_perp_for_phi"": 0, ""weak_r_perp_for_phi"": 0}",B,0.5289501044016863,64.0,0.5289501044016863,True
0.018953079357743263,0.0004996524075977504,0.847902238368988,1914,125.193849689192,L640_sub00738,44.72573471069336,0.8476903438568115,0.9995003342628479,lambda,1.0,0,"{""invalid_B"": 0, ""invalid_q"": 0, ""weak_B_direction"": 0, ""weak_q_perp_for_phi"": 0, ""weak_r_perp_for_phi"": 0}",B,0.681317454563218,128.0,0.681317454563218,True
0.018953079357743263,0.0004996524075977504,0.847902238368988,1091,31.984371183438952,L640_sub00738,44.72573471069336,0.8476903438568115,0.9995003342628479,parallel,1.0,0,"{""invalid_B"": 0, ""invalid_q"": 0, ""weak_B_direction"": 0, ""weak_q_perp_for_phi"": 0, ""weak_r_perp_for_phi"": 0}",u,0.11739767185100405,32.0,0.11739767185100405,True
0.018953079357743263,0.0004996524075977504,0.847902238368988,1133,62.96824596572466,L640_sub00738,44.72573471069336,0.8476903438568115,0.9995003342628479,parallel,1.0,0,"{""invalid_B"": 0, ""invalid_q"": 0, ""weak_B_direction"": 0, ""weak_q_perp_for_phi"": 0, ""weak_r_perp_for_phi"": 0}",u,0.20107157549676366,64.0,0.20107157549676366,True
0.018953079357743263,0.0004996524075977504,0.847902238368988,1124,125.193849689192,L640_sub00738,44.72573471069336,0.8476903438568115,0.9995003342628479,parallel,1.0,0,"{""invalid_B"": 0, ""invalid_q"": 0, ""weak_B_direction"": 0, ""weak_q_perp_for_phi"": 0, ""weak_r_perp_for_phi"": 0}",u,0.26701983629953935,128.0,0.26701983629953935,True
0.018953079357743263,0.0004996524075977504,0.847902238368988,1484,31.984371183438952,L640_sub00738,44.72573471069336,0.8476903438568115,0.9995003342628479,xi,1.0,0,"{""invalid_B"": 0, ""invalid_q"": 0, ""weak_B_direction"": 0, ""weak_q_perp_for_phi"": 0, ""weak_r_perp_for_phi"": 0}",u,0.13695288180364357,32.0,0.13695288180364357,True
0.018953079357743263,0.0004996524075977504,0.847902238368988,1564,62.96824596572466,L640_sub00738,44.72573471069336,0.8476903438568115,0.9995003342628479,xi,1.0,0,"{""invalid_B"": 0, ""invalid_q"": 0, ""weak_B_direction"": 0, ""weak_q_perp_for_phi"": 0, ""weak_r_perp_for_phi"": 0}",u,0.18576966626381605,64.0,0.18576966626381605,True
0.018953079357743263,0.0004996524075977504,0.847902238368988,1524,125.193849689192,L640_sub00738,44.72573471069336,0.8476903438568115,0.9995003342628479,xi,1.0,0,"{""invalid_B"": 0, ""invalid_q"": 0, ""weak_B_direction"": 0, ""weak_q_perp_for_phi"": 0, ""weak_r_perp_for_phi"": 0}",u,0.24970724105235867,128.0,0.24970724105235867,True
0.018953079357743263,0.0004996524075977504,0.847902238368988,2285,31.984371183438952,L640_sub00738,44.72573471069336,0.8476903438568115,0.9995003342628479,lambda,1.0,0,"{""invalid_B"": 0, ""invalid_q"": 0, ""weak_B_direction"": 0, ""weak_q_perp_for_phi"": 0, ""weak_r_perp_for_phi"": 0}",u,0.1941586753399649,32.0,0.1941586753399649,True
0.018953079357743263,0.0004996524075977504,0.847902238368988,2196,62.96824596572466,L640_sub00738,44.72573471069336,0.8476903438568115,0.9995003342628479,lambda,1.0,0,"{""invalid_B"": 0, ""invalid_q"": 0, ""weak_B_direction"": 0, ""weak_q_perp_for_phi"": 0, ""weak_r_perp_for_phi"": 0}",u,0.2570058699503787,64.0,0.2570058699503787,True
0.018953079357743263,0.0004996524075977504,0.847902238368988,2166,125.193849689192,L640_sub00738,44.72573471069336,0.8476903438568115,0.9995003342628479,lambda,1.0,0,"{""invalid_B"": 0, ""invalid_q"": 0, ""weak_B_direction"": 0, ""weak_q_perp_for_phi"": 0, ""weak_r_perp_for_phi"": 0}",u,0.30279841489632997,128.0,0.30279841489632997,True
0.018953079357743263,0.0004996524075977504,0.847902238368988,1091,31.984371183438952,L640_sub00738,44.72573471069336,0.8476903438568115,0.9995003342628479,parallel,2.0,0,"{""invalid_B"": 0, ""invalid_q"": 0, ""weak_B_direction"": 0, ""weak_q_perp_for_phi"": 0, ""weak_r_perp_for_phi"": 0}",B,0.09849623279528229,32.0,0.313841094815963,True
0.018953079357743263,0.0004996524075977504,0.847902238368988,1133,62.96824596572466,L640_sub00738,44.72573471069336,0.8476903438568115,0.9995003342628479,parallel,2.0,0,"{""invalid_B"": 0, ""invalid_q"": 0, ""weak_B_direction"": 0, ""weak_q_perp_for_phi"": 0, ""weak_r_perp_for_phi"": 0}",B,0.38053973733971586,64.0,0.6168790297454727,True
0.018953079357743263,0.0004996524075977504,0.847902238368988,1124,125.193849689192,L640_sub00738,44.72573471069336,0.8476903438568115,0.9995003342628479,parallel,2.0,0,"{""invalid_B"": 0, ""invalid_q"": 0, ""weak_B_direction"": 0, ""weak_q_perp_for_phi"": 0, ""weak_r_perp_for_phi"": 0}",B,0.7188678611991737,128.0,0.8478607557843291,True
0.018953079357743263,0.0004996524075977504,0.847902238368988,1431,31.984371183438952,L640_sub00738,44.72573471069336,0.8476903438568115,0.9995003342628479,xi,2.0,0,"{""invalid_B"": 0, ""invalid_q"": 0, ""weak_B_direction"": 0, ""weak_q_perp_for_phi"": 0, ""weak_r_perp_for_phi"": 0}",B,0.08194079277607512,32.0,0.28625302230033334,True
0.018953079357743263,0.0004996524075977504,0.847902238368988,1470,62.96824596572466,L640_sub00738,44.72573471069336,0.8476903438568115,0.9995003342628479,xi,2.0,0,"{""invalid_B"": 0, ""invalid_q"": 0, ""weak_B_direction"": 0, ""weak_q_perp_for_phi"": 0, ""weak_r_perp_for_phi"": 0}",B,0.18009969813113752,64.0,0.4243815478212236,True
0.018953079357743263,0.0004996524075977504,0.847902238368988,1566,125.193849689192,L640_sub00738,44.72573471069336,0.8476903438568115,0.9995003342628479,xi,2.0,0,"{""invalid_B"": 0, ""invalid_q"": 0, ""weak_B_direction"": 0, ""weak_q_perp_for_phi"": 0, ""weak_r_perp_for_phi"": 0}",B,0.4275211805269392,128.0,0.6538510384842554,True
0.018953079357743263,0.0004996524075977504,0.847902238368988,2205,31.984371183438952,L640_sub00738,44.72573471069336,0.8476903438568115,0.9995003342628479,lambda,2.0,0,"{""invalid_B"": 0, ""invalid_q"": 0, ""weak_B_direction"": 0, ""weak_q_perp_for_phi"": 0, ""weak_r_perp_for_phi"": 0}",B,0.252404704412041,32.0,0.5023989494535602,True
0.018953079357743263,0.0004996524075977504,0.847902238368988,2036,62.96824596572466,L640_sub00738,44.72573471069336,0.8476903438568115,0.9995003342628479,lambda,2.0,0,"{""invalid_B"": 0, ""invalid_q"": 0, ""weak_B_direction"": 0, ""weak_q_perp_for_phi"": 0, ""weak_r_perp_for_phi"": 0}",B,0.5177706488232289,64.0,0.7195628178437439,True
0.018953079357743263,0.0004996524075977504,0.847902238368988,1914,125.193849689192,L640_sub00738,44.72573471069336,0.8476903438568115,0.9995003342628479,lambda,2.0,0,"{""invalid_B"": 0, ""invalid_q"": 0, ""weak_B_direction"": 0, ""weak_q_perp_for_phi"": 0, ""weak_r_perp_for_phi"": 0}",B,0.7622232102511917,128.0,0.8730539560938898,True
0.018953079357743263,0.0004996524075977504,0.847902238368988,1091,31.984371183438952,L640_sub00738,44.72573471069336,0.8476903438568115,0.9995003342628479,parallel,2.0,0,"{""invalid_B"": 0, ""invalid_q"": 0, ""weak_B_direction"": 0, ""weak_q_perp_for_phi"": 0, ""weak_r_perp_for_phi"": 0}",u,0.026516214353252916,32.0,0.16283800033546506,True
0.018953079357743263,0.0004996524075977504,0.847902238368988,1133,62.96824596572466,L640_sub00738,44.72573471069336,0.8476903438568115,0.9995003342628479,parallel,2.0,0,"{""invalid_B"": 0, ""invalid_q"": 0, ""weak_B_direction"": 0, ""weak_q_perp_for_phi"": 0, ""weak_r_perp_for_phi"": 0}",u,0.0775390491269409,64.0,0.2784583436116449,True
0.018953079357743263,0.0004996524075977504,0.847902238368988,1124,125.193849689192,L640_sub00738,44.72573471069336,0.8476903438568115,0.9995003342628479,parallel,2.0,0,"{""invalid_B"": 0, ""invalid_q"": 0, ""weak_B_direction"": 0, ""weak_q_perp_for_phi"": 0, ""weak_r_perp_for_phi"": 0}",u,0.11350022586298665,128.0,0.336897945768428,True
0.018953079357743263,0.0004996524075977504,0.847902238368988,1484,31.984371183438952,L640_sub00738,44.72573471069336,0.8476903438568115,0.9995003342628479,xi,2.0,0,"{""invalid_B"": 0, ""invalid_q"": 0, ""weak_B_direction"": 0, ""weak_q_perp_for_phi"": 0, ""weak_r_perp_for_phi"": 0}",u,0.03173559239113989,32.0,0.17814486349917555,True
0.018953079357743263,0.0004996524075977504,0.847902238368988,1564,62.96824596572466,L640_sub00738,44.72573471069336,0.8476903438568115,0.9995003342628479,xi,2.0,0,"{""invalid_B"": 0, ""invalid_q"": 0, ""weak_B_direction"": 0, ""weak_q_perp_for_phi"": 0, ""weak_r_perp_for_phi"": 0}",u,0.05376424628318092,64.0,0.23187118467627865,True
0.018953079357743263,0.0004996524075977504,0.847902238368988,1524,125.193849689192,L640_sub00738,44.72573471069336,0.8476903438568115,0.9995003342628479,xi,2.0,0,"{""invalid_B"": 0, ""invalid_q"": 0, ""weak_B_direction"": 0, ""weak_q_perp_for_phi"": 0, ""weak_r_perp_for_phi"": 0}",u,0.09172082572354139,128.0,0.302854462941429,True
0.018953079357743263,0.0004996524075977504,0.847902238368988,2285,31.984371183438952,L640_sub00738,44.72573471069336,0.8476903438568115,0.9995003342628479,lambda,2.0,0,"{""invalid_B"": 0, ""invalid_q"": 0, ""weak_B_direction"": 0, ""weak_q_perp_for_phi"": 0, ""weak_r_perp_for_phi"": 0}",u,0.06442066921129311,32.0,0.2538122715931858,True
0.018953079357743263,0.0004996524075977504,0.847902238368988,2196,62.96824596572466,L640_sub00738,44.72573471069336,0.8476903438568115,0.9995003342628479,lambda,2.0,0,"{""invalid_B"": 0, ""invalid_q"": 0, ""weak_B_direction"": 0, ""weak_q_perp_for_phi"": 0, ""weak_r_perp_for_phi"": 0}",u,0.1066791969907487,64.0,0.3266178148704518,True
0.018953079357743263,0.0004996524075977504,0.847902238368988,2166,125.193849689192,L640_sub00738,44.72573471069336,0.8476903438568115,0.9995003342628479,lambda,2.0,0,"{""invalid_B"": 0, ""invalid_q"": 0, ""weak_B_direction"": 0, ""weak_q_perp_for_phi"": 0, ""weak_r_perp_for_phi"": 0}",u,0.13156869679920646,128.0,0.36272399534523003,True
0.018953079357743263,0.0004996524075977504,0.847902238368988,1091,31.984371183438952,L640_sub00738,44.72573471069336,0.8476903438568115,0.9995003342628479,parallel,3.0,0,"{""invalid_B"": 0, ""invalid_q"": 0, ""weak_B_direction"": 0, ""weak_q_perp_for_phi"": 0, ""weak_r_perp_for_phi"": 0}",B,0.09537804939594853,32.0,0.4568947264977626,True
0.018953079357743263,0.0004996524075977504,0.847902238368988,1133,62.96824596572466,L640_sub00738,44.72573471069336,0.8476903438568115,0.9995003342628479,parallel,3.0,0,"{""invalid_B"": 0, ""invalid_q"": 0, ""weak_B_direction"": 0, ""weak_q_perp_for_phi"": 0, ""weak_r_perp_for_phi"": 0}",B,0.5112189828629244,64.0,0.7995930132284269,True
0.018953079357743263,0.0004996524075977504,0.847902238368988,1124,125.193849689192,L640_sub00738,44.72573471069336,0.8476903438568115,0.9995003342628479,parallel,3.0,0,"{""invalid_B"": 0, ""invalid_q"": 0, ""weak_B_direction"": 0, ""weak_q_perp_for_phi"": 0, ""weak_r_perp_for_phi"": 0}",B,1.0079713616038037,128.0,1.002650091346606,True
0.018953079357743263,0.0004996524075977504,0.847902238368988,1431,31.984371183438952,L640_sub00738,44.72573471069336,0.8476903438568115,0.9995003342628479,xi,3.0,0,"{""invalid_B"": 0, ""invalid_q"": 0, ""weak_B_direction"": 0, ""weak_q_perp_for_phi"": 0, ""weak_r_perp_for_phi"": 0}",B,0.05279898293639196,32.0,0.3751530822384863,True
0.018953079357743263,0.0004996524075977504,0.847902238368988,1470,62.96824596572466,L640_sub00738,44.72573471069336,0.8476903438568115,0.9995003342628479,xi,3.0,0,"{""invalid_B"": 0, ""invalid_q"": 0, ""weak_B_direction"": 0, ""weak_q_perp_for_phi"": 0, ""weak_r_perp_for_phi"": 0}",B,0.1594376315874073,64.0,0.5422467338695974,True
0.018953079357743263,0.0004996524075977504,0.847902238368988,1566,125.193849689192,L640_sub00738,44.72573471069336,0.8476903438568115,0.9995003342628479,xi,3.0,0,"{""invalid_B"": 0, ""invalid_q"": 0, ""weak_B_direction"": 0, ""weak_q_perp_for_phi"": 0, ""weak_r_perp_for_phi"": 0}",B,0.48591240410471914,128.0,0.7861751795831781,True
0.018953079357743263,0.0004996524075977504,0.847902238368988,2205,31.984371183438952,L640_sub00738,44.72573471069336,0.8476903438568115,0.9995003342628479,lambda,3.0,0,"{""invalid_B"": 0, ""invalid_q"": 0, ""weak_B_direction"": 0, ""weak_q_perp_for_phi"": 0, ""weak_r_perp_for_phi"": 0}",B,0.27394979118834695,32.0,0.6494668536979734,True
0.018953079357743263,0.0004996524075977504,0.847902238368988,2036,62.96824596572466,L640_sub00738,44.72573471069336,0.8476903438568115,0.9995003342628479,lambda,3.0,0,"{""invalid_B"": 0, ""invalid_q"": 0, ""weak_B_direction"": 0, ""weak_q_perp_for_phi"": 0, ""weak_r_perp_for_phi"": 0}",B,0.6732321591004636,64.0,0.8764388448006375,True
0.018953079357743263,0.0004996524075977504,0.847902238368988,1914,125.193849689192,L640_sub00738,44.72573471069336,0.8476903438568115,0.9995003342628479,lambda,3.0,0,"{""invalid_B"": 0, ""invalid_q"": 0, ""weak_B_direction"": 0, ""weak_q_perp_for_phi"": 0, ""weak_r_perp_for_phi"": 0}",B,1.06146051800032,128.0,1.0200808977232472,True
0.018953079357743263,0.0004996524075977504,0.847902238368988,1091,31.984371183438952,L640_sub00738,44.72573471069336,0.8476903438568115,0.9995003342628479,parallel,3.0,0,"{""invalid_B"": 0, ""invalid_q"": 0, ""weak_B_direction"": 0, ""weak_q_perp_for_phi"": 0, ""weak_r_perp_for_phi"": 0}",u,0.009978317958449414,32.0,0.21528764785662438,True
0.018953079357743263,0.0004996524075977504,0.847902238368988,1133,62.96824596572466,L640_sub00738,44.72573471069336,0.8476903438568115,0.9995003342628479,parallel,3.0,0,"{""invalid_B"": 0, ""invalid_q"": 0, ""weak_B_direction"": 0, ""weak_q_perp_for_phi"": 0, ""weak_r_perp_for_phi"": 0}",u,0.0462333268699845,64.0,0.3589095782545466,True
0.018953079357743263,0.0004996524075977504,0.847902238368988,1124,125.193849689192,L640_sub00738,44.72573471069336,0.8476903438568115,0.9995003342628479,parallel,3.0,0,"{""invalid_B"": 0, ""invalid_q"": 0, ""weak_B_direction"": 0, ""weak_q_perp_for_phi"": 0, ""weak_r_perp_for_phi"": 0}",u,0.06640083898492215,128.0,0.4049404759035607,True
0.018953079357743263,0.0004996524075977504,0.847902238368988,1484,31.984371183438952,L640_sub00738,44.72573471069336,0.8476903438568115,0.9995003342628479,xi,3.0,0,"{""invalid_B"": 0, ""invalid_q"": 0, ""weak_B_direction"": 0, ""weak_q_perp_for_phi"": 0, ""weak_r_perp_for_phi"": 0}",u,0.011668049047161353,32.0,0.226812028124875,True
0.018953079357743263,0.0004996524075977504,0.847902238368988,1564,62.96824596572466,L640_sub00738,44.72573471069336,0.8476903438568115,0.9995003342628479,xi,3.0,0,"{""invalid_B"": 0, ""invalid_q"": 0, ""weak_B_direction"": 0, ""weak_q_perp_for_phi"": 0, ""weak_r_perp_for_phi"": 0}",u,0.02216114096994412,64.0,0.28088639578070557,True
0.018953079357743263,0.0004996524075977504,0.847902238368988,1524,125.193849689192,L640_sub00738,44.72573471069336,0.8476903438568115,0.9995003342628479,xi,3.0,0,"{""invalid_B"": 0, ""invalid_q"": 0, ""weak_B_direction"": 0, ""weak_q_perp_for_phi"": 0, ""weak_r_perp_for_phi"": 0}",u,0.04602496923042098,128.0,0.3583696057719783,True
0.018953079357743263,0.0004996524075977504,0.847902238368988,2285,31.984371183438952,L640_sub00738,44.72573471069336,0.8476903438568115,0.9995003342628479,lambda,3.0,0,"{""invalid_B"": 0, ""invalid_q"": 0, ""weak_B_direction"": 0, ""weak_q_perp_for_phi"": 0, ""weak_r_perp_for_phi"": 0}",u,0.032826386340065336,32.0,0.3201899469289379,True
0.018953079357743263,0.0004996524075977504,0.847902238368988,2196,62.96824596572466,L640_sub00738,44.72573471069336,0.8476903438568115,0.9995003342628479,lambda,3.0,0,"{""invalid_B"": 0, ""invalid_q"": 0, ""weak_B_direction"": 0, ""weak_q_perp_for_phi"": 0, ""weak_r_perp_for_phi"": 0}",u,0.062689628489271,64.0,0.39725121304789046,True
0.018953079357743263,0.0004996524075977504,0.847902238368988,2166,125.193849689192,L640_sub00738,44.72573471069336,0.8476903438568115,0.9995003342628479,lambda,3.0,0,"{""invalid_B"": 0, ""invalid_q"": 0, ""weak_B_direction"": 0, ""weak_q_perp_for_phi"": 0, ""weak_r_perp_for_phi"": 0}",u,0.07378909374765832,128.0,0.4194344120702081,True
0.018953079357743263,0.0004996524075977504,0.847902238368988,1091,31.984371183438952,L640_sub00738,44.72573471069336,0.8476903438568115,0.9995003342628479,parallel,4.0,0,"{""invalid_B"": 0, ""invalid_q"": 0, ""weak_B_direction"": 0, ""weak_q_perp_for_phi"": 0, ""weak_r_perp_for_phi"": 0}",B,0.12649904839384768,32.0,0.5963782751756016,True
0.018953079357743263,0.0004996524075977504,0.847902238368988,1133,62.96824596572466,L640_sub00738,44.72573471069336,0.8476903438568115,0.9995003342628479,parallel,4.0,0,"{""invalid_B"": 0, ""invalid_q"": 0, ""weak_B_direction"": 0, ""weak_q_perp_for_phi"": 0, ""weak_r_perp_for_phi"": 0}",B,0.8019561405751333,64.0,0.9463192057552355,True
0.018953079357743263,0.0004996524075977504,0.847902238368988,1124,125.193849689192,L640_sub00738,44.72573471069336,0.8476903438568115,0.9995003342628479,parallel,4.0,0,"{""invalid_B"": 0, ""invalid_q"": 0, ""weak_B_direction"": 0, ""weak_q_perp_for_phi"": 0, ""weak_r_perp_for_phi"": 0}",B,1.5799025350573486,128.0,1.1211341306584177,True
0.018953079357743263,0.0004996524075977504,0.847902238368988,1431,31.984371183438952,L640_sub00738,44.72573471069336,0.8476903438568115,0.9995003342628479,xi,4.0,0,"{""invalid_B"": 0, ""invalid_q"": 0, ""weak_B_direction"": 0, ""weak_q_perp_for_phi"": 0, ""weak_r_perp_for_phi"": 0}",B,0.04548605884202438,32.0,0.4618166400154147,True
0.018953079357743263,0.0004996524075977504,0.847902238368988,1470,62.96824596572466,L640_sub00738,44.72573471069336,0.8476903438568115,0.9995003342628479,xi,4.0,0,"{""invalid_B"": 0, ""invalid_q"": 0, ""weak_B_direction"": 0, ""weak_q_perp_for_phi"": 0, ""weak_r_perp_for_phi"": 0}",B,0.1821338322467027,64.0,0.6532774335164163,True
0.018953079357743263,0.0004996524075977504,0.847902238368988,1566,125.193849689192,L640_sub00738,44.72573471069336,0.8476903438568115,0.9995003342628479,xi,4.0,0,"{""invalid_B"": 0, ""invalid_q"": 0, ""weak_B_direction"": 0, ""weak_q_perp_for_phi"": 0, ""weak_r_perp_for_phi"": 0}",B,0.6656634007312521,128.0,0.9032618541746517,True
0.018953079357743263,0.0004996524075977504,0.847902238368988,2205,31.984371183438952,L640_sub00738,44.72573471069336,0.8476903438568115,0.9995003342628479,lambda,4.0,0,"{""invalid_B"": 0, ""invalid_q"": 0, ""weak_B_direction"": 0, ""weak_q_perp_for_phi"": 0, ""weak_r_perp_for_phi"": 0}",B,0.36666317095608203,32.0,0.7781562724315748,True
0.018953079357743263,0.0004996524075977504,0.847902238368988,2036,62.96824596572466,L640_sub00738,44.72573471069336,0.8476903438568115,0.9995003342628479,lambda,4.0,0,"{""invalid_B"": 0, ""invalid_q"": 0, ""weak_B_direction"": 0, ""weak_q_perp_for_phi"": 0, ""weak_r_perp_for_phi"": 0}",B,1.0024413402959294,64.0,1.0006097771050388,True
0.018953079357743263,0.0004996524075977504,0.847902238368988,1914,125.193849689192,L640_sub00738,44.72573471069336,0.8476903438568115,0.9995003342628479,lambda,4.0,0,"{""invalid_B"": 0, ""invalid_q"": 0, ""weak_B_direction"": 0, ""weak_q_perp_for_phi"": 0, ""weak_r_perp_for_phi"": 0}",B,1.643857643013033,128.0,1.1323118472297053,True
0.018953079357743263,0.0004996524075977504,0.847902238368988,1091,31.984371183438952,L640_sub00738,44.72573471069336,0.8476903438568115,0.9995003342628479,parallel,4.0,0,"{""invalid_B"": 0, ""invalid_q"": 0, ""weak_B_direction"": 0, ""weak_q_perp_for_phi"": 0, ""weak_r_perp_for_phi"": 0}",u,0.005384764878185187,32.0,0.270889197256812,True
0.018953079357743263,0.0004996524075977504,0.847902238368988,1133,62.96824596572466,L640_sub00738,44.72573471069336,0.8476903438568115,0.9995003342628479,parallel,4.0,0,"{""invalid_B"": 0, ""invalid_q"": 0, ""weak_B_direction"": 0, ""weak_q_perp_for_phi"": 0, ""weak_r_perp_for_phi"": 0}",u,0.03664390803312166,64.0,0.43752255459957173,True
0.018953079357743263,0.0004996524075977504,0.847902238368988,1124,125.193849689192,L640_sub00738,44.72573471069336,0.8476903438568115,0.9995003342628479,parallel,4.0,0,"{""invalid_B"": 0, ""invalid_q"": 0, ""weak_B_direction"": 0, ""weak_q_perp_for_phi"": 0, ""weak_r_perp_for_phi"": 0}",u,0.04854482580723517,128.0,0.46939205756340957,True
0.018953079357743263,0.0004996524075977504,0.847902238368988,1484,31.984371183438952,L640_sub00738,44.72573471069336,0.8476903438568115,0.9995003342628479,xi,4.0,0,"{""invalid_B"": 0, ""invalid_q"": 0, ""weak_B_direction"": 0, ""weak_q_perp_for_phi"": 0, ""weak_r_perp_for_phi"": 0}",u,0.00620086925729281,32.0,0.28061646127051837,True
0.018953079357743263,0.0004996524075977504,0.847902238368988,1564,62.96824596572466,L640_sub00738,44.72573471069336,0.8476903438568115,0.9995003342628479,xi,4.0,0,"{""invalid_B"": 0, ""invalid_q"": 0, ""weak_B_direction"": 0, ""weak_q_perp_for_phi"": 0, ""weak_r_perp_for_phi"": 0}",u,0.012074913148343473,64.0,0.33149043679983903,True
0.018953079357743263,0.0004996524075977504,0.847902238368988,1524,125.193849689192,L640_sub00738,44.72573471069336,0.8476903438568115,0.9995003342628479,xi,4.0,0,"{""invalid_B"": 0, ""invalid_q"": 0, ""weak_B_direction"": 0, ""weak_q_perp_for_phi"": 0, ""weak_r_perp_for_phi"": 0}",u,0.029574149814277185,128.0,0.4146943010885127,True
0.018953079357743263,0.0004996524075977504,0.847902238368988,2285,31.984371183438952,L640_sub00738,44.72573471069336,0.8476903438568115,0.9995003342628479,lambda,4.0,0,"{""invalid_B"": 0, ""invalid_q"": 0, ""weak_B_direction"": 0, ""weak_q_perp_for_phi"": 0, ""weak_r_perp_for_phi"": 0}",u,0.02254175982762855,32.0,0.3874779153668373,True
0.018953079357743263,0.0004996524075977504,0.847902238368988,2196,62.96824596572466,L640_sub00738,44.72573471069336,0.8476903438568115,0.9995003342628479,lambda,4.0,0,"{""invalid_B"": 0, ""invalid_q"": 0, ""weak_B_direction"": 0, ""weak_q_perp_for_phi"": 0, ""weak_r_perp_for_phi"": 0}",u,0.047202469540347416,64.0,0.46611296188807,True
0.018953079357743263,0.0004996524075977504,0.847902238368988,2166,125.193849689192,L640_sub00738,44.72573471069336,0.8476903438568115,0.9995003342628479,lambda,4.0,0,"{""invalid_B"": 0, ""invalid_q"": 0, ""weak_B_direction"": 0, ""weak_q_perp_for_phi"": 0, ""weak_r_perp_for_phi"": 0}",u,0.05028819397392489,128.0,0.4735507292162308,True
0.018953079357743263,0.0004996524075977504,0.847902238368988,1091,31.984371183438952,L640_sub00738,44.72573471069336,0.8476903438568115,0.9995003342628479,parallel,5.0,0,"{""invalid_B"": 0, ""invalid_q"": 0, ""weak_B_direction"": 0, ""weak_q_perp_for_phi"": 0, ""weak_r_perp_for_phi"": 0}",B,0.1958319718971438,32.0,0.7217332597116923,True
0.018953079357743263,0.0004996524075977504,0.847902238368988,1133,62.96824596572466,L640_sub00738,44.72573471069336,0.8476903438568115,0.9995003342628479,parallel,5.0,0,"{""invalid_B"": 0, ""invalid_q"": 0, ""weak_B_direction"": 0, ""weak_q_perp_for_phi"": 0, ""weak_r_perp_for_phi"": 0}",B,1.3622567243323707,64.0,1.0637799292692187,True
0.018953079357743263,0.0004996524075977504,0.847902238368988,1124,125.193849689192,L640_sub00738,44.72573471069336,0.8476903438568115,0.9995003342628479,parallel,5.0,0,"{""invalid_B"": 0, ""invalid_q"": 0, ""weak_B_direction"": 0, ""weak_q_perp_for_phi"": 0, ""weak_r_perp_for_phi"": 0}",B,2.6414800496709185,128.0,1.2144215549766768,True
0.018953079357743263,0.0004996524075977504,0.847902238368988,1431,31.984371183438952,L640_sub00738,44.72573471069336,0.8476903438568115,0.9995003342628479,xi,5.0,0,"{""invalid_B"": 0, ""invalid_q"": 0, ""weak_B_direction"": 0, ""weak_q_perp_for_phi"": 0, ""weak_r_perp_for_phi"": 0}",B,0.04632460982551201,32.0,0.5409565130609397,True
0.018953079357743263,0.0004996524075977504,0.847902238368988,1470,62.96824596572466,L640_sub00738,44.72573471069336,0.8476903438568115,0.9995003342628479,xi,5.0,0,"{""invalid_B"": 0, ""invalid_q"": 0, ""weak_B_direction"": 0, ""weak_q_perp_for_phi"": 0, ""weak_r_perp_for_phi"": 0}",B,0.24126867956919415,64.0,0.7524890584738724,True
0.018953079357743263,0.0004996524075977504,0.847902238368988,1566,125.193849689192,L640_sub00738,44.72573471069336,0.8476903438568115,0.9995003342628479,xi,5.0,0,"{""invalid_B"": 0, ""invalid_q"": 0, ""weak_B_direction"": 0, ""weak_q_perp_for_phi"": 0, ""weak_r_perp_for_phi"": 0}",B,1.0334080246509556,128.0,1.006594066177015,True
0.018953079357743263,0.0004996524075977504,0.847902238368988,2205,31.984371183438952,L640_sub00738,44.72573471069336,0.8476903438568115,0.9995003342628479,lambda,5.0,0,"{""invalid_B"": 0, ""invalid_q"": 0, ""weak_B_direction"": 0, ""weak_q_perp_for_phi"": 0, ""weak_r_perp_for_phi"": 0}",B,0.554310069540419,32.0,0.8886905326752216,True
0.018953079357743263,0.0004996524075977504,0.847902238368988,2036,62.96824596572466,L640_sub00738,44.72573471069336,0.8476903438568115,0.9995003342628479,lambda,5.0,0,"{""invalid_B"": 0, ""invalid_q"": 0, ""weak_B_direction"": 0, ""weak_q_perp_for_phi"": 0, ""weak_r_perp_for_phi"": 0}",B,1.6142974600742925,64.0,1.1005168912346173,True
0.018953079357743263,0.0004996524075977504,0.847902238368988,1914,125.193849689192,L640_sub00738,44.72573471069336,0.8476903438568115,0.9995003342628479,lambda,5.0,0,"{""invalid_B"": 0, ""invalid_q"": 0, ""weak_B_direction"": 0, ""weak_q_perp_for_phi"": 0, ""weak_r_perp_for_phi"": 0}",B,2.711600119709006,128.0,1.2208017098491348,True
0.018953079357743263,0.0004996524075977504,0.847902238368988,1091,31.984371183438952,L640_sub00738,44.72573471069336,0.8476903438568115,0.9995003342628479,parallel,5.0,0,"{""invalid_B"": 0, ""invalid_q"": 0, ""weak_B_direction"": 0, ""weak_q_perp_for_phi"": 0, ""weak_r_perp_for_phi"": 0}",u,0.0036327090439344416,32.0,0.3251218242021769,True
0.018953079357743263,0.0004996524075977504,0.847902238368988,1133,62.96824596572466,L640_sub00738,44.72573471069336,0.8476903438568115,0.9995003342628479,parallel,5.0,0,"{""invalid_B"": 0, ""invalid_q"": 0, ""weak_B_direction"": 0, ""weak_q_perp_for_phi"": 0, ""weak_r_perp_for_phi"": 0}",u,0.03547606363936735,64.0,0.5128461328737746,True
0.018953079357743263,0.0004996524075977504,0.847902238368988,1124,125.193849689192,L640_sub00738,44.72573471069336,0.8476903438568115,0.9995003342628479,parallel,5.0,0,"{""invalid_B"": 0, ""invalid_q"": 0, ""weak_B_direction"": 0, ""weak_q_perp_for_phi"": 0, ""weak_r_perp_for_phi"": 0}",u,0.041596135963362625,128.0,0.5294325002728149,True
0.018953079357743263,0.0004996524075977504,0.847902238368988,1484,31.984371183438952,L640_sub00738,44.72573471069336,0.8476903438568115,0.9995003342628479,xi,5.0,0,"{""invalid_B"": 0, ""invalid_q"": 0, ""weak_B_direction"": 0, ""weak_q_perp_for_phi"": 0, ""weak_r_perp_for_phi"": 0}",u,0.004257887747920708,32.0,0.3356130514999675,True
0.018953079357743263,0.0004996524075977504,0.847902238368988,1564,62.96824596572466,L640_sub00738,44.72573471069336,0.8476903438568115,0.9995003342628479,xi,5.0,0,"{""invalid_B"": 0, ""invalid_q"": 0, ""weak_B_direction"": 0, ""weak_q_perp_for_phi"": 0, ""weak_r_perp_for_phi"": 0}",u,0.0080626126429922,64.0,0.3813248947349963,True
0.018953079357743263,0.0004996524075977504,0.847902238368988,1524,125.193849689192,L640_sub00738,44.72573471069336,0.8476903438568115,0.9995003342628479,xi,5.0,0,"{""invalid_B"": 0, ""invalid_q"": 0, ""weak_B_direction"": 0, ""weak_q_perp_for_phi"": 0, ""weak_r_perp_for_phi"": 0}",u,0.022864725294592707,128.0,0.46971366786482077,True
0.018953079357743263,0.0004996524075977504,0.847902238368988,2285,31.984371183438952,L640_sub00738,44.72573471069336,0.8476903438568115,0.9995003342628479,lambda,5.0,0,"{""invalid_B"": 0, ""invalid_q"": 0, ""weak_B_direction"": 0, ""weak_q_perp_for_phi"": 0, ""weak_r_perp_for_phi"": 0}",u,0.018535877816201557,32.0,0.45040440738436577,True
0.018953079357743263,0.0004996524075977504,0.847902238368988,2196,62.96824596572466,L640_sub00738,44.72573471069336,0.8476903438568115,0.9995003342628479,lambda,5.0,0,"{""invalid_B"": 0, ""invalid_q"": 0, ""weak_B_direction"": 0, ""weak_q_perp_for_phi"": 0, ""weak_r_perp_for_phi"": 0}",u,0.042211454752347846,64.0,0.5309896597844163,True
0.018953079357743263,0.0004996524075977504,0.847902238368988,2166,125.193849689192,L640_sub00738,44.72573471069336,0.8476903438568115,0.9995003342628479,lambda,5.0,0,"{""invalid_B"": 0, ""invalid_q"": 0, ""weak_B_direction"": 0, ""weak_q_perp_for_phi"": 0, ""weak_r_perp_for_phi"": 0}",u,0.039953993513335534,128.0,0.5251846679329469,True
0.018953079357743263,0.0004996524075977504,0.847902238368988,1091,31.984371183438952,L640_sub00738,44.72573471069336,0.8476903438568115,0.9995003342628479,parallel,6.0,0,"{""invalid_B"": 0, ""invalid_q"": 0, ""weak_B_direction"": 0, ""weak_q_perp_for_phi"": 0, ""weak_r_perp_for_phi"": 0}",B,0.33010702549091087,32.0,0.831334482102277,True
0.018953079357743263,0.0004996524075977504,0.847902238368988,1133,62.96824596572466,L640_sub00738,44.72573471069336,0.8476903438568115,0.9995003342628479,parallel,6.0,0,"{""invalid_B"": 0, ""invalid_q"": 0, ""weak_B_direction"": 0, ""weak_q_perp_for_phi"": 0, ""weak_r_perp_for_phi"": 0}",B,2.431480552324487,64.0,1.159609594611851,True
0.018953079357743263,0.0004996524075977504,0.847902238368988,1124,125.193849689192,L640_sub00738,44.72573471069336,0.8476903438568115,0.9995003342628479,parallel,6.0,0,"{""invalid_B"": 0, ""invalid_q"": 0, ""weak_B_direction"": 0, ""weak_q_perp_for_phi"": 0, ""weak_r_perp_for_phi"": 0}",B,4.610755574193522,128.0,1.2901157681376787,True
0.018953079357743263,0.0004996524075977504,0.847902238368988,1431,31.984371183438952,L640_sub00738,44.72573471069336,0.8476903438568115,0.9995003342628479,xi,6.0,0,"{""invalid_B"": 0, ""invalid_q"": 0, ""weak_B_direction"": 0, ""weak_q_perp_for_phi"": 0, ""weak_r_perp_for_phi"": 0}",B,0.052390552181857064,32.0,0.6117051862814168,True
0.018953079357743263,0.0004996524075977504,0.847902238368988,1470,62.96824596572466,L640_sub00738,44.72573471069336,0.8476903438568115,0.9995003342628479,xi,6.0,0,"{""invalid_B"": 0, ""invalid_q"": 0, ""weak_B_direction"": 0, ""weak_q_perp_for_phi"": 0, ""weak_r_perp_for_phi"": 0}",B,0.35002183663409736,64.0,0.8394906366505613,True
0.018953079357743263,0.0004996524075977504,0.847902238368988,1566,125.193849689192,L640_sub00738,44.72573471069336,0.8476903438568115,0.9995003342628479,xi,6.0,0,"{""invalid_B"": 0, ""invalid_q"": 0, ""weak_B_direction"": 0, ""weak_q_perp_for_phi"": 0, ""weak_r_perp_for_phi"": 0}",B,1.7523095144407437,128.0,1.0979986424849861,True
0.018953079357743263,0.0004996524075977504,0.847902238368988,2205,31.984371183438952,L640_sub00738,44.72573471069336,0.8476903438568115,0.9995003342628479,lambda,6.0,0,"{""invalid_B"": 0, ""invalid_q"": 0, ""weak_B_direction"": 0, ""weak_q_perp_for_phi"": 0, ""weak_r_perp_for_phi"": 0}",B,0.9078987151365298,32.0,0.984025229717742,True
0.018953079357743263,0.0004996524075977504,0.847902238368988,2036,62.96824596572466,L640_sub00738,44.72573471069336,0.8476903438568115,0.9995003342628479,lambda,6.0,0,"{""invalid_B"": 0, ""invalid_q"": 0, ""weak_B_direction"": 0, ""weak_q_perp_for_phi"": 0, ""weak_r_perp_for_phi"": 0}",B,2.7424138985414124,64.0,1.1831019410279535,True
0.018953079357743263,0.0004996524075977504,0.847902238368988,1914,125.193849689192,L640_sub00738,44.72573471069336,0.8476903438568115,0.9995003342628479,lambda,6.0,0,"{""invalid_B"": 0, ""invalid_q"": 0, ""weak_B_direction"": 0, ""weak_q_perp_for_phi"": 0, ""weak_r_perp_for_phi"": 0}",B,4.675658267543,128.0,1.2931248581040997,True
0.018953079357743263,0.0004996524075977504,0.847902238368988,1091,31.984371183438952,L640_sub00738,44.72573471069336,0.8476903438568115,0.9995003342628479,parallel,6.0,0,"{""invalid_B"": 0, ""invalid_q"": 0, ""weak_B_direction"": 0, ""weak_q_perp_for_phi"": 0, ""weak_r_perp_for_phi"": 0}",u,0.0027848953085335888,32.0,0.3750894181947543,True
0.018953079357743263,0.0004996524075977504,0.847902238368988,1133,62.96824596572466,L640_sub00738,44.72573471069336,0.8476903438568115,0.9995003342628479,parallel,6.0,0,"{""invalid_B"": 0, ""invalid_q"": 0, ""weak_B_direction"": 0, ""weak_q_perp_for_phi"": 0, ""weak_r_perp_for_phi"": 0}",u,0.0398781891156101,64.0,0.5845063560011307,True
0.018953079357743263,0.0004996524075977504,0.847902238368988,1124,125.193849689192,L640_sub00738,44.72573471069336,0.8476903438568115,0.9995003342628479,parallel,6.0,0,"{""invalid_B"": 0, ""invalid_q"": 0, ""weak_B_direction"": 0, ""weak_q_perp_for_phi"": 0, ""weak_r_perp_for_phi"": 0}",u,0.03999254650846309,128.0,0.5847853844477673,True
0.018953079357743263,0.0004996524075977504,0.847902238368988,1484,31.984371183438952,L640_sub00738,44.72573471069336,0.8476903438568115,0.9995003342628479,xi,6.0,0,"{""invalid_B"": 0, ""invalid_q"": 0, ""weak_B_direction"": 0, ""weak_q_perp_for_phi"": 0, ""weak_r_perp_for_phi"": 0}",u,0.003448099938903616,32.0,0.38868397971913554,True
0.018953079357743263,0.0004996524075977504,0.847902238368988,1564,62.96824596572466,L640_sub00738,44.72573471069336,0.8476903438568115,0.9995003342628479,xi,6.0,0,"{""invalid_B"": 0, ""invalid_q"": 0, ""weak_B_direction"": 0, ""weak_q_perp_for_phi"": 0, ""weak_r_perp_for_phi"": 0}",u,0.006189118520753921,64.0,0.4284874765195208,True
0.018953079357743263,0.0004996524075977504,0.847902238368988,1524,125.193849689192,L640_sub00738,44.72573471069336,0.8476903438568115,0.9995003342628479,xi,6.0,0,"{""invalid_B"": 0, ""invalid_q"": 0, ""weak_B_direction"": 0, ""weak_q_perp_for_phi"": 0, ""weak_r_perp_for_phi"": 0}",u,0.02020944027783187,128.0,0.521906109635392,True
0.018953079357743263,0.0004996524075977504,0.847902238368988,2285,31.984371183438952,L640_sub00738,44.72573471069336,0.8476903438568115,0.9995003342628479,lambda,6.0,0,"{""invalid_B"": 0, ""invalid_q"": 0, ""weak_B_direction"": 0, ""weak_q_perp_for_phi"": 0, ""weak_r_perp_for_phi"": 0}",u,0.016911324529855675,32.0,0.5066362618300184,True
0.018953079357743263,0.0004996524075977504,0.847902238368988,2196,62.96824596572466,L640_sub00738,44.72573471069336,0.8476903438568115,0.9995003342628479,lambda,6.0,0,"{""invalid_B"": 0, ""invalid_q"": 0, ""weak_B_direction"": 0, ""weak_q_perp_for_phi"": 0, ""weak_r_perp_for_phi"": 0}",u,0.042494316380494224,64.0,0.5907292486237493,True
0.018953079357743263,0.0004996524075977504,0.847902238368988,2166,125.193849689192,L640_sub00738,44.72573471069336,0.8476903438568115,0.9995003342628479,lambda,6.0,0,"{""invalid_B"": 0, ""invalid_q"": 0, ""weak_B_direction"": 0, ""weak_q_perp_for_phi"": 0, ""weak_r_perp_for_phi"": 0}",u,0.03580725940398555,128.0,0.574110090983819,True
0.6099863052368164,0.20063647627830505,1.3618056774139404,1984,31.984371183438952,L640_sub01591,1.9960306882858276,1.217551350593567,0.7993635535240173,parallel,1.0,0,"{""invalid_B"": 0, ""invalid_q"": 0, ""weak_B_direction"": 0, ""weak_q_perp_for_phi"": 0, ""weak_r_perp_for_phi"": 0}",B,0.11922061031853276,32.0,0.11922061031853276,True
0.6099863052368164,0.20063647627830505,1.3618056774139404,2145,62.96824596572466,L640_sub01591,1.9960306882858276,1.217551350593567,0.7993635535240173,parallel,1.0,0,"{""invalid_B"": 0, ""invalid_q"": 0, ""weak_B_direction"": 0, ""weak_q_perp_for_phi"": 0, ""weak_r_perp_for_phi"": 0}",B,0.21442773677638238,64.0,0.21442773677638238,True
0.6099863052368164,0.20063647627830505,1.3618056774139404,2166,125.193849689192,L640_sub01591,1.9960306882858276,1.217551350593567,0.7993635535240173,parallel,1.0,0,"{""invalid_B"": 0, ""invalid_q"": 0, ""weak_B_direction"": 0, ""weak_q_perp_for_phi"": 0, ""weak_r_perp_for_phi"": 0}",B,0.36303307732141266,128.0,0.36303307732141266,True
0.6099863052368164,0.20063647627830505,1.3618056774139404,1300,31.984371183438952,L640_sub01591,1.9960306882858276,1.217551350593567,0.7993635535240173,xi,1.0,0,"{""invalid_B"": 0, ""invalid_q"": 0, ""weak_B_direction"": 0, ""weak_q_perp_for_phi"": 0, ""weak_r_perp_for_phi"": 0}",B,0.1923592977448391,32.0,0.1923592977448391,True
0.6099863052368164,0.20063647627830505,1.3618056774139404,1305,62.96824596572466,L640_sub01591,1.9960306882858276,1.217551350593567,0.7993635535240173,xi,1.0,0,"{""invalid_B"": 0, ""invalid_q"": 0, ""weak_B_direction"": 0, ""weak_q_perp_for_phi"": 0, ""weak_r_perp_for_phi"": 0}",B,0.2598766959698779,64.0,0.2598766959698779,True
0.6099863052368164,0.20063647627830505,1.3618056774139404,1364,125.193849689192,L640_sub01591,1.9960306882858276,1.217551350593567,0.7993635535240173,xi,1.0,0,"{""invalid_B"": 0, ""invalid_q"": 0, ""weak_B_direction"": 0, ""weak_q_perp_for_phi"": 0, ""weak_r_perp_for_phi"": 0}",B,0.41323811388290366,128.0,0.41323811388290366,True
0.6099863052368164,0.20063647627830505,1.3618056774139404,2407,31.984371183438952,L640_sub01591,1.9960306882858276,1.217551350593567,0.7993635535240173,lambda,1.0,0,"{""invalid_B"": 0, ""invalid_q"": 0, ""weak_B_direction"": 0, ""weak_q_perp_for_phi"": 0, ""weak_r_perp_for_phi"": 0}",B,0.27626438259443026,32.0,0.27626438259443026,True
0.6099863052368164,0.20063647627830505,1.3618056774139404,2403,62.96824596572466,L640_sub01591,1.9960306882858276,1.217551350593567,0.7993635535240173,lambda,1.0,0,"{""invalid_B"": 0, ""invalid_q"": 0, ""weak_B_direction"": 0, ""weak_q_perp_for_phi"": 0, ""weak_r_perp_for_phi"": 0}",B,0.39321322730036296,64.0,0.39321322730036296,True
0.6099863052368164,0.20063647627830505,1.3618056774139404,2396,125.193849689192,L640_sub01591,1.9960306882858276,1.217551350593567,0.7993635535240173,lambda,1.0,0,"{""invalid_B"": 0, ""invalid_q"": 0, ""weak_B_direction"": 0, ""weak_q_perp_for_phi"": 0, ""weak_r_perp_for_phi"": 0}",B,0.6148972729369044,128.0,0.6148972729369044,True
0.6099863052368164,0.20063647627830505,1.3618056774139404,1984,31.984371183438952,L640_sub01591,1.9960306882858276,1.217551350593567,0.7993635535240173,parallel,1.0,0,"{""invalid_B"": 0, ""invalid_q"": 0, ""weak_B_direction"": 0, ""weak_q_perp_for_phi"": 0, ""weak_r_perp_for_phi"": 0}",u,0.086693783162308,32.0,0.086693783162308,True
0.6099863052368164,0.20063647627830505,1.3618056774139404,2145,62.96824596572466,L640_sub01591,1.9960306882858276,1.217551350593567,0.7993635535240173,parallel,1.0,0,"{""invalid_B"": 0, ""invalid_q"": 0, ""weak_B_direction"": 0, ""weak_q_perp_for_phi"": 0, ""weak_r_perp_for_phi"": 0}",u,0.14364786445456248,64.0,0.14364786445456248,True
0.6099863052368164,0.20063647627830505,1.3618056774139404,2166,125.193849689192,L640_sub01591,1.9960306882858276,1.217551350593567,0.7993635535240173,parallel,1.0,0,"{""invalid_B"": 0, ""invalid_q"": 0, ""weak_B_direction"": 0, ""weak_q_perp_for_phi"": 0, ""weak_r_perp_for_phi"": 0}",u,0.20936594572838213,128.0,0.20936594572838213,True
0.6099863052368164,0.20063647627830505,1.3618056774139404,1567,31.984371183438952,L640_sub01591,1.9960306882858276,1.217551350593567,0.7993635535240173,xi,1.0,0,"{""invalid_B"": 0, ""invalid_q"": 0, ""weak_B_direction"": 0, ""weak_q_perp_for_phi"": 0, ""weak_r_perp_for_phi"": 0}",u,0.14210485102000162,32.0,0.14210485102000162,True
0.6099863052368164,0.20063647627830505,1.3618056774139404,1552,62.96824596572466,L640_sub01591,1.9960306882858276,1.217551350593567,0.7993635535240173,xi,1.0,0,"{""invalid_B"": 0, ""invalid_q"": 0, ""weak_B_direction"": 0, ""weak_q_perp_for_phi"": 0, ""weak_r_perp_for_phi"": 0}",u,0.17735986260346662,64.0,0.17735986260346662,True
0.6099863052368164,0.20063647627830505,1.3618056774139404,1620,125.193849689192,L640_sub01591,1.9960306882858276,1.217551350593567,0.7993635535240173,xi,1.0,0,"{""invalid_B"": 0, ""invalid_q"": 0, ""weak_B_direction"": 0, ""weak_q_perp_for_phi"": 0, ""weak_r_perp_for_phi"": 0}",u,0.23768244840270863,128.0,0.23768244840270863,True
0.6099863052368164,0.20063647627830505,1.3618056774139404,2214,31.984371183438952,L640_sub01591,1.9960306882858276,1.217551350593567,0.7993635535240173,lambda,1.0,0,"{""invalid_B"": 0, ""invalid_q"": 0, ""weak_B_direction"": 0, ""weak_q_perp_for_phi"": 0, ""weak_r_perp_for_phi"": 0}",u,0.17739712130989221,32.0,0.17739712130989221,True
0.6099863052368164,0.20063647627830505,1.3618056774139404,2104,62.96824596572466,L640_sub01591,1.9960306882858276,1.217551350593567,0.7993635535240173,lambda,1.0,0,"{""invalid_B"": 0, ""invalid_q"": 0, ""weak_B_direction"": 0, ""weak_q_perp_for_phi"": 0, ""weak_r_perp_for_phi"": 0}",u,0.22271567329536415,64.0,0.22271567329536415,True
0.6099863052368164,0.20063647627830505,1.3618056774139404,2035,125.193849689192,L640_sub01591,1.9960306882858276,1.217551350593567,0.7993635535240173,lambda,1.0,0,"{""invalid_B"": 0, ""invalid_q"": 0, ""weak_B_direction"": 0, ""weak_q_perp_for_phi"": 0, ""weak_r_perp_for_phi"": 0}",u,0.28295692696611935,128.0,0.28295692696611935,True
0.6099863052368164,0.20063647627830505,1.3618056774139404,1984,31.984371183438952,L640_sub01591,1.9960306882858276,1.217551350593567,0.7993635535240173,parallel,2.0,0,"{""invalid_B"": 0, ""invalid_q"": 0, ""weak_B_direction"": 0, ""weak_q_perp_for_phi"": 0, ""weak_r_perp_for_phi"": 0}",B,0.04334697919356793,32.0,0.2081993736627657,True
0.6099863052368164,0.20063647627830505,1.3618056774139404,2145,62.96824596572466,L640_sub01591,1.9960306882858276,1.217551350593567,0.7993635535240173,parallel,2.0,0,"{""invalid_B"": 0, ""invalid_q"": 0, ""weak_B_direction"": 0, ""weak_q_perp_for_phi"": 0, ""weak_r_perp_for_phi"": 0}",B,0.11933633435874567,64.0,0.34545091454321797,True
0.6099863052368164,0.20063647627830505,1.3618056774139404,2166,125.193849689192,L640_sub01591,1.9960306882858276,1.217551350593567,0.7993635535240173,parallel,2.0,0,"{""invalid_B"": 0, ""invalid_q"": 0, ""weak_B_direction"": 0, ""weak_q_perp_for_phi"": 0, ""weak_r_perp_for_phi"": 0}",B,0.29735058861869224,128.0,0.5452986233420108,True
0.6099863052368164,0.20063647627830505,1.3618056774139404,1300,31.984371183438952,L640_sub01591,1.9960306882858276,1.217551350593567,0.7993635535240173,xi,2.0,0,"{""invalid_B"": 0, ""invalid_q"": 0, ""weak_B_direction"": 0, ""weak_q_perp_for_phi"": 0, ""weak_r_perp_for_phi"": 0}",B,0.08604188168471372,32.0,0.29332896496035593,True
0.6099863052368164,0.20063647627830505,1.3618056774139404,1305,62.96824596572466,L640_sub01591,1.9960306882858276,1.217551350593567,0.7993635535240173,xi,2.0,0,"{""invalid_B"": 0, ""invalid_q"": 0, ""weak_B_direction"": 0, ""weak_q_perp_for_phi"": 0, ""weak_r_perp_for_phi"": 0}",B,0.12894086539682034,64.0,0.3590833683099516,True
0.6099863052368164,0.20063647627830505,1.3618056774139404,1364,125.193849689192,L640_sub01591,1.9960306882858276,1.217551350593567,0.7993635535240173,xi,2.0,0,"{""invalid_B"": 0, ""invalid_q"": 0, ""weak_B_direction"": 0, ""weak_q_perp_for_phi"": 0, ""weak_r_perp_for_phi"": 0}",B,0.3034590247001679,128.0,0.5508711507241669,True
0.6099863052368164,0.20063647627830505,1.3618056774139404,2407,31.984371183438952,L640_sub01591,1.9960306882858276,1.217551350593567,0.7993635535240173,lambda,2.0,0,"{""invalid_B"": 0, ""invalid_q"": 0, ""weak_B_direction"": 0, ""weak_q_perp_for_phi"": 0, ""weak_r_perp_for_phi"": 0}",B,0.15783397503800972,32.0,0.3972832428356496,True
0.6099863052368164,0.20063647627830505,1.3618056774139404,2403,62.96824596572466,L640_sub01591,1.9960306882858276,1.217551350593567,0.7993635535240173,lambda,2.0,0,"{""invalid_B"": 0, ""invalid_q"": 0, ""weak_B_direction"": 0, ""weak_q_perp_for_phi"": 0, ""weak_r_perp_for_phi"": 0}",B,0.30455541835219224,64.0,0.5518653987633146,True
0.6099863052368164,0.20063647627830505,1.3618056774139404,2396,125.193849689192,L640_sub01591,1.9960306882858276,1.217551350593567,0.7993635535240173,lambda,2.0,0,"{""invalid_B"": 0, ""invalid_q"": 0, ""weak_B_direction"": 0, ""weak_q_perp_for_phi"": 0, ""weak_r_perp_for_phi"": 0}",B,0.693124813500173,128.0,0.8325411782609753,True
0.6099863052368164,0.20063647627830505,1.3618056774139404,1984,31.984371183438952,L640_sub01591,1.9960306882858276,1.217551350593567,0.7993635535240173,parallel,2.0,0,"{""invalid_B"": 0, ""invalid_q"": 0, ""weak_B_direction"": 0, ""weak_q_perp_for_phi"": 0, ""weak_r_perp_for_phi"": 0}",u,0.020342570880949627,32.0,0.14262738475113967,True
0.6099863052368164,0.20063647627830505,1.3618056774139404,2145,62.96824596572466,L640_sub01591,1.9960306882858276,1.217551350593567,0.7993635535240173,parallel,2.0,0,"{""invalid_B"": 0, ""invalid_q"": 0, ""weak_B_direction"": 0, ""weak_q_perp_for_phi"": 0, ""weak_r_perp_for_phi"": 0}",u,0.04917315096496917,64.0,0.2217501994699648,True
0.6099863052368164,0.20063647627830505,1.3618056774139404,2166,125.193849689192,L640_sub01591,1.9960306882858276,1.217551350593567,0.7993635535240173,parallel,2.0,0,"{""invalid_B"": 0, ""invalid_q"": 0, ""weak_B_direction"": 0, ""weak_q_perp_for_phi"": 0, ""weak_r_perp_for_phi"": 0}",u,0.0921981878321711,128.0,0.30364154497066287,True
0.6099863052368164,0.20063647627830505,1.3618056774139404,1567,31.984371183438952,L640_sub01591,1.9960306882858276,1.217551350593567,0.7993635535240173,xi,2.0,0,"{""invalid_B"": 0, ""invalid_q"": 0, ""weak_B_direction"": 0, ""weak_q_perp_for_phi"": 0, ""weak_r_perp_for_phi"": 0}",u,0.04084883338300161,32.0,0.20211094325395054,True
0.6099863052368164,0.20063647627830505,1.3618056774139404,1552,62.96824596572466,L640_sub01591,1.9960306882858276,1.217551350593567,0.7993635535240173,xi,2.0,0,"{""invalid_B"": 0, ""invalid_q"": 0, ""weak_B_direction"": 0, ""weak_q_perp_for_phi"": 0, ""weak_r_perp_for_phi"": 0}",u,0.06317138703008998,64.0,0.2513391872153843,True
0.6099863052368164,0.20063647627830505,1.3618056774139404,1620,125.193849689192,L640_sub01591,1.9960306882858276,1.217551350593567,0.7993635535240173,xi,2.0,0,"{""invalid_B"": 0, ""invalid_q"": 0, ""weak_B_direction"": 0, ""weak_q_perp_for_phi"": 0, ""weak_r_perp_for_phi"": 0}",u,0.10616484364129017,128.0,0.32582947018538727,True
0.6099863052368164,0.20063647627830505,1.3618056774139404,2214,31.984371183438952,L640_sub01591,1.9960306882858276,1.217551350593567,0.7993635535240173,lambda,2.0,0,"{""invalid_B"": 0, ""invalid_q"": 0, ""weak_B_direction"": 0, ""weak_q_perp_for_phi"": 0, ""weak_r_perp_for_phi"": 0}",u,0.060459841982829825,32.0,0.24588583119576007,True
0.6099863052368164,0.20063647627830505,1.3618056774139404,2104,62.96824596572466,L640_sub01591,1.9960306882858276,1.217551350593567,0.7993635535240173,lambda,2.0,0,"{""invalid_B"": 0, ""invalid_q"": 0, ""weak_B_direction"": 0, ""weak_q_perp_for_phi"": 0, ""weak_r_perp_for_phi"": 0}",u,0.0982257222730579,64.0,0.3134098311684844,True
0.6099863052368164,0.20063647627830505,1.3618056774139404,2035,125.193849689192,L640_sub01591,1.9960306882858276,1.217551350593567,0.7993635535240173,lambda,2.0,0,"{""invalid_B"": 0, ""invalid_q"": 0, ""weak_B_direction"": 0, ""weak_q_perp_for_phi"": 0, ""weak_r_perp_for_phi"": 0}",u,0.155446202075138,128.0,0.3942666636619662,True
0.6099863052368164,0.20063647627830505,1.3618056774139404,1984,31.984371183438952,L640_sub01591,1.9960306882858276,1.217551350593567,0.7993635535240173,parallel,3.0,0,"{""invalid_B"": 0, ""invalid_q"": 0, ""weak_B_direction"": 0, ""weak_q_perp_for_phi"": 0, ""weak_r_perp_for_phi"": 0}",B,0.04153750718189465,32.0,0.3463220496600345,True
0.6099863052368164,0.20063647627830505,1.3618056774139404,2145,62.96824596572466,L640_sub01591,1.9960306882858276,1.217551350593567,0.7993635535240173,parallel,3.0,0,"{""invalid_B"": 0, ""invalid_q"": 0, ""weak_B_direction"": 0, ""weak_q_perp_for_phi"": 0, ""weak_r_perp_for_phi"": 0}",B,0.1410038702426535,64.0,0.5204875484582137,True
0.6099863052368164,0.20063647627830505,1.3618056774139404,2166,125.193849689192,L640_sub01591,1.9960306882858276,1.217551350593567,0.7993635535240173,parallel,3.0,0,"{""invalid_B"": 0, ""invalid_q"": 0, ""weak_B_direction"": 0, ""weak_q_perp_for_phi"": 0, ""weak_r_perp_for_phi"": 0}",B,0.4243466830420989,128.0,0.7514618498706777,True
0.6099863052368164,0.20063647627830505,1.3618056774139404,1300,31.984371183438952,L640_sub01591,1.9960306882858276,1.217551350593567,0.7993635535240173,xi,3.0,0,"{""invalid_B"": 0, ""invalid_q"": 0, ""weak_B_direction"": 0, ""weak_q_perp_for_phi"": 0, ""weak_r_perp_for_phi"": 0}",B,0.08055710729739853,32.0,0.43188483458716326,True
0.6099863052368164,0.20063647627830505,1.3618056774139404,1305,62.96824596572466,L640_sub01591,1.9960306882858276,1.217551350593567,0.7993635535240173,xi,3.0,0,"{""invalid_B"": 0, ""invalid_q"": 0, ""weak_B_direction"": 0, ""weak_q_perp_for_phi"": 0, ""weak_r_perp_for_phi"": 0}",B,0.10495074480136765,64.0,0.4716956179369205,True
0.6099863052368164,0.20063647627830505,1.3618056774139404,1364,125.193849689192,L640_sub01591,1.9960306882858276,1.217551350593567,0.7993635535240173,xi,3.0,0,"{""invalid_B"": 0, ""invalid_q"": 0, ""weak_B_direction"": 0, ""weak_q_perp_for_phi"": 0, ""weak_r_perp_for_phi"": 0}",B,0.33347436283675064,128.0,0.6934590449596009,True
0.6099863052368164,0.20063647627830505,1.3618056774139404,2407,31.984371183438952,L640_sub01591,1.9960306882858276,1.217551350593567,0.7993635535240173,lambda,3.0,0,"{""invalid_B"": 0, ""invalid_q"": 0, ""weak_B_direction"": 0, ""weak_q_perp_for_phi"": 0, ""weak_r_perp_for_phi"": 0}",B,0.1573897475170064,32.0,0.5399151072732541,True
0.6099863052368164,0.20063647627830505,1.3618056774139404,2403,62.96824596572466,L640_sub01591,1.9960306882858276,1.217551350593567,0.7993635535240173,lambda,3.0,0,"{""invalid_B"": 0, ""invalid_q"": 0, ""weak_B_direction"": 0, ""weak_q_perp_for_phi"": 0, ""weak_r_perp_for_phi"": 0}",B,0.38337429428891895,64.0,0.7264532368406954,True
0.6099863052368164,0.20063647627830505,1.3618056774139404,2396,125.193849689192,L640_sub01591,1.9960306882858276,1.217551350593567,0.7993635535240173,lambda,3.0,0,"{""invalid_B"": 0, ""invalid_q"": 0, ""weak_B_direction"": 0, ""weak_q_perp_for_phi"": 0, ""weak_r_perp_for_phi"": 0}",B,1.1335789205740991,128.0,1.042678904885028,True
0.6099863052368164,0.20063647627830505,1.3618056774139404,1984,31.984371183438952,L640_sub01591,1.9960306882858276,1.217551350593567,0.7993635535240173,parallel,3.0,0,"{""invalid_B"": 0, ""invalid_q"": 0, ""weak_B_direction"": 0, ""weak_q_perp_for_phi"": 0, ""weak_r_perp_for_phi"": 0}",u,0.011272389668277615,32.0,0.2242187864771317,True
0.6099863052368164,0.20063647627830505,1.3618056774139404,2145,62.96824596572466,L640_sub01591,1.9960306882858276,1.217551350593567,0.7993635535240173,parallel,3.0,0,"{""invalid_B"": 0, ""invalid_q"": 0, ""weak_B_direction"": 0, ""weak_q_perp_for_phi"": 0, ""weak_r_perp_for_phi"": 0}",u,0.029395633367657003,64.0,0.3086225159256762,True
0.6099863052368164,0.20063647627830505,1.3618056774139404,2166,125.193849689192,L640_sub01591,1.9960306882858276,1.217551350593567,0.7993635535240173,parallel,3.0,0,"{""invalid_B"": 0, ""invalid_q"": 0, ""weak_B_direction"": 0, ""weak_q_perp_for_phi"": 0, ""weak_r_perp_for_phi"": 0}",u,0.06529331635200922,128.0,0.4026764605213245,True
0.6099863052368164,0.20063647627830505,1.3618056774139404,1567,31.984371183438952,L640_sub01591,1.9960306882858276,1.217551350593567,0.7993635535240173,xi,3.0,0,"{""invalid_B"": 0, ""invalid_q"": 0, ""weak_B_direction"": 0, ""weak_q_perp_for_phi"": 0, ""weak_r_perp_for_phi"": 0}",u,0.020154164684309334,32.0,0.2721374228280287,True
0.6099863052368164,0.20063647627830505,1.3618056774139404,1552,62.96824596572466,L640_sub01591,1.9960306882858276,1.217551350593567,0.7993635535240173,xi,3.0,0,"{""invalid_B"": 0, ""invalid_q"": 0, ""weak_B_direction"": 0, ""weak_q_perp_for_phi"": 0, ""weak_r_perp_for_phi"": 0}",u,0.04075227170585053,64.0,0.34412583199108215,True
0.6099863052368164,0.20063647627830505,1.3618056774139404,1620,125.193849689192,L640_sub01591,1.9960306882858276,1.217551350593567,0.7993635535240173,xi,3.0,0,"{""invalid_B"": 0, ""invalid_q"": 0, ""weak_B_direction"": 0, ""weak_q_perp_for_phi"": 0, ""weak_r_perp_for_phi"": 0}",u,0.07318755868451214,128.0,0.4182915456589565,True
0.6099863052368164,0.20063647627830505,1.3618056774139404,2214,31.984371183438952,L640_sub01591,1.9960306882858276,1.217551350593567,0.7993635535240173,lambda,3.0,0,"{""invalid_B"": 0, ""invalid_q"": 0, ""weak_B_direction"": 0, ""weak_q_perp_for_phi"": 0, ""weak_r_perp_for_phi"": 0}",u,0.03222045648819811,32.0,0.31820761098465056,True
0.6099863052368164,0.20063647627830505,1.3618056774139404,2104,62.96824596572466,L640_sub01591,1.9960306882858276,1.217551350593567,0.7993635535240173,lambda,3.0,0,"{""invalid_B"": 0, ""invalid_q"": 0, ""weak_B_direction"": 0, ""weak_q_perp_for_phi"": 0, ""weak_r_perp_for_phi"": 0}",u,0.0665746713222785,64.0,0.4052935357590767,True
0.6099863052368164,0.20063647627830505,1.3618056774139404,2035,125.193849689192,L640_sub01591,1.9960306882858276,1.217551350593567,0.7993635535240173,lambda,3.0,0,"{""invalid_B"": 0, ""invalid_q"": 0, ""weak_B_direction"": 0, ""weak_q_perp_for_phi"": 0, ""weak_r_perp_for_phi"": 0}",u,0.12908493553772318,128.0,0.5053883044759272,True
0.6099863052368164,0.20063647627830505,1.3618056774139404,1984,31.984371183438952,L640_sub01591,1.9960306882858276,1.217551350593567,0.7993635535240173,parallel,4.0,0,"{""invalid_B"": 0, ""invalid_q"": 0, ""weak_B_direction"": 0, ""weak_q_perp_for_phi"": 0, ""weak_r_perp_for_phi"": 0}",B,0.06226335228498748,32.0,0.49952603105609666,True
0.6099863052368164,0.20063647627830505,1.3618056774139404,2145,62.96824596572466,L640_sub01591,1.9960306882858276,1.217551350593567,0.7993635535240173,parallel,4.0,0,"{""invalid_B"": 0, ""invalid_q"": 0, ""weak_B_direction"": 0, ""weak_q_perp_for_phi"": 0, ""weak_r_perp_for_phi"": 0}",B,0.2305451651190684,64.0,0.6929294263161955,True
0.6099863052368164,0.20063647627830505,1.3618056774139404,2166,125.193849689192,L640_sub01591,1.9960306882858276,1.217551350593567,0.7993635535240173,parallel,4.0,0,"{""invalid_B"": 0, ""invalid_q"": 0, ""weak_B_direction"": 0, ""weak_q_perp_for_phi"": 0, ""weak_r_perp_for_phi"": 0}",B,0.7684387121661477,128.0,0.9362725890528273,True
0.6099863052368164,0.20063647627830505,1.3618056774139404,1300,31.984371183438952,L640_sub01591,1.9960306882858276,1.217551350593567,0.7993635535240173,xi,4.0,0,"{""invalid_B"": 0, ""invalid_q"": 0, ""weak_B_direction"": 0, ""weak_q_perp_for_phi"": 0, ""weak_r_perp_for_phi"": 0}",B,0.11311855654475234,32.0,0.5799405333957146,True
0.6099863052368164,0.20063647627830505,1.3618056774139404,1305,62.96824596572466,L640_sub01591,1.9960306882858276,1.217551350593567,0.7993635535240173,xi,4.0,0,"{""invalid_B"": 0, ""invalid_q"": 0, ""weak_B_direction"": 0, ""weak_q_perp_for_phi"": 0, ""weak_r_perp_for_phi"": 0}",B,0.11381341361910967,64.0,0.5808290941282148,True
0.6099863052368164,0.20063647627830505,1.3618056774139404,1364,125.193849689192,L640_sub01591,1.9960306882858276,1.217551350593567,0.7993635535240173,xi,4.0,0,"{""invalid_B"": 0, ""invalid_q"": 0, ""weak_B_direction"": 0, ""weak_q_perp_for_phi"": 0, ""weak_r_perp_for_phi"": 0}",B,0.46478419272074484,128.0,0.8256820386268151,True
0.6099863052368164,0.20063647627830505,1.3618056774139404,2407,31.984371183438952,L640_sub01591,1.9960306882858276,1.217551350593567,0.7993635535240173,lambda,4.0,0,"{""invalid_B"": 0, ""invalid_q"": 0, ""weak_B_direction"": 0, ""weak_q_perp_for_phi"": 0, ""weak_r_perp_for_phi"": 0}",B,0.2180727639897982,32.0,0.6833612634382257,True
0.6099863052368164,0.20063647627830505,1.3618056774139404,2403,62.96824596572466,L640_sub01591,1.9960306882858276,1.217551350593567,0.7993635535240173,lambda,4.0,0,"{""invalid_B"": 0, ""invalid_q"": 0, ""weak_B_direction"": 0, ""weak_q_perp_for_phi"": 0, ""weak_r_perp_for_phi"": 0}",B,0.6475938791517426,64.0,0.8970686587568706,True
0.6099863052368164,0.20063647627830505,1.3618056774139404,2396,125.193849689192,L640_sub01591,1.9960306882858276,1.217551350593567,0.7993635535240173,lambda,4.0,0,"{""invalid_B"": 0, ""invalid_q"": 0, ""weak_B_direction"": 0, ""weak_q_perp_for_phi"": 0, ""weak_r_perp_for_phi"": 0}",B,2.2631040769518047,128.0,1.226524228957934,True
0.6099863052368164,0.20063647627830505,1.3618056774139404,1984,31.984371183438952,L640_sub01591,1.9960306882858276,1.217551350593567,0.7993635535240173,parallel,4.0,0,"{""invalid_B"": 0, ""invalid_q"": 0, ""weak_B_direction"": 0, ""weak_q_perp_for_phi"": 0, ""weak_r_perp_for_phi"": 0}",u,0.011670902689627857,32.0,0.3286821445862945,True
0.6099863052368164,0.20063647627830505,1.3618056774139404,2145,62.96824596572466,L640_sub01591,1.9960306882858276,1.217551350593567,0.7993635535240173,parallel,4.0,0,"{""invalid_B"": 0, ""invalid_q"": 0, ""weak_B_direction"": 0, ""weak_q_perp_for_phi"": 0, ""weak_r_perp_for_phi"": 0}",u,0.02333622053669189,64.0,0.39084776251662096,True
0.6099863052368164,0.20063647627830505,1.3618056774139404,2166,125.193849689192,L640_sub01591,1.9960306882858276,1.217551350593567,0.7993635535240173,parallel,4.0,0,"{""invalid_B"": 0, ""invalid_q"": 0, ""weak_B_direction"": 0, ""weak_q_perp_for_phi"": 0, ""weak_r_perp_for_phi"": 0}",u,0.0605557193426619,128.0,0.49606523475131376,True
0.6099863052368164,0.20063647627830505,1.3618056774139404,1567,31.984371183438952,L640_sub01591,1.9960306882858276,1.217551350593567,0.7993635535240173,xi,4.0,0,"{""invalid_B"": 0, ""invalid_q"": 0, ""weak_B_direction"": 0, ""weak_q_perp_for_phi"": 0, ""weak_r_perp_for_phi"": 0}",u,0.01402620407968377,32.0,0.3441399080934581,True
0.6099863052368164,0.20063647627830505,1.3618056774139404,1552,62.96824596572466,L640_sub01591,1.9960306882858276,1.217551350593567,0.7993635535240173,xi,4.0,0,"{""invalid_B"": 0, ""invalid_q"": 0, ""weak_B_direction"": 0, ""weak_q_perp_for_phi"": 0, ""weak_r_perp_for_phi"": 0}",u,0.03842414308447212,64.0,0.44274233146827274,True
0.6099863052368164,0.20063647627830505,1.3618056774139404,1620,125.193849689192,L640_sub01591,1.9960306882858276,1.217551350593567,0.7993635535240173,xi,4.0,0,"{""invalid_B"": 0, ""invalid_q"": 0, ""weak_B_direction"": 0, ""weak_q_perp_for_phi"": 0, ""weak_r_perp_for_phi"": 0}",u,0.0651426597148569,128.0,0.5052035243888569,True
0.6099863052368164,0.20063647627830505,1.3618056774139404,2214,31.984371183438952,L640_sub01591,1.9960306882858276,1.217551350593567,0.7993635535240173,lambda,4.0,0,"{""invalid_B"": 0, ""invalid_q"": 0, ""weak_B_direction"": 0, ""weak_q_perp_for_phi"": 0, ""weak_r_perp_for_phi"": 0}",u,0.022956268738869804,32.0,0.3892470456972943,True
0.6099863052368164,0.20063647627830505,1.3618056774139404,2104,62.96824596572466,L640_sub01591,1.9960306882858276,1.217551350593567,0.7993635535240173,lambda,4.0,0,"{""invalid_B"": 0, ""invalid_q"": 0, ""weak_B_direction"": 0, ""weak_q_perp_for_phi"": 0, ""weak_r_perp_for_phi"": 0}",u,0.05730734422039962,64.0,0.4892744874205383,True
0.6099863052368164,0.20063647627830505,1.3618056774139404,2035,125.193849689192,L640_sub01591,1.9960306882858276,1.217551350593567,0.7993635535240173,lambda,4.0,0,"{""invalid_B"": 0, ""invalid_q"": 0, ""weak_B_direction"": 0, ""weak_q_perp_for_phi"": 0, ""weak_r_perp_for_phi"": 0}",u,0.13569276744061062,128.0,0.6069307968364784,True
0.6099863052368164,0.20063647627830505,1.3618056774139404,1984,31.984371183438952,L640_sub01591,1.9960306882858276,1.217551350593567,0.7993635535240173,parallel,5.0,0,"{""invalid_B"": 0, ""invalid_q"": 0, ""weak_B_direction"": 0, ""weak_q_perp_for_phi"": 0, ""weak_r_perp_for_phi"": 0}",B,0.11157806482369756,32.0,0.6449347306982738,True
0.6099863052368164,0.20063647627830505,1.3618056774139404,2145,62.96824596572466,L640_sub01591,1.9960306882858276,1.217551350593567,0.7993635535240173,parallel,5.0,0,"{""invalid_B"": 0, ""invalid_q"": 0, ""weak_B_direction"": 0, ""weak_q_perp_for_phi"": 0, ""weak_r_perp_for_phi"": 0}",B,0.4265349125520963,64.0,0.8433171199863236,True
0.6099863052368164,0.20063647627830505,1.3618056774139404,2166,125.193849689192,L640_sub01591,1.9960306882858276,1.217551350593567,0.7993635535240173,parallel,5.0,0,"{""invalid_B"": 0, ""invalid_q"": 0, ""weak_B_direction"": 0, ""weak_q_perp_for_phi"": 0, ""weak_r_perp_for_phi"": 0}",B,1.5393044717814641,128.0,1.0900964020095552,True
0.6099863052368164,0.20063647627830505,1.3618056774139404,1300,31.984371183438952,L640_sub01591,1.9960306882858276,1.217551350593567,0.7993635535240173,xi,5.0,0,"{""invalid_B"": 0, ""invalid_q"": 0, ""weak_B_direction"": 0, ""weak_q_perp_for_phi"": 0, ""weak_r_perp_for_phi"": 0}",B,0.18883432482492646,32.0,0.7164999888213135,True
0.6099863052368164,0.20063647627830505,1.3618056774139404,1305,62.96824596572466,L640_sub01591,1.9960306882858276,1.217551350593567,0.7993635535240173,xi,5.0,0,"{""invalid_B"": 0, ""invalid_q"": 0, ""weak_B_direction"": 0, ""weak_q_perp_for_phi"": 0, ""weak_r_perp_for_phi"": 0}",B,0.14292279199290372,64.0,0.6776731803549574,True
0.6099863052368164,0.20063647627830505,1.3618056774139404,1364,125.193849689192,L640_sub01591,1.9960306882858276,1.217551350593567,0.7993635535240173,xi,5.0,0,"{""invalid_B"": 0, ""invalid_q"": 0, ""weak_B_direction"": 0, ""weak_q_perp_for_phi"": 0, ""weak_r_perp_for_phi"": 0}",B,0.7406991344697789,128.0,0.9417342539880648,True
0.6099863052368164,0.20063647627830505,1.3618056774139404,2407,31.984371183438952,L640_sub01591,1.9960306882858276,1.217551350593567,0.7993635535240173,lambda,5.0,0,"{""invalid_B"": 0, ""invalid_q"": 0, ""weak_B_direction"": 0, ""weak_q_perp_for_phi"": 0, ""weak_r_perp_for_phi"": 0}",B,0.35798918260151924,32.0,0.8142803989454491,True
0.6099863052368164,0.20063647627830505,1.3618056774139404,2403,62.96824596572466,L640_sub01591,1.9960306882858276,1.217551350593567,0.7993635535240173,lambda,5.0,0,"{""invalid_B"": 0, ""invalid_q"": 0, ""weak_B_direction"": 0, ""weak_q_perp_for_phi"": 0, ""weak_r_perp_for_phi"": 0}",B,1.2860386120153846,64.0,1.0516005428133595,True
0.6099863052368164,0.20063647627830505,1.3618056774139404,2396,125.193849689192,L640_sub01591,1.9960306882858276,1.217551350593567,0.7993635535240173,lambda,5.0,0,"{""invalid_B"": 0, ""invalid_q"": 0, ""weak_B_direction"": 0, ""weak_q_perp_for_phi"": 0, ""weak_r_perp_for_phi"": 0}",B,5.03657077375534,128.0,1.381742093598249,True
0.6099863052368164,0.20063647627830505,1.3618056774139404,1984,31.984371183438952,L640_sub01591,1.9960306882858276,1.217551350593567,0.7993635535240173,parallel,5.0,0,"{""invalid_B"": 0, ""invalid_q"": 0, ""weak_B_direction"": 0, ""weak_q_perp_for_phi"": 0, ""weak_r_perp_for_phi"": 0}",u,0.01714896372894961,32.0,0.44345297863124944,True
0.6099863052368164,0.20063647627830505,1.3618056774139404,2145,62.96824596572466,L640_sub01591,1.9960306882858276,1.217551350593567,0.7993635535240173,parallel,5.0,0,"{""invalid_B"": 0, ""invalid_q"": 0, ""weak_B_direction"": 0, ""weak_q_perp_for_phi"": 0, ""weak_r_perp_for_phi"": 0}",u,0.02142047476709022,64.0,0.4636239027230565,True
0.6099863052368164,0.20063647627830505,1.3618056774139404,2166,125.193849689192,L640_sub01591,1.9960306882858276,1.217551350593567,0.7993635535240173,parallel,5.0,0,"{""invalid_B"": 0, ""invalid_q"": 0, ""weak_B_direction"": 0, ""weak_q_perp_for_phi"": 0, ""weak_r_perp_for_phi"": 0}",u,0.06604529842304095,128.0,0.5807221367505909,True
0.6099863052368164,0.20063647627830505,1.3618056774139404,1567,31.984371183438952,L640_sub01591,1.9960306882858276,1.217551350593567,0.7993635535240173,xi,5.0,0,"{""invalid_B"": 0, ""invalid_q"": 0, ""weak_B_direction"": 0, ""weak_q_perp_for_phi"": 0, ""weak_r_perp_for_phi"": 0}",u,0.011895498315169974,32.0,0.4121701420843016,True
0.6099863052368164,0.20063647627830505,1.3618056774139404,1552,62.96824596572466,L640_sub01591,1.9960306882858276,1.217551350593567,0.7993635535240173,xi,5.0,0,"{""invalid_B"": 0, ""invalid_q"": 0, ""weak_B_direction"": 0, ""weak_q_perp_for_phi"": 0, ""weak_r_perp_for_phi"": 0}",u,0.044225189454704834,64.0,0.5359619276099449,True
0.6099863052368164,0.20063647627830505,1.3618056774139404,1620,125.193849689192,L640_sub01591,1.9960306882858276,1.217551350593567,0.7993635535240173,xi,5.0,0,"{""invalid_B"": 0, ""invalid_q"": 0, ""weak_B_direction"": 0, ""weak_q_perp_for_phi"": 0, ""weak_r_perp_for_phi"": 0}",u,0.06742466451391645,128.0,0.5831278166453043,True
0.6099863052368164,0.20063647627830505,1.3618056774139404,2214,31.984371183438952,L640_sub01591,1.9960306882858276,1.217551350593567,0.7993635535240173,lambda,5.0,0,"{""invalid_B"": 0, ""invalid_q"": 0, ""weak_B_direction"": 0, ""weak_q_perp_for_phi"": 0, ""weak_r_perp_for_phi"": 0}",u,0.01989170158805546,32.0,0.45680872161524533,True
0.6099863052368164,0.20063647627830505,1.3618056774139404,2104,62.96824596572466,L640_sub01591,1.9960306882858276,1.217551350593567,0.7993635535240173,lambda,5.0,0,"{""invalid_B"": 0, ""invalid_q"": 0, ""weak_B_direction"": 0, ""weak_q_perp_for_phi"": 0, ""weak_r_perp_for_phi"": 0}",u,0.05692100088235141,64.0,0.5637083989193759,True
0.6099863052368164,0.20063647627830505,1.3618056774139404,2035,125.193849689192,L640_sub01591,1.9960306882858276,1.217551350593567,0.7993635535240173,lambda,5.0,0,"{""invalid_B"": 0, ""invalid_q"": 0, ""weak_B_direction"": 0, ""weak_q_perp_for_phi"": 0, ""weak_r_perp_for_phi"": 0}",u,0.16431965936003862,128.0,0.6968477549272757,True
0.6099863052368164,0.20063647627830505,1.3618056774139404,1984,31.984371183438952,L640_sub01591,1.9960306882858276,1.217551350593567,0.7993635535240173,parallel,6.0,0,"{""invalid_B"": 0, ""invalid_q"": 0, ""weak_B_direction"": 0, ""weak_q_perp_for_phi"": 0, ""weak_r_perp_for_phi"": 0}",B,0.2180588282938135,32.0,0.7758223363559583,True
0.6099863052368164,0.20063647627830505,1.3618056774139404,2145,62.96824596572466,L640_sub01591,1.9960306882858276,1.217551350593567,0.7993635535240173,parallel,6.0,0,"{""invalid_B"": 0, ""invalid_q"": 0, ""weak_B_direction"": 0, ""weak_q_perp_for_phi"": 0, ""weak_r_perp_for_phi"": 0}",B,0.8365492690127686,64.0,0.970693051154562,True
0.6099863052368164,0.20063647627830505,1.3618056774139404,2166,125.193849689192,L640_sub01591,1.9960306882858276,1.217551350593567,0.7993635535240173,parallel,6.0,0,"{""invalid_B"": 0, ""invalid_q"": 0, ""weak_B_direction"": 0, ""weak_q_perp_for_phi"": 0, ""weak_r_perp_for_phi"": 0}",B,3.2559326668083806,128.0,1.2174353346820432,True
0.6099863052368164,0.20063647627830505,1.3618056774139404,1300,31.984371183438952,L640_sub01591,1.9960306882858276,1.217551350593567,0.7993635535240173,xi,6.0,0,"{""invalid_B"": 0, ""invalid_q"": 0, ""weak_B_direction"": 0, ""weak_q_perp_for_phi"": 0, ""weak_r_perp_for_phi"": 0}",B,0.3413416409178192,32.0,0.835984474462692,True
0.6099863052368164,0.20063647627830505,1.3618056774139404,1305,62.96824596572466,L640_sub01591,1.9960306882858276,1.217551350593567,0.7993635535240173,xi,6.0,0,"{""invalid_B"": 0, ""invalid_q"": 0, ""weak_B_direction"": 0, ""weak_q_perp_for_phi"": 0, ""weak_r_perp_for_phi"": 0}",B,0.19436980134662835,64.0,0.761093708312034,True
0.6099863052368164,0.20063647627830505,1.3618056774139404,1364,125.193849689192,L640_sub01591,1.9960306882858276,1.217551350593567,0.7993635535240173,xi,6.0,0,"{""invalid_B"": 0, ""invalid_q"": 0, ""weak_B_direction"": 0, ""weak_q_perp_for_phi"": 0, ""weak_r_perp_for_phi"": 0}",B,1.278736426069716,128.0,1.041829953092924,True
0.6099863052368164,0.20063647627830505,1.3618056774139404,2407,31.984371183438952,L640_sub01591,1.9960306882858276,1.217551350593567,0.7993635535240173,lambda,6.0,0,"{""invalid_B"": 0, ""invalid_q"": 0, ""weak_B_direction"": 0, ""weak_q_perp_for_phi"": 0, ""weak_r_perp_for_phi"": 0}",B,0.643892696744942,32.0,0.9292564477949338,True
0.6099863052368164,0.20063647627830505,1.3618056774139404,2403,62.96824596572466,L640_sub01591,1.9960306882858276,1.217551350593567,0.7993635535240173,lambda,6.0,0,"{""invalid_B"": 0, ""invalid_q"": 0, ""weak_B_direction"": 0, ""weak_q_perp_for_phi"": 0, ""weak_r_perp_for_phi"": 0}",B,2.793161247218695,64.0,1.186722931970198,True
0.6099863052368164,0.20063647627830505,1.3618056774139404,2396,125.193849689192,L640_sub01591,1.9960306882858276,1.217551350593567,0.7993635535240173,lambda,6.0,0,"{""invalid_B"": 0, ""invalid_q"": 0, ""weak_B_direction"": 0, ""weak_q_perp_for_phi"": 0, ""weak_r_perp_for_phi"": 0}",B,11.955609508198933,128.0,1.5121514385677797,True
0.6099863052368164,0.20063647627830505,1.3618056774139404,1984,31.984371183438952,L640_sub01591,1.9960306882858276,1.217551350593567,0.7993635535240173,parallel,6.0,0,"{""invalid_B"": 0, ""invalid_q"": 0, ""weak_B_direction"": 0, ""weak_q_perp_for_phi"": 0, ""weak_r_perp_for_phi"": 0}",u,0.029507800948666417,32.0,0.5558907842253581,True
0.6099863052368164,0.20063647627830505,1.3618056774139404,2145,62.96824596572466,L640_sub01591,1.9960306882858276,1.217551350593567,0.7993635535240173,parallel,6.0,0,"{""invalid_B"": 0, ""invalid_q"": 0, ""weak_B_direction"": 0, ""weak_q_perp_for_phi"": 0, ""weak_r_perp_for_phi"": 0}",u,0.021348846899605096,64.0,0.5266988908415913,True
0.6099863052368164,0.20063647627830505,1.3618056774139404,2166,125.193849689192,L640_sub01591,1.9960306882858276,1.217551350593567,0.7993635535240173,parallel,6.0,0,"{""invalid_B"": 0, ""invalid_q"": 0, ""weak_B_direction"": 0, ""weak_q_perp_for_phi"": 0, ""weak_r_perp_for_phi"": 0}",u,0.08015460566084853,128.0,0.6566310475099548,True
0.6099863052368164,0.20063647627830505,1.3618056774139404,1567,31.984371183438952,L640_sub01591,1.9960306882858276,1.217551350593567,0.7993635535240173,xi,6.0,0,"{""invalid_B"": 0, ""invalid_q"": 0, ""weak_B_direction"": 0, ""weak_q_perp_for_phi"": 0, ""weak_r_perp_for_phi"": 0}",u,0.011337827397658757,32.0,0.4739744961030999,True
0.6099863052368164,0.20063647627830505,1.3618056774139404,1552,62.96824596572466,L640_sub01591,1.9960306882858276,1.217551350593567,0.7993635535240173,xi,6.0,0,"{""invalid_B"": 0, ""invalid_q"": 0, ""weak_B_direction"": 0, ""weak_q_perp_for_phi"": 0, ""weak_r_perp_for_phi"": 0}",u,0.05646653073065869,64.0,0.6193914188769449,True
0.6099863052368164,0.20063647627830505,1.3618056774139404,1620,125.193849689192,L640_sub01591,1.9960306882858276,1.217551350593567,0.7993635535240173,xi,6.0,0,"{""invalid_B"": 0, ""invalid_q"": 0, ""weak_B_direction"": 0, ""weak_q_perp_for_phi"": 0, ""weak_r_perp_for_phi"": 0}",u,0.07702324411900235,128.0,0.6522843634772236,True
0.6099863052368164,0.20063647627830505,1.3618056774139404,2214,31.984371183438952,L640_sub01591,1.9960306882858276,1.217551350593567,0.7993635535240173,lambda,6.0,0,"{""invalid_B"": 0, ""invalid_q"": 0, ""weak_B_direction"": 0, ""weak_q_perp_for_phi"": 0, ""weak_r_perp_for_phi"": 0}",u,0.019825651710521117,32.0,0.5202410035172369,True
0.6099863052368164,0.20063647627830505,1.3618056774139404,2104,62.96824596572466,L640_sub01591,1.9960306882858276,1.217551350593567,0.7993635535240173,lambda,6.0,0,"{""invalid_B"": 0, ""invalid_q"": 0, ""weak_B_direction"": 0, ""weak_q_perp_for_phi"": 0, ""weak_r_perp_for_phi"": 0}",u,0.062264851998360425,64.0,0.6295648803698153,True
0.6099863052368164,0.20063647627830505,1.3618056774139404,2035,125.193849689192,L640_sub01591,1.9960306882858276,1.217551350593567,0.7993635535240173,lambda,6.0,0,"{""invalid_B"": 0, ""invalid_q"": 0, ""weak_B_direction"": 0, ""weak_q_perp_for_phi"": 0, ""weak_r_perp_for_phi"": 0}",u,0.21823620395879606,128.0,0.7759274802952697,True
0.03124275617301464,0.002795311389490962,0.5909275412559509,1928,31.984371183438952,L640_sub01651,18.88761329650879,0.5901010632514954,0.9972046613693237,parallel,1.0,0,"{""invalid_B"": 0, ""invalid_q"": 0, ""weak_B_direction"": 0, ""weak_q_perp_for_phi"": 0, ""weak_r_perp_for_phi"": 0}",B,0.11100661796304262,32.0,0.11100661796304262,True
0.03124275617301464,0.002795311389490962,0.5909275412559509,1948,62.96824596572466,L640_sub01651,18.88761329650879,0.5901010632514954,0.9972046613693237,parallel,1.0,0,"{""invalid_B"": 0, ""invalid_q"": 0, ""weak_B_direction"": 0, ""weak_q_perp_for_phi"": 0, ""weak_r_perp_for_phi"": 0}",B,0.1756928332339463,64.0,0.1756928332339463,True
0.03124275617301464,0.002795311389490962,0.5909275412559509,2026,125.193849689192,L640_sub01651,18.88761329650879,0.5901010632514954,0.9972046613693237,parallel,1.0,0,"{""invalid_B"": 0, ""invalid_q"": 0, ""weak_B_direction"": 0, ""weak_q_perp_for_phi"": 0, ""weak_r_perp_for_phi"": 0}",B,0.26843856782054465,128.0,0.26843856782054465,True
0.03124275617301464,0.002795311389490962,0.5909275412559509,1588,31.984371183438952,L640_sub01651,18.88761329650879,0.5901010632514954,0.9972046613693237,xi,1.0,0,"{""invalid_B"": 0, ""invalid_q"": 0, ""weak_B_direction"": 0, ""weak_q_perp_for_phi"": 0, ""weak_r_perp_for_phi"": 0}",B,0.1508823897396197,32.0,0.1508823897396197,True
0.03124275617301464,0.002795311389490962,0.5909275412559509,1705,62.96824596572466,L640_sub01651,18.88761329650879,0.5901010632514954,0.9972046613693237,xi,1.0,0,"{""invalid_B"": 0, ""invalid_q"": 0, ""weak_B_direction"": 0, ""weak_q_perp_for_phi"": 0, ""weak_r_perp_for_phi"": 0}",B,0.2153601849667705,64.0,0.2153601849667705,True
0.03124275617301464,0.002795311389490962,0.5909275412559509,1780,125.193849689192,L640_sub01651,18.88761329650879,0.5901010632514954,0.9972046613693237,xi,1.0,0,"{""invalid_B"": 0, ""invalid_q"": 0, ""weak_B_direction"": 0, ""weak_q_perp_for_phi"": 0, ""weak_r_perp_for_phi"": 0}",B,0.3156410641720657,128.0,0.3156410641720657,True
0.03124275617301464,0.002795311389490962,0.5909275412559509,2643,31.984371183438952,L640_sub01651,18.88761329650879,0.5901010632514954,0.9972046613693237,lambda,1.0,0,"{""invalid_B"": 0, ""invalid_q"": 0, ""weak_B_direction"": 0, ""weak_q_perp_for_phi"": 0, ""weak_r_perp_for_phi"": 0}",B,0.2496537672813774,32.0,0.2496537672813774,True
0.03124275617301464,0.002795311389490962,0.5909275412559509,2562,62.96824596572466,L640_sub01651,18.88761329650879,0.5901010632514954,0.9972046613693237,lambda,1.0,0,"{""invalid_B"": 0, ""invalid_q"": 0, ""weak_B_direction"": 0, ""weak_q_perp_for_phi"": 0, ""weak_r_perp_for_phi"": 0}",B,0.3333989798136333,64.0,0.3333989798136333,True
0.03124275617301464,0.002795311389490962,0.5909275412559509,2515,125.193849689192,L640_sub01651,18.88761329650879,0.5901010632514954,0.9972046613693237,lambda,1.0,0,"{""invalid_B"": 0, ""invalid_q"": 0, ""weak_B_direction"": 0, ""weak_q_perp_for_phi"": 0, ""weak_r_perp_for_phi"": 0}",B,0.4252866587178363,128.0,0.4252866587178363,True
0.03124275617301464,0.002795311389490962,0.5909275412559509,1928,31.984371183438952,L640_sub01651,18.88761329650879,0.5901010632514954,0.9972046613693237,parallel,1.0,0,"{""invalid_B"": 0, ""invalid_q"": 0, ""weak_B_direction"": 0, ""weak_q_perp_for_phi"": 0, ""weak_r_perp_for_phi"": 0}",u,0.0827090138301851,32.0,0.0827090138301851,True
0.03124275617301464,0.002795311389490962,0.5909275412559509,1948,62.96824596572466,L640_sub01651,18.88761329650879,0.5901010632514954,0.9972046613693237,parallel,1.0,0,"{""invalid_B"": 0, ""invalid_q"": 0, ""weak_B_direction"": 0, ""weak_q_perp_for_phi"": 0, ""weak_r_perp_for_phi"": 0}",u,0.12604465308185908,64.0,0.12604465308185908,True
0.03124275617301464,0.002795311389490962,0.5909275412559509,2026,125.193849689192,L640_sub01651,18.88761329650879,0.5901010632514954,0.9972046613693237,parallel,1.0,0,"{""invalid_B"": 0, ""invalid_q"": 0, ""weak_B_direction"": 0, ""weak_q_perp_for_phi"": 0, ""weak_r_perp_for_phi"": 0}",u,0.18296374921969394,128.0,0.18296374921969394,True
0.03124275617301464,0.002795311389490962,0.5909275412559509,1717,31.984371183438952,L640_sub01651,18.88761329650879,0.5901010632514954,0.9972046613693237,xi,1.0,0,"{""invalid_B"": 0, ""invalid_q"": 0, ""weak_B_direction"": 0, ""weak_q_perp_for_phi"": 0, ""weak_r_perp_for_phi"": 0}",u,0.11875950098656606,32.0,0.11875950098656606,True
0.03124275617301464,0.002795311389490962,0.5909275412559509,1674,62.96824596572466,L640_sub01651,18.88761329650879,0.5901010632514954,0.9972046613693237,xi,1.0,0,"{""invalid_B"": 0, ""invalid_q"": 0, ""weak_B_direction"": 0, ""weak_q_perp_for_phi"": 0, ""weak_r_perp_for_phi"": 0}",u,0.16062879521061263,64.0,0.16062879521061263,True
0.03124275617301464,0.002795311389490962,0.5909275412559509,1907,125.193849689192,L640_sub01651,18.88761329650879,0.5901010632514954,0.9972046613693237,xi,1.0,0,"{""invalid_B"": 0, ""invalid_q"": 0, ""weak_B_direction"": 0, ""weak_q_perp_for_phi"": 0, ""weak_r_perp_for_phi"": 0}",u,0.20948547917203547,128.0,0.20948547917203547,True
0.03124275617301464,0.002795311389490962,0.5909275412559509,2559,31.984371183438952,L640_sub01651,18.88761329650879,0.5901010632514954,0.9972046613693237,lambda,1.0,0,"{""invalid_B"": 0, ""invalid_q"": 0, ""weak_B_direction"": 0, ""weak_q_perp_for_phi"": 0, ""weak_r_perp_for_phi"": 0}",u,0.16607553323555657,32.0,0.16607553323555657,True
0.03124275617301464,0.002795311389490962,0.5909275412559509,2467,62.96824596572466,L640_sub01651,18.88761329650879,0.5901010632514954,0.9972046613693237,lambda,1.0,0,"{""invalid_B"": 0, ""invalid_q"": 0, ""weak_B_direction"": 0, ""weak_q_perp_for_phi"": 0, ""weak_r_perp_for_phi"": 0}",u,0.20836423407604376,64.0,0.20836423407604376,True
0.03124275617301464,0.002795311389490962,0.5909275412559509,2514,125.193849689192,L640_sub01651,18.88761329650879,0.5901010632514954,0.9972046613693237,lambda,1.0,0,"{""invalid_B"": 0, ""invalid_q"": 0, ""weak_B_direction"": 0, ""weak_q_perp_for_phi"": 0, ""weak_r_perp_for_phi"": 0}",u,0.25663064990691864,128.0,0.25663064990691864,True
0.03124275617301464,0.002795311389490962,0.5909275412559509,1928,31.984371183438952,L640_sub01651,18.88761329650879,0.5901010632514954,0.9972046613693237,parallel,2.0,0,"{""invalid_B"": 0, ""invalid_q"": 0, ""weak_B_direction"": 0, ""weak_q_perp_for_phi"": 0, ""weak_r_perp_for_phi"": 0}",B,0.027414164024848767,32.0,0.16557223204646596,True
0.03124275617301464,0.002795311389490962,0.5909275412559509,1948,62.96824596572466,L640_sub01651,18.88761329650879,0.5901010632514954,0.9972046613693237,parallel,2.0,0,"{""invalid_B"": 0, ""invalid_q"": 0, ""weak_B_direction"": 0, ""weak_q_perp_for_phi"": 0, ""weak_r_perp_for_phi"": 0}",B,0.06072232846715699,64.0,0.2464190099549079,True
0.03124275617301464,0.002795311389490962,0.5909275412559509,2026,125.193849689192,L640_sub01651,18.88761329650879,0.5901010632514954,0.9972046613693237,parallel,2.0,0,"{""invalid_B"": 0, ""invalid_q"": 0, ""weak_B_direction"": 0, ""weak_q_perp_for_phi"": 0, ""weak_r_perp_for_phi"": 0}",B,0.13329613909625904,128.0,0.36509743781113974,True
0.03124275617301464,0.002795311389490962,0.5909275412559509,1588,31.984371183438952,L640_sub01651,18.88761329650879,0.5901010632514954,0.9972046613693237,xi,2.0,0,"{""invalid_B"": 0, ""invalid_q"": 0, ""weak_B_direction"": 0, ""weak_q_perp_for_phi"": 0, ""weak_r_perp_for_phi"": 0}",B,0.03732849419241372,32.0,0.19320583374322248,True
0.03124275617301464,0.002795311389490962,0.5909275412559509,1705,62.96824596572466,L640_sub01651,18.88761329650879,0.5901010632514954,0.9972046613693237,xi,2.0,0,"{""invalid_B"": 0, ""invalid_q"": 0, ""weak_B_direction"": 0, ""weak_q_perp_for_phi"": 0, ""weak_r_perp_for_phi"": 0}",B,0.07122404742744574,64.0,0.2668783382506826,True
0.03124275617301464,0.002795311389490962,0.5909275412559509,1780,125.193849689192,L640_sub01651,18.88761329650879,0.5901010632514954,0.9972046613693237,xi,2.0,0,"{""invalid_B"": 0, ""invalid_q"": 0, ""weak_B_direction"": 0, ""weak_q_perp_for_phi"": 0, ""weak_r_perp_for_phi"": 0}",B,0.15181998069385572,128.0,0.38964083550605383,True
0.03124275617301464,0.002795311389490962,0.5909275412559509,2643,31.984371183438952,L640_sub01651,18.88761329650879,0.5901010632514954,0.9972046613693237,lambda,2.0,0,"{""invalid_B"": 0, ""invalid_q"": 0, ""weak_B_direction"": 0, ""weak_q_perp_for_phi"": 0, ""weak_r_perp_for_phi"": 0}",B,0.10347864662652723,32.0,0.3216809702586201,True
0.03124275617301464,0.002795311389490962,0.5909275412559509,2562,62.96824596572466,L640_sub01651,18.88761329650879,0.5901010632514954,0.9972046613693237,lambda,2.0,0,"{""invalid_B"": 0, ""invalid_q"": 0, ""weak_B_direction"": 0, ""weak_q_perp_for_phi"": 0, ""weak_r_perp_for_phi"": 0}",B,0.17820916290296746,64.0,0.42214827123058013,True
0.03124275617301464,0.002795311389490962,0.5909275412559509,2515,125.193849689192,L640_sub01651,18.88761329650879,0.5901010632514954,0.9972046613693237,lambda,2.0,0,"{""invalid_B"": 0, ""invalid_q"": 0, ""weak_B_direction"": 0, ""weak_q_perp_for_phi"": 0, ""weak_r_perp_for_phi"": 0}",B,0.26386647823383785,128.0,0.5136793535210831,True
0.03124275617301464,0.002795311389490962,0.5909275412559509,1928,31.984371183438952,L640_sub01651,18.88761329650879,0.5901010632514954,0.9972046613693237,parallel,2.0,0,"{""invalid_B"": 0, ""invalid_q"": 0, ""weak_B_direction"": 0, ""weak_q_perp_for_phi"": 0, ""weak_r_perp_for_phi"": 0}",u,0.013509036302810614,32.0,0.11622837993713331,True
0.03124275617301464,0.002795311389490962,0.5909275412559509,1948,62.96824596572466,L640_sub01651,18.88761329650879,0.5901010632514954,0.9972046613693237,parallel,2.0,0,"{""invalid_B"": 0, ""invalid_q"": 0, ""weak_B_direction"": 0, ""weak_q_perp_for_phi"": 0, ""weak_r_perp_for_phi"": 0}",u,0.026981027729778263,64.0,0.16425902632664746,True
0.03124275617301464,0.002795311389490962,0.5909275412559509,2026,125.193849689192,L640_sub01651,18.88761329650879,0.5901010632514954,0.9972046613693237,parallel,2.0,0,"{""invalid_B"": 0, ""invalid_q"": 0, ""weak_B_direction"": 0, ""weak_q_perp_for_phi"": 0, ""weak_r_perp_for_phi"": 0}",u,0.056602748859102915,128.0,0.23791332215557606,True
0.03124275617301464,0.002795311389490962,0.5909275412559509,1717,31.984371183438952,L640_sub01651,18.88761329650879,0.5901010632514954,0.9972046613693237,xi,2.0,0,"{""invalid_B"": 0, ""invalid_q"": 0, ""weak_B_direction"": 0, ""weak_q_perp_for_phi"": 0, ""weak_r_perp_for_phi"": 0}",u,0.021263912752485143,32.0,0.14582150991018145,True
0.03124275617301464,0.002795311389490962,0.5909275412559509,1674,62.96824596572466,L640_sub01651,18.88761329650879,0.5901010632514954,0.9972046613693237,xi,2.0,0,"{""invalid_B"": 0, ""invalid_q"": 0, ""weak_B_direction"": 0, ""weak_q_perp_for_phi"": 0, ""weak_r_perp_for_phi"": 0}",u,0.03903743455932753,64.0,0.19757893247845917,True
0.03124275617301464,0.002795311389490962,0.5909275412559509,1907,125.193849689192,L640_sub01651,18.88761329650879,0.5901010632514954,0.9972046613693237,xi,2.0,0,"{""invalid_B"": 0, ""invalid_q"": 0, ""weak_B_direction"": 0, ""weak_q_perp_for_phi"": 0, ""weak_r_perp_for_phi"": 0}",u,0.06287277858775325,128.0,0.2507444487675714,True
0.03124275617301464,0.002795311389490962,0.5909275412559509,2559,31.984371183438952,L640_sub01651,18.88761329650879,0.5901010632514954,0.9972046613693237,lambda,2.0,0,"{""invalid_B"": 0, ""invalid_q"": 0, ""weak_B_direction"": 0, ""weak_q_perp_for_phi"": 0, ""weak_r_perp_for_phi"": 0}",u,0.04286240024036671,32.0,0.2070323652001462,True
0.03124275617301464,0.002795311389490962,0.5909275412559509,2467,62.96824596572466,L640_sub01651,18.88761329650879,0.5901010632514954,0.9972046613693237,lambda,2.0,0,"{""invalid_B"": 0, ""invalid_q"": 0, ""weak_B_direction"": 0, ""weak_q_perp_for_phi"": 0, ""weak_r_perp_for_phi"": 0}",u,0.06532799376317862,64.0,0.2555934149448663,True
0.03124275617301464,0.002795311389490962,0.5909275412559509,2514,125.193849689192,L640_sub01651,18.88761329650879,0.5901010632514954,0.9972046613693237,lambda,2.0,0,"{""invalid_B"": 0, ""invalid_q"": 0, ""weak_B_direction"": 0, ""weak_q_perp_for_phi"": 0, ""weak_r_perp_for_phi"": 0}",u,0.09824169253161641,128.0,0.31343530836779765,True
0.03124275617301464,0.002795311389490962,0.5909275412559509,1928,31.984371183438952,L640_sub01651,18.88761329650879,0.5901010632514954,0.9972046613693237,parallel,3.0,0,"{""invalid_B"": 0, ""invalid_q"": 0, ""weak_B_direction"": 0, ""weak_q_perp_for_phi"": 0, ""weak_r_perp_for_phi"": 0}",B,0.012667803016041968,32.0,0.23311332582726466,True
0.03124275617301464,0.002795311389490962,0.5909275412559509,1948,62.96824596572466,L640_sub01651,18.88761329650879,0.5901010632514954,0.9972046613693237,parallel,3.0,0,"{""invalid_B"": 0, ""invalid_q"": 0, ""weak_B_direction"": 0, ""weak_q_perp_for_phi"": 0, ""weak_r_perp_for_phi"": 0}",B,0.034504189877947705,64.0,0.32555468158554035,True
0.03124275617301464,0.002795311389490962,0.5909275412559509,2026,125.193849689192,L640_sub01651,18.88761329650879,0.5901010632514954,0.9972046613693237,parallel,3.0,0,"{""invalid_B"": 0, ""invalid_q"": 0, ""weak_B_direction"": 0, ""weak_q_perp_for_phi"": 0, ""weak_r_perp_for_phi"": 0}",B,0.09458524676577357,128.0,0.4556252672577203,True
0.03124275617301464,0.002795311389490962,0.5909275412559509,1588,31.984371183438952,L640_sub01651,18.88761329650879,0.5901010632514954,0.9972046613693237,xi,3.0,0,"{""invalid_B"": 0, ""invalid_q"": 0, ""weak_B_direction"": 0, ""weak_q_perp_for_phi"": 0, ""weak_r_perp_for_phi"": 0}",B,0.013916460860631431,32.0,0.24053388590198582,True
0.03124275617301464,0.002795311389490962,0.5909275412559509,1705,62.96824596572466,L640_sub01651,18.88761329650879,0.5901010632514954,0.9972046613693237,xi,3.0,0,"{""invalid_B"": 0, ""invalid_q"": 0, ""weak_B_direction"": 0, ""weak_q_perp_for_phi"": 0, ""weak_r_perp_for_phi"": 0}",B,0.032460465422097316,64.0,0.31899576263635454,True
0.03124275617301464,0.002795311389490962,0.5909275412559509,1780,125.193849689192,L640_sub01651,18.88761329650879,0.5901010632514954,0.9972046613693237,xi,3.0,0,"{""invalid_B"": 0, ""invalid_q"": 0, ""weak_B_direction"": 0, ""weak_q_perp_for_phi"": 0, ""weak_r_perp_for_phi"": 0}",B,0.09743790403945105,128.0,0.4601604733742396,True
0.03124275617301464,0.002795311389490962,0.5909275412559509,2643,31.984371183438952,L640_sub01651,18.88761329650879,0.5901010632514954,0.9972046613693237,lambda,3.0,0,"{""invalid_B"": 0, ""invalid_q"": 0, ""weak_B_direction"": 0, ""weak_q_perp_for_phi"": 0, ""weak_r_perp_for_phi"": 0}",B,0.06119818931396174,32.0,0.3940755807532054,True
0.03124275617301464,0.002795311389490962,0.5909275412559509,2562,62.96824596572466,L640_sub01651,18.88761329650879,0.5901010632514954,0.9972046613693237,lambda,3.0,0,"{""invalid_B"": 0, ""invalid_q"": 0, ""weak_B_direction"": 0, ""weak_q_perp_for_phi"": 0, ""weak_r_perp_for_phi"": 0}",B,0.12953448557657596,64.0,0.5059743116526297,True
0.03124275617301464,0.002795311389490962,0.5909275412559509,2515,125.193849689192,L640_sub01651,18.88761329650879,0.5901010632514954,0.9972046613693237,lambda,3.0,0,"{""invalid_B"": 0, ""invalid_q"": 0, ""weak_B_direction"": 0, ""weak_q_perp_for_phi"": 0, ""weak_r_perp_for_phi"": 0}",B,0.20634138854846631,128.0,0.5909201275743955,True
0.03124275617301464,0.002795311389490962,0.5909275412559509,1928,31.984371183438952,L640_sub01651,18.88761329650879,0.5901010632514954,0.9972046613693237,parallel,3.0,0,"{""invalid_B"": 0, ""invalid_q"": 0, ""weak_B_direction"": 0, ""weak_q_perp_for_phi"": 0, ""weak_r_perp_for_phi"": 0}",u,0.0039039918263428547,32.0,0.15745977743474002,True
0.03124275617301464,0.002795311389490962,0.5909275412559509,1948,62.96824596572466,L640_sub01651,18.88761329650879,0.5901010632514954,0.9972046613693237,parallel,3.0,0,"{""invalid_B"": 0, ""invalid_q"": 0, ""weak_B_direction"": 0, ""weak_q_perp_for_phi"": 0, ""weak_r_perp_for_phi"": 0}",u,0.008761080849291366,64.0,0.2061512137092854,True
0.03124275617301464,0.002795311389490962,0.5909275412559509,2026,125.193849689192,L640_sub01651,18.88761329650879,0.5901010632514954,0.9972046613693237,parallel,3.0,0,"{""invalid_B"": 0, ""invalid_q"": 0, ""weak_B_direction"": 0, ""weak_q_perp_for_phi"": 0, ""weak_r_perp_for_phi"": 0}",u,0.02664735243607658,128.0,0.29868816994562974,True
0.03124275617301464,0.002795311389490962,0.5909275412559509,1717,31.984371183438952,L640_sub01651,18.88761329650879,0.5901010632514954,0.9972046613693237,xi,3.0,0,"{""invalid_B"": 0, ""invalid_q"": 0, ""weak_B_direction"": 0, ""weak_q_perp_for_phi"": 0, ""weak_r_perp_for_phi"": 0}",u,0.0053474296253705296,32.0,0.1748698855994644,True
0.03124275617301464,0.002795311389490962,0.5909275412559509,1674,62.96824596572466,L640_sub01651,18.88761329650879,0.5901010632514954,0.9972046613693237,xi,3.0,0,"{""invalid_B"": 0, ""invalid_q"": 0, ""weak_B_direction"": 0, ""weak_q_perp_for_phi"": 0, ""weak_r_perp_for_phi"": 0}",u,0.013275222556256093,64.0,0.23678122889672812,True
0.03124275617301464,0.002795311389490962,0.5909275412559509,1907,125.193849689192,L640_sub01651,18.88761329650879,0.5901010632514954,0.9972046613693237,xi,3.0,0,"{""invalid_B"": 0, ""invalid_q"": 0, ""weak_B_direction"": 0, ""weak_q_perp_for_phi"": 0, ""weak_r_perp_for_phi"": 0}",u,0.024661462789835407,128.0,0.2910759192642877,True
0.03124275617301464,0.002795311389490962,0.5909275412559509,2559,31.984371183438952,L640_sub01651,18.88761329650879,0.5901010632514954,0.9972046613693237,lambda,3.0,0,"{""invalid_B"": 0, ""invalid_q"": 0, ""weak_B_direction"": 0, ""weak_q_perp_for_phi"": 0, ""weak_r_perp_for_phi"": 0}",u,0.015260116252696814,32.0,0.2480386053145799,True
0.03124275617301464,0.002795311389490962,0.5909275412559509,2467,62.96824596572466,L640_sub01651,18.88761329650879,0.5901010632514954,0.9972046613693237,lambda,3.0,0,"{""invalid_B"": 0, ""invalid_q"": 0, ""weak_B_direction"": 0, ""weak_q_perp_for_phi"": 0, ""weak_r_perp_for_phi"": 0}",u,0.028748406571063406,64.0,0.3063406240506774,True
0.03124275617301464,0.002795311389490962,0.5909275412559509,2514,125.193849689192,L640_sub01651,18.88761329650879,0.5901010632514954,0.9972046613693237,lambda,3.0,0,"{""invalid_B"": 0, ""invalid_q"": 0, ""weak_B_direction"": 0, ""weak_q_perp_for_phi"": 0, ""weak_r_perp_for_phi"": 0}",u,0.05004516583178456,128.0,0.36851404471098953,True
0.03124275617301464,0.002795311389490962,0.5909275412559509,1928,31.984371183438952,L640_sub01651,18.88761329650879,0.5901010632514954,0.9972046613693237,parallel,4.0,0,"{""invalid_B"": 0, ""invalid_q"": 0, ""weak_B_direction"": 0, ""weak_q_perp_for_phi"": 0, ""weak_r_perp_for_phi"": 0}",B,0.008449264306513537,32.0,0.30318291479257703,True
0.03124275617301464,0.002795311389490962,0.5909275412559509,1948,62.96824596572466,L640_sub01651,18.88761329650879,0.5901010632514954,0.9972046613693237,parallel,4.0,0,"{""invalid_B"": 0, ""invalid_q"": 0, ""weak_B_direction"": 0, ""weak_q_perp_for_phi"": 0, ""weak_r_perp_for_phi"": 0}",B,0.02656139191896448,64.0,0.40370367927129,True
0.03124275617301464,0.002795311389490962,0.5909275412559509,2026,125.193849689192,L640_sub01651,18.88761329650879,0.5901010632514954,0.9972046613693237,parallel,4.0,0,"{""invalid_B"": 0, ""invalid_q"": 0, ""weak_B_direction"": 0, ""weak_q_perp_for_phi"": 0, ""weak_r_perp_for_phi"": 0}",B,0.0811411967315261,128.0,0.5337161593767478,True
0.03124275617301464,0.002795311389490962,0.5909275412559509,1588,31.984371183438952,L640_sub01651,18.88761329650879,0.5901010632514954,0.9972046613693237,xi,4.0,0,"{""invalid_B"": 0, ""invalid_q"": 0, ""weak_B_direction"": 0, ""weak_q_perp_for_phi"": 0, ""weak_r_perp_for_phi"": 0}",B,0.007148311965268071,32.0,0.290770855621084,True
0.03124275617301464,0.002795311389490962,0.5909275412559509,1705,62.96824596572466,L640_sub01651,18.88761329650879,0.5901010632514954,0.9972046613693237,xi,4.0,0,"{""invalid_B"": 0, ""invalid_q"": 0, ""weak_B_direction"": 0, ""weak_q_perp_for_phi"": 0, ""weak_r_perp_for_phi"": 0}",B,0.01865856405673681,64.0,0.3695894404311493,True
0.03124275617301464,0.002795311389490962,0.5909275412559509,1780,125.193849689192,L640_sub01651,18.88761329650879,0.5901010632514954,0.9972046613693237,xi,4.0,0,"{""invalid_B"": 0, ""invalid_q"": 0, ""weak_B_direction"": 0, ""weak_q_perp_for_phi"": 0, ""weak_r_perp_for_phi"": 0}",B,0.07593956592327347,128.0,0.5249488970603924,True
0.03124275617301464,0.002795311389490962,0.5909275412559509,2643,31.984371183438952,L640_sub01651,18.88761329650879,0.5901010632514954,0.9972046613693237,lambda,4.0,0,"{""invalid_B"": 0, ""invalid_q"": 0, ""weak_B_direction"": 0, ""weak_q_perp_for_phi"": 0, ""weak_r_perp_for_phi"": 0}",B,0.046039000906610165,32.0,0.4632137821394885,True
0.03124275617301464,0.002795311389490962,0.5909275412559509,2562,62.96824596572466,L640_sub01651,18.88761329650879,0.5901010632514954,0.9972046613693237,lambda,4.0,0,"{""invalid_B"": 0, ""invalid_q"": 0, ""weak_B_direction"": 0, ""weak_q_perp_for_phi"": 0, ""weak_r_perp_for_phi"": 0}",B,0.11438306809211331,64.0,0.581554519767477,True
0.03124275617301464,0.002795311389490962,0.5909275412559509,2515,125.193849689192,L640_sub01651,18.88761329650879,0.5901010632514954,0.9972046613693237,lambda,4.0,0,"{""invalid_B"": 0, ""invalid_q"": 0, ""weak_B_direction"": 0, ""weak_q_perp_for_phi"": 0, ""weak_r_perp_for_phi"": 0}",B,0.18734992551293617,128.0,0.6579052941813867,True
0.03124275617301464,0.002795311389490962,0.5909275412559509,1928,31.984371183438952,L640_sub01651,18.88761329650879,0.5901010632514954,0.9972046613693237,parallel,4.0,0,"{""invalid_B"": 0, ""invalid_q"": 0, ""weak_B_direction"": 0, ""weak_q_perp_for_phi"": 0, ""weak_r_perp_for_phi"": 0}",u,0.0016843660352187167,32.0,0.20258585508690635,True
0.03124275617301464,0.002795311389490962,0.5909275412559509,1948,62.96824596572466,L640_sub01651,18.88761329650879,0.5901010632514954,0.9972046613693237,parallel,4.0,0,"{""invalid_B"": 0, ""invalid_q"": 0, ""weak_B_direction"": 0, ""weak_q_perp_for_phi"": 0, ""weak_r_perp_for_phi"": 0}",u,0.003881613688247981,64.0,0.24960488329526787,True
0.03124275617301464,0.002795311389490962,0.5909275412559509,2026,125.193849689192,L640_sub01651,18.88761329650879,0.5901010632514954,0.9972046613693237,parallel,4.0,0,"{""invalid_B"": 0, ""invalid_q"": 0, ""weak_B_direction"": 0, ""weak_q_perp_for_phi"": 0, ""weak_r_perp_for_phi"": 0}",u,0.017039580178864814,128.0,0.36129730543818284,True
0.03124275617301464,0.002795311389490962,0.5909275412559509,1717,31.984371183438952,L640_sub01651,18.88761329650879,0.5901010632514954,0.9972046613693237,xi,4.0,0,"{""invalid_B"": 0, ""invalid_q"": 0, ""weak_B_direction"": 0, ""weak_q_perp_for_phi"": 0, ""weak_r_perp_for_phi"": 0}",u,0.00184828891740783,32.0,0.20734447376926532,True
0.03124275617301464,0.002795311389490962,0.5909275412559509,1674,62.96824596572466,L640_sub01651,18.88761329650879,0.5901010632514954,0.9972046613693237,xi,4.0,0,"{""invalid_B"": 0, ""invalid_q"": 0, ""weak_B_direction"": 0, ""weak_q_perp_for_phi"": 0, ""weak_r_perp_for_phi"": 0}",u,0.006013807225415658,64.0,0.2784757457410341,True
0.03124275617301464,0.002795311389490962,0.5909275412559509,1907,125.193849689192,L640_sub01651,18.88761329650879,0.5901010632514954,0.9972046613693237,xi,4.0,0,"{""invalid_B"": 0, ""invalid_q"": 0, ""weak_B_direction"": 0, ""weak_q_perp_for_phi"": 0, ""weak_r_perp_for_phi"": 0}",u,0.011977324905382829,128.0,0.33081862914516574,True
0.03124275617301464,0.002795311389490962,0.5909275412559509,2559,31.984371183438952,L640_sub01651,18.88761329650879,0.5901010632514954,0.9972046613693237,lambda,4.0,0,"{""invalid_B"": 0, ""invalid_q"": 0, ""weak_B_direction"": 0, ""weak_q_perp_for_phi"": 0, ""weak_r_perp_for_phi"": 0}",u,0.006911298078979183,32.0,0.2883300491750232,True
0.03124275617301464,0.002795311389490962,0.5909275412559509,2467,62.96824596572466,L640_sub01651,18.88761329650879,0.5901010632514954,0.9972046613693237,lambda,4.0,0,"{""invalid_B"": 0, ""invalid_q"": 0, ""weak_B_direction"": 0, ""weak_q_perp_for_phi"": 0, ""weak_r_perp_for_phi"": 0}",u,0.01730455127560913,64.0,0.36269376145137644,True
0.03124275617301464,0.002795311389490962,0.5909275412559509,2514,125.193849689192,L640_sub01651,18.88761329650879,0.5901010632514954,0.9972046613693237,lambda,4.0,0,"{""invalid_B"": 0, ""invalid_q"": 0, ""weak_B_direction"": 0, ""weak_q_perp_for_phi"": 0, ""weak_r_perp_for_phi"": 0}",u,0.03156763649613433,128.0,0.42151255682431665,True
0.03124275617301464,0.002795311389490962,0.5909275412559509,1928,31.984371183438952,L640_sub01651,18.88761329650879,0.5901010632514954,0.9972046613693237,parallel,5.0,0,"{""invalid_B"": 0, ""invalid_q"": 0, ""weak_B_direction"": 0, ""weak_q_perp_for_phi"": 0, ""weak_r_perp_for_phi"": 0}",B,0.0067821459175641235,32.0,0.368360815590654,True
0.03124275617301464,0.002795311389490962,0.5909275412559509,1948,62.96824596572466,L640_sub01651,18.88761329650879,0.5901010632514954,0.9972046613693237,parallel,5.0,0,"{""invalid_B"": 0, ""invalid_q"": 0, ""weak_B_direction"": 0, ""weak_q_perp_for_phi"": 0, ""weak_r_perp_for_phi"": 0}",B,0.024328585261939838,64.0,0.47557976831734305,True
0.03124275617301464,0.002795311389490962,0.5909275412559509,2026,125.193849689192,L640_sub01651,18.88761329650879,0.5901010632514954,0.9972046613693237,parallel,5.0,0,"{""invalid_B"": 0, ""invalid_q"": 0, ""weak_B_direction"": 0, ""weak_q_perp_for_phi"": 0, ""weak_r_perp_for_phi"": 0}",B,0.07766901401263161,128.0,0.5998595237624871,True
0.03124275617301464,0.002795311389490962,0.5909275412559509,1588,31.984371183438952,L640_sub01651,18.88761329650879,0.5901010632514954,0.9972046613693237,xi,5.0,0,"{""invalid_B"": 0, ""invalid_q"": 0, ""weak_B_direction"": 0, ""weak_q_perp_for_phi"": 0, ""weak_r_perp_for_phi"": 0}",B,0.004589468442844898,32.0,0.34068458042374167,True
0.03124275617301464,0.002795311389490962,0.5909275412559509,1705,62.96824596572466,L640_sub01651,18.88761329650879,0.5901010632514954,0.9972046613693237,xi,5.0,0,"{""invalid_B"": 0, ""invalid_q"": 0, ""weak_B_direction"": 0, ""weak_q_perp_for_phi"": 0, ""weak_r_perp_for_phi"": 0}",B,0.012601298437508323,64.0,0.4169491179438384,True
0.03124275617301464,0.002795311389490962,0.5909275412559509,1780,125.193849689192,L640_sub01651,18.88761329650879,0.5901010632514954,0.9972046613693237,xi,5.0,0,"{""invalid_B"": 0, ""invalid_q"": 0, ""weak_B_direction"": 0, ""weak_q_perp_for_phi"": 0, ""weak_r_perp_for_phi"": 0}",B,0.0676848288634696,128.0,0.5835771342872292,True
0.03124275617301464,0.002795311389490962,0.5909275412559509,2643,31.984371183438952,L640_sub01651,18.88761329650879,0.5901010632514954,0.9972046613693237,lambda,5.0,0,"{""invalid_B"": 0, ""invalid_q"": 0, ""weak_B_direction"": 0, ""weak_q_perp_for_phi"": 0, ""weak_r_perp_for_phi"": 0}",B,0.040840019333929306,32.0,0.527493591534319,True
0.03124275617301464,0.002795311389490962,0.5909275412559509,2562,62.96824596572466,L640_sub01651,18.88761329650879,0.5901010632514954,0.9972046613693237,lambda,5.0,0,"{""invalid_B"": 0, ""invalid_q"": 0, ""weak_B_direction"": 0, ""weak_q_perp_for_phi"": 0, ""weak_r_perp_for_phi"": 0}",B,0.11439193532613008,64.0,0.6481553073018326,True
0.03124275617301464,0.002795311389490962,0.5909275412559509,2515,125.193849689192,L640_sub01651,18.88761329650879,0.5901010632514954,0.9972046613693237,lambda,5.0,0,"{""invalid_B"": 0, ""invalid_q"": 0, ""weak_B_direction"": 0, ""weak_q_perp_for_phi"": 0, ""weak_r_perp_for_phi"": 0}",B,0.1883949419969276,128.0,0.7161662452493517,True
0.03124275617301464,0.002795311389490962,0.5909275412559509,1928,31.984371183438952,L640_sub01651,18.88761329650879,0.5901010632514954,0.9972046613693237,parallel,5.0,0,"{""invalid_B"": 0, ""invalid_q"": 0, ""weak_B_direction"": 0, ""weak_q_perp_for_phi"": 0, ""weak_r_perp_for_phi"": 0}",u,0.0009183819377687148,32.0,0.24694751867474315,True
0.03124275617301464,0.002795311389490962,0.5909275412559509,1948,62.96824596572466,L640_sub01651,18.88761329650879,0.5901010632514954,0.9972046613693237,parallel,5.0,0,"{""invalid_B"": 0, ""invalid_q"": 0, ""weak_B_direction"": 0, ""weak_q_perp_for_phi"": 0, ""weak_r_perp_for_phi"": 0}",u,0.002137757466543148,64.0,0.2924096401956424,True
0.03124275617301464,0.002795311389490962,0.5909275412559509,2026,125.193849689192,L640_sub01651,18.88761329650879,0.5901010632514954,0.9972046613693237,parallel,5.0,0,"{""invalid_B"": 0, ""invalid_q"": 0, ""weak_B_direction"": 0, ""weak_q_perp_for_phi"": 0, ""weak_r_perp_for_phi"": 0}",u,0.013384894218692734,128.0,0.4220102395082178,True
0.03124275617301464,0.002795311389490962,0.5909275412559509,1717,31.984371183438952,L640_sub01651,18.88761329650879,0.5901010632514954,0.9972046613693237,xi,5.0,0,"{""invalid_B"": 0, ""invalid_q"": 0, ""weak_B_direction"": 0, ""weak_q_perp_for_phi"": 0, ""weak_r_perp_for_phi"": 0}",u,0.0008646203826317961,32.0,0.2439861049408573,True
0.03124275617301464,0.002795311389490962,0.5909275412559509,1674,62.96824596572466,L640_sub01651,18.88761329650879,0.5901010632514954,0.9972046613693237,xi,5.0,0,"{""invalid_B"": 0, ""invalid_q"": 0, ""weak_B_direction"": 0, ""weak_q_perp_for_phi"": 0, ""weak_r_perp_for_phi"": 0}",u,0.0034954945235393634,64.0,0.3226277543250001,True
0.03124275617301464,0.002795311389490962,0.5909275412559509,1907,125.193849689192,L640_sub01651,18.88761329650879,0.5901010632514954,0.9972046613693237,xi,5.0,0,"{""invalid_B"": 0, ""invalid_q"": 0, ""weak_B_direction"": 0, ""weak_q_perp_for_phi"": 0, ""weak_r_perp_for_phi"": 0}",u,0.006912962725410161,128.0,0.36977099595999774,True
0.03124275617301464,0.002795311389490962,0.5909275412559509,2559,31.984371183438952,L640_sub01651,18.88761329650879,0.5901010632514954,0.9972046613693237,lambda,5.0,0,"{""invalid_B"": 0, ""invalid_q"": 0, ""weak_B_direction"": 0, ""weak_q_perp_for_phi"": 0, ""weak_r_perp_for_phi"": 0}",u,0.0037571407361054513,32.0,0.3273192087523975,True
0.03124275617301464,0.002795311389490962,0.5909275412559509,2467,62.96824596572466,L640_sub01651,18.88761329650879,0.5901010632514954,0.9972046613693237,lambda,5.0,0,"{""invalid_B"": 0, ""invalid_q"": 0, ""weak_B_direction"": 0, ""weak_q_perp_for_phi"": 0, ""weak_r_perp_for_phi"": 0}",u,0.01380861639993198,64.0,0.4246489289428513,True
0.03124275617301464,0.002795311389490962,0.5909275412559509,2514,125.193849689192,L640_sub01651,18.88761329650879,0.5901010632514954,0.9972046613693237,lambda,5.0,0,"{""invalid_B"": 0, ""invalid_q"": 0, ""weak_B_direction"": 0, ""weak_q_perp_for_phi"": 0, ""weak_r_perp_for_phi"": 0}",u,0.02339386187827263,128.0,0.4718678455771612,True
0.03124275617301464,0.002795311389490962,0.5909275412559509,1928,31.984371183438952,L640_sub01651,18.88761329650879,0.5901010632514954,0.9972046613693237,parallel,6.0,0,"{""invalid_B"": 0, ""invalid_q"": 0, ""weak_B_direction"": 0, ""weak_q_perp_for_phi"": 0, ""weak_r_perp_for_phi"": 0}",B,0.005988848626928286,32.0,0.4261448287636727,True
0.03124275617301464,0.002795311389490962,0.5909275412559509,1948,62.96824596572466,L640_sub01651,18.88761329650879,0.5901010632514954,0.9972046613693237,parallel,6.0,0,"{""invalid_B"": 0, ""invalid_q"": 0, ""weak_B_direction"": 0, ""weak_q_perp_for_phi"": 0, ""weak_r_perp_for_phi"": 0}",B,0.02475318608018045,64.0,0.5398484404650169,True
0.03124275617301464,0.002795311389490962,0.5909275412559509,2026,125.193849689192,L640_sub01651,18.88761329650879,0.5901010632514954,0.9972046613693237,parallel,6.0,0,"{""invalid_B"": 0, ""invalid_q"": 0, ""weak_B_direction"": 0, ""weak_q_perp_for_phi"": 0, ""weak_r_perp_for_phi"": 0}",B,0.0799339522538268,128.0,0.6563294338430846,True
0.03124275617301464,0.002795311389490962,0.5909275412559509,1588,31.984371183438952,L640_sub01651,18.88761329650879,0.5901010632514954,0.9972046613693237,xi,6.0,0,"{""invalid_B"": 0, ""invalid_q"": 0, ""weak_B_direction"": 0, ""weak_q_perp_for_phi"": 0, ""weak_r_perp_for_phi"": 0}",B,0.003392037250728925,32.0,0.3876235031368143,True
0.03124275617301464,0.002795311389490962,0.5909275412559509,1705,62.96824596572466,L640_sub01651,18.88761329650879,0.5901010632514954,0.9972046613693237,xi,6.0,0,"{""invalid_B"": 0, ""invalid_q"": 0, ""weak_B_direction"": 0, ""weak_q_perp_for_phi"": 0, ""weak_r_perp_for_phi"": 0}",B,0.009507454469471883,64.0,0.4602679229544895,True
0.03124275617301464,0.002795311389490962,0.5909275412559509,1780,125.193849689192,L640_sub01651,18.88761329650879,0.5901010632514954,0.9972046613693237,xi,6.0,0,"{""invalid_B"": 0, ""invalid_q"": 0, ""weak_B_direction"": 0, ""weak_q_perp_for_phi"": 0, ""weak_r_perp_for_phi"": 0}",B,0.0666135954344577,128.0,0.6366887055874916,True
0.03124275617301464,0.002795311389490962,0.5909275412559509,2643,31.984371183438952,L640_sub01651,18.88761329650879,0.5901010632514954,0.9972046613693237,lambda,6.0,0,"{""invalid_B"": 0, ""invalid_q"": 0, ""weak_B_direction"": 0, ""weak_q_perp_for_phi"": 0, ""weak_r_perp_for_phi"": 0}",B,0.040755962274022346,32.0,0.5866312468738513,True
0.03124275617301464,0.002795311389490962,0.5909275412559509,2562,62.96824596572466,L640_sub01651,18.88761329650879,0.5901010632514954,0.9972046613693237,lambda,6.0,0,"{""invalid_B"": 0, ""invalid_q"": 0, ""weak_B_direction"": 0, ""weak_q_perp_for_phi"": 0, ""weak_r_perp_for_phi"": 0}",B,0.12427528822609889,64.0,0.7064218599345837,True
0.03124275617301464,0.002795311389490962,0.5909275412559509,2515,125.193849689192,L640_sub01651,18.88761329650879,0.5901010632514954,0.9972046613693237,lambda,6.0,0,"{""invalid_B"": 0, ""invalid_q"": 0, ""weak_B_direction"": 0, ""weak_q_perp_for_phi"": 0, ""weak_r_perp_for_phi"": 0}",B,0.20388651959484932,128.0,0.7671814360387168,True
0.03124275617301464,0.002795311389490962,0.5909275412559509,1928,31.984371183438952,L640_sub01651,18.88761329650879,0.5901010632514954,0.9972046613693237,parallel,6.0,0,"{""invalid_B"": 0, ""invalid_q"": 0, ""weak_B_direction"": 0, ""weak_q_perp_for_phi"": 0, ""weak_r_perp_for_phi"": 0}",u,0.0005693809766147652,32.0,0.28789480321091226,True
0.03124275617301464,0.002795311389490962,0.5909275412559509,1948,62.96824596572466,L640_sub01651,18.88761329650879,0.5901010632514954,0.9972046613693237,parallel,6.0,0,"{""invalid_B"": 0, ""invalid_q"": 0, ""weak_B_direction"": 0, ""weak_q_perp_for_phi"": 0, ""weak_r_perp_for_phi"": 0}",u,0.0013601748878134493,64.0,0.3328632062017463,True
0.03124275617301464,0.002795311389490962,0.5909275412559509,2026,125.193849689192,L640_sub01651,18.88761329650879,0.5901010632514954,0.9972046613693237,parallel,6.0,0,"{""invalid_B"": 0, ""invalid_q"": 0, ""weak_B_direction"": 0, ""weak_q_perp_for_phi"": 0, ""weak_r_perp_for_phi"": 0}",u,0.012064768578713532,128.0,0.47890918447244546,True
0.03124275617301464,0.002795311389490962,0.5909275412559509,1717,31.984371183438952,L640_sub01651,18.88761329650879,0.5901010632514954,0.9972046613693237,xi,6.0,0,"{""invalid_B"": 0, ""invalid_q"": 0, ""weak_B_direction"": 0, ""weak_q_perp_for_phi"": 0, ""weak_r_perp_for_phi"": 0}",u,0.000521371089480751,32.0,0.2836990125901168,True
0.03124275617301464,0.002795311389490962,0.5909275412559509,1674,62.96824596572466,L640_sub01651,18.88761329650879,0.5901010632514954,0.9972046613693237,xi,6.0,0,"{""invalid_B"": 0, ""invalid_q"": 0, ""weak_B_direction"": 0, ""weak_q_perp_for_phi"": 0, ""weak_r_perp_for_phi"": 0}",u,0.002510113569607669,64.0,0.36865112360221086,True
0.03124275617301464,0.002795311389490962,0.5909275412559509,1907,125.193849689192,L640_sub01651,18.88761329650879,0.5901010632514954,0.9972046613693237,xi,6.0,0,"{""invalid_B"": 0, ""invalid_q"": 0, ""weak_B_direction"": 0, ""weak_q_perp_for_phi"": 0, ""weak_r_perp_for_phi"": 0}",u,0.004590012580035715,128.0,0.4076639541713211,True
0.03124275617301464,0.002795311389490962,0.5909275412559509,2559,31.984371183438952,L640_sub01651,18.88761329650879,0.5901010632514954,0.9972046613693237,lambda,6.0,0,"{""invalid_B"": 0, ""invalid_q"": 0, ""weak_B_direction"": 0, ""weak_q_perp_for_phi"": 0, ""weak_r_perp_for_phi"": 0}",u,0.0023480896101352863,32.0,0.3645740710035256,True
0.03124275617301464,0.002795311389490962,0.5909275412559509,2467,62.96824596572466,L640_sub01651,18.88761329650879,0.5901010632514954,0.9972046613693237,lambda,6.0,0,"{""invalid_B"": 0, ""invalid_q"": 0, ""weak_B_direction"": 0, ""weak_q_perp_for_phi"": 0, ""weak_r_perp_for_phi"": 0}",u,0.013806819508484213,64.0,0.4897964216311265,True
0.03124275617301464,0.002795311389490962,0.5909275412559509,2514,125.193849689192,L640_sub01651,18.88761329650879,0.5901010632514954,0.9972046613693237,lambda,6.0,0,"{""invalid_B"": 0, ""invalid_q"": 0, ""weak_B_direction"": 0, ""weak_q_perp_for_phi"": 0, ""weak_r_perp_for_phi"": 0}",u,0.01953698622445782,128.0,0.5189708065887988,True
