B_mean,B_mean_sq_over_B2_mean,B_rms,L_sub_cells,cube_id,dBB,deltaB,deltaB_sq_over_B2_mean,matched_group,matrices,observational_control_set,outlier,physical_region_id,release_label,release_labels,representative,role,selection_set,source_selection
0.6473225951194763,0.7563267946243286,0.744330883026123,80,L80_sub2005680,0.5676088333129883,0.3674260675907135,0.24367322027683258,,"[""baseline"", ""orders""]",,False,L640_sub03942,L80_lineage_smoke_baseline,"[""L80_lineage_smoke_baseline"", ""L80_lineage_smoke_orders""]",True,representative:near_median_dBB,smoke,"{""L_sub"": 80, ""bounds_ijk_half_open"": [3840, 3920, 4240, 4320, 9760, 9840], ""catalog_controls"": {""B_rms"": 0.744330883026123, ""deltaB"": 0.3674260675907135, ""dens_mean"": 1.3160191774368286, ""mom1_sigma"": 0.1306460052728653, ""mom2_sigma"": 0.1462441235780716, ""mom3_sigma"": 0.163152813911438, ""rho_sigma_over_mean"": 0.11307636648416519}, ""catalog_magnetic_flags"": {""B_mean_fraction_flags"": 0, ""dBB_flags"": 0, ""deltaB_flags"": 0, ""deltaB_fraction_flags"": 0}, ""catalog_magnetic_values"": {""B_mean"": 0.6473225951194763, ""B_mean_sq_over_B2_mean"": 0.7563267946243286, ""B_rms"": 0.744330883026123, ""dBB"": 0.5676088333129883, ""deltaB"": 0.3674260675907135, ""deltaB_sq_over_B2_mean"": 0.24367322027683258}, ""catalog_parent_link"": {""L_sub"": 160, ""subvolume_id"": 251544}, ""catalog_validity_flags"": 0, ""cube_id"": ""L80_sub2005680"", ""environment"": {""B_mean"": 0.6473225951194763, ""B_mean_sq_over_B2_mean"": 0.7563267946243286, ""B_rms"": 0.744330883026123, ""dBB"": 0.5676088333129883, ""deltaB"": 0.3674260675907135, ""deltaB_sq_over_B2_mean"": 0.24367322027683258}, ""magnetic_selection_valid"": true, ""matched_group"": null, ""matrix"": ""baseline"", ""nearest_dBB_selection"": {""absolute_dBB_difference"": 0.01738196611404419, ""reference_parent_cube_id"": ""L160_sub251544"", ""reference_parent_dBB"": 0.5849907994270325, ""tie_break"": ""minimum (absolute_dBB_difference, child_subvolume_id)""}, ""outlier"": false, ""physical_bounds_x1_x2_x3"": [[-0.125, -0.1171875], [-0.0859375, -0.078125], [0.453125, 0.4609375]], ""physical_region_id"": ""L640_sub03942"", ""release"": ""L80_lineage_smoke_baseline"", ""representative"": true, ""required_rank_count"": 1, ""required_rank_ids"": [24482], ""role"": ""representative:near_median_dBB"", ""roles"": [""phase1_parent_role:representative:near_median_dBB"", ""phase5_nearest_dBB_child"", ""phase5_smoke_anchor:median_dBB""], ""root_L640_cube_id"": ""L640_sub03942"", ""root_phase1_role"": ""representative:near_median_dBB"", ""selected_parent_link"": {""L_sub"": 160, ""cube_id"": ""L160_sub251544"", ""subvolume_id"": 251544}, ""selection_method"": ""nearest_dBB_magnetic_valid_catalog_child"", ""selection_set"": ""smoke"", ""shape_kji"": [80, 80, 80], ""smoke_anchor"": true, ""smoke_anchor_role"": ""median_dBB"", ""subvolume_id"": 2005680}"
0.7919340133666992,0.9187309741973877,0.82621830701828,80,L80_sub237456,0.2974187731742859,0.23553603887557983,0.0812690332531929,,"[""baseline"", ""orders""]",,False,L640_sub00370,L80_lineage_smoke_baseline,"[""L80_lineage_smoke_baseline"", ""L80_lineage_smoke_orders""]",True,representative:low_dBB,smoke,"{""L_sub"": 80, ""bounds_ijk_half_open"": [1280, 1360, 5040, 5120, 1120, 1200], ""catalog_controls"": {""B_rms"": 0.82621830701828, ""deltaB"": 0.23553603887557983, ""dens_mean"": 1.057493805885315, ""mom1_sigma"": 0.08923796564340591, ""mom2_sigma"": 0.048020120710134506, ""mom3_sigma"": 0.07979951053857803, ""rho_sigma_over_mean"": 0.09942639619112015}, ""catalog_magnetic_flags"": {""B_mean_fraction_flags"": 0, ""dBB_flags"": 0, ""deltaB_flags"": 0, ""deltaB_fraction_flags"": 0}, ""catalog_magnetic_values"": {""B_mean"": 0.7919340133666992, ""B_mean_sq_over_B2_mean"": 0.9187309741973877, ""B_rms"": 0.82621830701828, ""dBB"": 0.2974187731742859, ""deltaB"": 0.23553603887557983, ""deltaB_sq_over_B2_mean"": 0.0812690332531929}, ""catalog_parent_link"": {""L_sub"": 160, ""subvolume_id"": 30664}, ""catalog_validity_flags"": 0, ""cube_id"": ""L80_sub237456"", ""environment"": {""B_mean"": 0.7919340133666992, ""B_mean_sq_over_B2_mean"": 0.9187309741973877, ""B_rms"": 0.82621830701828, ""dBB"": 0.2974187731742859, ""deltaB"": 0.23553603887557983, ""deltaB_sq_over_B2_mean"": 0.0812690332531929}, ""magnetic_selection_valid"": true, ""matched_group"": null, ""matrix"": ""baseline"", ""nearest_dBB_selection"": {""absolute_dBB_difference"": 0.006221175193786621, ""reference_parent_cube_id"": ""L160_sub30664"", ""reference_parent_dBB"": 0.3036399483680725, ""tie_break"": ""minimum (absolute_dBB_difference, child_subvolume_id)""}, ""outlier"": false, ""physical_bounds_x1_x2_x3"": [[-0.375, -0.3671875], [-0.0078125, 0.0], [-0.390625, -0.3828125]], ""physical_region_id"": ""L640_sub00370"", ""release"": ""L80_lineage_smoke_baseline"", ""representative"": true, ""required_rank_count"": 1, ""required_rank_ids"": [1718], ""role"": ""representative:low_dBB"", ""roles"": [""phase1_parent_role:representative:low_dBB"", ""phase5_nearest_dBB_child"", ""phase5_smoke_anchor:low_dBB""], ""root_L640_cube_id"": ""L640_sub00370"", ""root_phase1_role"": ""representative:low_dBB"", ""selected_parent_link"": {""L_sub"": 160, ""cube_id"": ""L160_sub30664"", ""subvolume_id"": 30664}, ""selection_method"": ""nearest_dBB_magnetic_valid_catalog_child"", ""selection_set"": ""smoke"", ""shape_kji"": [80, 80, 80], ""smoke_anchor"": true, ""smoke_anchor_role"": ""low_dBB"", ""subvolume_id"": 237456}"
0.2880493998527527,0.1746724247932434,0.6892151236534119,80,L80_sub309909,2.1737070083618164,0.626134991645813,0.8253275752067566,,"[""baseline"", ""orders""]",,True,L640_sub00738,L80_lineage_smoke_baseline,"[""L80_lineage_smoke_baseline"", ""L80_lineage_smoke_orders""]",True,outlier:small_B_mean,smoke,"{""L_sub"": 80, ""bounds_ijk_half_open"": [1680, 1760, 9360, 9440, 1440, 1520], ""catalog_controls"": {""B_rms"": 0.6892151236534119, ""deltaB"": 0.626134991645813, ""dens_mean"": 1.1393308639526367, ""mom1_sigma"": 0.18940995633602142, ""mom2_sigma"": 0.12401432543992996, ""mom3_sigma"": 0.252162367105484, ""rho_sigma_over_mean"": 0.12274809181690216}, ""catalog_magnetic_flags"": {""B_mean_fraction_flags"": 0, ""dBB_flags"": 0, ""deltaB_flags"": 0, ""deltaB_fraction_flags"": 0}, ""catalog_magnetic_values"": {""B_mean"": 0.2880493998527527, ""B_mean_sq_over_B2_mean"": 0.1746724247932434, ""B_rms"": 0.6892151236534119, ""dBB"": 2.1737070083618164, ""deltaB"": 0.626134991645813, ""deltaB_sq_over_B2_mean"": 0.8253275752067566}, ""catalog_parent_link"": {""L_sub"": 160, ""subvolume_id"": 40586}, ""catalog_validity_flags"": 0, ""cube_id"": ""L80_sub309909"", ""environment"": {""B_mean"": 0.2880493998527527, ""B_mean_sq_over_B2_mean"": 0.1746724247932434, ""B_rms"": 0.6892151236534119, ""dBB"": 2.1737070083618164, ""deltaB"": 0.626134991645813, ""deltaB_sq_over_B2_mean"": 0.8253275752067566}, ""magnetic_selection_valid"": true, ""matched_group"": null, ""matrix"": ""baseline"", ""nearest_dBB_selection"": {""absolute_dBB_difference"": 5.82570743560791, ""reference_parent_cube_id"": ""L160_sub40586"", ""reference_parent_dBB"": 7.999414443969727, ""tie_break"": ""minimum (absolute_dBB_difference, child_subvolume_id)""}, ""outlier"": true, ""physical_bounds_x1_x2_x3"": [[-0.3359375, -0.328125], [0.4140625, 0.421875], [-0.359375, -0.3515625]], ""physical_region_id"": ""L640_sub00738"", ""release"": ""L80_lineage_smoke_baseline"", ""representative"": true, ""required_rank_count"": 1, ""required_rank_ids"": [10122], ""role"": ""outlier:small_B_mean"", ""roles"": [""phase1_parent_role:outlier:small_B_mean"", ""phase5_nearest_dBB_child"", ""phase5_smoke_anchor:small_B_mean_outlier""], ""root_L640_cube_id"": ""L640_sub00738"", ""root_phase1_role"": ""outlier:small_B_mean"", ""selected_parent_link"": {""L_sub"": 160, ""cube_id"": ""L160_sub40586"", ""subvolume_id"": 40586}, ""selection_method"": ""nearest_dBB_magnetic_valid_catalog_child"", ""selection_set"": ""smoke"", ""shape_kji"": [80, 80, 80], ""smoke_anchor"": true, ""smoke_anchor_role"": ""small_B_mean_outlier"", ""subvolume_id"": 309909}"
0.38435953855514526,0.45060601830482483,0.5725839734077454,80,L80_sub364699,1.1041890382766724,0.42440560460090637,0.5493939518928528,,"[""baseline"", ""orders""]",,False,L640_sub00579,L80_lineage_smoke_baseline,"[""L80_lineage_smoke_baseline"", ""L80_lineage_smoke_orders""]",True,representative:high_dBB,smoke,"{""L_sub"": 80, ""bounds_ijk_half_open"": [2160, 2240, 2640, 2720, 1760, 1840], ""catalog_controls"": {""B_rms"": 0.5725839734077454, ""deltaB"": 0.42440560460090637, ""dens_mean"": 1.1774673461914062, ""mom1_sigma"": 0.12325084954500198, ""mom2_sigma"": 0.11197640746831894, ""mom3_sigma"": 0.21746140718460083, ""rho_sigma_over_mean"": 0.08496325463056564}, ""catalog_magnetic_flags"": {""B_mean_fraction_flags"": 0, ""dBB_flags"": 0, ""deltaB_flags"": 0, ""deltaB_fraction_flags"": 0}, ""catalog_magnetic_values"": {""B_mean"": 0.38435953855514526, ""B_mean_sq_over_B2_mean"": 0.45060601830482483, ""B_rms"": 0.5725839734077454, ""dBB"": 1.1041890382766724, ""deltaB"": 0.42440560460090637, ""deltaB_sq_over_B2_mean"": 0.5493939518928528}, ""catalog_parent_link"": {""L_sub"": 160, ""subvolume_id"": 46093}, ""catalog_validity_flags"": 0, ""cube_id"": ""L80_sub364699"", ""environment"": {""B_mean"": 0.38435953855514526, ""B_mean_sq_over_B2_mean"": 0.45060601830482483, ""B_rms"": 0.5725839734077454, ""dBB"": 1.1041890382766724, ""deltaB"": 0.42440560460090637, ""deltaB_sq_over_B2_mean"": 0.5493939518928528}, ""magnetic_selection_valid"": true, ""matched_group"": null, ""matrix"": ""baseline"", ""nearest_dBB_selection"": {""absolute_dBB_difference"": 0.05828404426574707, ""reference_parent_cube_id"": ""L160_sub46093"", ""reference_parent_dBB"": 1.0459049940109253, ""tie_break"": ""minimum (absolute_dBB_difference, child_subvolume_id)""}, ""outlier"": false, ""physical_bounds_x1_x2_x3"": [[-0.2890625, -0.28125], [-0.2421875, -0.234375], [-0.328125, -0.3203125]], ""physical_region_id"": ""L640_sub00579"", ""release"": ""L80_lineage_smoke_baseline"", ""representative"": true, ""required_rank_count"": 1, ""required_rank_ids"": [1861], ""role"": ""representative:high_dBB"", ""roles"": [""phase1_parent_role:representative:high_dBB"", ""phase5_nearest_dBB_child"", ""phase5_smoke_anchor:high_dBB""], ""root_L640_cube_id"": ""L640_sub00579"", ""root_phase1_role"": ""representative:high_dBB"", ""selected_parent_link"": {""L_sub"": 160, ""cube_id"": ""L160_sub46093"", ""subvolume_id"": 46093}, ""selection_method"": ""nearest_dBB_magnetic_valid_catalog_child"", ""selection_set"": ""smoke"", ""shape_kji"": [80, 80, 80], ""smoke_anchor"": true, ""smoke_anchor_role"": ""high_dBB"", ""subvolume_id"": 364699}"
0.33656203746795654,0.30408427119255066,0.6103348135948181,80,L80_sub822585,1.5127995014190674,0.5091508626937866,0.6959157586097717,,"[""baseline"", ""orders""]",,True,L640_sub01591,L80_lineage_smoke_baseline,"[""L80_lineage_smoke_baseline"", ""L80_lineage_smoke_orders""]",True,outlier:large_deltaB,smoke,"{""L_sub"": 80, ""bounds_ijk_half_open"": [4560, 4640, 2080, 2160, 4000, 4080], ""catalog_controls"": {""B_rms"": 0.6103348135948181, ""deltaB"": 0.5091508626937866, ""dens_mean"": 1.4192942380905151, ""mom1_sigma"": 0.4127378761768341, ""mom2_sigma"": 0.47710081934928894, ""mom3_sigma"": 0.15138791501522064, ""rho_sigma_over_mean"": 0.08317460119724274}, ""catalog_magnetic_flags"": {""B_mean_fraction_flags"": 0, ""dBB_flags"": 0, ""deltaB_flags"": 0, ""deltaB_fraction_flags"": 0}, ""catalog_magnetic_values"": {""B_mean"": 0.33656203746795654, ""B_mean_sq_over_B2_mean"": 0.30408427119255066, ""B_rms"": 0.6103348135948181, ""dBB"": 1.5127995014190674, ""deltaB"": 0.5091508626937866, ""deltaB_sq_over_B2_mean"": 0.6959157586097717}, ""catalog_parent_link"": {""L_sub"": 160, ""subvolume_id"": 103260}, ""catalog_validity_flags"": 0, ""cube_id"": ""L80_sub822585"", ""environment"": {""B_mean"": 0.33656203746795654, ""B_mean_sq_over_B2_mean"": 0.30408427119255066, ""B_rms"": 0.6103348135948181, ""dBB"": 1.5127995014190674, ""deltaB"": 0.5091508626937866, ""deltaB_sq_over_B2_mean"": 0.6959157586097717}, ""magnetic_selection_valid"": true, ""matched_group"": null, ""matrix"": ""baseline"", ""nearest_dBB_selection"": {""absolute_dBB_difference"": 0.13985693454742432, ""reference_parent_cube_id"": ""L160_sub103260"", ""reference_parent_dBB"": 1.6526564359664917, ""tie_break"": ""minimum (absolute_dBB_difference, child_subvolume_id)""}, ""outlier"": true, ""physical_bounds_x1_x2_x3"": [[-0.0546875, -0.046875], [-0.296875, -0.2890625], [-0.109375, -0.1015625]], ""physical_region_id"": ""L640_sub01591"", ""release"": ""L80_lineage_smoke_baseline"", ""representative"": true, ""required_rank_count"": 1, ""required_rank_ids"": [7120], ""role"": ""outlier:large_deltaB"", ""roles"": [""phase1_parent_role:outlier:large_deltaB"", ""phase5_nearest_dBB_child"", ""phase5_smoke_anchor:large_deltaB_outlier""], ""root_L640_cube_id"": ""L640_sub01591"", ""root_phase1_role"": ""outlier:large_deltaB"", ""selected_parent_link"": {""L_sub"": 160, ""cube_id"": ""L160_sub103260"", ""subvolume_id"": 103260}, ""selection_method"": ""nearest_dBB_magnetic_valid_catalog_child"", ""selection_set"": ""smoke"", ""shape_kji"": [80, 80, 80], ""smoke_anchor"": true, ""smoke_anchor_role"": ""large_deltaB_outlier"", ""subvolume_id"": 822585}"
0.04754112660884857,0.009378323331475258,0.4909156262874603,80,L80_sub875929,10.27759075164795,0.4886082112789154,0.9906216859817505,,"[""baseline"", ""orders""]",,True,L640_sub01651,L80_lineage_smoke_baseline,"[""L80_lineage_smoke_baseline"", ""L80_lineage_smoke_orders""]",True,outlier:large_dBB,smoke,"{""L_sub"": 80, ""bounds_ijk_half_open"": [2000, 2080, 4720, 4800, 4240, 4320], ""catalog_controls"": {""B_rms"": 0.4909156262874603, ""deltaB"": 0.4886082112789154, ""dens_mean"": 1.0274171829223633, ""mom1_sigma"": 0.12174389511346817, ""mom2_sigma"": 0.11184602230787277, ""mom3_sigma"": 0.16037017107009888, ""rho_sigma_over_mean"": 0.06493943929672241}, ""catalog_magnetic_flags"": {""B_mean_fraction_flags"": 0, ""dBB_flags"": 0, ""deltaB_flags"": 0, ""deltaB_fraction_flags"": 0}, ""catalog_magnetic_values"": {""B_mean"": 0.04754112660884857, ""B_mean_sq_over_B2_mean"": 0.009378323331475258, ""B_rms"": 0.4909156262874603, ""dBB"": 10.27759075164795, ""deltaB"": 0.4886082112789154, ""deltaB_sq_over_B2_mean"": 0.9906216859817505}, ""catalog_parent_link"": {""L_sub"": 160, ""subvolume_id"": 108364}, ""catalog_validity_flags"": 0, ""cube_id"": ""L80_sub875929"", ""environment"": {""B_mean"": 0.04754112660884857, ""B_mean_sq_over_B2_mean"": 0.009378323331475258, ""B_rms"": 0.4909156262874603, ""dBB"": 10.27759075164795, ""deltaB"": 0.4886082112789154, ""deltaB_sq_over_B2_mean"": 0.9906216859817505}, ""magnetic_selection_valid"": true, ""matched_group"": null, ""matrix"": ""baseline"", ""nearest_dBB_selection"": {""absolute_dBB_difference"": 7.2191362380981445, ""reference_parent_cube_id"": ""L160_sub108364"", ""reference_parent_dBB"": 17.496726989746094, ""tie_break"": ""minimum (absolute_dBB_difference, child_subvolume_id)""}, ""outlier"": true, ""physical_bounds_x1_x2_x3"": [[-0.3046875, -0.296875], [-0.0390625, -0.03125], [-0.0859375, -0.078125]], ""physical_region_id"": ""L640_sub01651"", ""release"": ""L80_lineage_smoke_baseline"", ""representative"": true, ""required_rank_count"": 1, ""required_rank_ids"": [4052], ""role"": ""outlier:large_dBB"", ""roles"": [""phase1_parent_role:outlier:large_dBB"", ""phase5_nearest_dBB_child"", ""phase5_smoke_anchor:large_dBB_outlier""], ""root_L640_cube_id"": ""L640_sub01651"", ""root_phase1_role"": ""outlier:large_dBB"", ""selected_parent_link"": {""L_sub"": 160, ""cube_id"": ""L160_sub108364"", ""subvolume_id"": 108364}, ""selection_method"": ""nearest_dBB_magnetic_valid_catalog_child"", ""selection_set"": ""smoke"", ""shape_kji"": [80, 80, 80], ""smoke_anchor"": true, ""smoke_anchor_role"": ""large_dBB_outlier"", ""subvolume_id"": 875929}"
0.2960526943206787,0.26800504326820374,0.5718703269958496,160,L160_sub103260,1.6526564359664917,0.4892733693122864,0.7319949865341187,,"[""3point"", ""baseline"", ""orders""]",,True,L640_sub01591,L160_lineage_smoke_3point,"[""L160_lineage_smoke_3point"", ""L160_lineage_smoke_baseline"", ""L160_lineage_smoke_orders""]",True,outlier:large_deltaB,smoke,"{""L_sub"": 160, ""bounds_ijk_half_open"": [4480, 4640, 2080, 2240, 4000, 4160], ""catalog_controls"": {""B_rms"": 0.5718703269958496, ""deltaB"": 0.4892733693122864, ""dens_mean"": 1.4019380807876587, ""mom1_sigma"": 0.3570985794067383, ""mom2_sigma"": 0.4134870171546936, ""mom3_sigma"": 0.16974784433841705, ""rho_sigma_over_mean"": 0.087832972407341}, ""catalog_magnetic_flags"": {""B_mean_fraction_flags"": 0, ""dBB_flags"": 0, ""deltaB_flags"": 0, ""deltaB_fraction_flags"": 0}, ""catalog_magnetic_values"": {""B_mean"": 0.2960526943206787, ""B_mean_sq_over_B2_mean"": 0.26800504326820374, ""B_rms"": 0.5718703269958496, ""dBB"": 1.6526564359664917, ""deltaB"": 0.4892733693122864, ""deltaB_sq_over_B2_mean"": 0.7319949865341187}, ""catalog_parent_link"": {""L_sub"": 320, ""subvolume_id"": 12494}, ""catalog_validity_flags"": 0, ""cube_id"": ""L160_sub103260"", ""environment"": {""B_mean"": 0.2960526943206787, ""B_mean_sq_over_B2_mean"": 0.26800504326820374, ""B_rms"": 0.5718703269958496, ""dBB"": 1.6526564359664917, ""deltaB"": 0.4892733693122864, ""deltaB_sq_over_B2_mean"": 0.7319949865341187}, ""magnetic_selection_valid"": true, ""matched_group"": null, ""matrix"": ""3point"", ""nearest_dBB_selection"": {""absolute_dBB_difference"": 0.8263276815414429, ""reference_parent_cube_id"": ""L320_sub12494"", ""reference_parent_dBB"": 2.4789841175079346, ""tie_break"": ""minimum (absolute_dBB_difference, child_subvolume_id)""}, ""outlier"": true, ""physical_bounds_x1_x2_x3"": [[-0.0625, -0.046875], [-0.296875, -0.28125], [-0.109375, -0.09375]], ""physical_region_id"": ""L640_sub01591"", ""release"": ""L160_lineage_smoke_3point"", ""representative"": true, ""required_rank_count"": 1, ""required_rank_ids"": [7120], ""role"": ""outlier:large_deltaB"", ""roles"": [""phase1_parent_role:outlier:large_deltaB"", ""phase5_nearest_dBB_child"", ""phase5_smoke_anchor:large_deltaB_outlier""], ""root_L640_cube_id"": ""L640_sub01591"", ""root_phase1_role"": ""outlier:large_deltaB"", ""selected_parent_link"": {""L_sub"": 320, ""cube_id"": ""L320_sub12494"", ""subvolume_id"": 12494}, ""selection_method"": ""nearest_dBB_magnetic_valid_catalog_child"", ""selection_set"": ""smoke"", ""shape_kji"": [160, 160, 160], ""smoke_anchor"": true, ""smoke_anchor_role"": ""large_deltaB_outlier"", ""subvolume_id"": 103260}"
0.02815636619925499,0.00325589207932353,0.4934482276439667,160,L160_sub108364,17.496726989746094,0.4926442801952362,0.9967440962791443,,"[""3point"", ""baseline"", ""orders""]",,True,L640_sub01651,L160_lineage_smoke_3point,"[""L160_lineage_smoke_3point"", ""L160_lineage_smoke_baseline"", ""L160_lineage_smoke_orders""]",True,outlier:large_dBB,smoke,"{""L_sub"": 160, ""bounds_ijk_half_open"": [1920, 2080, 4640, 4800, 4160, 4320], ""catalog_controls"": {""B_rms"": 0.4934482276439667, ""deltaB"": 0.4926442801952362, ""dens_mean"": 1.0205124616622925, ""mom1_sigma"": 0.16523776948451996, ""mom2_sigma"": 0.11425916105508804, ""mom3_sigma"": 0.18850451707839966, ""rho_sigma_over_mean"": 0.09414685517549515}, ""catalog_magnetic_flags"": {""B_mean_fraction_flags"": 0, ""dBB_flags"": 0, ""deltaB_flags"": 0, ""deltaB_fraction_flags"": 0}, ""catalog_magnetic_values"": {""B_mean"": 0.02815636619925499, ""B_mean_sq_over_B2_mean"": 0.00325589207932353, ""B_rms"": 0.4934482276439667, ""dBB"": 17.496726989746094, ""deltaB"": 0.4926442801952362, ""deltaB_sq_over_B2_mean"": 0.9967440962791443}, ""catalog_parent_link"": {""L_sub"": 320, ""subvolume_id"": 13766}, ""catalog_validity_flags"": 0, ""cube_id"": ""L160_sub108364"", ""environment"": {""B_mean"": 0.02815636619925499, ""B_mean_sq_over_B2_mean"": 0.00325589207932353, ""B_rms"": 0.4934482276439667, ""dBB"": 17.496726989746094, ""deltaB"": 0.4926442801952362, ""deltaB_sq_over_B2_mean"": 0.9967440962791443}, ""magnetic_selection_valid"": true, ""matched_group"": null, ""matrix"": ""3point"", ""nearest_dBB_selection"": {""absolute_dBB_difference"": 12.189981460571289, ""reference_parent_cube_id"": ""L320_sub13766"", ""reference_parent_dBB"": 29.686708450317383, ""tie_break"": ""minimum (absolute_dBB_difference, child_subvolume_id)""}, ""outlier"": true, ""physical_bounds_x1_x2_x3"": [[-0.3125, -0.296875], [-0.046875, -0.03125], [-0.09375, -0.078125]], ""physical_region_id"": ""L640_sub01651"", ""release"": ""L160_lineage_smoke_3point"", ""representative"": true, ""required_rank_count"": 1, ""required_rank_ids"": [4052], ""role"": ""outlier:large_dBB"", ""roles"": [""phase1_parent_role:outlier:large_dBB"", ""phase5_nearest_dBB_child"", ""phase5_smoke_anchor:large_dBB_outlier""], ""root_L640_cube_id"": ""L640_sub01651"", ""root_phase1_role"": ""outlier:large_dBB"", ""selected_parent_link"": {""L_sub"": 320, ""cube_id"": ""L320_sub13766"", ""subvolume_id"": 13766}, ""selection_method"": ""nearest_dBB_magnetic_valid_catalog_child"", ""selection_set"": ""smoke"", ""shape_kji"": [160, 160, 160], ""smoke_anchor"": true, ""smoke_anchor_role"": ""large_dBB_outlier"", ""subvolume_id"": 108364}"
0.7465961575508118,0.7450375556945801,0.8649612665176392,160,L160_sub251544,0.5849907994270325,0.4367518723011017,0.2549624443054199,,"[""3point"", ""baseline"", ""orders""]",,False,L640_sub03942,L160_lineage_smoke_3point,"[""L160_lineage_smoke_3point"", ""L160_lineage_smoke_baseline"", ""L160_lineage_smoke_orders""]",True,representative:near_median_dBB,smoke,"{""L_sub"": 160, ""bounds_ijk_half_open"": [3840, 4000, 4160, 4320, 9760, 9920], ""catalog_controls"": {""B_rms"": 0.8649612665176392, ""deltaB"": 0.4367518723011017, ""dens_mean"": 1.209586501121521, ""mom1_sigma"": 0.20434774458408356, ""mom2_sigma"": 0.12611925601959229, ""mom3_sigma"": 0.16508415341377258, ""rho_sigma_over_mean"": 0.15971113741397858}, ""catalog_magnetic_flags"": {""B_mean_fraction_flags"": 0, ""dBB_flags"": 0, ""deltaB_flags"": 0, ""deltaB_fraction_flags"": 0}, ""catalog_magnetic_values"": {""B_mean"": 0.7465961575508118, ""B_mean_sq_over_B2_mean"": 0.7450375556945801, ""B_rms"": 0.8649612665176392, ""dBB"": 0.5849907994270325, ""deltaB"": 0.4367518723011017, ""deltaB_sq_over_B2_mean"": 0.2549624443054199}, ""catalog_parent_link"": {""L_sub"": 320, ""subvolume_id"": 31148}, ""catalog_validity_flags"": 0, ""cube_id"": ""L160_sub251544"", ""environment"": {""B_mean"": 0.7465961575508118, ""B_mean_sq_over_B2_mean"": 0.7450375556945801, ""B_rms"": 0.8649612665176392, ""dBB"": 0.5849907994270325, ""deltaB"": 0.4367518723011017, ""deltaB_sq_over_B2_mean"": 0.2549624443054199}, ""magnetic_selection_valid"": true, ""matched_group"": null, ""matrix"": ""3point"", ""nearest_dBB_selection"": {""absolute_dBB_difference"": 0.056150853633880615, ""reference_parent_cube_id"": ""L320_sub31148"", ""reference_parent_dBB"": 0.6411416530609131, ""tie_break"": ""minimum (absolute_dBB_difference, child_subvolume_id)""}, ""outlier"": false, ""physical_bounds_x1_x2_x3"": [[-0.125, -0.109375], [-0.09375, -0.078125], [0.453125, 0.46875]], ""physical_region_id"": ""L640_sub03942"", ""release"": ""L160_lineage_smoke_3point"", ""representative"": true, ""required_rank_count"": 1, ""required_rank_ids"": [24482], ""role"": ""representative:near_median_dBB"", ""roles"": [""phase1_parent_role:representative:near_median_dBB"", ""phase5_nearest_dBB_child"", ""phase5_smoke_anchor:median_dBB""], ""root_L640_cube_id"": ""L640_sub03942"", ""root_phase1_role"": ""representative:near_median_dBB"", ""selected_parent_link"": {""L_sub"": 320, ""cube_id"": ""L320_sub31148"", ""subvolume_id"": 31148}, ""selection_method"": ""nearest_dBB_magnetic_valid_catalog_child"", ""selection_set"": ""smoke"", ""shape_kji"": [160, 160, 160], ""smoke_anchor"": true, ""smoke_anchor_role"": ""median_dBB"", ""subvolume_id"": 251544}"
0.7315514087677002,0.9155855774879456,0.7645314931869507,160,L160_sub30664,0.3036399483680725,0.222128227353096,0.08441444486379623,,"[""3point"", ""baseline"", ""orders""]",,False,L640_sub00370,L160_lineage_smoke_3point,"[""L160_lineage_smoke_3point"", ""L160_lineage_smoke_baseline"", ""L160_lineage_smoke_orders""]",True,representative:low_dBB,smoke,"{""L_sub"": 160, ""bounds_ijk_half_open"": [1280, 1440, 4960, 5120, 1120, 1280], ""catalog_controls"": {""B_rms"": 0.7645314931869507, ""deltaB"": 0.222128227353096, ""dens_mean"": 1.08786940574646, ""mom1_sigma"": 0.08090858906507492, ""mom2_sigma"": 0.06002788618206978, ""mom3_sigma"": 0.06696236878633499, ""rho_sigma_over_mean"": 0.08843158185482025}, ""catalog_magnetic_flags"": {""B_mean_fraction_flags"": 0, ""dBB_flags"": 0, ""deltaB_flags"": 0, ""deltaB_fraction_flags"": 0}, ""catalog_magnetic_values"": {""B_mean"": 0.7315514087677002, ""B_mean_sq_over_B2_mean"": 0.9155855774879456, ""B_rms"": 0.7645314931869507, ""dBB"": 0.3036399483680725, ""deltaB"": 0.222128227353096, ""deltaB_sq_over_B2_mean"": 0.08441444486379623}, ""catalog_parent_link"": {""L_sub"": 320, ""subvolume_id"": 3556}, ""catalog_validity_flags"": 0, ""cube_id"": ""L160_sub30664"", ""environment"": {""B_mean"": 0.7315514087677002, ""B_mean_sq_over_B2_mean"": 0.9155855774879456, ""B_rms"": 0.7645314931869507, ""dBB"": 0.3036399483680725, ""deltaB"": 0.222128227353096, ""deltaB_sq_over_B2_mean"": 0.08441444486379623}, ""magnetic_selection_valid"": true, ""matched_group"": null, ""matrix"": ""3point"", ""nearest_dBB_selection"": {""absolute_dBB_difference"": 0.010919749736785889, ""reference_parent_cube_id"": ""L320_sub03556"", ""reference_parent_dBB"": 0.3145596981048584, ""tie_break"": ""minimum (absolute_dBB_difference, child_subvolume_id)""}, ""outlier"": false, ""physical_bounds_x1_x2_x3"": [[-0.375, -0.359375], [-0.015625, 0.0], [-0.390625, -0.375]], ""physical_region_id"": ""L640_sub00370"", ""release"": ""L160_lineage_smoke_3point"", ""representative"": true, ""required_rank_count"": 1, ""required_rank_ids"": [1718], ""role"": ""representative:low_dBB"", ""roles"": [""phase1_parent_role:representative:low_dBB"", ""phase5_nearest_dBB_child"", ""phase5_smoke_anchor:low_dBB""], ""root_L640_cube_id"": ""L640_sub00370"", ""root_phase1_role"": ""representative:low_dBB"", ""selected_parent_link"": {""L_sub"": 320, ""cube_id"": ""L320_sub03556"", ""subvolume_id"": 3556}, ""selection_method"": ""nearest_dBB_magnetic_valid_catalog_child"", ""selection_set"": ""smoke"", ""shape_kji"": [160, 160, 160], ""smoke_anchor"": true, ""smoke_anchor_role"": ""low_dBB"", ""subvolume_id"": 30664}"
0.09984280914068222,0.015386832877993584,0.8049004673957825,160,L160_sub40586,7.999414443969727,0.7986840605735779,0.9846131801605225,,"[""3point"", ""baseline"", ""orders""]",,True,L640_sub00738,L160_lineage_smoke_3point,"[""L160_lineage_smoke_3point"", ""L160_lineage_smoke_baseline"", ""L160_lineage_smoke_orders""]",True,outlier:small_B_mean,smoke,"{""L_sub"": 160, ""bounds_ijk_half_open"": [1600, 1760, 9280, 9440, 1440, 1600], ""catalog_controls"": {""B_rms"": 0.8049004673957825, ""deltaB"": 0.7986840605735779, ""dens_mean"": 1.050658106803894, ""mom1_sigma"": 0.23021137714385986, ""mom2_sigma"": 0.13782820105552673, ""mom3_sigma"": 0.31552374362945557, ""rho_sigma_over_mean"": 0.15168771147727966}, ""catalog_magnetic_flags"": {""B_mean_fraction_flags"": 0, ""dBB_flags"": 0, ""deltaB_flags"": 0, ""deltaB_fraction_flags"": 0}, ""catalog_magnetic_values"": {""B_mean"": 0.09984280914068222, ""B_mean_sq_over_B2_mean"": 0.015386832877993584, ""B_rms"": 0.8049004673957825, ""dBB"": 7.999414443969727, ""deltaB"": 0.7986840605735779, ""deltaB_sq_over_B2_mean"": 0.9846131801605225}, ""catalog_parent_link"": {""L_sub"": 320, ""subvolume_id"": 5029}, ""catalog_validity_flags"": 0, ""cube_id"": ""L160_sub40586"", ""environment"": {""B_mean"": 0.09984280914068222, ""B_mean_sq_over_B2_mean"": 0.015386832877993584, ""B_rms"": 0.8049004673957825, ""dBB"": 7.999414443969727, ""deltaB"": 0.7986840605735779, ""deltaB_sq_over_B2_mean"": 0.9846131801605225}, ""magnetic_selection_valid"": true, ""matched_group"": null, ""matrix"": ""3point"", ""nearest_dBB_selection"": {""absolute_dBB_difference"": 1.3613529205322266, ""reference_parent_cube_id"": ""L320_sub05029"", ""reference_parent_dBB"": 6.6380615234375, ""tie_break"": ""minimum (absolute_dBB_difference, child_subvolume_id)""}, ""outlier"": true, ""physical_bounds_x1_x2_x3"": [[-0.34375, -0.328125], [0.40625, 0.421875], [-0.359375, -0.34375]], ""physical_region_id"": ""L640_sub00738"", ""release"": ""L160_lineage_smoke_3point"", ""representative"": true, ""required_rank_count"": 1, ""required_rank_ids"": [10122], ""role"": ""outlier:small_B_mean"", ""roles"": [""phase1_parent_role:outlier:small_B_mean"", ""phase5_nearest_dBB_child"", ""phase5_smoke_anchor:small_B_mean_outlier""], ""root_L640_cube_id"": ""L640_sub00738"", ""root_phase1_role"": ""outlier:small_B_mean"", ""selected_parent_link"": {""L_sub"": 320, ""cube_id"": ""L320_sub05029"", ""subvolume_id"": 5029}, ""selection_method"": ""nearest_dBB_magnetic_valid_catalog_child"", ""selection_set"": ""smoke"", ""shape_kji"": [160, 160, 160], ""smoke_anchor"": true, ""smoke_anchor_role"": ""small_B_mean_outlier"", ""subvolume_id"": 40586}"
0.36551395058631897,0.47757378220558167,0.528912365436554,160,L160_sub46093,1.0459049940109253,0.38229283690452576,0.522426187992096,,"[""3point"", ""baseline"", ""orders""]",,False,L640_sub00579,L160_lineage_smoke_3point,"[""L160_lineage_smoke_3point"", ""L160_lineage_smoke_baseline"", ""L160_lineage_smoke_orders""]",True,representative:high_dBB,smoke,"{""L_sub"": 160, ""bounds_ijk_half_open"": [2080, 2240, 2560, 2720, 1760, 1920], ""catalog_controls"": {""B_rms"": 0.528912365436554, ""deltaB"": 0.38229283690452576, ""dens_mean"": 1.210317850112915, ""mom1_sigma"": 0.10116918385028839, ""mom2_sigma"": 0.16413924098014832, ""mom3_sigma"": 0.20852820575237274, ""rho_sigma_over_mean"": 0.09263499826192856}, ""catalog_magnetic_flags"": {""B_mean_fraction_flags"": 0, ""dBB_flags"": 0, ""deltaB_flags"": 0, ""deltaB_fraction_flags"": 0}, ""catalog_magnetic_values"": {""B_mean"": 0.36551395058631897, ""B_mean_sq_over_B2_mean"": 0.47757378220558167, ""B_rms"": 0.528912365436554, ""dBB"": 1.0459049940109253, ""deltaB"": 0.38229283690452576, ""deltaB_sq_over_B2_mean"": 0.522426187992096}, ""catalog_parent_link"": {""L_sub"": 320, ""subvolume_id"": 5382}, ""catalog_validity_flags"": 0, ""cube_id"": ""L160_sub46093"", ""environment"": {""B_mean"": 0.36551395058631897, ""B_mean_sq_over_B2_mean"": 0.47757378220558167, ""B_rms"": 0.528912365436554, ""dBB"": 1.0459049940109253, ""deltaB"": 0.38229283690452576, ""deltaB_sq_over_B2_mean"": 0.522426187992096}, ""magnetic_selection_valid"": true, ""matched_group"": null, ""matrix"": ""3point"", ""nearest_dBB_selection"": {""absolute_dBB_difference"": 0.13216519355773926, ""reference_parent_cube_id"": ""L320_sub05382"", ""reference_parent_dBB"": 1.1780701875686646, ""tie_break"": ""minimum (absolute_dBB_difference, child_subvolume_id)""}, ""outlier"": false, ""physical_bounds_x1_x2_x3"": [[-0.296875, -0.28125], [-0.25, -0.234375], [-0.328125, -0.3125]], ""physical_region_id"": ""L640_sub00579"", ""release"": ""L160_lineage_smoke_3point"", ""representative"": true, ""required_rank_count"": 1, ""required_rank_ids"": [1861], ""role"": ""representative:high_dBB"", ""roles"": [""phase1_parent_role:representative:high_dBB"", ""phase5_nearest_dBB_child"", ""phase5_smoke_anchor:high_dBB""], ""root_L640_cube_id"": ""L640_sub00579"", ""root_phase1_role"": ""representative:high_dBB"", ""selected_parent_link"": {""L_sub"": 320, ""cube_id"": ""L320_sub05382"", ""subvolume_id"": 5382}, ""selection_method"": ""nearest_dBB_magnetic_valid_catalog_child"", ""selection_set"": ""smoke"", ""shape_kji"": [160, 160, 160], ""smoke_anchor"": true, ""smoke_anchor_role"": ""high_dBB"", ""subvolume_id"": 46093}"
0.266001433134079,0.39342108368873596,0.42408716678619385,320,L320_sub00129,1.241694688796997,0.33029255270957947,0.6065788865089417,,"[""baseline"", ""orders""]",,False,L640_sub00032,L320_lineage_all_baseline,"[""L320_lineage_all_baseline"", ""L320_lineage_all_orders""]",True,representative:high_dBB,all,"{""L_sub"": 320, ""bounds_ijk_half_open"": [320, 640, 1280, 1600, 0, 320], ""catalog_controls"": {""B_rms"": 0.42408716678619385, ""deltaB"": 0.33029255270957947, ""dens_mean"": 1.104178547859192, ""mom1_sigma"": 0.11138628423213959, ""mom2_sigma"": 0.10445687174797058, ""mom3_sigma"": 0.12080705165863037, ""rho_sigma_over_mean"": 0.09273711591959}, ""catalog_magnetic_flags"": {""B_mean_fraction_flags"": 0, ""dBB_flags"": 0, ""deltaB_flags"": 0, ""deltaB_fraction_flags"": 0}, ""catalog_magnetic_values"": {""B_mean"": 0.266001433134079, ""B_mean_sq_over_B2_mean"": 0.39342108368873596, ""B_rms"": 0.42408716678619385, ""dBB"": 1.241694688796997, ""deltaB"": 0.33029255270957947, ""deltaB_sq_over_B2_mean"": 0.6065788865089417}, ""catalog_parent_link"": {""L_sub"": 640, ""subvolume_id"": 32}, ""catalog_validity_flags"": 0, ""cube_id"": ""L320_sub00129"", ""environment"": {""B_mean"": 0.266001433134079, ""B_mean_sq_over_B2_mean"": 0.39342108368873596, ""B_rms"": 0.42408716678619385, ""dBB"": 1.241694688796997, ""deltaB"": 0.33029255270957947, ""deltaB_sq_over_B2_mean"": 0.6065788865089417}, ""magnetic_selection_valid"": true, ""matched_group"": null, ""matrix"": ""baseline"", ""nearest_dBB_selection"": {""absolute_dBB_difference"": 0.4737766981124878, ""reference_parent_cube_id"": ""L640_sub00032"", ""reference_parent_dBB"": 1.7154713869094849, ""tie_break"": ""minimum (absolute_dBB_difference, child_subvolume_id)""}, ""outlier"": false, ""physical_bounds_x1_x2_x3"": [[-0.46875, -0.4375], [-0.375, -0.34375], [-0.5, -0.46875]], ""physical_region_id"": ""L640_sub00032"", ""release"": ""L320_lineage_all_baseline"", ""representative"": true, ""required_rank_count"": 2, ""required_rank_ids"": [136, 137], ""role"": ""representative:high_dBB"", ""roles"": [""phase1_parent_role:representative:high_dBB"", ""phase5_nearest_dBB_child""], ""root_L640_cube_id"": ""L640_sub00032"", ""root_phase1_role"": ""representative:high_dBB"", ""selected_parent_link"": {""L_sub"": 640, ""cube_id"": ""L640_sub00032"", ""subvolume_id"": 32}, ""selection_method"": ""nearest_dBB_magnetic_valid_catalog_child"", ""selection_set"": ""all"", ""shape_kji"": [320, 320, 320], ""smoke_anchor"": false, ""smoke_anchor_role"": null, ""subvolume_id"": 129}"
0.754231870174408,0.9099613428115845,0.7906666398048401,320,L320_sub03556,0.3145596981048584,0.23725095391273499,0.09003867954015732,,"[""baseline"", ""orders""]",,False,L640_sub00370,L320_lineage_all_baseline,"[""L320_lineage_all_baseline"", ""L320_lineage_all_orders""]",True,representative:low_dBB,all,"{""L_sub"": 320, ""bounds_ijk_half_open"": [1280, 1600, 4800, 5120, 960, 1280], ""catalog_controls"": {""B_rms"": 0.7906666398048401, ""deltaB"": 0.23725095391273499, ""dens_mean"": 1.0790568590164185, ""mom1_sigma"": 0.11107595264911652, ""mom2_sigma"": 0.05810115113854408, ""mom3_sigma"": 0.16598831117153168, ""rho_sigma_over_mean"": 0.09634492546319962}, ""catalog_magnetic_flags"": {""B_mean_fraction_flags"": 0, ""dBB_flags"": 0, ""deltaB_flags"": 0, ""deltaB_fraction_flags"": 0}, ""catalog_magnetic_values"": {""B_mean"": 0.754231870174408, ""B_mean_sq_over_B2_mean"": 0.9099613428115845, ""B_rms"": 0.7906666398048401, ""dBB"": 0.3145596981048584, ""deltaB"": 0.23725095391273499, ""deltaB_sq_over_B2_mean"": 0.09003867954015732}, ""catalog_parent_link"": {""L_sub"": 640, ""subvolume_id"": 370}, ""catalog_validity_flags"": 0, ""cube_id"": ""L320_sub03556"", ""environment"": {""B_mean"": 0.754231870174408, ""B_mean_sq_over_B2_mean"": 0.9099613428115845, ""B_rms"": 0.7906666398048401, ""dBB"": 0.3145596981048584, ""deltaB"": 0.23725095391273499, ""deltaB_sq_over_B2_mean"": 0.09003867954015732}, ""magnetic_selection_valid"": true, ""matched_group"": null, ""matrix"": ""baseline"", ""nearest_dBB_selection"": {""absolute_dBB_difference"": 0.05729871988296509, ""reference_parent_cube_id"": ""L640_sub00370"", ""reference_parent_dBB"": 0.3718584179878235, ""tie_break"": ""minimum (absolute_dBB_difference, child_subvolume_id)""}, ""outlier"": false, ""physical_bounds_x1_x2_x3"": [[-0.375, -0.34375], [-0.03125, 0.0], [-0.40625, -0.375]], ""physical_region_id"": ""L640_sub00370"", ""release"": ""L320_lineage_all_baseline"", ""representative"": true, ""required_rank_count"": 2, ""required_rank_ids"": [1718, 1719], ""role"": ""representative:low_dBB"", ""roles"": [""phase1_parent_role:representative:low_dBB"", ""phase5_nearest_dBB_child"", ""phase5_smoke_anchor:low_dBB""], ""root_L640_cube_id"": ""L640_sub00370"", ""root_phase1_role"": ""representative:low_dBB"", ""selected_parent_link"": {""L_sub"": 640, ""cube_id"": ""L640_sub00370"", ""subvolume_id"": 370}, ""selection_method"": ""nearest_dBB_magnetic_valid_catalog_child"", ""selection_set"": ""all"", ""shape_kji"": [320, 320, 320], ""smoke_anchor"": true, ""smoke_anchor_role"": ""low_dBB"", ""subvolume_id"": 3556}"
0.12496750056743622,0.022190729156136513,0.8389021158218384,320,L320_sub05029,6.6380615234375,0.8295419812202454,0.9778092503547668,,"[""baseline"", ""orders""]",,True,L640_sub00738,L320_lineage_all_baseline,"[""L320_lineage_all_baseline"", ""L320_lineage_all_orders""]",True,outlier:small_B_mean,all,"{""L_sub"": 320, ""bounds_ijk_half_open"": [1600, 1920, 9280, 9600, 1280, 1600], ""catalog_controls"": {""B_rms"": 0.8389021158218384, ""deltaB"": 0.8295419812202454, ""dens_mean"": 1.0270205736160278, ""mom1_sigma"": 0.24852488934993744, ""mom2_sigma"": 0.1881992667913437, ""mom3_sigma"": 0.28504377603530884, ""rho_sigma_over_mean"": 0.20250220596790314}, ""catalog_magnetic_flags"": {""B_mean_fraction_flags"": 0, ""dBB_flags"": 0, ""deltaB_flags"": 0, ""deltaB_fraction_flags"": 0}, ""catalog_magnetic_values"": {""B_mean"": 0.12496750056743622, ""B_mean_sq_over_B2_mean"": 0.022190729156136513, ""B_rms"": 0.8389021158218384, ""dBB"": 6.6380615234375, ""deltaB"": 0.8295419812202454, ""deltaB_sq_over_B2_mean"": 0.9778092503547668}, ""catalog_parent_link"": {""L_sub"": 640, ""subvolume_id"": 738}, ""catalog_validity_flags"": 0, ""cube_id"": ""L320_sub05029"", ""environment"": {""B_mean"": 0.12496750056743622, ""B_mean_sq_over_B2_mean"": 0.022190729156136513, ""B_rms"": 0.8389021158218384, ""dBB"": 6.6380615234375, ""deltaB"": 0.8295419812202454, ""deltaB_sq_over_B2_mean"": 0.9778092503547668}, ""magnetic_selection_valid"": true, ""matched_group"": null, ""matrix"": ""baseline"", ""nearest_dBB_selection"": {""absolute_dBB_difference"": 38.08767318725586, ""reference_parent_cube_id"": ""L640_sub00738"", ""reference_parent_dBB"": 44.72573471069336, ""tie_break"": ""minimum (absolute_dBB_difference, child_subvolume_id)""}, ""outlier"": true, ""physical_bounds_x1_x2_x3"": [[-0.34375, -0.3125], [0.40625, 0.4375], [-0.375, -0.34375]], ""physical_region_id"": ""L640_sub00738"", ""release"": ""L320_lineage_all_baseline"", ""representative"": true, ""required_rank_count"": 2, ""required_rank_ids"": [10122, 10123], ""role"": ""outlier:small_B_mean"", ""roles"": [""phase1_parent_role:outlier:small_B_mean"", ""phase5_nearest_dBB_child"", ""phase5_smoke_anchor:small_B_mean_outlier""], ""root_L640_cube_id"": ""L640_sub00738"", ""root_phase1_role"": ""outlier:small_B_mean"", ""selected_parent_link"": {""L_sub"": 640, ""cube_id"": ""L640_sub00738"", ""subvolume_id"": 738}, ""selection_method"": ""nearest_dBB_magnetic_valid_catalog_child"", ""selection_set"": ""all"", ""shape_kji"": [320, 320, 320], ""smoke_anchor"": true, ""smoke_anchor_role"": ""small_B_mean_outlier"", ""subvolume_id"": 5029}"
0.2417377382516861,0.418786883354187,0.37354931235313416,320,L320_sub05382,1.1780701875686646,0.2847840487957001,0.581213116645813,,"[""baseline"", ""orders""]",,False,L640_sub00579,L320_lineage_all_baseline,"[""L320_lineage_all_baseline"", ""L320_lineage_all_orders""]",True,representative:high_dBB,all,"{""L_sub"": 320, ""bounds_ijk_half_open"": [1920, 2240, 2560, 2880, 1600, 1920], ""catalog_controls"": {""B_rms"": 0.37354931235313416, ""deltaB"": 0.2847840487957001, ""dens_mean"": 1.2531331777572632, ""mom1_sigma"": 0.10878398269414902, ""mom2_sigma"": 0.12847448885440826, ""mom3_sigma"": 0.1298549324274063, ""rho_sigma_over_mean"": 0.04929715767502785}, ""catalog_magnetic_flags"": {""B_mean_fraction_flags"": 0, ""dBB_flags"": 0, ""deltaB_flags"": 0, ""deltaB_fraction_flags"": 0}, ""catalog_magnetic_values"": {""B_mean"": 0.2417377382516861, ""B_mean_sq_over_B2_mean"": 0.418786883354187, ""B_rms"": 0.37354931235313416, ""dBB"": 1.1780701875686646, ""deltaB"": 0.2847840487957001, ""deltaB_sq_over_B2_mean"": 0.581213116645813}, ""catalog_parent_link"": {""L_sub"": 640, ""subvolume_id"": 579}, ""catalog_validity_flags"": 0, ""cube_id"": ""L320_sub05382"", ""environment"": {""B_mean"": 0.2417377382516861, ""B_mean_sq_over_B2_mean"": 0.418786883354187, ""B_rms"": 0.37354931235313416, ""dBB"": 1.1780701875686646, ""deltaB"": 0.2847840487957001, ""deltaB_sq_over_B2_mean"": 0.581213116645813}, ""magnetic_selection_valid"": true, ""matched_group"": null, ""matrix"": ""baseline"", ""nearest_dBB_selection"": {""absolute_dBB_difference"": 0.5366270542144775, ""reference_parent_cube_id"": ""L640_sub00579"", ""reference_parent_dBB"": 1.714697241783142, ""tie_break"": ""minimum (absolute_dBB_difference, child_subvolume_id)""}, ""outlier"": false, ""physical_bounds_x1_x2_x3"": [[-0.3125, -0.28125], [-0.25, -0.21875], [-0.34375, -0.3125]], ""physical_region_id"": ""L640_sub00579"", ""release"": ""L320_lineage_all_baseline"", ""representative"": true, ""required_rank_count"": 2, ""required_rank_ids"": [1860, 1861], ""role"": ""representative:high_dBB"", ""roles"": [""phase1_parent_role:representative:high_dBB"", ""phase5_nearest_dBB_child"", ""phase5_smoke_anchor:high_dBB""], ""root_L640_cube_id"": ""L640_sub00579"", ""root_phase1_role"": ""representative:high_dBB"", ""selected_parent_link"": {""L_sub"": 640, ""cube_id"": ""L640_sub00579"", ""subvolume_id"": 579}, ""selection_method"": ""nearest_dBB_magnetic_valid_catalog_child"", ""selection_set"": ""all"", ""shape_kji"": [320, 320, 320], ""smoke_anchor"": true, ""smoke_anchor_role"": ""high_dBB"", ""subvolume_id"": 5382}"
0.5029317736625671,0.8564141988754272,0.543459415435791,320,L320_sub06009,0.4094621539115906,0.20593152940273285,0.14358577132225037,matched:2:low,"[""baseline"", ""orders""]",,False,L640_sub00732,L320_lineage_all_baseline,"[""L320_lineage_all_baseline"", ""L320_lineage_all_orders""]",False,matched:2:low,all,"{""L_sub"": 320, ""bounds_ijk_half_open"": [8000, 8320, 8640, 8960, 1600, 1920], ""catalog_controls"": {""B_rms"": 0.543459415435791, ""deltaB"": 0.20593152940273285, ""dens_mean"": 1.0284957885742188, ""mom1_sigma"": 0.20117251574993134, ""mom2_sigma"": 0.1028219610452652, ""mom3_sigma"": 0.22415658831596375, ""rho_sigma_over_mean"": 0.055420488119125366}, ""catalog_magnetic_flags"": {""B_mean_fraction_flags"": 0, ""dBB_flags"": 0, ""deltaB_flags"": 0, ""deltaB_fraction_flags"": 0}, ""catalog_magnetic_values"": {""B_mean"": 0.5029317736625671, ""B_mean_sq_over_B2_mean"": 0.8564141988754272, ""B_rms"": 0.543459415435791, ""dBB"": 0.4094621539115906, ""deltaB"": 0.20593152940273285, ""deltaB_sq_over_B2_mean"": 0.14358577132225037}, ""catalog_parent_link"": {""L_sub"": 640, ""subvolume_id"": 732}, ""catalog_validity_flags"": 0, ""cube_id"": ""L320_sub06009"", ""environment"": {""B_mean"": 0.5029317736625671, ""B_mean_sq_over_B2_mean"": 0.8564141988754272, ""B_rms"": 0.543459415435791, ""dBB"": 0.4094621539115906, ""deltaB"": 0.20593152940273285, ""deltaB_sq_over_B2_mean"": 0.14358577132225037}, ""magnetic_selection_valid"": true, ""matched_group"": ""matched:2:low"", ""matrix"": ""baseline"", ""nearest_dBB_selection"": {""absolute_dBB_difference"": 0.0054115355014801025, ""reference_parent_cube_id"": ""L640_sub00732"", ""reference_parent_dBB"": 0.4040506184101105, ""tie_break"": ""minimum (absolute_dBB_difference, child_subvolume_id)""}, ""outlier"": false, ""physical_bounds_x1_x2_x3"": [[0.28125, 0.3125], [0.34375, 0.375], [-0.34375, -0.3125]], ""physical_region_id"": ""L640_sub00732"", ""release"": ""L320_lineage_all_baseline"", ""representative"": false, ""required_rank_count"": 2, ""required_rank_ids"": [46366, 46367], ""role"": ""matched:2:low"", ""roles"": [""phase1_parent_role:matched:2:low"", ""phase5_nearest_dBB_child""], ""root_L640_cube_id"": ""L640_sub00732"", ""root_phase1_role"": ""matched:2:low"", ""selected_parent_link"": {""L_sub"": 640, ""cube_id"": ""L640_sub00732"", ""subvolume_id"": 732}, ""selection_method"": ""nearest_dBB_magnetic_valid_catalog_child"", ""selection_set"": ""all"", ""shape_kji"": [320, 320, 320], ""smoke_anchor"": false, ""smoke_anchor_role"": null, ""subvolume_id"": 6009}"
0.4670221507549286,0.2757675349712372,0.889336109161377,320,L320_sub07660,1.6205686330795288,0.7568414807319641,0.7242324948310852,,"[""baseline"", ""orders""]",,False,L640_sub00886,L320_lineage_all_baseline,"[""L320_lineage_all_baseline"", ""L320_lineage_all_orders""]",True,representative:high_dBB,all,"{""L_sub"": 320, ""bounds_ijk_half_open"": [3840, 4160, 4800, 5120, 2240, 2560], ""catalog_controls"": {""B_rms"": 0.889336109161377, ""deltaB"": 0.7568414807319641, ""dens_mean"": 1.037300944328308, ""mom1_sigma"": 0.1666678786277771, ""mom2_sigma"": 0.36261501908302307, ""mom3_sigma"": 0.12705574929714203, ""rho_sigma_over_mean"": 0.17190049588680267}, ""catalog_magnetic_flags"": {""B_mean_fraction_flags"": 0, ""dBB_flags"": 0, ""deltaB_flags"": 0, ""deltaB_fraction_flags"": 0}, ""catalog_magnetic_values"": {""B_mean"": 0.4670221507549286, ""B_mean_sq_over_B2_mean"": 0.2757675349712372, ""B_rms"": 0.889336109161377, ""dBB"": 1.6205686330795288, ""deltaB"": 0.7568414807319641, ""deltaB_sq_over_B2_mean"": 0.7242324948310852}, ""catalog_parent_link"": {""L_sub"": 640, ""subvolume_id"": 886}, ""catalog_validity_flags"": 0, ""cube_id"": ""L320_sub07660"", ""environment"": {""B_mean"": 0.4670221507549286, ""B_mean_sq_over_B2_mean"": 0.2757675349712372, ""B_rms"": 0.889336109161377, ""dBB"": 1.6205686330795288, ""deltaB"": 0.7568414807319641, ""deltaB_sq_over_B2_mean"": 0.7242324948310852}, ""magnetic_selection_valid"": true, ""matched_group"": null, ""matrix"": ""baseline"", ""nearest_dBB_selection"": {""absolute_dBB_difference"": 0.09227478504180908, ""reference_parent_cube_id"": ""L640_sub00886"", ""reference_parent_dBB"": 1.712843418121338, ""tie_break"": ""minimum (absolute_dBB_difference, child_subvolume_id)""}, ""outlier"": false, ""physical_bounds_x1_x2_x3"": [[-0.125, -0.09375], [-0.03125, 0.0], [-0.28125, -0.25]], ""physical_region_id"": ""L640_sub00886"", ""release"": ""L320_lineage_all_baseline"", ""representative"": true, ""required_rank_count"": 2, ""required_rank_ids"": [6070, 6071], ""role"": ""representative:high_dBB"", ""roles"": [""phase1_parent_role:representative:high_dBB"", ""phase5_nearest_dBB_child""], ""root_L640_cube_id"": ""L640_sub00886"", ""root_phase1_role"": ""representative:high_dBB"", ""selected_parent_link"": {""L_sub"": 640, ""cube_id"": ""L640_sub00886"", ""subvolume_id"": 886}, ""selection_method"": ""nearest_dBB_magnetic_valid_catalog_child"", ""selection_set"": ""all"", ""shape_kji"": [320, 320, 320], ""smoke_anchor"": false, ""smoke_anchor_role"": null, ""subvolume_id"": 7660}"
0.3804599344730377,0.6599707007408142,0.4683241844177246,320,L320_sub07930,0.7177874445915222,0.27308934926986694,0.3400293290615082,,"[""baseline"", ""orders""]",,False,L640_sub00957,L320_lineage_all_baseline,"[""L320_lineage_all_baseline"", ""L320_lineage_all_orders""]",True,representative:near_median_dBB,all,"{""L_sub"": 320, ""bounds_ijk_half_open"": [8320, 8640, 7360, 7680, 2240, 2560], ""catalog_controls"": {""B_rms"": 0.4683241844177246, ""deltaB"": 0.27308934926986694, ""dens_mean"": 1.2222093343734741, ""mom1_sigma"": 0.23047442734241486, ""mom2_sigma"": 0.14473463594913483, ""mom3_sigma"": 0.1636774241924286, ""rho_sigma_over_mean"": 0.08272673189640045}, ""catalog_magnetic_flags"": {""B_mean_fraction_flags"": 0, ""dBB_flags"": 0, ""deltaB_flags"": 0, ""deltaB_fraction_flags"": 0}, ""catalog_magnetic_values"": {""B_mean"": 0.3804599344730377, ""B_mean_sq_over_B2_mean"": 0.6599707007408142, ""B_rms"": 0.4683241844177246, ""dBB"": 0.7177874445915222, ""deltaB"": 0.27308934926986694, ""deltaB_sq_over_B2_mean"": 0.3400293290615082}, ""catalog_parent_link"": {""L_sub"": 640, ""subvolume_id"": 957}, ""catalog_validity_flags"": 0, ""cube_id"": ""L320_sub07930"", ""environment"": {""B_mean"": 0.3804599344730377, ""B_mean_sq_over_B2_mean"": 0.6599707007408142, ""B_rms"": 0.4683241844177246, ""dBB"": 0.7177874445915222, ""deltaB"": 0.27308934926986694, ""deltaB_sq_over_B2_mean"": 0.3400293290615082}, ""magnetic_selection_valid"": true, ""matched_group"": null, ""matrix"": ""baseline"", ""nearest_dBB_selection"": {""absolute_dBB_difference"": 0.021707534790039062, ""reference_parent_cube_id"": ""L640_sub00957"", ""reference_parent_dBB"": 0.6960799098014832, ""tie_break"": ""minimum (absolute_dBB_difference, child_subvolume_id)""}, ""outlier"": false, ""physical_bounds_x1_x2_x3"": [[0.3125, 0.34375], [0.21875, 0.25], [-0.28125, -0.25]], ""physical_region_id"": ""L640_sub00957"", ""release"": ""L320_lineage_all_baseline"", ""representative"": true, ""required_rank_count"": 2, ""required_rank_ids"": [45558, 45559], ""role"": ""representative:near_median_dBB"", ""roles"": [""phase1_parent_role:representative:near_median_dBB"", ""phase5_nearest_dBB_child""], ""root_L640_cube_id"": ""L640_sub00957"", ""root_phase1_role"": ""representative:near_median_dBB"", ""selected_parent_link"": {""L_sub"": 640, ""cube_id"": ""L640_sub00957"", ""subvolume_id"": 957}, ""selection_method"": ""nearest_dBB_magnetic_valid_catalog_child"", ""selection_set"": ""all"", ""shape_kji"": [320, 320, 320], ""smoke_anchor"": false, ""smoke_anchor_role"": null, ""subvolume_id"": 7930}"
0.4709426164627075,0.8576774001121521,0.5085176229476929,320,L320_sub08448,0.40735679864883423,0.19184167683124542,0.1423226147890091,matched:1:low,"[""baseline"", ""orders""]",,False,L640_sub01088,L320_lineage_all_baseline,"[""L320_lineage_all_baseline"", ""L320_lineage_all_orders""]",False,matched:1:low,all,"{""L_sub"": 320, ""bounds_ijk_half_open"": [0, 320, 2560, 2880, 2560, 2880], ""catalog_controls"": {""B_rms"": 0.5085176229476929, ""deltaB"": 0.19184167683124542, ""dens_mean"": 1.0285460948944092, ""mom1_sigma"": 0.10003648698329926, ""mom2_sigma"": 0.12414197623729706, ""mom3_sigma"": 0.09111448377370834, ""rho_sigma_over_mean"": 0.04580504074692726}, ""catalog_magnetic_flags"": {""B_mean_fraction_flags"": 0, ""dBB_flags"": 0, ""deltaB_flags"": 0, ""deltaB_fraction_flags"": 0}, ""catalog_magnetic_values"": {""B_mean"": 0.4709426164627075, ""B_mean_sq_over_B2_mean"": 0.8576774001121521, ""B_rms"": 0.5085176229476929, ""dBB"": 0.40735679864883423, ""deltaB"": 0.19184167683124542, ""deltaB_sq_over_B2_mean"": 0.1423226147890091}, ""catalog_parent_link"": {""L_sub"": 640, ""subvolume_id"": 1088}, ""catalog_validity_flags"": 0, ""cube_id"": ""L320_sub08448"", ""environment"": {""B_mean"": 0.4709426164627075, ""B_mean_sq_over_B2_mean"": 0.8576774001121521, ""B_rms"": 0.5085176229476929, ""dBB"": 0.40735679864883423, ""deltaB"": 0.19184167683124542, ""deltaB_sq_over_B2_mean"": 0.1423226147890091}, ""magnetic_selection_valid"": true, ""matched_group"": ""matched:1:low"", ""matrix"": ""baseline"", ""nearest_dBB_selection"": {""absolute_dBB_difference"": 0.016565799713134766, ""reference_parent_cube_id"": ""L640_sub01088"", ""reference_parent_dBB"": 0.423922598361969, ""tie_break"": ""minimum (absolute_dBB_difference, child_subvolume_id)""}, ""outlier"": false, ""physical_bounds_x1_x2_x3"": [[-0.5, -0.46875], [-0.25, -0.21875], [-0.25, -0.21875]], ""physical_region_id"": ""L640_sub01088"", ""release"": ""L320_lineage_all_baseline"", ""representative"": false, ""required_rank_count"": 2, ""required_rank_ids"": [3072, 3073], ""role"": ""matched:1:low"", ""roles"": [""phase1_parent_role:matched:1:low"", ""phase5_nearest_dBB_child""], ""root_L640_cube_id"": ""L640_sub01088"", ""root_phase1_role"": ""matched:1:low"", ""selected_parent_link"": {""L_sub"": 640, ""cube_id"": ""L640_sub01088"", ""subvolume_id"": 1088}, ""selection_method"": ""nearest_dBB_magnetic_valid_catalog_child"", ""selection_set"": ""all"", ""shape_kji"": [320, 320, 320], ""smoke_anchor"": false, ""smoke_anchor_role"": null, ""subvolume_id"": 8448}"
0.4137164354324341,0.6413138508796692,0.5166155099868774,320,L320_sub12444,0.7478629350662231,0.3094031810760498,0.3586861491203308,,"[""baseline"", ""orders""]",,False,L640_sub01582,L320_lineage_all_baseline,"[""L320_lineage_all_baseline"", ""L320_lineage_all_orders""]",True,representative:near_median_dBB,all,"{""L_sub"": 320, ""bounds_ijk_half_open"": [8960, 9280, 1280, 1600, 3840, 4160], ""catalog_controls"": {""B_rms"": 0.5166155099868774, ""deltaB"": 0.3094031810760498, ""dens_mean"": 1.0784813165664673, ""mom1_sigma"": 0.1059366762638092, ""mom2_sigma"": 0.1883123517036438, ""mom3_sigma"": 0.09899971634149551, ""rho_sigma_over_mean"": 0.09143027663230896}, ""catalog_magnetic_flags"": {""B_mean_fraction_flags"": 0, ""dBB_flags"": 0, ""deltaB_flags"": 0, ""deltaB_fraction_flags"": 0}, ""catalog_magnetic_values"": {""B_mean"": 0.4137164354324341, ""B_mean_sq_over_B2_mean"": 0.6413138508796692, ""B_rms"": 0.5166155099868774, ""dBB"": 0.7478629350662231, ""deltaB"": 0.3094031810760498, ""deltaB_sq_over_B2_mean"": 0.3586861491203308}, ""catalog_parent_link"": {""L_sub"": 640, ""subvolume_id"": 1582}, ""catalog_validity_flags"": 0, ""cube_id"": ""L320_sub12444"", ""environment"": {""B_mean"": 0.4137164354324341, ""B_mean_sq_over_B2_mean"": 0.6413138508796692, ""B_rms"": 0.5166155099868774, ""dBB"": 0.7478629350662231, ""deltaB"": 0.3094031810760498, ""deltaB_sq_over_B2_mean"": 0.3586861491203308}, ""magnetic_selection_valid"": true, ""matched_group"": null, ""matrix"": ""baseline"", ""nearest_dBB_selection"": {""absolute_dBB_difference"": 0.052745938301086426, ""reference_parent_cube_id"": ""L640_sub01582"", ""reference_parent_dBB"": 0.6951169967651367, ""tie_break"": ""minimum (absolute_dBB_difference, child_subvolume_id)""}, ""outlier"": false, ""physical_bounds_x1_x2_x3"": [[0.375, 0.40625], [-0.375, -0.34375], [-0.125, -0.09375]], ""physical_region_id"": ""L640_sub01582"", ""release"": ""L320_lineage_all_baseline"", ""representative"": true, ""required_rank_count"": 2, ""required_rank_ids"": [39808, 39809], ""role"": ""representative:near_median_dBB"", ""roles"": [""phase1_parent_role:representative:near_median_dBB"", ""phase5_nearest_dBB_child""], ""root_L640_cube_id"": ""L640_sub01582"", ""root_phase1_role"": ""representative:near_median_dBB"", ""selected_parent_link"": {""L_sub"": 640, ""cube_id"": ""L640_sub01582"", ""subvolume_id"": 1582}, ""selection_method"": ""nearest_dBB_magnetic_valid_catalog_child"", ""selection_set"": ""all"", ""shape_kji"": [320, 320, 320], ""smoke_anchor"": false, ""smoke_anchor_role"": null, ""subvolume_id"": 12444}"
0.395957350730896,0.1399509161710739,1.0584261417388916,320,L320_sub12494,2.4789841175079346,0.9815719723701477,0.8600490689277649,,"[""baseline"", ""orders""]",,True,L640_sub01591,L320_lineage_all_baseline,"[""L320_lineage_all_baseline"", ""L320_lineage_all_orders""]",True,outlier:large_deltaB,all,"{""L_sub"": 320, ""bounds_ijk_half_open"": [4480, 4800, 1920, 2240, 3840, 4160], ""catalog_controls"": {""B_rms"": 1.0584261417388916, ""deltaB"": 0.9815719723701477, ""dens_mean"": 1.1610263586044312, ""mom1_sigma"": 0.3203202486038208, ""mom2_sigma"": 0.33337393403053284, ""mom3_sigma"": 0.15232950448989868, ""rho_sigma_over_mean"": 0.28553640842437744}, ""catalog_magnetic_flags"": {""B_mean_fraction_flags"": 0, ""dBB_flags"": 0, ""deltaB_flags"": 0, ""deltaB_fraction_flags"": 0}, ""catalog_magnetic_values"": {""B_mean"": 0.395957350730896, ""B_mean_sq_over_B2_mean"": 0.1399509161710739, ""B_rms"": 1.0584261417388916, ""dBB"": 2.4789841175079346, ""deltaB"": 0.9815719723701477, ""deltaB_sq_over_B2_mean"": 0.8600490689277649}, ""catalog_parent_link"": {""L_sub"": 640, ""subvolume_id"": 1591}, ""catalog_validity_flags"": 0, ""cube_id"": ""L320_sub12494"", ""environment"": {""B_mean"": 0.395957350730896, ""B_mean_sq_over_B2_mean"": 0.1399509161710739, ""B_rms"": 1.0584261417388916, ""dBB"": 2.4789841175079346, ""deltaB"": 0.9815719723701477, ""deltaB_sq_over_B2_mean"": 0.8600490689277649}, ""magnetic_selection_valid"": true, ""matched_group"": null, ""matrix"": ""baseline"", ""nearest_dBB_selection"": {""absolute_dBB_difference"": 0.48295342922210693, ""reference_parent_cube_id"": ""L640_sub01591"", ""reference_parent_dBB"": 1.9960306882858276, ""tie_break"": ""minimum (absolute_dBB_difference, child_subvolume_id)""}, ""outlier"": true, ""physical_bounds_x1_x2_x3"": [[-0.0625, -0.03125], [-0.3125, -0.28125], [-0.125, -0.09375]], ""physical_region_id"": ""L640_sub01591"", ""release"": ""L320_lineage_all_baseline"", ""representative"": true, ""required_rank_count"": 2, ""required_rank_ids"": [7120, 7121], ""role"": ""outlier:large_deltaB"", ""roles"": [""phase1_parent_role:outlier:large_deltaB"", ""phase5_nearest_dBB_child"", ""phase5_smoke_anchor:large_deltaB_outlier""], ""root_L640_cube_id"": ""L640_sub01591"", ""root_phase1_role"": ""outlier:large_deltaB"", ""selected_parent_link"": {""L_sub"": 640, ""cube_id"": ""L640_sub01591"", ""subvolume_id"": 1591}, ""selection_method"": ""nearest_dBB_magnetic_valid_catalog_child"", ""selection_set"": ""all"", ""shape_kji"": [320, 320, 320], ""smoke_anchor"": true, ""smoke_anchor_role"": ""large_deltaB_outlier"", ""subvolume_id"": 12494}"
0.01810574345290661,0.0011334004811942577,0.5378048419952393,320,L320_sub13766,29.686708450317383,0.5374999642372131,0.998866617679596,,"[""baseline"", ""orders""]",,True,L640_sub01651,L320_lineage_all_baseline,"[""L320_lineage_all_baseline"", ""L320_lineage_all_orders""]",True,outlier:large_dBB,all,"{""L_sub"": 320, ""bounds_ijk_half_open"": [1920, 2240, 4480, 4800, 4160, 4480], ""catalog_controls"": {""B_rms"": 0.5378048419952393, ""deltaB"": 0.5374999642372131, ""dens_mean"": 1.0146313905715942, ""mom1_sigma"": 0.1546938121318817, ""mom2_sigma"": 0.2474895566701889, ""mom3_sigma"": 0.2560942471027374, ""rho_sigma_over_mean"": 0.12914979457855225}, ""catalog_magnetic_flags"": {""B_mean_fraction_flags"": 0, ""dBB_flags"": 0, ""deltaB_flags"": 0, ""deltaB_fraction_flags"": 0}, ""catalog_magnetic_values"": {""B_mean"": 0.01810574345290661, ""B_mean_sq_over_B2_mean"": 0.0011334004811942577, ""B_rms"": 0.5378048419952393, ""dBB"": 29.686708450317383, ""deltaB"": 0.5374999642372131, ""deltaB_sq_over_B2_mean"": 0.998866617679596}, ""catalog_parent_link"": {""L_sub"": 640, ""subvolume_id"": 1651}, ""catalog_validity_flags"": 0, ""cube_id"": ""L320_sub13766"", ""environment"": {""B_mean"": 0.01810574345290661, ""B_mean_sq_over_B2_mean"": 0.0011334004811942577, ""B_rms"": 0.5378048419952393, ""dBB"": 29.686708450317383, ""deltaB"": 0.5374999642372131, ""deltaB_sq_over_B2_mean"": 0.998866617679596}, ""magnetic_selection_valid"": true, ""matched_group"": null, ""matrix"": ""baseline"", ""nearest_dBB_selection"": {""absolute_dBB_difference"": 10.799095153808594, ""reference_parent_cube_id"": ""L640_sub01651"", ""reference_parent_dBB"": 18.88761329650879, ""tie_break"": ""minimum (absolute_dBB_difference, child_subvolume_id)""}, ""outlier"": true, ""physical_bounds_x1_x2_x3"": [[-0.3125, -0.28125], [-0.0625, -0.03125], [-0.09375, -0.0625]], ""physical_region_id"": ""L640_sub01651"", ""release"": ""L320_lineage_all_baseline"", ""representative"": true, ""required_rank_count"": 2, ""required_rank_ids"": [4052, 4053], ""role"": ""outlier:large_dBB"", ""roles"": [""phase1_parent_role:outlier:large_dBB"", ""phase5_nearest_dBB_child"", ""phase5_smoke_anchor:large_dBB_outlier""], ""root_L640_cube_id"": ""L640_sub01651"", ""root_phase1_role"": ""outlier:large_dBB"", ""selected_parent_link"": {""L_sub"": 640, ""cube_id"": ""L640_sub01651"", ""subvolume_id"": 1651}, ""selection_method"": ""nearest_dBB_magnetic_valid_catalog_child"", ""selection_set"": ""all"", ""shape_kji"": [320, 320, 320], ""smoke_anchor"": true, ""smoke_anchor_role"": ""large_dBB_outlier"", ""subvolume_id"": 13766}"
0.12651026248931885,0.326825886964798,0.22129292786121368,320,L320_sub16225,1.4351770877838135,0.18156461417675018,0.6731740832328796,matched:2:high,"[""baseline"", ""orders""]",,False,L640_sub02000,L320_lineage_all_baseline,"[""L320_lineage_all_baseline"", ""L320_lineage_all_orders""]",False,matched:2:high,all,"{""L_sub"": 320, ""bounds_ijk_half_open"": [320, 640, 8640, 8960, 4800, 5120], ""catalog_controls"": {""B_rms"": 0.22129292786121368, ""deltaB"": 0.18156461417675018, ""dens_mean"": 1.032251238822937, ""mom1_sigma"": 0.11508306860923767, ""mom2_sigma"": 0.08534880727529526, ""mom3_sigma"": 0.11685333400964737, ""rho_sigma_over_mean"": 0.030909579247236252}, ""catalog_magnetic_flags"": {""B_mean_fraction_flags"": 0, ""dBB_flags"": 0, ""deltaB_flags"": 0, ""deltaB_fraction_flags"": 0}, ""catalog_magnetic_values"": {""B_mean"": 0.12651026248931885, ""B_mean_sq_over_B2_mean"": 0.326825886964798, ""B_rms"": 0.22129292786121368, ""dBB"": 1.4351770877838135, ""deltaB"": 0.18156461417675018, ""deltaB_sq_over_B2_mean"": 0.6731740832328796}, ""catalog_parent_link"": {""L_sub"": 640, ""subvolume_id"": 2000}, ""catalog_validity_flags"": 0, ""cube_id"": ""L320_sub16225"", ""environment"": {""B_mean"": 0.12651026248931885, ""B_mean_sq_over_B2_mean"": 0.326825886964798, ""B_rms"": 0.22129292786121368, ""dBB"": 1.4351770877838135, ""deltaB"": 0.18156461417675018, ""deltaB_sq_over_B2_mean"": 0.6731740832328796}, ""magnetic_selection_valid"": true, ""matched_group"": ""matched:2:high"", ""matrix"": ""baseline"", ""nearest_dBB_selection"": {""absolute_dBB_difference"": 0.078125, ""reference_parent_cube_id"": ""L640_sub02000"", ""reference_parent_dBB"": 1.3570520877838135, ""tie_break"": ""minimum (absolute_dBB_difference, child_subvolume_id)""}, ""outlier"": false, ""physical_bounds_x1_x2_x3"": [[-0.46875, -0.4375], [0.34375, 0.375], [-0.03125, 0.0]], ""physical_region_id"": ""L640_sub02000"", ""release"": ""L320_lineage_all_baseline"", ""representative"": false, ""required_rank_count"": 2, ""required_rank_ids"": [11582, 11583], ""role"": ""matched:2:high"", ""roles"": [""phase1_parent_role:matched:2:high"", ""phase5_nearest_dBB_child""], ""root_L640_cube_id"": ""L640_sub02000"", ""root_phase1_role"": ""matched:2:high"", ""selected_parent_link"": {""L_sub"": 640, ""cube_id"": ""L640_sub02000"", ""subvolume_id"": 2000}, ""selection_method"": ""nearest_dBB_magnetic_valid_catalog_child"", ""selection_set"": ""all"", ""shape_kji"": [320, 320, 320], ""smoke_anchor"": false, ""smoke_anchor_role"": null, ""subvolume_id"": 16225}"
0.32510167360305786,0.27946698665618896,0.6149700284004211,320,L320_sub17295,1.6056898832321167,0.52201247215271,0.720533013343811,,"[""baseline"", ""orders""]",,False,L640_sub02279,L320_lineage_all_baseline,"[""L320_lineage_all_baseline"", ""L320_lineage_all_orders""]",True,representative:high_dBB,all,"{""L_sub"": 320, ""bounds_ijk_half_open"": [4800, 5120, 8960, 9280, 5120, 5440], ""catalog_controls"": {""B_rms"": 0.6149700284004211, ""deltaB"": 0.52201247215271, ""dens_mean"": 1.1301711797714233, ""mom1_sigma"": 0.14197568595409393, ""mom2_sigma"": 0.238034188747406, ""mom3_sigma"": 0.16474014520645142, ""rho_sigma_over_mean"": 0.09479308873414993}, ""catalog_magnetic_flags"": {""B_mean_fraction_flags"": 0, ""dBB_flags"": 0, ""deltaB_flags"": 0, ""deltaB_fraction_flags"": 0}, ""catalog_magnetic_values"": {""B_mean"": 0.32510167360305786, ""B_mean_sq_over_B2_mean"": 0.27946698665618896, ""B_rms"": 0.6149700284004211, ""dBB"": 1.6056898832321167, ""deltaB"": 0.52201247215271, ""deltaB_sq_over_B2_mean"": 0.720533013343811}, ""catalog_parent_link"": {""L_sub"": 640, ""subvolume_id"": 2279}, ""catalog_validity_flags"": 0, ""cube_id"": ""L320_sub17295"", ""environment"": {""B_mean"": 0.32510167360305786, ""B_mean_sq_over_B2_mean"": 0.27946698665618896, ""B_rms"": 0.6149700284004211, ""dBB"": 1.6056898832321167, ""deltaB"": 0.52201247215271, ""deltaB_sq_over_B2_mean"": 0.720533013343811}, ""magnetic_selection_valid"": true, ""matched_group"": null, ""matrix"": ""baseline"", ""nearest_dBB_selection"": {""absolute_dBB_difference"": 0.10996925830841064, ""reference_parent_cube_id"": ""L640_sub02279"", ""reference_parent_dBB"": 1.7156591415405273, ""tie_break"": ""minimum (absolute_dBB_difference, child_subvolume_id)""}, ""outlier"": false, ""physical_bounds_x1_x2_x3"": [[-0.03125, 0.0], [0.375, 0.40625], [0.0, 0.03125]], ""physical_region_id"": ""L640_sub02279"", ""release"": ""L320_lineage_all_baseline"", ""representative"": true, ""required_rank_count"": 2, ""required_rank_ids"": [30408, 30409], ""role"": ""representative:high_dBB"", ""roles"": [""phase1_parent_role:representative:high_dBB"", ""phase5_nearest_dBB_child""], ""root_L640_cube_id"": ""L640_sub02279"", ""root_phase1_role"": ""representative:high_dBB"", ""selected_parent_link"": {""L_sub"": 640, ""cube_id"": ""L640_sub02279"", ""subvolume_id"": 2279}, ""selection_method"": ""nearest_dBB_magnetic_valid_catalog_child"", ""selection_set"": ""all"", ""shape_kji"": [320, 320, 320], ""smoke_anchor"": false, ""smoke_anchor_role"": null, ""subvolume_id"": 17295}"
0.2918342649936676,0.46490412950515747,0.4280106723308563,320,L320_sub17363,1.0728378295898438,0.31309086084365845,0.5350958704948425,matched:1:high,"[""baseline"", ""orders""]",,False,L640_sub02297,L320_lineage_all_baseline,"[""L320_lineage_all_baseline"", ""L320_lineage_all_orders""]",False,matched:1:high,all,"{""L_sub"": 320, ""bounds_ijk_half_open"": [6080, 6400, 9600, 9920, 5120, 5440], ""catalog_controls"": {""B_rms"": 0.4280106723308563, ""deltaB"": 0.31309086084365845, ""dens_mean"": 1.03854238986969, ""mom1_sigma"": 0.07215005904436111, ""mom2_sigma"": 0.09893389791250229, ""mom3_sigma"": 0.07702904939651489, ""rho_sigma_over_mean"": 0.04957844316959381}, ""catalog_magnetic_flags"": {""B_mean_fraction_flags"": 0, ""dBB_flags"": 0, ""deltaB_flags"": 0, ""deltaB_fraction_flags"": 0}, ""catalog_magnetic_values"": {""B_mean"": 0.2918342649936676, ""B_mean_sq_over_B2_mean"": 0.46490412950515747, ""B_rms"": 0.4280106723308563, ""dBB"": 1.0728378295898438, ""deltaB"": 0.31309086084365845, ""deltaB_sq_over_B2_mean"": 0.5350958704948425}, ""catalog_parent_link"": {""L_sub"": 640, ""subvolume_id"": 2297}, ""catalog_validity_flags"": 0, ""cube_id"": ""L320_sub17363"", ""environment"": {""B_mean"": 0.2918342649936676, ""B_mean_sq_over_B2_mean"": 0.46490412950515747, ""B_rms"": 0.4280106723308563, ""dBB"": 1.0728378295898438, ""deltaB"": 0.31309086084365845, ""deltaB_sq_over_B2_mean"": 0.5350958704948425}, ""magnetic_selection_valid"": true, ""matched_group"": ""matched:1:high"", ""matrix"": ""baseline"", ""nearest_dBB_selection"": {""absolute_dBB_difference"": 0.1378023624420166, ""reference_parent_cube_id"": ""L640_sub02297"", ""reference_parent_dBB"": 1.2106401920318604, ""tie_break"": ""minimum (absolute_dBB_difference, child_subvolume_id)""}, ""outlier"": false, ""physical_bounds_x1_x2_x3"": [[0.09375, 0.125], [0.4375, 0.46875], [0.0, 0.03125]], ""physical_region_id"": ""L640_sub02297"", ""release"": ""L320_lineage_all_baseline"", ""representative"": false, ""required_rank_count"": 2, ""required_rank_ids"": [58584, 58585], ""role"": ""matched:1:high"", ""roles"": [""phase1_parent_role:matched:1:high"", ""phase5_nearest_dBB_child""], ""root_L640_cube_id"": ""L640_sub02297"", ""root_phase1_role"": ""matched:1:high"", ""selected_parent_link"": {""L_sub"": 640, ""cube_id"": ""L640_sub02297"", ""subvolume_id"": 2297}, ""selection_method"": ""nearest_dBB_magnetic_valid_catalog_child"", ""selection_set"": ""all"", ""shape_kji"": [320, 320, 320], ""smoke_anchor"": false, ""smoke_anchor_role"": null, ""subvolume_id"": 17363}"
0.2951885461807251,0.4346656799316406,0.4477357864379883,320,L320_sub18195,1.1404467821121216,0.33664679527282715,0.5653343200683594,matched:3:high,"[""baseline"", ""orders""]",,False,L640_sub02249,L320_lineage_all_baseline,"[""L320_lineage_all_baseline"", ""L320_lineage_all_orders""]",False,matched:3:high,all,"{""L_sub"": 320, ""bounds_ijk_half_open"": [6080, 6400, 7680, 8000, 5440, 5760], ""catalog_controls"": {""B_rms"": 0.4477357864379883, ""deltaB"": 0.33664679527282715, ""dens_mean"": 1.0863107442855835, ""mom1_sigma"": 0.13135847449302673, ""mom2_sigma"": 0.18401364982128143, ""mom3_sigma"": 0.12759889662265778, ""rho_sigma_over_mean"": 0.04875118285417557}, ""catalog_magnetic_flags"": {""B_mean_fraction_flags"": 0, ""dBB_flags"": 0, ""deltaB_flags"": 0, ""deltaB_fraction_flags"": 0}, ""catalog_magnetic_values"": {""B_mean"": 0.2951885461807251, ""B_mean_sq_over_B2_mean"": 0.4346656799316406, ""B_rms"": 0.4477357864379883, ""dBB"": 1.1404467821121216, ""deltaB"": 0.33664679527282715, ""deltaB_sq_over_B2_mean"": 0.5653343200683594}, ""catalog_parent_link"": {""L_sub"": 640, ""subvolume_id"": 2249}, ""catalog_validity_flags"": 0, ""cube_id"": ""L320_sub18195"", ""environment"": {""B_mean"": 0.2951885461807251, ""B_mean_sq_over_B2_mean"": 0.4346656799316406, ""B_rms"": 0.4477357864379883, ""dBB"": 1.1404467821121216, ""deltaB"": 0.33664679527282715, ""deltaB_sq_over_B2_mean"": 0.5653343200683594}, ""magnetic_selection_valid"": true, ""matched_group"": ""matched:3:high"", ""matrix"": ""baseline"", ""nearest_dBB_selection"": {""absolute_dBB_difference"": 0.08980441093444824, ""reference_parent_cube_id"": ""L640_sub02249"", ""reference_parent_dBB"": 1.2302511930465698, ""tie_break"": ""minimum (absolute_dBB_difference, child_subvolume_id)""}, ""outlier"": false, ""physical_bounds_x1_x2_x3"": [[0.09375, 0.125], [0.25, 0.28125], [0.03125, 0.0625]], ""physical_region_id"": ""L640_sub02249"", ""release"": ""L320_lineage_all_baseline"", ""representative"": false, ""required_rank_count"": 2, ""required_rank_ids"": [58444, 58445], ""role"": ""matched:3:high"", ""roles"": [""phase1_parent_role:matched:3:high"", ""phase5_nearest_dBB_child""], ""root_L640_cube_id"": ""L640_sub02249"", ""root_phase1_role"": ""matched:3:high"", ""selected_parent_link"": {""L_sub"": 640, ""cube_id"": ""L640_sub02249"", ""subvolume_id"": 2249}, ""selection_method"": ""nearest_dBB_magnetic_valid_catalog_child"", ""selection_set"": ""all"", ""shape_kji"": [320, 320, 320], ""smoke_anchor"": false, ""smoke_anchor_role"": null, ""subvolume_id"": 18195}"
0.5225737690925598,0.854810357093811,0.5652137398719788,320,L320_sub20660,0.4121287763118744,0.21536768972873688,0.14518964290618896,matched:3:low,"[""baseline"", ""orders""]",,False,L640_sub02602,L320_lineage_all_baseline,"[""L320_lineage_all_baseline"", ""L320_lineage_all_orders""]",False,matched:3:low,all,"{""L_sub"": 320, ""bounds_ijk_half_open"": [6400, 6720, 1600, 1920, 6400, 6720], ""catalog_controls"": {""B_rms"": 0.5652137398719788, ""deltaB"": 0.21536768972873688, ""dens_mean"": 1.0490026473999023, ""mom1_sigma"": 0.0395931713283062, ""mom2_sigma"": 0.21354401111602783, ""mom3_sigma"": 0.12019259482622147, ""rho_sigma_over_mean"": 0.041961297392845154}, ""catalog_magnetic_flags"": {""B_mean_fraction_flags"": 0, ""dBB_flags"": 0, ""deltaB_flags"": 0, ""deltaB_fraction_flags"": 0}, ""catalog_magnetic_values"": {""B_mean"": 0.5225737690925598, ""B_mean_sq_over_B2_mean"": 0.854810357093811, ""B_rms"": 0.5652137398719788, ""dBB"": 0.4121287763118744, ""deltaB"": 0.21536768972873688, ""deltaB_sq_over_B2_mean"": 0.14518964290618896}, ""catalog_parent_link"": {""L_sub"": 640, ""subvolume_id"": 2602}, ""catalog_validity_flags"": 0, ""cube_id"": ""L320_sub20660"", ""environment"": {""B_mean"": 0.5225737690925598, ""B_mean_sq_over_B2_mean"": 0.854810357093811, ""B_rms"": 0.5652137398719788, ""dBB"": 0.4121287763118744, ""deltaB"": 0.21536768972873688, ""deltaB_sq_over_B2_mean"": 0.14518964290618896}, ""magnetic_selection_valid"": true, ""matched_group"": ""matched:3:low"", ""matrix"": ""baseline"", ""nearest_dBB_selection"": {""absolute_dBB_difference"": 0.029372721910476685, ""reference_parent_cube_id"": ""L640_sub02602"", ""reference_parent_dBB"": 0.4415014982223511, ""tie_break"": ""minimum (absolute_dBB_difference, child_subvolume_id)""}, ""outlier"": false, ""physical_bounds_x1_x2_x3"": [[0.125, 0.15625], [-0.34375, -0.3125], [0.125, 0.15625]], ""physical_region_id"": ""L640_sub02602"", ""release"": ""L320_lineage_all_baseline"", ""representative"": false, ""required_rank_count"": 2, ""required_rank_ids"": [50050, 50051], ""role"": ""matched:3:low"", ""roles"": [""phase1_parent_role:matched:3:low"", ""phase5_nearest_dBB_child""], ""root_L640_cube_id"": ""L640_sub02602"", ""root_phase1_role"": ""matched:3:low"", ""selected_parent_link"": {""L_sub"": 640, ""cube_id"": ""L640_sub02602"", ""subvolume_id"": 2602}, ""selection_method"": ""nearest_dBB_magnetic_valid_catalog_child"", ""selection_set"": ""all"", ""shape_kji"": [320, 320, 320], ""smoke_anchor"": false, ""smoke_anchor_role"": null, ""subvolume_id"": 20660}"
0.9286054968833923,0.8993754982948303,0.9791759848594666,320,L320_sub20719,0.3344886600971222,0.31060799956321716,0.10062451660633087,,"[""baseline"", ""orders""]",,False,L640_sub02615,L320_lineage_all_baseline,"[""L320_lineage_all_baseline"", ""L320_lineage_all_orders""]",True,representative:low_dBB,all,"{""L_sub"": 320, ""bounds_ijk_half_open"": [4800, 5120, 2240, 2560, 6400, 6720], ""catalog_controls"": {""B_rms"": 0.9791759848594666, ""deltaB"": 0.31060799956321716, ""dens_mean"": 0.9837767481803894, ""mom1_sigma"": 0.18016429245471954, ""mom2_sigma"": 0.08454158157110214, ""mom3_sigma"": 0.21982717514038086, ""rho_sigma_over_mean"": 0.12989239394664764}, ""catalog_magnetic_flags"": {""B_mean_fraction_flags"": 0, ""dBB_flags"": 0, ""deltaB_flags"": 0, ""deltaB_fraction_flags"": 0}, ""catalog_magnetic_values"": {""B_mean"": 0.9286054968833923, ""B_mean_sq_over_B2_mean"": 0.8993754982948303, ""B_rms"": 0.9791759848594666, ""dBB"": 0.3344886600971222, ""deltaB"": 0.31060799956321716, ""deltaB_sq_over_B2_mean"": 0.10062451660633087}, ""catalog_parent_link"": {""L_sub"": 640, ""subvolume_id"": 2615}, ""catalog_validity_flags"": 0, ""cube_id"": ""L320_sub20719"", ""environment"": {""B_mean"": 0.9286054968833923, ""B_mean_sq_over_B2_mean"": 0.8993754982948303, ""B_rms"": 0.9791759848594666, ""dBB"": 0.3344886600971222, ""deltaB"": 0.31060799956321716, ""deltaB_sq_over_B2_mean"": 0.10062451660633087}, ""magnetic_selection_valid"": true, ""matched_group"": null, ""matrix"": ""baseline"", ""nearest_dBB_selection"": {""absolute_dBB_difference"": 0.037056535482406616, ""reference_parent_cube_id"": ""L640_sub02615"", ""reference_parent_dBB"": 0.3715451955795288, ""tie_break"": ""minimum (absolute_dBB_difference, child_subvolume_id)""}, ""outlier"": false, ""physical_bounds_x1_x2_x3"": [[-0.03125, 0.0], [-0.28125, -0.25], [0.125, 0.15625]], ""physical_region_id"": ""L640_sub02615"", ""release"": ""L320_lineage_all_baseline"", ""representative"": true, ""required_rank_count"": 2, ""required_rank_ids"": [21466, 21467], ""role"": ""representative:low_dBB"", ""roles"": [""phase1_parent_role:representative:low_dBB"", ""phase5_nearest_dBB_child""], ""root_L640_cube_id"": ""L640_sub02615"", ""root_phase1_role"": ""representative:low_dBB"", ""selected_parent_link"": {""L_sub"": 640, ""cube_id"": ""L640_sub02615"", ""subvolume_id"": 2615}, ""selection_method"": ""nearest_dBB_magnetic_valid_catalog_child"", ""selection_set"": ""all"", ""shape_kji"": [320, 320, 320], ""smoke_anchor"": false, ""smoke_anchor_role"": null, ""subvolume_id"": 20719}"
0.8754496574401855,0.8891109824180603,0.9284386038780212,320,L320_sub22572,0.3531557619571686,0.30917009711265564,0.1108890250325203,,"[""baseline"", ""orders""]",,False,L640_sub02822,L320_lineage_all_baseline,"[""L320_lineage_all_baseline"", ""L320_lineage_all_orders""]",True,representative:low_dBB,all,"{""L_sub"": 320, ""bounds_ijk_half_open"": [3840, 4160, 320, 640, 7040, 7360], ""catalog_controls"": {""B_rms"": 0.9284386038780212, ""deltaB"": 0.30917009711265564, ""dens_mean"": 1.0702276229858398, ""mom1_sigma"": 0.08574358373880386, ""mom2_sigma"": 0.16754961013793945, ""mom3_sigma"": 0.1494908332824707, ""rho_sigma_over_mean"": 0.10400447249412537}, ""catalog_magnetic_flags"": {""B_mean_fraction_flags"": 0, ""dBB_flags"": 0, ""deltaB_flags"": 0, ""deltaB_fraction_flags"": 0}, ""catalog_magnetic_values"": {""B_mean"": 0.8754496574401855, ""B_mean_sq_over_B2_mean"": 0.8891109824180603, ""B_rms"": 0.9284386038780212, ""dBB"": 0.3531557619571686, ""deltaB"": 0.30917009711265564, ""deltaB_sq_over_B2_mean"": 0.1108890250325203}, ""catalog_parent_link"": {""L_sub"": 640, ""subvolume_id"": 2822}, ""catalog_validity_flags"": 0, ""cube_id"": ""L320_sub22572"", ""environment"": {""B_mean"": 0.8754496574401855, ""B_mean_sq_over_B2_mean"": 0.8891109824180603, ""B_rms"": 0.9284386038780212, ""dBB"": 0.3531557619571686, ""deltaB"": 0.30917009711265564, ""deltaB_sq_over_B2_mean"": 0.1108890250325203}, ""magnetic_selection_valid"": true, ""matched_group"": null, ""matrix"": ""baseline"", ""nearest_dBB_selection"": {""absolute_dBB_difference"": 0.01893824338912964, ""reference_parent_cube_id"": ""L640_sub02822"", ""reference_parent_dBB"": 0.3720940053462982, ""tie_break"": ""minimum (absolute_dBB_difference, child_subvolume_id)""}, ""outlier"": false, ""physical_bounds_x1_x2_x3"": [[-0.125, -0.09375], [-0.46875, -0.4375], [0.1875, 0.21875]], ""physical_region_id"": ""L640_sub02822"", ""release"": ""L320_lineage_all_baseline"", ""representative"": true, ""required_rank_count"": 2, ""required_rank_ids"": [21282, 21283], ""role"": ""representative:low_dBB"", ""roles"": [""phase1_parent_role:representative:low_dBB"", ""phase5_nearest_dBB_child""], ""root_L640_cube_id"": ""L640_sub02822"", ""root_phase1_role"": ""representative:low_dBB"", ""selected_parent_link"": {""L_sub"": 640, ""cube_id"": ""L640_sub02822"", ""subvolume_id"": 2822}, ""selection_method"": ""nearest_dBB_magnetic_valid_catalog_child"", ""selection_set"": ""all"", ""shape_kji"": [320, 320, 320], ""smoke_anchor"": false, ""smoke_anchor_role"": null, ""subvolume_id"": 22572}"
0.6532690525054932,0.8911857008934021,0.6920029520988464,320,L320_sub24420,0.3494289517402649,0.22827111184597015,0.1088143065571785,,"[""baseline"", ""orders""]",,False,L640_sub03026,L320_lineage_all_baseline,"[""L320_lineage_all_baseline"", ""L320_lineage_all_orders""]",True,representative:low_dBB,all,"{""L_sub"": 320, ""bounds_ijk_half_open"": [1280, 1600, 8640, 8960, 7360, 7680], ""catalog_controls"": {""B_rms"": 0.6920029520988464, ""deltaB"": 0.22827111184597015, ""dens_mean"": 0.9938522577285767, ""mom1_sigma"": 0.054987840354442596, ""mom2_sigma"": 0.0739210844039917, ""mom3_sigma"": 0.15298433601856232, ""rho_sigma_over_mean"": 0.11563283205032349}, ""catalog_magnetic_flags"": {""B_mean_fraction_flags"": 0, ""dBB_flags"": 0, ""deltaB_flags"": 0, ""deltaB_fraction_flags"": 0}, ""catalog_magnetic_values"": {""B_mean"": 0.6532690525054932, ""B_mean_sq_over_B2_mean"": 0.8911857008934021, ""B_rms"": 0.6920029520988464, ""dBB"": 0.3494289517402649, ""deltaB"": 0.22827111184597015, ""deltaB_sq_over_B2_mean"": 0.1088143065571785}, ""catalog_parent_link"": {""L_sub"": 640, ""subvolume_id"": 3026}, ""catalog_validity_flags"": 0, ""cube_id"": ""L320_sub24420"", ""environment"": {""B_mean"": 0.6532690525054932, ""B_mean_sq_over_B2_mean"": 0.8911857008934021, ""B_rms"": 0.6920029520988464, ""dBB"": 0.3494289517402649, ""deltaB"": 0.22827111184597015, ""deltaB_sq_over_B2_mean"": 0.1088143065571785}, ""magnetic_selection_valid"": true, ""matched_group"": null, ""matrix"": ""baseline"", ""nearest_dBB_selection"": {""absolute_dBB_difference"": 0.022680819034576416, ""reference_parent_cube_id"": ""L640_sub03026"", ""reference_parent_dBB"": 0.3721097707748413, ""tie_break"": ""minimum (absolute_dBB_difference, child_subvolume_id)""}, ""outlier"": false, ""physical_bounds_x1_x2_x3"": [[-0.375, -0.34375], [0.34375, 0.375], [0.21875, 0.25]], ""physical_region_id"": ""L640_sub03026"", ""release"": ""L320_lineage_all_baseline"", ""representative"": true, ""required_rank_count"": 2, ""required_rank_ids"": [26422, 26423], ""role"": ""representative:low_dBB"", ""roles"": [""phase1_parent_role:representative:low_dBB"", ""phase5_nearest_dBB_child""], ""root_L640_cube_id"": ""L640_sub03026"", ""root_phase1_role"": ""representative:low_dBB"", ""selected_parent_link"": {""L_sub"": 640, ""cube_id"": ""L640_sub03026"", ""subvolume_id"": 3026}, ""selection_method"": ""nearest_dBB_magnetic_valid_catalog_child"", ""selection_set"": ""all"", ""shape_kji"": [320, 320, 320], ""smoke_anchor"": false, ""smoke_anchor_role"": null, ""subvolume_id"": 24420}"
0.38431912660598755,0.6761361956596375,0.4673851430416107,320,L320_sub27737,0.6920924186706543,0.26598435640335083,0.32386377453804016,,"[""baseline"", ""orders""]",,False,L640_sub03356,L320_lineage_all_baseline,"[""L320_lineage_all_baseline"", ""L320_lineage_all_orders""]",True,representative:near_median_dBB,all,"{""L_sub"": 320, ""bounds_ijk_half_open"": [8000, 8320, 640, 960, 8640, 8960], ""catalog_controls"": {""B_rms"": 0.4673851430416107, ""deltaB"": 0.26598435640335083, ""dens_mean"": 1.1516642570495605, ""mom1_sigma"": 0.14451150596141815, ""mom2_sigma"": 0.10079328715801239, ""mom3_sigma"": 0.1499151736497879, ""rho_sigma_over_mean"": 0.05824466422200203}, ""catalog_magnetic_flags"": {""B_mean_fraction_flags"": 0, ""dBB_flags"": 0, ""deltaB_flags"": 0, ""deltaB_fraction_flags"": 0}, ""catalog_magnetic_values"": {""B_mean"": 0.38431912660598755, ""B_mean_sq_over_B2_mean"": 0.6761361956596375, ""B_rms"": 0.4673851430416107, ""dBB"": 0.6920924186706543, ""deltaB"": 0.26598435640335083, ""deltaB_sq_over_B2_mean"": 0.32386377453804016}, ""catalog_parent_link"": {""L_sub"": 640, ""subvolume_id"": 3356}, ""catalog_validity_flags"": 0, ""cube_id"": ""L320_sub27737"", ""environment"": {""B_mean"": 0.38431912660598755, ""B_mean_sq_over_B2_mean"": 0.6761361956596375, ""B_rms"": 0.4673851430416107, ""dBB"": 0.6920924186706543, ""deltaB"": 0.26598435640335083, ""deltaB_sq_over_B2_mean"": 0.32386377453804016}, ""magnetic_selection_valid"": true, ""matched_group"": null, ""matrix"": ""baseline"", ""nearest_dBB_selection"": {""absolute_dBB_difference"": 0.004651308059692383, ""reference_parent_cube_id"": ""L640_sub03356"", ""reference_parent_dBB"": 0.6967437267303467, ""tie_break"": ""minimum (absolute_dBB_difference, child_subvolume_id)""}, ""outlier"": false, ""physical_bounds_x1_x2_x3"": [[0.28125, 0.3125], [-0.4375, -0.40625], [0.34375, 0.375]], ""physical_region_id"": ""L640_sub03356"", ""release"": ""L320_lineage_all_baseline"", ""representative"": true, ""required_rank_count"": 2, ""required_rank_ids"": [55356, 55357], ""role"": ""representative:near_median_dBB"", ""roles"": [""phase1_parent_role:representative:near_median_dBB"", ""phase5_nearest_dBB_child""], ""root_L640_cube_id"": ""L640_sub03356"", ""root_phase1_role"": ""representative:near_median_dBB"", ""selected_parent_link"": {""L_sub"": 640, ""cube_id"": ""L640_sub03356"", ""subvolume_id"": 3356}, ""selection_method"": ""nearest_dBB_magnetic_valid_catalog_child"", ""selection_set"": ""all"", ""shape_kji"": [320, 320, 320], ""smoke_anchor"": false, ""smoke_anchor_role"": null, ""subvolume_id"": 27737}"
0.8328961730003357,0.7086858153343201,0.9893820285797119,320,L320_sub31148,0.6411416530609131,0.5340044498443604,0.2913142144680023,,"[""baseline"", ""orders""]",,False,L640_sub03942,L320_lineage_all_baseline,"[""L320_lineage_all_baseline"", ""L320_lineage_all_orders""]",True,representative:near_median_dBB,all,"{""L_sub"": 320, ""bounds_ijk_half_open"": [3840, 4160, 4160, 4480, 9600, 9920], ""catalog_controls"": {""B_rms"": 0.9893820285797119, ""deltaB"": 0.5340044498443604, ""dens_mean"": 1.0412107706069946, ""mom1_sigma"": 0.2190241515636444, ""mom2_sigma"": 0.13749775290489197, ""mom3_sigma"": 0.17923188209533691, ""rho_sigma_over_mean"": 0.2328898310661316}, ""catalog_magnetic_flags"": {""B_mean_fraction_flags"": 0, ""dBB_flags"": 0, ""deltaB_flags"": 0, ""deltaB_fraction_flags"": 0}, ""catalog_magnetic_values"": {""B_mean"": 0.8328961730003357, ""B_mean_sq_over_B2_mean"": 0.7086858153343201, ""B_rms"": 0.9893820285797119, ""dBB"": 0.6411416530609131, ""deltaB"": 0.5340044498443604, ""deltaB_sq_over_B2_mean"": 0.2913142144680023}, ""catalog_parent_link"": {""L_sub"": 640, ""subvolume_id"": 3942}, ""catalog_validity_flags"": 0, ""cube_id"": ""L320_sub31148"", ""environment"": {""B_mean"": 0.8328961730003357, ""B_mean_sq_over_B2_mean"": 0.7086858153343201, ""B_rms"": 0.9893820285797119, ""dBB"": 0.6411416530609131, ""deltaB"": 0.5340044498443604, ""deltaB_sq_over_B2_mean"": 0.2913142144680023}, ""magnetic_selection_valid"": true, ""matched_group"": null, ""matrix"": ""baseline"", ""nearest_dBB_selection"": {""absolute_dBB_difference"": 0.05476963520050049, ""reference_parent_cube_id"": ""L640_sub03942"", ""reference_parent_dBB"": 0.6959112882614136, ""tie_break"": ""minimum (absolute_dBB_difference, child_subvolume_id)""}, ""outlier"": false, ""physical_bounds_x1_x2_x3"": [[-0.125, -0.09375], [-0.09375, -0.0625], [0.4375, 0.46875]], ""physical_region_id"": ""L640_sub03942"", ""release"": ""L320_lineage_all_baseline"", ""representative"": true, ""required_rank_count"": 2, ""required_rank_ids"": [24482, 24483], ""role"": ""representative:near_median_dBB"", ""roles"": [""phase1_parent_role:representative:near_median_dBB"", ""phase5_nearest_dBB_child"", ""phase5_smoke_anchor:median_dBB""], ""root_L640_cube_id"": ""L640_sub03942"", ""root_phase1_role"": ""representative:near_median_dBB"", ""selected_parent_link"": {""L_sub"": 640, ""cube_id"": ""L640_sub03942"", ""subvolume_id"": 3942}, ""selection_method"": ""nearest_dBB_magnetic_valid_catalog_child"", ""selection_set"": ""all"", ""shape_kji"": [320, 320, 320], ""smoke_anchor"": true, ""smoke_anchor_role"": ""median_dBB"", ""subvolume_id"": 31148}"
0.2585529685020447,0.4467434287071228,0.38683030009269714,320,L320_sub01152,1.1128437519073486,0.28772908449172974,0.5532565712928772,matched_smoke:2,"[""baseline""]","{""interpretation"": ""separately labeled observational control set"", ""label"": ""matched_smoke"", ""matched_pair_id"": 2, ""matched_role"": ""high"", ""stated_L640_parent_cube_id"": ""L640_sub00032""}",False,L640_sub00032,L320_matched_smoke_baseline,"[""L320_matched_smoke_baseline""]",True,observational_control:matched_smoke:2:high,matched_smoke,"{""L_sub"": 320, ""bounds_ijk_half_open"": [0, 320, 1280, 1600, 320, 640], ""catalog_controls"": {""B_rms"": 0.38683030009269714, ""deltaB"": 0.28772908449172974, ""dens_mean"": 1.0464693307876587, ""mom1_sigma"": 0.15667958557605743, ""mom2_sigma"": 0.12309612333774567, ""mom3_sigma"": 0.1935187131166458, ""rho_sigma_over_mean"": 0.054192982614040375}, ""catalog_magnetic_flags"": {""B_mean_fraction_flags"": 0, ""dBB_flags"": 0, ""deltaB_flags"": 0, ""deltaB_fraction_flags"": 0}, ""catalog_magnetic_values"": {""B_mean"": 0.2585529685020447, ""B_mean_sq_over_B2_mean"": 0.4467434287071228, ""B_rms"": 0.38683030009269714, ""dBB"": 1.1128437519073486, ""deltaB"": 0.28772908449172974, ""deltaB_sq_over_B2_mean"": 0.5532565712928772}, ""catalog_parent_link"": {""L_sub"": 640, ""subvolume_id"": 32}, ""catalog_validity_flags"": 0, ""cube_id"": ""L320_sub01152"", ""environment"": {""B_mean"": 0.2585529685020447, ""B_mean_sq_over_B2_mean"": 0.4467434287071228, ""B_rms"": 0.38683030009269714, ""dBB"": 1.1128437519073486, ""deltaB"": 0.28772908449172974, ""deltaB_sq_over_B2_mean"": 0.5532565712928772}, ""magnetic_selection_valid"": true, ""matched_group"": ""matched_smoke:2"", ""matrix"": ""baseline"", ""nearest_dBB_selection"": null, ""observational_control_set"": {""interpretation"": ""separately labeled observational control set"", ""label"": ""matched_smoke"", ""matched_pair_id"": 2, ""matched_role"": ""high"", ""stated_L640_parent_cube_id"": ""L640_sub00032""}, ""outlier"": false, ""overlaps_nearest_dBB_lineage"": false, ""physical_bounds_x1_x2_x3"": [[-0.5, -0.46875], [-0.375, -0.34375], [-0.46875, -0.4375]], ""physical_region_id"": ""L640_sub00032"", ""release"": ""L320_matched_smoke_baseline"", ""representative"": true, ""required_rank_count"": 2, ""required_rank_ids"": [132, 133], ""role"": ""observational_control:matched_smoke:2:high"", ""roles"": [""phase1_parent_role:representative:high_dBB"", ""phase5_fixed_L320_matched_smoke_observational_child"", ""phase5_observational_control_set:matched_smoke"", ""phase5_matched_pair:2:high""], ""root_L640_cube_id"": ""L640_sub00032"", ""root_phase1_role"": ""representative:high_dBB"", ""selected_parent_link"": {""L_sub"": 640, ""cube_id"": ""L640_sub00032"", ""subvolume_id"": 32}, ""selection_method"": ""fixed_L320_matched_smoke_observational_control"", ""selection_set"": ""matched_smoke"", ""shape_kji"": [320, 320, 320], ""smoke_anchor"": false, ""smoke_anchor_role"": null, ""subvolume_id"": 1152}"
0.5485908389091492,0.9198185205459595,0.5720019340515137,320,L320_sub06008,0.29524725675582886,0.16196994483470917,0.08018144965171814,matched_smoke:2,"[""baseline""]","{""interpretation"": ""separately labeled observational control set"", ""label"": ""matched_smoke"", ""matched_pair_id"": 2, ""matched_role"": ""low"", ""stated_L640_parent_cube_id"": ""L640_sub00732""}",False,L640_sub00732,L320_matched_smoke_baseline,"[""L320_matched_smoke_baseline""]",False,observational_control:matched_smoke:2:low,matched_smoke,"{""L_sub"": 320, ""bounds_ijk_half_open"": [7680, 8000, 8640, 8960, 1600, 1920], ""catalog_controls"": {""B_rms"": 0.5720019340515137, ""deltaB"": 0.16196994483470917, ""dens_mean"": 1.0325398445129395, ""mom1_sigma"": 0.1780049055814743, ""mom2_sigma"": 0.0726471021771431, ""mom3_sigma"": 0.1978306770324707, ""rho_sigma_over_mean"": 0.05650720000267029}, ""catalog_magnetic_flags"": {""B_mean_fraction_flags"": 0, ""dBB_flags"": 0, ""deltaB_flags"": 0, ""deltaB_fraction_flags"": 0}, ""catalog_magnetic_values"": {""B_mean"": 0.5485908389091492, ""B_mean_sq_over_B2_mean"": 0.9198185205459595, ""B_rms"": 0.5720019340515137, ""dBB"": 0.29524725675582886, ""deltaB"": 0.16196994483470917, ""deltaB_sq_over_B2_mean"": 0.08018144965171814}, ""catalog_parent_link"": {""L_sub"": 640, ""subvolume_id"": 732}, ""catalog_validity_flags"": 0, ""cube_id"": ""L320_sub06008"", ""environment"": {""B_mean"": 0.5485908389091492, ""B_mean_sq_over_B2_mean"": 0.9198185205459595, ""B_rms"": 0.5720019340515137, ""dBB"": 0.29524725675582886, ""deltaB"": 0.16196994483470917, ""deltaB_sq_over_B2_mean"": 0.08018144965171814}, ""magnetic_selection_valid"": true, ""matched_group"": ""matched_smoke:2"", ""matrix"": ""baseline"", ""nearest_dBB_selection"": null, ""observational_control_set"": {""interpretation"": ""separately labeled observational control set"", ""label"": ""matched_smoke"", ""matched_pair_id"": 2, ""matched_role"": ""low"", ""stated_L640_parent_cube_id"": ""L640_sub00732""}, ""outlier"": false, ""overlaps_nearest_dBB_lineage"": false, ""physical_bounds_x1_x2_x3"": [[0.25, 0.28125], [0.34375, 0.375], [-0.34375, -0.3125]], ""physical_region_id"": ""L640_sub00732"", ""release"": ""L320_matched_smoke_baseline"", ""representative"": false, ""required_rank_count"": 2, ""required_rank_ids"": [46358, 46359], ""role"": ""observational_control:matched_smoke:2:low"", ""roles"": [""phase1_parent_role:matched:2:low"", ""phase5_fixed_L320_matched_smoke_observational_child"", ""phase5_observational_control_set:matched_smoke"", ""phase5_matched_pair:2:low""], ""root_L640_cube_id"": ""L640_sub00732"", ""root_phase1_role"": ""matched:2:low"", ""selected_parent_link"": {""L_sub"": 640, ""cube_id"": ""L640_sub00732"", ""subvolume_id"": 732}, ""selection_method"": ""fixed_L320_matched_smoke_observational_control"", ""selection_set"": ""matched_smoke"", ""shape_kji"": [320, 320, 320], ""smoke_anchor"": false, ""smoke_anchor_role"": null, ""subvolume_id"": 6008}"
0.21810558438301086,0.506512463092804,0.3064585328102112,320,L320_sub16224,0.9870587587356567,0.21528303623199463,0.49348753690719604,matched_smoke:3,"[""baseline""]","{""interpretation"": ""separately labeled observational control set"", ""label"": ""matched_smoke"", ""matched_pair_id"": 3, ""matched_role"": ""high"", ""stated_L640_parent_cube_id"": ""L640_sub02000""}",False,L640_sub02000,L320_matched_smoke_baseline,"[""L320_matched_smoke_baseline""]",False,observational_control:matched_smoke:3:high,matched_smoke,"{""L_sub"": 320, ""bounds_ijk_half_open"": [0, 320, 8640, 8960, 4800, 5120], ""catalog_controls"": {""B_rms"": 0.3064585328102112, ""deltaB"": 0.21528303623199463, ""dens_mean"": 1.02564537525177, ""mom1_sigma"": 0.11838383972644806, ""mom2_sigma"": 0.0842001736164093, ""mom3_sigma"": 0.13730938732624054, ""rho_sigma_over_mean"": 0.043662168085575104}, ""catalog_magnetic_flags"": {""B_mean_fraction_flags"": 0, ""dBB_flags"": 0, ""deltaB_flags"": 0, ""deltaB_fraction_flags"": 0}, ""catalog_magnetic_values"": {""B_mean"": 0.21810558438301086, ""B_mean_sq_over_B2_mean"": 0.506512463092804, ""B_rms"": 0.3064585328102112, ""dBB"": 0.9870587587356567, ""deltaB"": 0.21528303623199463, ""deltaB_sq_over_B2_mean"": 0.49348753690719604}, ""catalog_parent_link"": {""L_sub"": 640, ""subvolume_id"": 2000}, ""catalog_validity_flags"": 0, ""cube_id"": ""L320_sub16224"", ""environment"": {""B_mean"": 0.21810558438301086, ""B_mean_sq_over_B2_mean"": 0.506512463092804, ""B_rms"": 0.3064585328102112, ""dBB"": 0.9870587587356567, ""deltaB"": 0.21528303623199463, ""deltaB_sq_over_B2_mean"": 0.49348753690719604}, ""magnetic_selection_valid"": true, ""matched_group"": ""matched_smoke:3"", ""matrix"": ""baseline"", ""nearest_dBB_selection"": null, ""observational_control_set"": {""interpretation"": ""separately labeled observational control set"", ""label"": ""matched_smoke"", ""matched_pair_id"": 3, ""matched_role"": ""high"", ""stated_L640_parent_cube_id"": ""L640_sub02000""}, ""outlier"": false, ""overlaps_nearest_dBB_lineage"": false, ""physical_bounds_x1_x2_x3"": [[-0.5, -0.46875], [0.34375, 0.375], [-0.03125, 0.0]], ""physical_region_id"": ""L640_sub02000"", ""release"": ""L320_matched_smoke_baseline"", ""representative"": false, ""required_rank_count"": 2, ""required_rank_ids"": [11574, 11575], ""role"": ""observational_control:matched_smoke:3:high"", ""roles"": [""phase1_parent_role:matched:2:high"", ""phase5_fixed_L320_matched_smoke_observational_child"", ""phase5_observational_control_set:matched_smoke"", ""phase5_matched_pair:3:high""], ""root_L640_cube_id"": ""L640_sub02000"", ""root_phase1_role"": ""matched:2:high"", ""selected_parent_link"": {""L_sub"": 640, ""cube_id"": ""L640_sub02000"", ""subvolume_id"": 2000}, ""selection_method"": ""fixed_L320_matched_smoke_observational_control"", ""selection_set"": ""matched_smoke"", ""shape_kji"": [320, 320, 320], ""smoke_anchor"": false, ""smoke_anchor_role"": null, ""subvolume_id"": 16224}"
0.2918342649936676,0.46490412950515747,0.4280106723308563,320,L320_sub17363,1.0728378295898438,0.31309086084365845,0.5350958704948425,matched:1:high,"[""baseline""]",,False,L640_sub02297,L320_matched_smoke_baseline,"[""L320_matched_smoke_baseline""]",False,matched:1:high,matched_smoke,"{""L_sub"": 320, ""bounds_ijk_half_open"": [6080, 6400, 9600, 9920, 5120, 5440], ""catalog_controls"": {""B_rms"": 0.4280106723308563, ""deltaB"": 0.31309086084365845, ""dens_mean"": 1.03854238986969, ""mom1_sigma"": 0.07215005904436111, ""mom2_sigma"": 0.09893389791250229, ""mom3_sigma"": 0.07702904939651489, ""rho_sigma_over_mean"": 0.04957844316959381}, ""catalog_magnetic_flags"": {""B_mean_fraction_flags"": 0, ""dBB_flags"": 0, ""deltaB_flags"": 0, ""deltaB_fraction_flags"": 0}, ""catalog_magnetic_values"": {""B_mean"": 0.2918342649936676, ""B_mean_sq_over_B2_mean"": 0.46490412950515747, ""B_rms"": 0.4280106723308563, ""dBB"": 1.0728378295898438, ""deltaB"": 0.31309086084365845, ""deltaB_sq_over_B2_mean"": 0.5350958704948425}, ""catalog_parent_link"": {""L_sub"": 640, ""subvolume_id"": 2297}, ""catalog_validity_flags"": 0, ""cube_id"": ""L320_sub17363"", ""environment"": {""B_mean"": 0.2918342649936676, ""B_mean_sq_over_B2_mean"": 0.46490412950515747, ""B_rms"": 0.4280106723308563, ""dBB"": 1.0728378295898438, ""deltaB"": 0.31309086084365845, ""deltaB_sq_over_B2_mean"": 0.5350958704948425}, ""magnetic_selection_valid"": true, ""matched_group"": ""matched:1:high"", ""matrix"": ""baseline"", ""nearest_dBB_selection"": {""absolute_dBB_difference"": 0.1378023624420166, ""reference_parent_cube_id"": ""L640_sub02297"", ""reference_parent_dBB"": 1.2106401920318604, ""tie_break"": ""minimum (absolute_dBB_difference, child_subvolume_id)""}, ""outlier"": false, ""physical_bounds_x1_x2_x3"": [[0.09375, 0.125], [0.4375, 0.46875], [0.0, 0.03125]], ""physical_region_id"": ""L640_sub02297"", ""release"": ""L320_matched_smoke_baseline"", ""representative"": false, ""required_rank_count"": 2, ""required_rank_ids"": [58584, 58585], ""role"": ""matched:1:high"", ""roles"": [""phase1_parent_role:matched:1:high"", ""phase5_nearest_dBB_child""], ""root_L640_cube_id"": ""L640_sub02297"", ""root_phase1_role"": ""matched:1:high"", ""selected_parent_link"": {""L_sub"": 640, ""cube_id"": ""L640_sub02297"", ""subvolume_id"": 2297}, ""selection_method"": ""nearest_dBB_magnetic_valid_catalog_child"", ""selection_set"": ""matched_smoke"", ""shape_kji"": [320, 320, 320], ""smoke_anchor"": false, ""smoke_anchor_role"": null, ""subvolume_id"": 17363}"
0.4744241237640381,0.9269880056381226,0.4927534759044647,320,L320_sub20629,0.28064677119255066,0.13314560055732727,0.07301199436187744,matched_smoke:1,"[""baseline""]","{""interpretation"": ""separately labeled observational control set"", ""label"": ""matched_smoke"", ""matched_pair_id"": 1, ""matched_role"": ""low"", ""stated_L640_parent_cube_id"": ""L640_sub02602""}",False,L640_sub02602,L320_matched_smoke_baseline,"[""L320_matched_smoke_baseline""]",False,observational_control:matched_smoke:1:low,matched_smoke,"{""L_sub"": 320, ""bounds_ijk_half_open"": [6720, 7040, 1280, 1600, 6400, 6720], ""catalog_controls"": {""B_rms"": 0.4927534759044647, ""deltaB"": 0.13314560055732727, ""dens_mean"": 1.0344300270080566, ""mom1_sigma"": 0.07769846171140671, ""mom2_sigma"": 0.09617481380701065, ""mom3_sigma"": 0.043390411883592606, ""rho_sigma_over_mean"": 0.05253916233778}, ""catalog_magnetic_flags"": {""B_mean_fraction_flags"": 0, ""dBB_flags"": 0, ""deltaB_flags"": 0, ""deltaB_fraction_flags"": 0}, ""catalog_magnetic_values"": {""B_mean"": 0.4744241237640381, ""B_mean_sq_over_B2_mean"": 0.9269880056381226, ""B_rms"": 0.4927534759044647, ""dBB"": 0.28064677119255066, ""deltaB"": 0.13314560055732727, ""deltaB_sq_over_B2_mean"": 0.07301199436187744}, ""catalog_parent_link"": {""L_sub"": 640, ""subvolume_id"": 2602}, ""catalog_validity_flags"": 0, ""cube_id"": ""L320_sub20629"", ""environment"": {""B_mean"": 0.4744241237640381, ""B_mean_sq_over_B2_mean"": 0.9269880056381226, ""B_rms"": 0.4927534759044647, ""dBB"": 0.28064677119255066, ""deltaB"": 0.13314560055732727, ""deltaB_sq_over_B2_mean"": 0.07301199436187744}, ""magnetic_selection_valid"": true, ""matched_group"": ""matched_smoke:1"", ""matrix"": ""baseline"", ""nearest_dBB_selection"": null, ""observational_control_set"": {""interpretation"": ""separately labeled observational control set"", ""label"": ""matched_smoke"", ""matched_pair_id"": 1, ""matched_role"": ""low"", ""stated_L640_parent_cube_id"": ""L640_sub02602""}, ""outlier"": false, ""overlaps_nearest_dBB_lineage"": false, ""physical_bounds_x1_x2_x3"": [[0.15625, 0.1875], [-0.375, -0.34375], [0.125, 0.15625]], ""physical_region_id"": ""L640_sub02602"", ""release"": ""L320_matched_smoke_baseline"", ""representative"": false, ""required_rank_count"": 2, ""required_rank_ids"": [50056, 50057], ""role"": ""observational_control:matched_smoke:1:low"", ""roles"": [""phase1_parent_role:matched:3:low"", ""phase5_fixed_L320_matched_smoke_observational_child"", ""phase5_observational_control_set:matched_smoke"", ""phase5_matched_pair:1:low""], ""root_L640_cube_id"": ""L640_sub02602"", ""root_phase1_role"": ""matched:3:low"", ""selected_parent_link"": {""L_sub"": 640, ""cube_id"": ""L640_sub02602"", ""subvolume_id"": 2602}, ""selection_method"": ""fixed_L320_matched_smoke_observational_control"", ""selection_set"": ""matched_smoke"", ""shape_kji"": [320, 320, 320], ""smoke_anchor"": false, ""smoke_anchor_role"": null, ""subvolume_id"": 20629}"
0.5722783207893372,0.9177832007408142,0.5973615050315857,320,L320_sub24421,0.29930242896080017,0.1712842881679535,0.08221679925918579,matched_smoke:3,"[""baseline""]","{""interpretation"": ""separately labeled observational control set"", ""label"": ""matched_smoke"", ""matched_pair_id"": 3, ""matched_role"": ""low"", ""stated_L640_parent_cube_id"": ""L640_sub03026""}",False,L640_sub03026,L320_matched_smoke_baseline,"[""L320_matched_smoke_baseline""]",True,observational_control:matched_smoke:3:low,matched_smoke,"{""L_sub"": 320, ""bounds_ijk_half_open"": [1600, 1920, 8640, 8960, 7360, 7680], ""catalog_controls"": {""B_rms"": 0.5973615050315857, ""deltaB"": 0.1712842881679535, ""dens_mean"": 1.0409257411956787, ""mom1_sigma"": 0.07860369235277176, ""mom2_sigma"": 0.07482478022575378, ""mom3_sigma"": 0.18718044459819794, ""rho_sigma_over_mean"": 0.07038670778274536}, ""catalog_magnetic_flags"": {""B_mean_fraction_flags"": 0, ""dBB_flags"": 0, ""deltaB_flags"": 0, ""deltaB_fraction_flags"": 0}, ""catalog_magnetic_values"": {""B_mean"": 0.5722783207893372, ""B_mean_sq_over_B2_mean"": 0.9177832007408142, ""B_rms"": 0.5973615050315857, ""dBB"": 0.29930242896080017, ""deltaB"": 0.1712842881679535, ""deltaB_sq_over_B2_mean"": 0.08221679925918579}, ""catalog_parent_link"": {""L_sub"": 640, ""subvolume_id"": 3026}, ""catalog_validity_flags"": 0, ""cube_id"": ""L320_sub24421"", ""environment"": {""B_mean"": 0.5722783207893372, ""B_mean_sq_over_B2_mean"": 0.9177832007408142, ""B_rms"": 0.5973615050315857, ""dBB"": 0.29930242896080017, ""deltaB"": 0.1712842881679535, ""deltaB_sq_over_B2_mean"": 0.08221679925918579}, ""magnetic_selection_valid"": true, ""matched_group"": ""matched_smoke:3"", ""matrix"": ""baseline"", ""nearest_dBB_selection"": null, ""observational_control_set"": {""interpretation"": ""separately labeled observational control set"", ""label"": ""matched_smoke"", ""matched_pair_id"": 3, ""matched_role"": ""low"", ""stated_L640_parent_cube_id"": ""L640_sub03026""}, ""outlier"": false, ""overlaps_nearest_dBB_lineage"": false, ""physical_bounds_x1_x2_x3"": [[-0.34375, -0.3125], [0.34375, 0.375], [0.21875, 0.25]], ""physical_region_id"": ""L640_sub03026"", ""release"": ""L320_matched_smoke_baseline"", ""representative"": true, ""required_rank_count"": 2, ""required_rank_ids"": [26430, 26431], ""role"": ""observational_control:matched_smoke:3:low"", ""roles"": [""phase1_parent_role:representative:low_dBB"", ""phase5_fixed_L320_matched_smoke_observational_child"", ""phase5_observational_control_set:matched_smoke"", ""phase5_matched_pair:3:low""], ""root_L640_cube_id"": ""L640_sub03026"", ""root_phase1_role"": ""representative:low_dBB"", ""selected_parent_link"": {""L_sub"": 640, ""cube_id"": ""L640_sub03026"", ""subvolume_id"": 3026}, ""selection_method"": ""fixed_L320_matched_smoke_observational_control"", ""selection_set"": ""matched_smoke"", ""shape_kji"": [320, 320, 320], ""smoke_anchor"": false, ""smoke_anchor_role"": null, ""subvolume_id"": 24421}"
0.754231870174408,0.9099613428115845,0.7906666398048401,320,L320_sub03556,0.3145596981048584,0.23725095391273499,0.09003867954015732,,"[""3point"", ""5point"", ""baseline"", ""orders""]",,False,L640_sub00370,L320_lineage_smoke_3point,"[""L320_lineage_smoke_3point"", ""L320_lineage_smoke_5point"", ""L320_lineage_smoke_baseline"", ""L320_lineage_smoke_orders""]",True,representative:low_dBB,smoke,"{""L_sub"": 320, ""bounds_ijk_half_open"": [1280, 1600, 4800, 5120, 960, 1280], ""catalog_controls"": {""B_rms"": 0.7906666398048401, ""deltaB"": 0.23725095391273499, ""dens_mean"": 1.0790568590164185, ""mom1_sigma"": 0.11107595264911652, ""mom2_sigma"": 0.05810115113854408, ""mom3_sigma"": 0.16598831117153168, ""rho_sigma_over_mean"": 0.09634492546319962}, ""catalog_magnetic_flags"": {""B_mean_fraction_flags"": 0, ""dBB_flags"": 0, ""deltaB_flags"": 0, ""deltaB_fraction_flags"": 0}, ""catalog_magnetic_values"": {""B_mean"": 0.754231870174408, ""B_mean_sq_over_B2_mean"": 0.9099613428115845, ""B_rms"": 0.7906666398048401, ""dBB"": 0.3145596981048584, ""deltaB"": 0.23725095391273499, ""deltaB_sq_over_B2_mean"": 0.09003867954015732}, ""catalog_parent_link"": {""L_sub"": 640, ""subvolume_id"": 370}, ""catalog_validity_flags"": 0, ""cube_id"": ""L320_sub03556"", ""environment"": {""B_mean"": 0.754231870174408, ""B_mean_sq_over_B2_mean"": 0.9099613428115845, ""B_rms"": 0.7906666398048401, ""dBB"": 0.3145596981048584, ""deltaB"": 0.23725095391273499, ""deltaB_sq_over_B2_mean"": 0.09003867954015732}, ""magnetic_selection_valid"": true, ""matched_group"": null, ""matrix"": ""3point"", ""nearest_dBB_selection"": {""absolute_dBB_difference"": 0.05729871988296509, ""reference_parent_cube_id"": ""L640_sub00370"", ""reference_parent_dBB"": 0.3718584179878235, ""tie_break"": ""minimum (absolute_dBB_difference, child_subvolume_id)""}, ""outlier"": false, ""physical_bounds_x1_x2_x3"": [[-0.375, -0.34375], [-0.03125, 0.0], [-0.40625, -0.375]], ""physical_region_id"": ""L640_sub00370"", ""release"": ""L320_lineage_smoke_3point"", ""representative"": true, ""required_rank_count"": 2, ""required_rank_ids"": [1718, 1719], ""role"": ""representative:low_dBB"", ""roles"": [""phase1_parent_role:representative:low_dBB"", ""phase5_nearest_dBB_child"", ""phase5_smoke_anchor:low_dBB""], ""root_L640_cube_id"": ""L640_sub00370"", ""root_phase1_role"": ""representative:low_dBB"", ""selected_parent_link"": {""L_sub"": 640, ""cube_id"": ""L640_sub00370"", ""subvolume_id"": 370}, ""selection_method"": ""nearest_dBB_magnetic_valid_catalog_child"", ""selection_set"": ""smoke"", ""shape_kji"": [320, 320, 320], ""smoke_anchor"": true, ""smoke_anchor_role"": ""low_dBB"", ""subvolume_id"": 3556}"
0.12496750056743622,0.022190729156136513,0.8389021158218384,320,L320_sub05029,6.6380615234375,0.8295419812202454,0.9778092503547668,,"[""3point"", ""5point"", ""baseline"", ""orders""]",,True,L640_sub00738,L320_lineage_smoke_3point,"[""L320_lineage_smoke_3point"", ""L320_lineage_smoke_5point"", ""L320_lineage_smoke_baseline"", ""L320_lineage_smoke_orders""]",True,outlier:small_B_mean,smoke,"{""L_sub"": 320, ""bounds_ijk_half_open"": [1600, 1920, 9280, 9600, 1280, 1600], ""catalog_controls"": {""B_rms"": 0.8389021158218384, ""deltaB"": 0.8295419812202454, ""dens_mean"": 1.0270205736160278, ""mom1_sigma"": 0.24852488934993744, ""mom2_sigma"": 0.1881992667913437, ""mom3_sigma"": 0.28504377603530884, ""rho_sigma_over_mean"": 0.20250220596790314}, ""catalog_magnetic_flags"": {""B_mean_fraction_flags"": 0, ""dBB_flags"": 0, ""deltaB_flags"": 0, ""deltaB_fraction_flags"": 0}, ""catalog_magnetic_values"": {""B_mean"": 0.12496750056743622, ""B_mean_sq_over_B2_mean"": 0.022190729156136513, ""B_rms"": 0.8389021158218384, ""dBB"": 6.6380615234375, ""deltaB"": 0.8295419812202454, ""deltaB_sq_over_B2_mean"": 0.9778092503547668}, ""catalog_parent_link"": {""L_sub"": 640, ""subvolume_id"": 738}, ""catalog_validity_flags"": 0, ""cube_id"": ""L320_sub05029"", ""environment"": {""B_mean"": 0.12496750056743622, ""B_mean_sq_over_B2_mean"": 0.022190729156136513, ""B_rms"": 0.8389021158218384, ""dBB"": 6.6380615234375, ""deltaB"": 0.8295419812202454, ""deltaB_sq_over_B2_mean"": 0.9778092503547668}, ""magnetic_selection_valid"": true, ""matched_group"": null, ""matrix"": ""3point"", ""nearest_dBB_selection"": {""absolute_dBB_difference"": 38.08767318725586, ""reference_parent_cube_id"": ""L640_sub00738"", ""reference_parent_dBB"": 44.72573471069336, ""tie_break"": ""minimum (absolute_dBB_difference, child_subvolume_id)""}, ""outlier"": true, ""physical_bounds_x1_x2_x3"": [[-0.34375, -0.3125], [0.40625, 0.4375], [-0.375, -0.34375]], ""physical_region_id"": ""L640_sub00738"", ""release"": ""L320_lineage_smoke_3point"", ""representative"": true, ""required_rank_count"": 2, ""required_rank_ids"": [10122, 10123], ""role"": ""outlier:small_B_mean"", ""roles"": [""phase1_parent_role:outlier:small_B_mean"", ""phase5_nearest_dBB_child"", ""phase5_smoke_anchor:small_B_mean_outlier""], ""root_L640_cube_id"": ""L640_sub00738"", ""root_phase1_role"": ""outlier:small_B_mean"", ""selected_parent_link"": {""L_sub"": 640, ""cube_id"": ""L640_sub00738"", ""subvolume_id"": 738}, ""selection_method"": ""nearest_dBB_magnetic_valid_catalog_child"", ""selection_set"": ""smoke"", ""shape_kji"": [320, 320, 320], ""smoke_anchor"": true, ""smoke_anchor_role"": ""small_B_mean_outlier"", ""subvolume_id"": 5029}"
0.2417377382516861,0.418786883354187,0.37354931235313416,320,L320_sub05382,1.1780701875686646,0.2847840487957001,0.581213116645813,,"[""3point"", ""5point"", ""baseline"", ""orders""]",,False,L640_sub00579,L320_lineage_smoke_3point,"[""L320_lineage_smoke_3point"", ""L320_lineage_smoke_5point"", ""L320_lineage_smoke_baseline"", ""L320_lineage_smoke_orders""]",True,representative:high_dBB,smoke,"{""L_sub"": 320, ""bounds_ijk_half_open"": [1920, 2240, 2560, 2880, 1600, 1920], ""catalog_controls"": {""B_rms"": 0.37354931235313416, ""deltaB"": 0.2847840487957001, ""dens_mean"": 1.2531331777572632, ""mom1_sigma"": 0.10878398269414902, ""mom2_sigma"": 0.12847448885440826, ""mom3_sigma"": 0.1298549324274063, ""rho_sigma_over_mean"": 0.04929715767502785}, ""catalog_magnetic_flags"": {""B_mean_fraction_flags"": 0, ""dBB_flags"": 0, ""deltaB_flags"": 0, ""deltaB_fraction_flags"": 0}, ""catalog_magnetic_values"": {""B_mean"": 0.2417377382516861, ""B_mean_sq_over_B2_mean"": 0.418786883354187, ""B_rms"": 0.37354931235313416, ""dBB"": 1.1780701875686646, ""deltaB"": 0.2847840487957001, ""deltaB_sq_over_B2_mean"": 0.581213116645813}, ""catalog_parent_link"": {""L_sub"": 640, ""subvolume_id"": 579}, ""catalog_validity_flags"": 0, ""cube_id"": ""L320_sub05382"", ""environment"": {""B_mean"": 0.2417377382516861, ""B_mean_sq_over_B2_mean"": 0.418786883354187, ""B_rms"": 0.37354931235313416, ""dBB"": 1.1780701875686646, ""deltaB"": 0.2847840487957001, ""deltaB_sq_over_B2_mean"": 0.581213116645813}, ""magnetic_selection_valid"": true, ""matched_group"": null, ""matrix"": ""3point"", ""nearest_dBB_selection"": {""absolute_dBB_difference"": 0.5366270542144775, ""reference_parent_cube_id"": ""L640_sub00579"", ""reference_parent_dBB"": 1.714697241783142, ""tie_break"": ""minimum (absolute_dBB_difference, child_subvolume_id)""}, ""outlier"": false, ""physical_bounds_x1_x2_x3"": [[-0.3125, -0.28125], [-0.25, -0.21875], [-0.34375, -0.3125]], ""physical_region_id"": ""L640_sub00579"", ""release"": ""L320_lineage_smoke_3point"", ""representative"": true, ""required_rank_count"": 2, ""required_rank_ids"": [1860, 1861], ""role"": ""representative:high_dBB"", ""roles"": [""phase1_parent_role:representative:high_dBB"", ""phase5_nearest_dBB_child"", ""phase5_smoke_anchor:high_dBB""], ""root_L640_cube_id"": ""L640_sub00579"", ""root_phase1_role"": ""representative:high_dBB"", ""selected_parent_link"": {""L_sub"": 640, ""cube_id"": ""L640_sub00579"", ""subvolume_id"": 579}, ""selection_method"": ""nearest_dBB_magnetic_valid_catalog_child"", ""selection_set"": ""smoke"", ""shape_kji"": [320, 320, 320], ""smoke_anchor"": true, ""smoke_anchor_role"": ""high_dBB"", ""subvolume_id"": 5382}"
0.395957350730896,0.1399509161710739,1.0584261417388916,320,L320_sub12494,2.4789841175079346,0.9815719723701477,0.8600490689277649,,"[""3point"", ""5point"", ""baseline"", ""orders""]",,True,L640_sub01591,L320_lineage_smoke_3point,"[""L320_lineage_smoke_3point"", ""L320_lineage_smoke_5point"", ""L320_lineage_smoke_baseline"", ""L320_lineage_smoke_orders""]",True,outlier:large_deltaB,smoke,"{""L_sub"": 320, ""bounds_ijk_half_open"": [4480, 4800, 1920, 2240, 3840, 4160], ""catalog_controls"": {""B_rms"": 1.0584261417388916, ""deltaB"": 0.9815719723701477, ""dens_mean"": 1.1610263586044312, ""mom1_sigma"": 0.3203202486038208, ""mom2_sigma"": 0.33337393403053284, ""mom3_sigma"": 0.15232950448989868, ""rho_sigma_over_mean"": 0.28553640842437744}, ""catalog_magnetic_flags"": {""B_mean_fraction_flags"": 0, ""dBB_flags"": 0, ""deltaB_flags"": 0, ""deltaB_fraction_flags"": 0}, ""catalog_magnetic_values"": {""B_mean"": 0.395957350730896, ""B_mean_sq_over_B2_mean"": 0.1399509161710739, ""B_rms"": 1.0584261417388916, ""dBB"": 2.4789841175079346, ""deltaB"": 0.9815719723701477, ""deltaB_sq_over_B2_mean"": 0.8600490689277649}, ""catalog_parent_link"": {""L_sub"": 640, ""subvolume_id"": 1591}, ""catalog_validity_flags"": 0, ""cube_id"": ""L320_sub12494"", ""environment"": {""B_mean"": 0.395957350730896, ""B_mean_sq_over_B2_mean"": 0.1399509161710739, ""B_rms"": 1.0584261417388916, ""dBB"": 2.4789841175079346, ""deltaB"": 0.9815719723701477, ""deltaB_sq_over_B2_mean"": 0.8600490689277649}, ""magnetic_selection_valid"": true, ""matched_group"": null, ""matrix"": ""3point"", ""nearest_dBB_selection"": {""absolute_dBB_difference"": 0.48295342922210693, ""reference_parent_cube_id"": ""L640_sub01591"", ""reference_parent_dBB"": 1.9960306882858276, ""tie_break"": ""minimum (absolute_dBB_difference, child_subvolume_id)""}, ""outlier"": true, ""physical_bounds_x1_x2_x3"": [[-0.0625, -0.03125], [-0.3125, -0.28125], [-0.125, -0.09375]], ""physical_region_id"": ""L640_sub01591"", ""release"": ""L320_lineage_smoke_3point"", ""representative"": true, ""required_rank_count"": 2, ""required_rank_ids"": [7120, 7121], ""role"": ""outlier:large_deltaB"", ""roles"": [""phase1_parent_role:outlier:large_deltaB"", ""phase5_nearest_dBB_child"", ""phase5_smoke_anchor:large_deltaB_outlier""], ""root_L640_cube_id"": ""L640_sub01591"", ""root_phase1_role"": ""outlier:large_deltaB"", ""selected_parent_link"": {""L_sub"": 640, ""cube_id"": ""L640_sub01591"", ""subvolume_id"": 1591}, ""selection_method"": ""nearest_dBB_magnetic_valid_catalog_child"", ""selection_set"": ""smoke"", ""shape_kji"": [320, 320, 320], ""smoke_anchor"": true, ""smoke_anchor_role"": ""large_deltaB_outlier"", ""subvolume_id"": 12494}"
0.01810574345290661,0.0011334004811942577,0.5378048419952393,320,L320_sub13766,29.686708450317383,0.5374999642372131,0.998866617679596,,"[""3point"", ""5point"", ""baseline"", ""orders""]",,True,L640_sub01651,L320_lineage_smoke_3point,"[""L320_lineage_smoke_3point"", ""L320_lineage_smoke_5point"", ""L320_lineage_smoke_baseline"", ""L320_lineage_smoke_orders""]",True,outlier:large_dBB,smoke,"{""L_sub"": 320, ""bounds_ijk_half_open"": [1920, 2240, 4480, 4800, 4160, 4480], ""catalog_controls"": {""B_rms"": 0.5378048419952393, ""deltaB"": 0.5374999642372131, ""dens_mean"": 1.0146313905715942, ""mom1_sigma"": 0.1546938121318817, ""mom2_sigma"": 0.2474895566701889, ""mom3_sigma"": 0.2560942471027374, ""rho_sigma_over_mean"": 0.12914979457855225}, ""catalog_magnetic_flags"": {""B_mean_fraction_flags"": 0, ""dBB_flags"": 0, ""deltaB_flags"": 0, ""deltaB_fraction_flags"": 0}, ""catalog_magnetic_values"": {""B_mean"": 0.01810574345290661, ""B_mean_sq_over_B2_mean"": 0.0011334004811942577, ""B_rms"": 0.5378048419952393, ""dBB"": 29.686708450317383, ""deltaB"": 0.5374999642372131, ""deltaB_sq_over_B2_mean"": 0.998866617679596}, ""catalog_parent_link"": {""L_sub"": 640, ""subvolume_id"": 1651}, ""catalog_validity_flags"": 0, ""cube_id"": ""L320_sub13766"", ""environment"": {""B_mean"": 0.01810574345290661, ""B_mean_sq_over_B2_mean"": 0.0011334004811942577, ""B_rms"": 0.5378048419952393, ""dBB"": 29.686708450317383, ""deltaB"": 0.5374999642372131, ""deltaB_sq_over_B2_mean"": 0.998866617679596}, ""magnetic_selection_valid"": true, ""matched_group"": null, ""matrix"": ""3point"", ""nearest_dBB_selection"": {""absolute_dBB_difference"": 10.799095153808594, ""reference_parent_cube_id"": ""L640_sub01651"", ""reference_parent_dBB"": 18.88761329650879, ""tie_break"": ""minimum (absolute_dBB_difference, child_subvolume_id)""}, ""outlier"": true, ""physical_bounds_x1_x2_x3"": [[-0.3125, -0.28125], [-0.0625, -0.03125], [-0.09375, -0.0625]], ""physical_region_id"": ""L640_sub01651"", ""release"": ""L320_lineage_smoke_3point"", ""representative"": true, ""required_rank_count"": 2, ""required_rank_ids"": [4052, 4053], ""role"": ""outlier:large_dBB"", ""roles"": [""phase1_parent_role:outlier:large_dBB"", ""phase5_nearest_dBB_child"", ""phase5_smoke_anchor:large_dBB_outlier""], ""root_L640_cube_id"": ""L640_sub01651"", ""root_phase1_role"": ""outlier:large_dBB"", ""selected_parent_link"": {""L_sub"": 640, ""cube_id"": ""L640_sub01651"", ""subvolume_id"": 1651}, ""selection_method"": ""nearest_dBB_magnetic_valid_catalog_child"", ""selection_set"": ""smoke"", ""shape_kji"": [320, 320, 320], ""smoke_anchor"": true, ""smoke_anchor_role"": ""large_dBB_outlier"", ""subvolume_id"": 13766}"
0.8328961730003357,0.7086858153343201,0.9893820285797119,320,L320_sub31148,0.6411416530609131,0.5340044498443604,0.2913142144680023,,"[""3point"", ""5point"", ""baseline"", ""orders""]",,False,L640_sub03942,L320_lineage_smoke_3point,"[""L320_lineage_smoke_3point"", ""L320_lineage_smoke_5point"", ""L320_lineage_smoke_baseline"", ""L320_lineage_smoke_orders""]",True,representative:near_median_dBB,smoke,"{""L_sub"": 320, ""bounds_ijk_half_open"": [3840, 4160, 4160, 4480, 9600, 9920], ""catalog_controls"": {""B_rms"": 0.9893820285797119, ""deltaB"": 0.5340044498443604, ""dens_mean"": 1.0412107706069946, ""mom1_sigma"": 0.2190241515636444, ""mom2_sigma"": 0.13749775290489197, ""mom3_sigma"": 0.17923188209533691, ""rho_sigma_over_mean"": 0.2328898310661316}, ""catalog_magnetic_flags"": {""B_mean_fraction_flags"": 0, ""dBB_flags"": 0, ""deltaB_flags"": 0, ""deltaB_fraction_flags"": 0}, ""catalog_magnetic_values"": {""B_mean"": 0.8328961730003357, ""B_mean_sq_over_B2_mean"": 0.7086858153343201, ""B_rms"": 0.9893820285797119, ""dBB"": 0.6411416530609131, ""deltaB"": 0.5340044498443604, ""deltaB_sq_over_B2_mean"": 0.2913142144680023}, ""catalog_parent_link"": {""L_sub"": 640, ""subvolume_id"": 3942}, ""catalog_validity_flags"": 0, ""cube_id"": ""L320_sub31148"", ""environment"": {""B_mean"": 0.8328961730003357, ""B_mean_sq_over_B2_mean"": 0.7086858153343201, ""B_rms"": 0.9893820285797119, ""dBB"": 0.6411416530609131, ""deltaB"": 0.5340044498443604, ""deltaB_sq_over_B2_mean"": 0.2913142144680023}, ""magnetic_selection_valid"": true, ""matched_group"": null, ""matrix"": ""3point"", ""nearest_dBB_selection"": {""absolute_dBB_difference"": 0.05476963520050049, ""reference_parent_cube_id"": ""L640_sub03942"", ""reference_parent_dBB"": 0.6959112882614136, ""tie_break"": ""minimum (absolute_dBB_difference, child_subvolume_id)""}, ""outlier"": false, ""physical_bounds_x1_x2_x3"": [[-0.125, -0.09375], [-0.09375, -0.0625], [0.4375, 0.46875]], ""physical_region_id"": ""L640_sub03942"", ""release"": ""L320_lineage_smoke_3point"", ""representative"": true, ""required_rank_count"": 2, ""required_rank_ids"": [24482, 24483], ""role"": ""representative:near_median_dBB"", ""roles"": [""phase1_parent_role:representative:near_median_dBB"", ""phase5_nearest_dBB_child"", ""phase5_smoke_anchor:median_dBB""], ""root_L640_cube_id"": ""L640_sub03942"", ""root_phase1_role"": ""representative:near_median_dBB"", ""selected_parent_link"": {""L_sub"": 640, ""cube_id"": ""L640_sub03942"", ""subvolume_id"": 3942}, ""selection_method"": ""nearest_dBB_magnetic_valid_catalog_child"", ""selection_set"": ""smoke"", ""shape_kji"": [320, 320, 320], ""smoke_anchor"": true, ""smoke_anchor_role"": ""median_dBB"", ""subvolume_id"": 31148}"
