B_mean,B_mean_sq_over_B2_mean,B_rms,count,cube_id,dBB,deltaB,deltaB_sq_over_B2_mean,direction,maximum,median,p90,p_value,q_name
0.9195855259895325,0.8785194754600525,0.9811071157455444,29,L640_sub00370,0.3718584179878235,0.34195560216903687,0.12148050963878632,parallel,1.2412082287931903,1.0821169527114227,1.1529119901273877,1.0,B
0.9195855259895325,0.8785194754600525,0.9811071157455444,29,L640_sub00370,0.3718584179878235,0.34195560216903687,0.12148050963878632,xi,1.2121451464445927,1.0931650149964471,1.179809246878659,1.0,B
0.9195855259895325,0.8785194754600525,0.9811071157455444,29,L640_sub00370,0.3718584179878235,0.34195560216903687,0.12148050963878632,lambda,1.0760117528820596,1.0303675447543583,1.0699232556818585,1.0,B
0.9195855259895325,0.8785194754600525,0.9811071157455444,29,L640_sub00370,0.3718584179878235,0.34195560216903687,0.12148050963878632,parallel,1.2433812774030135,1.089240199457029,1.1985340540721143,1.0,u
0.9195855259895325,0.8785194754600525,0.9811071157455444,29,L640_sub00370,0.3718584179878235,0.34195560216903687,0.12148050963878632,xi,1.1637917431046358,1.0531083791205094,1.1016506270985529,1.0,u
0.9195855259895325,0.8785194754600525,0.9811071157455444,29,L640_sub00370,0.3718584179878235,0.34195560216903687,0.12148050963878632,lambda,1.150586424615181,1.098910403864618,1.140617443619087,1.0,u
0.9195855259895325,0.8785194754600525,0.9811071157455444,29,L640_sub00370,0.3718584179878235,0.34195560216903687,0.12148050963878632,parallel,1.5185592515500976,1.2097069225170904,1.341195573520561,2.0,B
0.9195855259895325,0.8785194754600525,0.9811071157455444,29,L640_sub00370,0.3718584179878235,0.34195560216903687,0.12148050963878632,xi,1.4787869992594735,1.1885257601300083,1.4102810553559388,2.0,B
0.9195855259895325,0.8785194754600525,0.9811071157455444,29,L640_sub00370,0.3718584179878235,0.34195560216903687,0.12148050963878632,lambda,1.135888753072561,1.0385079599287264,1.1067963959635108,2.0,B
0.9195855259895325,0.8785194754600525,0.9811071157455444,29,L640_sub00370,0.3718584179878235,0.34195560216903687,0.12148050963878632,parallel,1.6578416136781338,1.2150936406483337,1.4895578966557195,2.0,u
0.9195855259895325,0.8785194754600525,0.9811071157455444,29,L640_sub00370,0.3718584179878235,0.34195560216903687,0.12148050963878632,xi,1.4072888360459712,1.1466066093689018,1.2374986105645251,2.0,u
0.9195855259895325,0.8785194754600525,0.9811071157455444,29,L640_sub00370,0.3718584179878235,0.34195560216903687,0.12148050963878632,lambda,1.327115675632638,1.1785984398821154,1.3003663562556658,2.0,u
0.9195855259895325,0.8785194754600525,0.9811071157455444,29,L640_sub00370,0.3718584179878235,0.34195560216903687,0.12148050963878632,parallel,1.8557676101078884,1.375555555573205,1.6524825890572283,3.0,B
0.9195855259895325,0.8785194754600525,0.9811071157455444,29,L640_sub00370,0.3718584179878235,0.34195560216903687,0.12148050963878632,xi,1.8775136547609554,1.2910202672293654,1.784463485054606,3.0,B
0.9195855259895325,0.8785194754600525,0.9811071157455444,29,L640_sub00370,0.3718584179878235,0.34195560216903687,0.12148050963878632,lambda,1.200881476068928,1.0550004512723772,1.1327137730409225,3.0,B
0.9195855259895325,0.8785194754600525,0.9811071157455444,29,L640_sub00370,0.3718584179878235,0.34195560216903687,0.12148050963878632,parallel,2.3169092462655314,1.3943103688502587,1.9446956634873487,3.0,u
0.9195855259895325,0.8785194754600525,0.9811071157455444,29,L640_sub00370,0.3718584179878235,0.34195560216903687,0.12148050963878632,xi,1.7549600317277876,1.2537600300949308,1.4611531121956283,3.0,u
0.9195855259895325,0.8785194754600525,0.9811071157455444,29,L640_sub00370,0.3718584179878235,0.34195560216903687,0.12148050963878632,lambda,1.5482766605532663,1.2460258764031968,1.4798300223416643,3.0,u
0.9195855259895325,0.8785194754600525,0.9811071157455444,29,L640_sub00370,0.3718584179878235,0.34195560216903687,0.12148050963878632,parallel,2.608576575753804,1.4924362195901075,2.1911067497163517,4.0,B
0.9195855259895325,0.8785194754600525,0.9811071157455444,29,L640_sub00370,0.3718584179878235,0.34195560216903687,0.12148050963878632,xi,2.66322379904348,1.440406874205913,2.261999870762642,4.0,B
0.9195855259895325,0.8785194754600525,0.9811071157455444,29,L640_sub00370,0.3718584179878235,0.34195560216903687,0.12148050963878632,lambda,1.33450119543928,1.0591956798456763,1.2120629442619297,4.0,B
0.9195855259895325,0.8785194754600525,0.9811071157455444,29,L640_sub00370,0.3718584179878235,0.34195560216903687,0.12148050963878632,parallel,3.308784613772531,1.6199232524254854,2.6162242504052933,4.0,u
0.9195855259895325,0.8785194754600525,0.9811071157455444,29,L640_sub00370,0.3718584179878235,0.34195560216903687,0.12148050963878632,xi,2.2212160401203453,1.407515298128635,1.7618651205578142,4.0,u
0.9195855259895325,0.8785194754600525,0.9811071157455444,29,L640_sub00370,0.3718584179878235,0.34195560216903687,0.12148050963878632,lambda,1.7707989306274672,1.301525917053519,1.6439369927415757,4.0,u
0.9195855259895325,0.8785194754600525,0.9811071157455444,29,L640_sub00370,0.3718584179878235,0.34195560216903687,0.12148050963878632,parallel,3.8500970468681293,1.7331401269290063,2.870610944233212,5.0,B
0.9195855259895325,0.8785194754600525,0.9811071157455444,29,L640_sub00370,0.3718584179878235,0.34195560216903687,0.12148050963878632,xi,4.045579352709373,1.6909126199972453,3.01091059058964,5.0,B
0.9195855259895325,0.8785194754600525,0.9811071157455444,29,L640_sub00370,0.3718584179878235,0.34195560216903687,0.12148050963878632,lambda,1.575369277784074,1.0921639422819442,1.328736051238986,5.0,B
0.9195855259895325,0.8785194754600525,0.9811071157455444,29,L640_sub00370,0.3718584179878235,0.34195560216903687,0.12148050963878632,parallel,4.8490512142803945,1.872763732184772,3.419517606819571,5.0,u
0.9195855259895325,0.8785194754600525,0.9811071157455444,29,L640_sub00370,0.3718584179878235,0.34195560216903687,0.12148050963878632,xi,3.3475935411002906,1.6283061729546555,2.1180133103299434,5.0,u
0.9195855259895325,0.8785194754600525,0.9811071157455444,29,L640_sub00370,0.3718584179878235,0.34195560216903687,0.12148050963878632,lambda,1.9699532758667804,1.363970778601245,1.7960174395212398,5.0,u
0.9195855259895325,0.8785194754600525,0.9811071157455444,29,L640_sub00370,0.3718584179878235,0.34195560216903687,0.12148050963878632,parallel,5.854226865489457,1.9988367827229567,4.136262896691616,6.0,B
0.9195855259895325,0.8785194754600525,0.9811071157455444,29,L640_sub00370,0.3718584179878235,0.34195560216903687,0.12148050963878632,xi,6.393206042565084,2.0395733344979368,4.266905554479633,6.0,B
0.9195855259895325,0.8785194754600525,0.9811071157455444,29,L640_sub00370,0.3718584179878235,0.34195560216903687,0.12148050963878632,lambda,1.941250700279138,1.1961189174328795,1.4862963245181098,6.0,B
0.9195855259895325,0.8785194754600525,0.9811071157455444,29,L640_sub00370,0.3718584179878235,0.34195560216903687,0.12148050963878632,parallel,7.378680554108409,2.232552544268857,4.26298098223647,6.0,u
0.9195855259895325,0.8785194754600525,0.9811071157455444,29,L640_sub00370,0.3718584179878235,0.34195560216903687,0.12148050963878632,xi,5.4236848510443245,1.8570327928098271,2.549880226948931,6.0,u
0.9195855259895325,0.8785194754600525,0.9811071157455444,29,L640_sub00370,0.3718584179878235,0.34195560216903687,0.12148050963878632,lambda,2.139441793773329,1.4315666205687771,1.9548511205344734,6.0,u
0.8803566098213196,0.8783842325210571,0.9393259882926941,29,L640_sub02822,0.3720940053462982,0.3275754153728485,0.12161577492952347,parallel,1.2253877309579202,1.0947283411214659,1.197581337780436,1.0,B
0.8803566098213196,0.8783842325210571,0.9393259882926941,29,L640_sub02822,0.3720940053462982,0.3275754153728485,0.12161577492952347,xi,1.3536582962040464,1.1147626326382911,1.2613314823576012,1.0,B
0.8803566098213196,0.8783842325210571,0.9393259882926941,29,L640_sub02822,0.3720940053462982,0.3275754153728485,0.12161577492952347,lambda,1.3002761442370536,1.1717844962731316,1.248729157532324,1.0,B
0.8803566098213196,0.8783842325210571,0.9393259882926941,29,L640_sub02822,0.3720940053462982,0.3275754153728485,0.12161577492952347,parallel,1.0945250990119735,1.0387560871449737,1.0773606059723808,1.0,u
0.8803566098213196,0.8783842325210571,0.9393259882926941,29,L640_sub02822,0.3720940053462982,0.3275754153728485,0.12161577492952347,xi,1.0557948932930683,1.0163901723149948,1.0420018951334065,1.0,u
0.8803566098213196,0.8783842325210571,0.9393259882926941,29,L640_sub02822,0.3720940053462982,0.3275754153728485,0.12161577492952347,lambda,1.1301139859284206,1.0602985790569297,1.1057575440176552,1.0,u
0.8803566098213196,0.8783842325210571,0.9393259882926941,29,L640_sub02822,0.3720940053462982,0.3275754153728485,0.12161577492952347,parallel,1.8173397502229556,1.3094119649756015,1.7015476565463898,2.0,B
0.8803566098213196,0.8783842325210571,0.9393259882926941,29,L640_sub02822,0.3720940053462982,0.3275754153728485,0.12161577492952347,xi,2.2011790078812408,1.2365063252547766,1.8995452640166475,2.0,B
0.8803566098213196,0.8783842325210571,0.9393259882926941,29,L640_sub02822,0.3720940053462982,0.3275754153728485,0.12161577492952347,lambda,1.701675891948116,1.34427231997129,1.578950370278652,2.0,B
0.8803566098213196,0.8783842325210571,0.9393259882926941,29,L640_sub02822,0.3720940053462982,0.3275754153728485,0.12161577492952347,parallel,1.2854644761643033,1.1203753122754956,1.2122916746158119,2.0,u
0.8803566098213196,0.8783842325210571,0.9393259882926941,29,L640_sub02822,0.3720940053462982,0.3275754153728485,0.12161577492952347,xi,1.141742093032356,1.0510070710447608,1.1028939235890542,2.0,u
0.8803566098213196,0.8783842325210571,0.9393259882926941,29,L640_sub02822,0.3720940053462982,0.3275754153728485,0.12161577492952347,lambda,1.2750297516069602,1.1149117846319452,1.215260816911998,2.0,u
0.8803566098213196,0.8783842325210571,0.9393259882926941,29,L640_sub02822,0.3720940053462982,0.3275754153728485,0.12161577492952347,parallel,3.7444932955797827,1.8025556030938907,3.1465350184089997,3.0,B
0.8803566098213196,0.8783842325210571,0.9393259882926941,29,L640_sub02822,0.3720940053462982,0.3275754153728485,0.12161577492952347,xi,4.485531416395886,1.400264958932066,3.3811715364087163,3.0,B
0.8803566098213196,0.8783842325210571,0.9393259882926941,29,L640_sub02822,0.3720940053462982,0.3275754153728485,0.12161577492952347,lambda,2.2194710427819295,1.3768106233434223,1.8645916184233153,3.0,B
0.8803566098213196,0.8783842325210571,0.9393259882926941,29,L640_sub02822,0.3720940053462982,0.3275754153728485,0.12161577492952347,parallel,1.6073091368867625,1.2972555665444123,1.515587060884841,3.0,u
0.8803566098213196,0.8783842325210571,0.9393259882926941,29,L640_sub02822,0.3720940053462982,0.3275754153728485,0.12161577492952347,xi,1.2996611087436107,1.126886094469929,1.214614909849385,3.0,u
0.8803566098213196,0.8783842325210571,0.9393259882926941,29,L640_sub02822,0.3720940053462982,0.3275754153728485,0.12161577492952347,lambda,1.4779938835757973,1.1866567072911396,1.3343542804846036,3.0,u
0.8803566098213196,0.8783842325210571,0.9393259882926941,29,L640_sub02822,0.3720940053462982,0.3275754153728485,0.12161577492952347,parallel,11.963885871503603,2.443423656513746,7.918912425404176,4.0,B
0.8803566098213196,0.8783842325210571,0.9393259882926941,29,L640_sub02822,0.3720940053462982,0.3275754153728485,0.12161577492952347,xi,10.467182701936883,1.5549815547461474,5.721483220834054,4.0,B
0.8803566098213196,0.8783842325210571,0.9393259882926941,29,L640_sub02822,0.3720940053462982,0.3275754153728485,0.12161577492952347,lambda,3.101040416656718,1.3751985675271017,2.391175165149544,4.0,B
0.8803566098213196,0.8783842325210571,0.9393259882926941,29,L640_sub02822,0.3720940053462982,0.3275754153728485,0.12161577492952347,parallel,2.912292574773354,1.5742056039202776,2.1066134914291745,4.0,u
0.8803566098213196,0.8783842325210571,0.9393259882926941,29,L640_sub02822,0.3720940053462982,0.3275754153728485,0.12161577492952347,xi,1.587215826189938,1.2510526347696542,1.5012643112651638,4.0,u
0.8803566098213196,0.8783842325210571,0.9393259882926941,29,L640_sub02822,0.3720940053462982,0.3275754153728485,0.12161577492952347,lambda,1.912065236904737,1.2833474941112997,1.5708009478252598,4.0,u
0.8803566098213196,0.8783842325210571,0.9393259882926941,29,L640_sub02822,0.3720940053462982,0.3275754153728485,0.12161577492952347,parallel,48.92037197971538,3.5895678408528697,23.147265357559355,5.0,B
0.8803566098213196,0.8783842325210571,0.9393259882926941,29,L640_sub02822,0.3720940053462982,0.3275754153728485,0.12161577492952347,xi,24.792313982163652,1.7487239749005785,8.717729810386427,5.0,B
0.8803566098213196,0.8783842325210571,0.9393259882926941,29,L640_sub02822,0.3720940053462982,0.3275754153728485,0.12161577492952347,lambda,5.2994215009863685,1.3771604085674303,3.738821623699865,5.0,B
0.8803566098213196,0.8783842325210571,0.9393259882926941,29,L640_sub02822,0.3720940053462982,0.3275754153728485,0.12161577492952347,parallel,7.8780722475553695,1.9630477188588658,3.3175328052237374,5.0,u
0.8803566098213196,0.8783842325210571,0.9393259882926941,29,L640_sub02822,0.3720940053462982,0.3275754153728485,0.12161577492952347,xi,2.319459036124515,1.4430693163007582,2.0049926938060083,5.0,u
0.8803566098213196,0.8783842325210571,0.9393259882926941,29,L640_sub02822,0.3720940053462982,0.3275754153728485,0.12161577492952347,lambda,3.0588615551679936,1.5129010146289406,2.1784358053373696,5.0,u
0.8803566098213196,0.8783842325210571,0.9393259882926941,29,L640_sub02822,0.3720940053462982,0.3275754153728485,0.12161577492952347,parallel,215.3669571840861,4.059691703162464,70.77422342693673,6.0,B
0.8803566098213196,0.8783842325210571,0.9393259882926941,29,L640_sub02822,0.3720940053462982,0.3275754153728485,0.12161577492952347,xi,55.626252345206936,1.8008385920687722,12.590055926330098,6.0,B
0.8803566098213196,0.8783842325210571,0.9393259882926941,29,L640_sub02822,0.3720940053462982,0.3275754153728485,0.12161577492952347,lambda,11.65775117337532,1.3547157608330256,7.444038246105164,6.0,B
0.8803566098213196,0.8783842325210571,0.9393259882926941,29,L640_sub02822,0.3720940053462982,0.3275754153728485,0.12161577492952347,parallel,25.199072527230545,2.5755174295259824,6.177291250064702,6.0,u
0.8803566098213196,0.8783842325210571,0.9393259882926941,29,L640_sub02822,0.3720940053462982,0.3275754153728485,0.12161577492952347,xi,3.7635652265424007,1.7085434546071738,2.7450213220704764,6.0,u
0.8803566098213196,0.8783842325210571,0.9393259882926941,29,L640_sub02822,0.3720940053462982,0.3275754153728485,0.12161577492952347,lambda,6.0930553052516405,1.8408159123515984,3.680822392900833,6.0,u
0.7543922662734985,0.8783751726150513,0.8049283027648926,21,L640_sub03026,0.3721097707748413,0.28071674704551697,0.12162481993436813,parallel,1.5476865117776561,1.0848302876937495,1.3801562383658252,1.0,B
0.7543922662734985,0.8783751726150513,0.8049283027648926,29,L640_sub03026,0.3721097707748413,0.28071674704551697,0.12162481993436813,xi,1.3333553090884671,1.0953195192318,1.256808212883067,1.0,B
0.7543922662734985,0.8783751726150513,0.8049283027648926,29,L640_sub03026,0.3721097707748413,0.28071674704551697,0.12162481993436813,lambda,1.4398375705596083,1.1671573526197154,1.359965129784045,1.0,B
0.7543922662734985,0.8783751726150513,0.8049283027648926,21,L640_sub03026,0.3721097707748413,0.28071674704551697,0.12162481993436813,parallel,1.3129927335061915,1.1235127324838534,1.250646466209772,1.0,u
0.7543922662734985,0.8783751726150513,0.8049283027648926,29,L640_sub03026,0.3721097707748413,0.28071674704551697,0.12162481993436813,xi,1.2917469460416142,1.1499282400975854,1.2609127624782825,1.0,u
0.7543922662734985,0.8783751726150513,0.8049283027648926,29,L640_sub03026,0.3721097707748413,0.28071674704551697,0.12162481993436813,lambda,1.1717743160727068,1.0867906454606169,1.1572913337631487,1.0,u
0.7543922662734985,0.8783751726150513,0.8049283027648926,21,L640_sub03026,0.3721097707748413,0.28071674704551697,0.12162481993436813,parallel,2.0408792729860497,1.1919899585441553,1.7451516710590858,2.0,B
0.7543922662734985,0.8783751726150513,0.8049283027648926,29,L640_sub03026,0.3721097707748413,0.28071674704551697,0.12162481993436813,xi,2.177469693686358,1.252360293705685,1.8143489853908807,2.0,B
0.7543922662734985,0.8783751726150513,0.8049283027648926,29,L640_sub03026,0.3721097707748413,0.28071674704551697,0.12162481993436813,lambda,2.065966194327386,1.369522400366756,1.8641804398802124,2.0,B
0.7543922662734985,0.8783751726150513,0.8049283027648926,21,L640_sub03026,0.3721097707748413,0.28071674704551697,0.12162481993436813,parallel,2.0087731874139445,1.3185381877279043,1.899423197237962,2.0,u
0.7543922662734985,0.8783751726150513,0.8049283027648926,29,L640_sub03026,0.3721097707748413,0.28071674704551697,0.12162481993436813,xi,1.883897555875848,1.5135048779388713,1.8275216106386225,2.0,u
0.7543922662734985,0.8783751726150513,0.8049283027648926,29,L640_sub03026,0.3721097707748413,0.28071674704551697,0.12162481993436813,lambda,1.445068305311511,1.2034432721694728,1.339289725778755,2.0,u
0.7543922662734985,0.8783751726150513,0.8049283027648926,21,L640_sub03026,0.3721097707748413,0.28071674704551697,0.12162481993436813,parallel,2.2986229212785707,1.244692295426389,1.7438646559606146,3.0,B
0.7543922662734985,0.8783751726150513,0.8049283027648926,29,L640_sub03026,0.3721097707748413,0.28071674704551697,0.12162481993436813,xi,4.618103012702738,1.4943991590746633,3.1718343973697647,3.0,B
0.7543922662734985,0.8783751726150513,0.8049283027648926,29,L640_sub03026,0.3721097707748413,0.28071674704551697,0.12162481993436813,lambda,2.521163055534775,1.5477679980193069,2.1991648163135253,3.0,B
0.7543922662734985,0.8783751726150513,0.8049283027648926,21,L640_sub03026,0.3721097707748413,0.28071674704551697,0.12162481993436813,parallel,3.2411576039407857,1.57214995778464,3.0759654094889886,3.0,u
0.7543922662734985,0.8783751726150513,0.8049283027648926,29,L640_sub03026,0.3721097707748413,0.28071674704551697,0.12162481993436813,xi,3.58607075971164,1.9479070287827913,3.139467680449666,3.0,u
0.7543922662734985,0.8783751726150513,0.8049283027648926,29,L640_sub03026,0.3721097707748413,0.28071674704551697,0.12162481993436813,lambda,1.8078676827235745,1.291198766755658,1.5746577688288184,3.0,u
0.7543922662734985,0.8783751726150513,0.8049283027648926,21,L640_sub03026,0.3721097707748413,0.28071674704551697,0.12162481993436813,parallel,2.7506653443375293,1.4621896255825955,2.2282101103643392,4.0,B
0.7543922662734985,0.8783751726150513,0.8049283027648926,29,L640_sub03026,0.3721097707748413,0.28071674704551697,0.12162481993436813,xi,12.058820736947425,1.8737291462424535,6.442783566242902,4.0,B
0.7543922662734985,0.8783751726150513,0.8049283027648926,29,L640_sub03026,0.3721097707748413,0.28071674704551697,0.12162481993436813,lambda,2.7221197304640987,1.7018083607635892,2.395210203159019,4.0,B
0.7543922662734985,0.8783751726150513,0.8049283027648926,21,L640_sub03026,0.3721097707748413,0.28071674704551697,0.12162481993436813,parallel,5.508229311521027,1.8532155797401708,5.05170477510863,4.0,u
0.7543922662734985,0.8783751726150513,0.8049283027648926,29,L640_sub03026,0.3721097707748413,0.28071674704551697,0.12162481993436813,xi,7.567818606375932,2.2375889342849895,6.759434286372012,4.0,u
0.7543922662734985,0.8783751726150513,0.8049283027648926,29,L640_sub03026,0.3721097707748413,0.28071674704551697,0.12162481993436813,lambda,2.2092390847334977,1.3425002178763488,1.7603937225168313,4.0,u
0.7543922662734985,0.8783751726150513,0.8049283027648926,21,L640_sub03026,0.3721097707748413,0.28071674704551697,0.12162481993436813,parallel,3.2702420109488157,1.4606688648446777,2.71906229597494,5.0,B
0.7543922662734985,0.8783751726150513,0.8049283027648926,29,L640_sub03026,0.3721097707748413,0.28071674704551697,0.12162481993436813,xi,34.57171231958351,2.2209499563213053,14.125993922706432,5.0,B
0.7543922662734985,0.8783751726150513,0.8049283027648926,29,L640_sub03026,0.3721097707748413,0.28071674704551697,0.12162481993436813,lambda,2.7750237346421436,1.8529935054101652,2.514351175232469,5.0,B
0.7543922662734985,0.8783751726150513,0.8049283027648926,21,L640_sub03026,0.3721097707748413,0.28071674704551697,0.12162481993436813,parallel,10.063752869098542,2.34022173781207,8.835677647559992,5.0,u
0.7543922662734985,0.8783751726150513,0.8049283027648926,29,L640_sub03026,0.3721097707748413,0.28071674704551697,0.12162481993436813,xi,16.744622733546112,3.107983336994019,15.153983598228383,5.0,u
0.7543922662734985,0.8783751726150513,0.8049283027648926,29,L640_sub03026,0.3721097707748413,0.28071674704551697,0.12162481993436813,lambda,2.6459944002547586,1.4172080827288642,1.9089149664034586,5.0,u
0.7543922662734985,0.8783751726150513,0.8049283027648926,21,L640_sub03026,0.3721097707748413,0.28071674704551697,0.12162481993436813,parallel,3.8601331328916513,1.6561512030430996,3.3330274842052625,6.0,B
0.7543922662734985,0.8783751726150513,0.8049283027648926,29,L640_sub03026,0.3721097707748413,0.28071674704551697,0.12162481993436813,xi,100.47387363057119,2.4526728514620526,30.687521877351976,6.0,B
0.7543922662734985,0.8783751726150513,0.8049283027648926,29,L640_sub03026,0.3721097707748413,0.28071674704551697,0.12162481993436813,lambda,2.8752920282130803,1.8631624013729156,2.6663400098456616,6.0,B
0.7543922662734985,0.8783751726150513,0.8049283027648926,21,L640_sub03026,0.3721097707748413,0.28071674704551697,0.12162481993436813,parallel,19.537842813743595,3.1194385886312244,16.731895772255196,6.0,u
0.7543922662734985,0.8783751726150513,0.8049283027648926,29,L640_sub03026,0.3721097707748413,0.28071674704551697,0.12162481993436813,xi,42.89111100730508,4.297221431360646,33.68225886697789,6.0,u
0.7543922662734985,0.8783751726150513,0.8049283027648926,29,L640_sub03026,0.3721097707748413,0.28071674704551697,0.12162481993436813,lambda,3.1535076158074853,1.528324578453069,2.0473960176575696,6.0,u
0.8968921303749084,0.8786992430686951,0.9567976593971252,29,L640_sub02615,0.3715451955795288,0.3332359492778778,0.12130076438188553,parallel,1.1099554279927402,1.0662996194195609,1.0953578392075642,1.0,B
0.8968921303749084,0.8786992430686951,0.9567976593971252,29,L640_sub02615,0.3715451955795288,0.3332359492778778,0.12130076438188553,xi,1.1610698200199856,1.079177970546833,1.1380238013694972,1.0,B
0.8968921303749084,0.8786992430686951,0.9567976593971252,29,L640_sub02615,0.3715451955795288,0.3332359492778778,0.12130076438188553,lambda,1.122126821245727,1.0702816880427322,1.1098183376678021,1.0,B
0.8968921303749084,0.8786992430686951,0.9567976593971252,29,L640_sub02615,0.3715451955795288,0.3332359492778778,0.12130076438188553,parallel,1.113823690867567,1.0700904364374377,1.1088793217308108,1.0,u
0.8968921303749084,0.8786992430686951,0.9567976593971252,29,L640_sub02615,0.3715451955795288,0.3332359492778778,0.12130076438188553,xi,1.1276791632558854,1.0527509488534008,1.0973705765853274,1.0,u
0.8968921303749084,0.8786992430686951,0.9567976593971252,29,L640_sub02615,0.3715451955795288,0.3332359492778778,0.12130076438188553,lambda,1.0617778188183846,1.0163238118284423,1.0411623659305198,1.0,u
0.8968921303749084,0.8786992430686951,0.9567976593971252,29,L640_sub02615,0.3715451955795288,0.3332359492778778,0.12130076438188553,parallel,1.460515393497056,1.2624187421499304,1.375921276011987,2.0,B
0.8968921303749084,0.8786992430686951,0.9567976593971252,29,L640_sub02615,0.3715451955795288,0.3332359492778778,0.12130076438188553,xi,1.573953245468653,1.2409428159111489,1.449426315967738,2.0,B
0.8968921303749084,0.8786992430686951,0.9567976593971252,29,L640_sub02615,0.3715451955795288,0.3332359492778778,0.12130076438188553,lambda,1.3718985831692119,1.1961400903612451,1.31708336826466,2.0,B
0.8968921303749084,0.8786992430686951,0.9567976593971252,29,L640_sub02615,0.3715451955795288,0.3332359492778778,0.12130076438188553,parallel,1.4734537283336941,1.2956741436392385,1.3690396023295561,2.0,u
0.8968921303749084,0.8786992430686951,0.9567976593971252,29,L640_sub02615,0.3715451955795288,0.3332359492778778,0.12130076438188553,xi,1.449365848622064,1.1864516021654319,1.3242796136040291,2.0,u
0.8968921303749084,0.8786992430686951,0.9567976593971252,29,L640_sub02615,0.3715451955795288,0.3332359492778778,0.12130076438188553,lambda,1.2475285431861483,1.1009953923706441,1.178215077782662,2.0,u
0.8968921303749084,0.8786992430686951,0.9567976593971252,29,L640_sub02615,0.3715451955795288,0.3332359492778778,0.12130076438188553,parallel,2.4820053433333236,1.5508018568698125,2.1725608489550647,3.0,B
0.8968921303749084,0.8786992430686951,0.9567976593971252,29,L640_sub02615,0.3715451955795288,0.3332359492778778,0.12130076438188553,xi,2.5348511623620045,1.5954628317679416,2.023934598799387,3.0,B
0.8968921303749084,0.8786992430686951,0.9567976593971252,29,L640_sub02615,0.3715451955795288,0.3332359492778778,0.12130076438188553,lambda,1.693691973458729,1.377835960964339,1.5810590237596076,3.0,B
0.8968921303749084,0.8786992430686951,0.9567976593971252,29,L640_sub02615,0.3715451955795288,0.3332359492778778,0.12130076438188553,parallel,2.8544515014717633,2.012722701011089,2.6665574995829413,3.0,u
0.8968921303749084,0.8786992430686951,0.9567976593971252,29,L640_sub02615,0.3715451955795288,0.3332359492778778,0.12130076438188553,xi,2.2675181572082104,1.4607600594481833,1.8440827725589752,3.0,u
0.8968921303749084,0.8786992430686951,0.9567976593971252,29,L640_sub02615,0.3715451955795288,0.3332359492778778,0.12130076438188553,lambda,1.6109009401088104,1.2465440198816489,1.4981396651886856,3.0,u
0.8968921303749084,0.8786992430686951,0.9567976593971252,29,L640_sub02615,0.3715451955795288,0.3332359492778778,0.12130076438188553,parallel,4.989855099904671,2.048616892155298,4.103694412071592,4.0,B
0.8968921303749084,0.8786992430686951,0.9567976593971252,29,L640_sub02615,0.3715451955795288,0.3332359492778778,0.12130076438188553,xi,4.637115314474956,2.109330164290198,3.4652752049037416,4.0,B
0.8968921303749084,0.8786992430686951,0.9567976593971252,29,L640_sub02615,0.3715451955795288,0.3332359492778778,0.12130076438188553,lambda,2.105379500389527,1.5151734112267339,1.8388667672501773,4.0,B
0.8968921303749084,0.8786992430686951,0.9567976593971252,29,L640_sub02615,0.3715451955795288,0.3332359492778778,0.12130076438188553,parallel,9.913730536294667,3.899392633517551,7.401086565591901,4.0,u
0.8968921303749084,0.8786992430686951,0.9567976593971252,29,L640_sub02615,0.3715451955795288,0.3332359492778778,0.12130076438188553,xi,4.296788252655564,1.8879363767589337,3.1599334223835758,4.0,u
0.8968921303749084,0.8786992430686951,0.9567976593971252,29,L640_sub02615,0.3715451955795288,0.3332359492778778,0.12130076438188553,lambda,2.3482679983894963,1.5292087175955038,2.147983036543517,4.0,u
0.8968921303749084,0.8786992430686951,0.9567976593971252,29,L640_sub02615,0.3715451955795288,0.3332359492778778,0.12130076438188553,parallel,10.167902124818129,2.778854405725286,8.264220627400698,5.0,B
0.8968921303749084,0.8786992430686951,0.9567976593971252,29,L640_sub02615,0.3715451955795288,0.3332359492778778,0.12130076438188553,xi,12.136181852530537,2.671060257507253,6.4746185678715555,5.0,B
0.8968921303749084,0.8786992430686951,0.9567976593971252,29,L640_sub02615,0.3715451955795288,0.3332359492778778,0.12130076438188553,lambda,2.5542192529119396,1.631196913847653,2.1664103904143674,5.0,B
0.8968921303749084,0.8786992430686951,0.9567976593971252,29,L640_sub02615,0.3715451955795288,0.3332359492778778,0.12130076438188553,parallel,37.27790300114566,7.778432710863866,24.404675071983426,5.0,u
0.8968921303749084,0.8786992430686951,0.9567976593971252,29,L640_sub02615,0.3715451955795288,0.3332359492778778,0.12130076438188553,xi,8.932553856881329,2.6363319497230364,5.954317319244567,5.0,u
0.8968921303749084,0.8786992430686951,0.9567976593971252,29,L640_sub02615,0.3715451955795288,0.3332359492778778,0.12130076438188553,lambda,3.7250618223094345,1.807122782788028,3.1761497848425444,5.0,u
0.8968921303749084,0.8786992430686951,0.9567976593971252,29,L640_sub02615,0.3715451955795288,0.3332359492778778,0.12130076438188553,parallel,27.92931710381947,3.7842607718222663,15.37933085336414,6.0,B
0.8968921303749084,0.8786992430686951,0.9567976593971252,29,L640_sub02615,0.3715451955795288,0.3332359492778778,0.12130076438188553,xi,42.97841381150684,3.123132897440092,11.617377584616607,6.0,B
0.8968921303749084,0.8786992430686951,0.9567976593971252,29,L640_sub02615,0.3715451955795288,0.3332359492778778,0.12130076438188553,lambda,3.0203444894966522,1.7410546483364229,2.571130856146731,6.0,B
0.8968921303749084,0.8786992430686951,0.9567976593971252,29,L640_sub02615,0.3715451955795288,0.3332359492778778,0.12130076438188553,parallel,133.74470685781057,16.26205992332675,79.03541486732085,6.0,u
0.8968921303749084,0.8786992430686951,0.9567976593971252,29,L640_sub02615,0.3715451955795288,0.3332359492778778,0.12130076438188553,xi,18.657540204532488,3.8399136260240105,11.233986237819089,6.0,u
0.8968921303749084,0.8786992430686951,0.9567976593971252,29,L640_sub02615,0.3715451955795288,0.3332359492778778,0.12130076438188553,lambda,6.683318755591371,2.3961545007793514,5.226979366336731,6.0,u
0.7470294833183289,0.6737216114997864,0.9101175665855408,29,L640_sub03942,0.6959112882614136,0.5198662877082825,0.32627835869789124,parallel,1.1372989845125496,1.0599573629676502,1.1104947678703143,1.0,B
0.7470294833183289,0.6737216114997864,0.9101175665855408,29,L640_sub03942,0.6959112882614136,0.5198662877082825,0.32627835869789124,xi,1.107171222003776,1.0596552682059701,1.0972510352234857,1.0,B
0.7470294833183289,0.6737216114997864,0.9101175665855408,29,L640_sub03942,0.6959112882614136,0.5198662877082825,0.32627835869789124,lambda,1.1063169472660335,1.0252720172923024,1.0658663139711697,1.0,B
0.7470294833183289,0.6737216114997864,0.9101175665855408,29,L640_sub03942,0.6959112882614136,0.5198662877082825,0.32627835869789124,parallel,1.129591285552603,1.0510003421972136,1.086704971307908,1.0,u
0.7470294833183289,0.6737216114997864,0.9101175665855408,29,L640_sub03942,0.6959112882614136,0.5198662877082825,0.32627835869789124,xi,1.0729726406946607,1.0263687018056293,1.056507305519074,1.0,u
0.7470294833183289,0.6737216114997864,0.9101175665855408,29,L640_sub03942,0.6959112882614136,0.5198662877082825,0.32627835869789124,lambda,1.1325347850891505,1.0189798154380516,1.0793111280748842,1.0,u
0.7470294833183289,0.6737216114997864,0.9101175665855408,29,L640_sub03942,0.6959112882614136,0.5198662877082825,0.32627835869789124,parallel,1.3063948690265856,1.099416145092764,1.2561741714921464,2.0,B
0.7470294833183289,0.6737216114997864,0.9101175665855408,29,L640_sub03942,0.6959112882614136,0.5198662877082825,0.32627835869789124,xi,1.2431075498452098,1.0809658212491906,1.1873563451571247,2.0,B
0.7470294833183289,0.6737216114997864,0.9101175665855408,29,L640_sub03942,0.6959112882614136,0.5198662877082825,0.32627835869789124,lambda,1.239031008223031,1.0660078871266179,1.1734073233636113,2.0,B
0.7470294833183289,0.6737216114997864,0.9101175665855408,29,L640_sub03942,0.6959112882614136,0.5198662877082825,0.32627835869789124,parallel,1.3377480217986473,1.0944236014631439,1.1929980909033702,2.0,u
0.7470294833183289,0.6737216114997864,0.9101175665855408,29,L640_sub03942,0.6959112882614136,0.5198662877082825,0.32627835869789124,xi,1.1591999039836778,1.0558585904096955,1.1094804689483984,2.0,u
0.7470294833183289,0.6737216114997864,0.9101175665855408,29,L640_sub03942,0.6959112882614136,0.5198662877082825,0.32627835869789124,lambda,1.2933836123620943,1.056086107388237,1.176908147954945,2.0,u
0.7470294833183289,0.6737216114997864,0.9101175665855408,29,L640_sub03942,0.6959112882614136,0.5198662877082825,0.32627835869789124,parallel,1.5542361096257877,1.1203689625626703,1.4622003536543837,3.0,B
0.7470294833183289,0.6737216114997864,0.9101175665855408,29,L640_sub03942,0.6959112882614136,0.5198662877082825,0.32627835869789124,xi,1.4965304555742316,1.1068410198932879,1.2758945789358842,3.0,B
0.7470294833183289,0.6737216114997864,0.9101175665855408,29,L640_sub03942,0.6959112882614136,0.5198662877082825,0.32627835869789124,lambda,1.399557730339773,1.1325027906689764,1.313225740622909,3.0,B
0.7470294833183289,0.6737216114997864,0.9101175665855408,29,L640_sub03942,0.6959112882614136,0.5198662877082825,0.32627835869789124,parallel,1.5713780913640298,1.176193466602394,1.3573119389163515,3.0,u
0.7470294833183289,0.6737216114997864,0.9101175665855408,29,L640_sub03942,0.6959112882614136,0.5198662877082825,0.32627835869789124,xi,1.274403411684757,1.0859921381316149,1.1810989502852578,3.0,u
0.7470294833183289,0.6737216114997864,0.9101175665855408,29,L640_sub03942,0.6959112882614136,0.5198662877082825,0.32627835869789124,lambda,1.474216539380862,1.101593066423843,1.3140567943713974,3.0,u
0.7470294833183289,0.6737216114997864,0.9101175665855408,29,L640_sub03942,0.6959112882614136,0.5198662877082825,0.32627835869789124,parallel,1.8648482191844473,1.1980718038652816,1.7597693753540649,4.0,B
0.7470294833183289,0.6737216114997864,0.9101175665855408,29,L640_sub03942,0.6959112882614136,0.5198662877082825,0.32627835869789124,xi,1.888638434491536,1.1524495392733491,1.4470256039961324,4.0,B
0.7470294833183289,0.6737216114997864,0.9101175665855408,29,L640_sub03942,0.6959112882614136,0.5198662877082825,0.32627835869789124,lambda,1.57992844533532,1.182097961297995,1.4350104832721002,4.0,B
0.7470294833183289,0.6737216114997864,0.9101175665855408,29,L640_sub03942,0.6959112882614136,0.5198662877082825,0.32627835869789124,parallel,1.7784916193776898,1.2667329028537582,1.663577541597984,4.0,u
0.7470294833183289,0.6737216114997864,0.9101175665855408,29,L640_sub03942,0.6959112882614136,0.5198662877082825,0.32627835869789124,xi,1.412480121034068,1.1468804290994787,1.2791133914162003,4.0,u
0.7470294833183289,0.6737216114997864,0.9101175665855408,29,L640_sub03942,0.6959112882614136,0.5198662877082825,0.32627835869789124,lambda,1.6793802902224837,1.1364723007263966,1.500952590256679,4.0,u
0.7470294833183289,0.6737216114997864,0.9101175665855408,29,L640_sub03942,0.6959112882614136,0.5198662877082825,0.32627835869789124,parallel,2.4031635576928903,1.2620550113665452,2.0438750305192737,5.0,B
0.7470294833183289,0.6737216114997864,0.9101175665855408,29,L640_sub03942,0.6959112882614136,0.5198662877082825,0.32627835869789124,xi,2.3956396094455172,1.1877879543684107,1.6319843461731747,5.0,B
0.7470294833183289,0.6737216114997864,0.9101175665855408,29,L640_sub03942,0.6959112882614136,0.5198662877082825,0.32627835869789124,lambda,1.7713043031349252,1.2202307250586246,1.5571644793488046,5.0,B
0.7470294833183289,0.6737216114997864,0.9101175665855408,29,L640_sub03942,0.6959112882614136,0.5198662877082825,0.32627835869789124,parallel,3.4956575574515734,1.3352214804933682,2.050704092188127,5.0,u
0.7470294833183289,0.6737216114997864,0.9101175665855408,29,L640_sub03942,0.6959112882614136,0.5198662877082825,0.32627835869789124,xi,1.6818982438477472,1.2054806788864871,1.4925914488741576,5.0,u
0.7470294833183289,0.6737216114997864,0.9101175665855408,29,L640_sub03942,0.6959112882614136,0.5198662877082825,0.32627835869789124,lambda,1.922578353009004,1.2129567215404522,1.7172252134289028,5.0,u
0.7470294833183289,0.6737216114997864,0.9101175665855408,29,L640_sub03942,0.6959112882614136,0.5198662877082825,0.32627835869789124,parallel,3.222387217794684,1.4508243271225103,2.463780986270204,6.0,B
0.7470294833183289,0.6737216114997864,0.9101175665855408,29,L640_sub03942,0.6959112882614136,0.5198662877082825,0.32627835869789124,xi,2.9899280315870316,1.2894240650488387,1.856965036102469,6.0,B
0.7470294833183289,0.6737216114997864,0.9101175665855408,29,L640_sub03942,0.6959112882614136,0.5198662877082825,0.32627835869789124,lambda,2.066819275992974,1.271339348145951,1.6991764460752323,6.0,B
0.7470294833183289,0.6737216114997864,0.9101175665855408,29,L640_sub03942,0.6959112882614136,0.5198662877082825,0.32627835869789124,parallel,7.804739483028694,1.4566064958540603,2.738348578453408,6.0,u
0.7470294833183289,0.6737216114997864,0.9101175665855408,29,L640_sub03942,0.6959112882614136,0.5198662877082825,0.32627835869789124,xi,2.4966190814319957,1.3188009242734253,1.7268549930374897,6.0,u
0.7470294833183289,0.6737216114997864,0.9101175665855408,29,L640_sub03942,0.6959112882614136,0.5198662877082825,0.32627835869789124,lambda,2.2210654728492116,1.2607923375526582,1.9487879400739798,6.0,u
0.4852263033390045,0.6736151576042175,0.5912054181098938,29,L640_sub00957,0.6960799098014832,0.33775627613067627,0.32638487219810486,parallel,1.1066406586623463,1.0425415780185556,1.0850973824085277,1.0,B
0.4852263033390045,0.6736151576042175,0.5912054181098938,29,L640_sub00957,0.6960799098014832,0.33775627613067627,0.32638487219810486,xi,1.1065079411858432,1.0507197147645375,1.0813078887076597,1.0,B
0.4852263033390045,0.6736151576042175,0.5912054181098938,29,L640_sub00957,0.6960799098014832,0.33775627613067627,0.32638487219810486,lambda,1.0606858328465958,1.0242878736349392,1.0516504691685058,1.0,B
0.4852263033390045,0.6736151576042175,0.5912054181098938,29,L640_sub00957,0.6960799098014832,0.33775627613067627,0.32638487219810486,parallel,1.1525936556119174,1.06833878639834,1.107354653804564,1.0,u
0.4852263033390045,0.6736151576042175,0.5912054181098938,29,L640_sub00957,0.6960799098014832,0.33775627613067627,0.32638487219810486,xi,1.1425926673569968,1.0750273042916463,1.1082085434556932,1.0,u
0.4852263033390045,0.6736151576042175,0.5912054181098938,29,L640_sub00957,0.6960799098014832,0.33775627613067627,0.32638487219810486,lambda,1.0634998270308045,1.0208616880533934,1.0567577630627856,1.0,u
0.4852263033390045,0.6736151576042175,0.5912054181098938,29,L640_sub00957,0.6960799098014832,0.33775627613067627,0.32638487219810486,parallel,1.2708937775905653,1.093458121393648,1.2501855364910404,2.0,B
0.4852263033390045,0.6736151576042175,0.5912054181098938,29,L640_sub00957,0.6960799098014832,0.33775627613067627,0.32638487219810486,xi,1.1902554113374664,1.0944708264787508,1.15036056400959,2.0,B
0.4852263033390045,0.6736151576042175,0.5912054181098938,29,L640_sub00957,0.6960799098014832,0.33775627613067627,0.32638487219810486,lambda,1.096960317653039,1.0350486309463933,1.075524512594437,2.0,B
0.4852263033390045,0.6736151576042175,0.5912054181098938,29,L640_sub00957,0.6960799098014832,0.33775627613067627,0.32638487219810486,parallel,1.47867874961012,1.1574326690948793,1.2933859017976834,2.0,u
0.4852263033390045,0.6736151576042175,0.5912054181098938,29,L640_sub00957,0.6960799098014832,0.33775627613067627,0.32638487219810486,xi,1.2553653058137668,1.139742125445459,1.2063503612502615,2.0,u
0.4852263033390045,0.6736151576042175,0.5912054181098938,29,L640_sub00957,0.6960799098014832,0.33775627613067627,0.32638487219810486,lambda,1.1238981020992127,1.0389035100072193,1.0994885423809504,2.0,u
0.4852263033390045,0.6736151576042175,0.5912054181098938,29,L640_sub00957,0.6960799098014832,0.33775627613067627,0.32638487219810486,parallel,1.7115865469728917,1.1622702954634971,1.4755916828260838,3.0,B
0.4852263033390045,0.6736151576042175,0.5912054181098938,29,L640_sub00957,0.6960799098014832,0.33775627613067627,0.32638487219810486,xi,1.2810719324099717,1.1342790079320313,1.2398904564216848,3.0,B
0.4852263033390045,0.6736151576042175,0.5912054181098938,29,L640_sub00957,0.6960799098014832,0.33775627613067627,0.32638487219810486,lambda,1.1285088231367744,1.0447582955404018,1.1096312429184563,3.0,B
0.4852263033390045,0.6736151576042175,0.5912054181098938,29,L640_sub00957,0.6960799098014832,0.33775627613067627,0.32638487219810486,parallel,2.1971163058083825,1.2518799169467718,1.6155577053627987,3.0,u
0.4852263033390045,0.6736151576042175,0.5912054181098938,29,L640_sub00957,0.6960799098014832,0.33775627613067627,0.32638487219810486,xi,1.4573166259650716,1.1946836244130927,1.2939066644350854,3.0,u
0.4852263033390045,0.6736151576042175,0.5912054181098938,29,L640_sub00957,0.6960799098014832,0.33775627613067627,0.32638487219810486,lambda,1.1921006074903584,1.0659924926549809,1.1494756530520904,3.0,u
0.4852263033390045,0.6736151576042175,0.5912054181098938,29,L640_sub00957,0.6960799098014832,0.33775627613067627,0.32638487219810486,parallel,2.585686234585141,1.260407542166959,1.844232866269516,4.0,B
0.4852263033390045,0.6736151576042175,0.5912054181098938,29,L640_sub00957,0.6960799098014832,0.33775627613067627,0.32638487219810486,xi,1.4174516627626657,1.2004824269481738,1.3675610571873946,4.0,B
0.4852263033390045,0.6736151576042175,0.5912054181098938,29,L640_sub00957,0.6960799098014832,0.33775627613067627,0.32638487219810486,lambda,1.1795542248408042,1.0700004721650889,1.1413971418755828,4.0,B
0.4852263033390045,0.6736151576042175,0.5912054181098938,29,L640_sub00957,0.6960799098014832,0.33775627613067627,0.32638487219810486,parallel,3.6428258024855382,1.347719223559836,2.139200123268504,4.0,u
0.4852263033390045,0.6736151576042175,0.5912054181098938,29,L640_sub00957,0.6960799098014832,0.33775627613067627,0.32638487219810486,xi,1.6583414205558398,1.2559047773655507,1.3905225115655586,4.0,u
0.4852263033390045,0.6736151576042175,0.5912054181098938,29,L640_sub00957,0.6960799098014832,0.33775627613067627,0.32638487219810486,lambda,1.2689314044584687,1.1188399273961716,1.2312986084582116,4.0,u
0.4852263033390045,0.6736151576042175,0.5912054181098938,29,L640_sub00957,0.6960799098014832,0.33775627613067627,0.32638487219810486,parallel,3.973519853173464,1.3796328774132414,2.2014071391011245,5.0,B
0.4852263033390045,0.6736151576042175,0.5912054181098938,29,L640_sub00957,0.6960799098014832,0.33775627613067627,0.32638487219810486,xi,1.6423343701483348,1.3008774044739473,1.523934517407111,5.0,B
0.4852263033390045,0.6736151576042175,0.5912054181098938,29,L640_sub00957,0.6960799098014832,0.33775627613067627,0.32638487219810486,lambda,1.2202370473287423,1.0923579628691158,1.1950948337340441,5.0,B
0.4852263033390045,0.6736151576042175,0.5912054181098938,29,L640_sub00957,0.6960799098014832,0.33775627613067627,0.32638487219810486,parallel,6.324721265637211,1.3836441941816426,3.0046887248596934,5.0,u
0.4852263033390045,0.6736151576042175,0.5912054181098938,29,L640_sub00957,0.6960799098014832,0.33775627613067627,0.32638487219810486,xi,2.2399513998143776,1.2794331993500618,1.6495867456727709,5.0,u
0.4852263033390045,0.6736151576042175,0.5912054181098938,29,L640_sub00957,0.6960799098014832,0.33775627613067627,0.32638487219810486,lambda,1.3695566307569909,1.155934960610887,1.3240809778852503,5.0,u
0.4852263033390045,0.6736151576042175,0.5912054181098938,29,L640_sub00957,0.6960799098014832,0.33775627613067627,0.32638487219810486,parallel,5.908245457019716,1.488923812401145,2.543227959579546,6.0,B
0.4852263033390045,0.6736151576042175,0.5912054181098938,29,L640_sub00957,0.6960799098014832,0.33775627613067627,0.32638487219810486,xi,2.091959201595092,1.3921205228466946,1.7307171111832964,6.0,B
0.4852263033390045,0.6736151576042175,0.5912054181098938,29,L640_sub00957,0.6960799098014832,0.33775627613067627,0.32638487219810486,lambda,1.3004850793675429,1.095689163943983,1.2664545382486796,6.0,B
0.4852263033390045,0.6736151576042175,0.5912054181098938,29,L640_sub00957,0.6960799098014832,0.33775627613067627,0.32638487219810486,parallel,11.040740647234403,1.5645874187041493,4.480068282078297,6.0,u
0.4852263033390045,0.6736151576042175,0.5912054181098938,29,L640_sub00957,0.6960799098014832,0.33775627613067627,0.32638487219810486,xi,3.1737654860260407,1.4253942028346112,1.9717363884445192,6.0,u
0.4852263033390045,0.6736151576042175,0.5912054181098938,29,L640_sub00957,0.6960799098014832,0.33775627613067627,0.32638487219810486,lambda,1.5314039973847173,1.267273819175095,1.4710403672980257,6.0,u
0.4724547863006592,0.6731958389282227,0.5758237242698669,29,L640_sub03356,0.6967437267303467,0.32917991280555725,0.32680416107177734,parallel,1.1069294311318236,1.0326285535821353,1.0807996180666801,1.0,B
0.4724547863006592,0.6731958389282227,0.5758237242698669,29,L640_sub03356,0.6967437267303467,0.32917991280555725,0.32680416107177734,xi,1.119696140836412,1.0227754361110533,1.0571689184504836,1.0,B
0.4724547863006592,0.6731958389282227,0.5758237242698669,29,L640_sub03356,0.6967437267303467,0.32917991280555725,0.32680416107177734,lambda,1.0480482903647732,1.0151511053723212,1.0384642020202905,1.0,B
0.4724547863006592,0.6731958389282227,0.5758237242698669,29,L640_sub03356,0.6967437267303467,0.32917991280555725,0.32680416107177734,parallel,1.155920126440192,1.0532904812944155,1.1184853916626911,1.0,u
0.4724547863006592,0.6731958389282227,0.5758237242698669,29,L640_sub03356,0.6967437267303467,0.32917991280555725,0.32680416107177734,xi,1.1597772251952174,1.0286080935302604,1.0630097820798141,1.0,u
0.4724547863006592,0.6731958389282227,0.5758237242698669,29,L640_sub03356,0.6967437267303467,0.32917991280555725,0.32680416107177734,lambda,1.077554086436997,1.0127125958733396,1.0594095344109502,1.0,u
0.4724547863006592,0.6731958389282227,0.5758237242698669,29,L640_sub03356,0.6967437267303467,0.32917991280555725,0.32680416107177734,parallel,1.23925424862535,1.0781549891294469,1.2223413529025733,2.0,B
0.4724547863006592,0.6731958389282227,0.5758237242698669,29,L640_sub03356,0.6967437267303467,0.32917991280555725,0.32680416107177734,xi,1.2571028287963555,1.0560128130142672,1.1359225155557728,2.0,B
0.4724547863006592,0.6731958389282227,0.5758237242698669,29,L640_sub03356,0.6967437267303467,0.32917991280555725,0.32680416107177734,lambda,1.0799369218465755,1.043958292717458,1.0716181811776588,2.0,B
0.4724547863006592,0.6731958389282227,0.5758237242698669,29,L640_sub03356,0.6967437267303467,0.32917991280555725,0.32680416107177734,parallel,1.4512192396264743,1.1541566550040618,1.307077025643456,2.0,u
0.4724547863006592,0.6731958389282227,0.5758237242698669,29,L640_sub03356,0.6967437267303467,0.32917991280555725,0.32680416107177734,xi,1.4123686590170665,1.0759644759184461,1.1517167556105437,2.0,u
0.4724547863006592,0.6731958389282227,0.5758237242698669,29,L640_sub03356,0.6967437267303467,0.32917991280555725,0.32680416107177734,lambda,1.1916570198937924,1.035522099170605,1.1629339348677703,2.0,u
0.4724547863006592,0.6731958389282227,0.5758237242698669,29,L640_sub03356,0.6967437267303467,0.32917991280555725,0.32680416107177734,parallel,1.5449753349321846,1.1287559460032661,1.3832381655641544,3.0,B
0.4724547863006592,0.6731958389282227,0.5758237242698669,29,L640_sub03356,0.6967437267303467,0.32917991280555725,0.32680416107177734,xi,1.4250944952305586,1.1141732731871183,1.3001597713440587,3.0,B
0.4724547863006592,0.6731958389282227,0.5758237242698669,29,L640_sub03356,0.6967437267303467,0.32917991280555725,0.32680416107177734,lambda,1.1273747113815347,1.0565104232591078,1.1021361180142946,3.0,B
0.4724547863006592,0.6731958389282227,0.5758237242698669,29,L640_sub03356,0.6967437267303467,0.32917991280555725,0.32680416107177734,parallel,1.868210113367605,1.3246907328634916,1.5775798341619036,3.0,u
0.4724547863006592,0.6731958389282227,0.5758237242698669,29,L640_sub03356,0.6967437267303467,0.32917991280555725,0.32680416107177734,xi,1.6811295554412207,1.1494914142384711,1.2620644412681152,3.0,u
0.4724547863006592,0.6731958389282227,0.5758237242698669,29,L640_sub03356,0.6967437267303467,0.32917991280555725,0.32680416107177734,lambda,1.3525200643378235,1.1167160467369035,1.2401624220655418,3.0,u
0.4724547863006592,0.6731958389282227,0.5758237242698669,29,L640_sub03356,0.6967437267303467,0.32917991280555725,0.32680416107177734,parallel,2.1284979905230825,1.204851256254221,1.7090607958737016,4.0,B
0.4724547863006592,0.6731958389282227,0.5758237242698669,29,L640_sub03356,0.6967437267303467,0.32917991280555725,0.32680416107177734,xi,1.8328920986161432,1.1810113415182526,1.4766688171357942,4.0,B
0.4724547863006592,0.6731958389282227,0.5758237242698669,29,L640_sub03356,0.6967437267303467,0.32917991280555725,0.32680416107177734,lambda,1.2330025176669104,1.0772455696789018,1.148008980376528,4.0,B
0.4724547863006592,0.6731958389282227,0.5758237242698669,29,L640_sub03356,0.6967437267303467,0.32917991280555725,0.32680416107177734,parallel,3.0631192699230363,1.557802606479978,2.25968102739717,4.0,u
0.4724547863006592,0.6731958389282227,0.5758237242698669,29,L640_sub03356,0.6967437267303467,0.32917991280555725,0.32680416107177734,xi,1.863881319035259,1.2175601013436341,1.488566313229605,4.0,u
0.4724547863006592,0.6731958389282227,0.5758237242698669,29,L640_sub03356,0.6967437267303467,0.32917991280555725,0.32680416107177734,lambda,1.5989344842946231,1.1886480039432292,1.4264568403417952,4.0,u
0.4724547863006592,0.6731958389282227,0.5758237242698669,29,L640_sub03356,0.6967437267303467,0.32917991280555725,0.32680416107177734,parallel,3.0640979151588246,1.3025861834499206,2.156271328457548,5.0,B
0.4724547863006592,0.6731958389282227,0.5758237242698669,29,L640_sub03356,0.6967437267303467,0.32917991280555725,0.32680416107177734,xi,2.3755615025444117,1.2776060098966129,1.814332166538441,5.0,B
0.4724547863006592,0.6731958389282227,0.5758237242698669,29,L640_sub03356,0.6967437267303467,0.32917991280555725,0.32680416107177734,lambda,1.375535564725083,1.08944052426157,1.2464966825154289,5.0,B
0.4724547863006592,0.6731958389282227,0.5758237242698669,29,L640_sub03356,0.6967437267303467,0.32917991280555725,0.32680416107177734,parallel,6.1305161026528445,1.7589817785445914,3.3110144641514165,5.0,u
0.4724547863006592,0.6731958389282227,0.5758237242698669,29,L640_sub03356,0.6967437267303467,0.32917991280555725,0.32680416107177734,xi,1.9496864541501595,1.2889807742730406,1.6465425854073055,5.0,u
0.4724547863006592,0.6731958389282227,0.5758237242698669,29,L640_sub03356,0.6967437267303467,0.32917991280555725,0.32680416107177734,lambda,1.9064147813947236,1.200417528946813,1.6344373475656075,5.0,u
0.4724547863006592,0.6731958389282227,0.5758237242698669,29,L640_sub03356,0.6967437267303467,0.32917991280555725,0.32680416107177734,parallel,4.482788618294676,1.331974798941687,2.7076972999774784,6.0,B
0.4724547863006592,0.6731958389282227,0.5758237242698669,29,L640_sub03356,0.6967437267303467,0.32917991280555725,0.32680416107177734,xi,3.0287536469793923,1.4078289333657648,2.3525814457681786,6.0,B
0.4724547863006592,0.6731958389282227,0.5758237242698669,29,L640_sub03356,0.6967437267303467,0.32917991280555725,0.32680416107177734,lambda,1.559767159926815,1.1451366007222352,1.3476087821858085,6.0,B
0.4724547863006592,0.6731958389282227,0.5758237242698669,29,L640_sub03356,0.6967437267303467,0.32917991280555725,0.32680416107177734,parallel,12.556642592613311,2.161519161186741,5.142694217049881,6.0,u
0.4724547863006592,0.6731958389282227,0.5758237242698669,29,L640_sub03356,0.6967437267303467,0.32917991280555725,0.32680416107177734,xi,2.552272459692837,1.3522578018922702,1.847628332976405,6.0,u
0.4724547863006592,0.6731958389282227,0.5758237242698669,29,L640_sub03356,0.6967437267303467,0.32917991280555725,0.32680416107177734,lambda,2.3273967609386896,1.1621880666525828,1.863765258297745,6.0,u
0.5456980466842651,0.6742235422134399,0.6645848751068115,29,L640_sub01582,0.6951169967651367,0.3793240189552307,0.32577648758888245,parallel,1.1592877890833424,1.0302781032968171,1.1168839419208385,1.0,B
0.5456980466842651,0.6742235422134399,0.6645848751068115,29,L640_sub01582,0.6951169967651367,0.3793240189552307,0.32577648758888245,xi,1.119720908965359,1.047218455150011,1.0914886785473255,1.0,B
0.5456980466842651,0.6742235422134399,0.6645848751068115,29,L640_sub01582,0.6951169967651367,0.3793240189552307,0.32577648758888245,lambda,1.1006119118056568,1.0412220895940734,1.0795375833654735,1.0,B
0.5456980466842651,0.6742235422134399,0.6645848751068115,29,L640_sub01582,0.6951169967651367,0.3793240189552307,0.32577648758888245,parallel,1.0886377149530022,1.0332018697076628,1.0759696377558337,1.0,u
0.5456980466842651,0.6742235422134399,0.6645848751068115,29,L640_sub01582,0.6951169967651367,0.3793240189552307,0.32577648758888245,xi,1.1599381737210557,1.0534147414406743,1.1193752394458183,1.0,u
0.5456980466842651,0.6742235422134399,0.6645848751068115,29,L640_sub01582,0.6951169967651367,0.3793240189552307,0.32577648758888245,lambda,1.1498140208172636,1.0715703087248392,1.1183378272323292,1.0,u
0.5456980466842651,0.6742235422134399,0.6645848751068115,29,L640_sub01582,0.6951169967651367,0.3793240189552307,0.32577648758888245,parallel,1.4356491344545836,1.1130135690076808,1.2572048513155045,2.0,B
0.5456980466842651,0.6742235422134399,0.6645848751068115,29,L640_sub01582,0.6951169967651367,0.3793240189552307,0.32577648758888245,xi,1.2470232501471679,1.060329142105881,1.1943790533407486,2.0,B
0.5456980466842651,0.6742235422134399,0.6645848751068115,29,L640_sub01582,0.6951169967651367,0.3793240189552307,0.32577648758888245,lambda,1.2503002634859874,1.0933747277201016,1.2191283708151048,2.0,B
0.5456980466842651,0.6742235422134399,0.6645848751068115,29,L640_sub01582,0.6951169967651367,0.3793240189552307,0.32577648758888245,parallel,1.2813072341910128,1.0906835679650155,1.2121718016120102,2.0,u
0.5456980466842651,0.6742235422134399,0.6645848751068115,29,L640_sub01582,0.6951169967651367,0.3793240189552307,0.32577648758888245,xi,1.4568545424656805,1.1385715140884969,1.3380520194638343,2.0,u
0.5456980466842651,0.6742235422134399,0.6645848751068115,29,L640_sub01582,0.6951169967651367,0.3793240189552307,0.32577648758888245,lambda,1.3370043719772853,1.162918899561135,1.2616508546917113,2.0,u
0.5456980466842651,0.6742235422134399,0.6645848751068115,29,L640_sub01582,0.6951169967651367,0.3793240189552307,0.32577648758888245,parallel,1.8131784920445966,1.2327676477771445,1.5466220119545004,3.0,B
0.5456980466842651,0.6742235422134399,0.6645848751068115,29,L640_sub01582,0.6951169967651367,0.3793240189552307,0.32577648758888245,xi,1.5894007966951385,1.0762738299428753,1.2606997120705747,3.0,B
0.5456980466842651,0.6742235422134399,0.6645848751068115,29,L640_sub01582,0.6951169967651367,0.3793240189552307,0.32577648758888245,lambda,1.4452787851727775,1.139834042785273,1.4156020696918943,3.0,B
0.5456980466842651,0.6742235422134399,0.6645848751068115,29,L640_sub01582,0.6951169967651367,0.3793240189552307,0.32577648758888245,parallel,1.5520851156277398,1.2178427529191687,1.517787415283934,3.0,u
0.5456980466842651,0.6742235422134399,0.6645848751068115,29,L640_sub01582,0.6951169967651367,0.3793240189552307,0.32577648758888245,xi,2.006509858367199,1.2522502065338545,1.7344842301625103,3.0,u
0.5456980466842651,0.6742235422134399,0.6645848751068115,29,L640_sub01582,0.6951169967651367,0.3793240189552307,0.32577648758888245,lambda,1.5571354920916223,1.2651204987727398,1.4305288724522833,3.0,u
0.5456980466842651,0.6742235422134399,0.6645848751068115,29,L640_sub01582,0.6951169967651367,0.3793240189552307,0.32577648758888245,parallel,2.1986103017578795,1.4852518368404677,1.9121670066260354,4.0,B
0.5456980466842651,0.6742235422134399,0.6645848751068115,29,L640_sub01582,0.6951169967651367,0.3793240189552307,0.32577648758888245,xi,2.133529739677167,1.155502549924297,1.464534088271608,4.0,B
0.5456980466842651,0.6742235422134399,0.6645848751068115,29,L640_sub01582,0.6951169967651367,0.3793240189552307,0.32577648758888245,lambda,1.7319600208616739,1.2056257449958894,1.6429124243440267,4.0,B
0.5456980466842651,0.6742235422134399,0.6645848751068115,29,L640_sub01582,0.6951169967651367,0.3793240189552307,0.32577648758888245,parallel,2.1495586516469216,1.3353176492706662,1.8366691360696294,4.0,u
0.5456980466842651,0.6742235422134399,0.6645848751068115,29,L640_sub01582,0.6951169967651367,0.3793240189552307,0.32577648758888245,xi,2.9901221656731205,1.410554567621093,2.3702033087996552,4.0,u
0.5456980466842651,0.6742235422134399,0.6645848751068115,29,L640_sub01582,0.6951169967651367,0.3793240189552307,0.32577648758888245,lambda,1.81835291246556,1.3419560322415793,1.65301266568219,4.0,u
0.5456980466842651,0.6742235422134399,0.6645848751068115,29,L640_sub01582,0.6951169967651367,0.3793240189552307,0.32577648758888245,parallel,2.6091739194160297,1.5884408001716435,2.3510904462338926,5.0,B
0.5456980466842651,0.6742235422134399,0.6645848751068115,29,L640_sub01582,0.6951169967651367,0.3793240189552307,0.32577648758888245,xi,2.848448149167924,1.21879043162682,1.6639299030459906,5.0,B
0.5456980466842651,0.6742235422134399,0.6645848751068115,29,L640_sub01582,0.6951169967651367,0.3793240189552307,0.32577648758888245,lambda,2.0964188877560552,1.2398590891226504,1.844353911637365,5.0,B
0.5456980466842651,0.6742235422134399,0.6645848751068115,29,L640_sub01582,0.6951169967651367,0.3793240189552307,0.32577648758888245,parallel,2.9804558379032686,1.5663453584979727,2.4054104042679048,5.0,u
0.5456980466842651,0.6742235422134399,0.6645848751068115,29,L640_sub01582,0.6951169967651367,0.3793240189552307,0.32577648758888245,xi,4.6214988791583025,1.653785111812749,3.31214992043104,5.0,u
0.5456980466842651,0.6742235422134399,0.6645848751068115,29,L640_sub01582,0.6951169967651367,0.3793240189552307,0.32577648758888245,lambda,2.1423524136315573,1.4448938420466613,1.9489959165067203,5.0,u
0.5456980466842651,0.6742235422134399,0.6645848751068115,29,L640_sub01582,0.6951169967651367,0.3793240189552307,0.32577648758888245,parallel,3.6051584811963733,1.8304195610035716,2.90150064541334,6.0,B
0.5456980466842651,0.6742235422134399,0.6645848751068115,29,L640_sub01582,0.6951169967651367,0.3793240189552307,0.32577648758888245,xi,3.704977444615218,1.3121119429199495,1.7574258194422205,6.0,B
0.5456980466842651,0.6742235422134399,0.6645848751068115,29,L640_sub01582,0.6951169967651367,0.3793240189552307,0.32577648758888245,lambda,2.560270174417961,1.2605641738959095,2.1086804222688222,6.0,B
0.5456980466842651,0.6742235422134399,0.6645848751068115,29,L640_sub01582,0.6951169967651367,0.3793240189552307,0.32577648758888245,parallel,4.038138393909036,1.6681543486465702,3.2995649375561142,6.0,u
0.5456980466842651,0.6742235422134399,0.6645848751068115,29,L640_sub01582,0.6951169967651367,0.3793240189552307,0.32577648758888245,xi,7.100122593513386,1.8864890538724526,5.264780441857222,6.0,u
0.5456980466842651,0.6742235422134399,0.6645848751068115,29,L640_sub01582,0.6951169967651367,0.3793240189552307,0.32577648758888245,lambda,2.651001531687209,1.6096951699003286,2.376767726857251,6.0,u
0.24924826622009277,0.2537950873374939,0.49475541710853577,29,L640_sub00579,1.714697241783142,0.4273853302001953,0.7462049126625061,parallel,1.1940210465861842,1.0389828435386466,1.0770783720036388,1.0,B
0.24924826622009277,0.2537950873374939,0.49475541710853577,29,L640_sub00579,1.714697241783142,0.4273853302001953,0.7462049126625061,xi,1.1428243248156909,1.0261777161045564,1.0635362544367588,1.0,B
0.24924826622009277,0.2537950873374939,0.49475541710853577,29,L640_sub00579,1.714697241783142,0.4273853302001953,0.7462049126625061,lambda,1.278211592790928,1.0389145234821215,1.2633078487912512,1.0,B
0.24924826622009277,0.2537950873374939,0.49475541710853577,29,L640_sub00579,1.714697241783142,0.4273853302001953,0.7462049126625061,parallel,1.1376030931415897,1.0288476875502526,1.0922039268638686,1.0,u
0.24924826622009277,0.2537950873374939,0.49475541710853577,29,L640_sub00579,1.714697241783142,0.4273853302001953,0.7462049126625061,xi,1.2478305320975835,1.035656021447979,1.1396867094992607,1.0,u
0.24924826622009277,0.2537950873374939,0.49475541710853577,29,L640_sub00579,1.714697241783142,0.4273853302001953,0.7462049126625061,lambda,1.1752922981334863,1.031613827027916,1.1280957750722163,1.0,u
0.24924826622009277,0.2537950873374939,0.49475541710853577,29,L640_sub00579,1.714697241783142,0.4273853302001953,0.7462049126625061,parallel,1.6547609711571787,1.1364194303011415,1.291367257249893,2.0,B
0.24924826622009277,0.2537950873374939,0.49475541710853577,29,L640_sub00579,1.714697241783142,0.4273853302001953,0.7462049126625061,xi,1.347665513994414,1.077238380834329,1.2869591206561009,2.0,B
0.24924826622009277,0.2537950873374939,0.49475541710853577,29,L640_sub00579,1.714697241783142,0.4273853302001953,0.7462049126625061,lambda,1.549378101136139,1.0727025178743634,1.4783649423904501,2.0,B
0.24924826622009277,0.2537950873374939,0.49475541710853577,29,L640_sub00579,1.714697241783142,0.4273853302001953,0.7462049126625061,parallel,1.4328970825766334,1.0834771124080715,1.2673965582327826,2.0,u
0.24924826622009277,0.2537950873374939,0.49475541710853577,29,L640_sub00579,1.714697241783142,0.4273853302001953,0.7462049126625061,xi,1.474436578243056,1.0960819071554238,1.2466626658327864,2.0,u
0.24924826622009277,0.2537950873374939,0.49475541710853577,29,L640_sub00579,1.714697241783142,0.4273853302001953,0.7462049126625061,lambda,1.5240233324134076,1.0705312337762956,1.3787169885092099,2.0,u
0.24924826622009277,0.2537950873374939,0.49475541710853577,29,L640_sub00579,1.714697241783142,0.4273853302001953,0.7462049126625061,parallel,2.601034197578606,1.309142286397462,1.6592647615457423,3.0,B
0.24924826622009277,0.2537950873374939,0.49475541710853577,29,L640_sub00579,1.714697241783142,0.4273853302001953,0.7462049126625061,xi,1.962291894561521,1.2435606290557066,1.6203295753782692,3.0,B
0.24924826622009277,0.2537950873374939,0.49475541710853577,29,L640_sub00579,1.714697241783142,0.4273853302001953,0.7462049126625061,lambda,1.8169343163247071,1.155920068593309,1.6426935321323297,3.0,B
0.24924826622009277,0.2537950873374939,0.49475541710853577,29,L640_sub00579,1.714697241783142,0.4273853302001953,0.7462049126625061,parallel,2.5613453723221387,1.235659348185463,1.539789894258547,3.0,u
0.24924826622009277,0.2537950873374939,0.49475541710853577,29,L640_sub00579,1.714697241783142,0.4273853302001953,0.7462049126625061,xi,1.8069533507528923,1.220409199839231,1.4221977857316186,3.0,u
0.24924826622009277,0.2537950873374939,0.49475541710853577,29,L640_sub00579,1.714697241783142,0.4273853302001953,0.7462049126625061,lambda,2.0032212575965302,1.1246175409190586,1.7215823399070145,3.0,u
0.24924826622009277,0.2537950873374939,0.49475541710853577,29,L640_sub00579,1.714697241783142,0.4273853302001953,0.7462049126625061,parallel,3.6222739537837207,1.412547643134637,2.224832924822081,4.0,B
0.24924826622009277,0.2537950873374939,0.49475541710853577,29,L640_sub00579,1.714697241783142,0.4273853302001953,0.7462049126625061,xi,2.7419625353953747,1.5051223321544613,2.1006873577579057,4.0,B
0.24924826622009277,0.2537950873374939,0.49475541710853577,29,L640_sub00579,1.714697241783142,0.4273853302001953,0.7462049126625061,lambda,2.1505249054825186,1.2134294517382933,1.7704411732563892,4.0,B
0.24924826622009277,0.2537950873374939,0.49475541710853577,29,L640_sub00579,1.714697241783142,0.4273853302001953,0.7462049126625061,parallel,5.32553314668978,1.3275820421790947,2.307576744563013,4.0,u
0.24924826622009277,0.2537950873374939,0.49475541710853577,29,L640_sub00579,1.714697241783142,0.4273853302001953,0.7462049126625061,xi,2.5165977479502115,1.445583901651879,2.2422102339418313,4.0,u
0.24924826622009277,0.2537950873374939,0.49475541710853577,29,L640_sub00579,1.714697241783142,0.4273853302001953,0.7462049126625061,lambda,2.5318814869302257,1.1716250709933893,2.0273436066230444,4.0,u
0.24924826622009277,0.2537950873374939,0.49475541710853577,29,L640_sub00579,1.714697241783142,0.4273853302001953,0.7462049126625061,parallel,6.047409668453268,1.4968857261675095,2.561236954323182,5.0,B
0.24924826622009277,0.2537950873374939,0.49475541710853577,29,L640_sub00579,1.714697241783142,0.4273853302001953,0.7462049126625061,xi,3.5337707970131507,1.6438723015726784,2.8618386287329964,5.0,B
0.24924826622009277,0.2537950873374939,0.49475541710853577,29,L640_sub00579,1.714697241783142,0.4273853302001953,0.7462049126625061,lambda,2.540926696791277,1.2661781600595399,1.8916756975860283,5.0,B
0.24924826622009277,0.2537950873374939,0.49475541710853577,29,L640_sub00579,1.714697241783142,0.4273853302001953,0.7462049126625061,parallel,10.24181421646247,1.4917369955206958,3.255102930236229,5.0,u
0.24924826622009277,0.2537950873374939,0.49475541710853577,29,L640_sub00579,1.714697241783142,0.4273853302001953,0.7462049126625061,xi,4.414797316776963,1.7449455427237044,3.7015914100726146,5.0,u
0.24924826622009277,0.2537950873374939,0.49475541710853577,29,L640_sub00579,1.714697241783142,0.4273853302001953,0.7462049126625061,lambda,2.9874702280776444,1.2532561824817543,2.293429090415879,5.0,u
0.24924826622009277,0.2537950873374939,0.49475541710853577,29,L640_sub00579,1.714697241783142,0.4273853302001953,0.7462049126625061,parallel,9.416823824241378,1.4552613872216367,2.8545057223432706,6.0,B
0.24924826622009277,0.2537950873374939,0.49475541710853577,29,L640_sub00579,1.714697241783142,0.4273853302001953,0.7462049126625061,xi,5.3009643472971995,1.8048925905554039,4.349181412942248,6.0,B
0.24924826622009277,0.2537950873374939,0.49475541710853577,29,L640_sub00579,1.714697241783142,0.4273853302001953,0.7462049126625061,lambda,2.995450037279785,1.3060575053207544,2.0219746847978213,6.0,B
0.24924826622009277,0.2537950873374939,0.49475541710853577,29,L640_sub00579,1.714697241783142,0.4273853302001953,0.7462049126625061,parallel,17.81656756883054,1.4858288231312309,5.271814066811344,6.0,u
0.24924826622009277,0.2537950873374939,0.49475541710853577,29,L640_sub00579,1.714697241783142,0.4273853302001953,0.7462049126625061,xi,9.070902053960028,2.1961587502759046,7.091744901236612,6.0,u
0.24924826622009277,0.2537950873374939,0.49475541710853577,29,L640_sub00579,1.714697241783142,0.4273853302001953,0.7462049126625061,lambda,3.318074150133798,1.2834818015235625,2.5456192217612448,6.0,u
0.36281654238700867,0.25420501828193665,0.719606339931488,29,L640_sub00886,1.712843418121338,0.6214479207992554,0.745794951915741,parallel,1.1424280115372059,1.0350080365830328,1.074266870759843,1.0,B
0.36281654238700867,0.25420501828193665,0.719606339931488,29,L640_sub00886,1.712843418121338,0.6214479207992554,0.745794951915741,xi,1.0842688761826604,1.0294648645286906,1.0731084852232196,1.0,B
0.36281654238700867,0.25420501828193665,0.719606339931488,29,L640_sub00886,1.712843418121338,0.6214479207992554,0.745794951915741,lambda,1.101297122695108,1.0368255791198748,1.078333757711561,1.0,B
0.36281654238700867,0.25420501828193665,0.719606339931488,29,L640_sub00886,1.712843418121338,0.6214479207992554,0.745794951915741,parallel,1.068969572011743,1.014424319955705,1.0431675767031012,1.0,u
0.36281654238700867,0.25420501828193665,0.719606339931488,29,L640_sub00886,1.712843418121338,0.6214479207992554,0.745794951915741,xi,1.1546435616551691,1.0422970354150434,1.1132654411525704,1.0,u
0.36281654238700867,0.25420501828193665,0.719606339931488,29,L640_sub00886,1.712843418121338,0.6214479207992554,0.745794951915741,lambda,1.048211328147764,1.0194074439664806,1.031206153372191,1.0,u
0.36281654238700867,0.25420501828193665,0.719606339931488,29,L640_sub00886,1.712843418121338,0.6214479207992554,0.745794951915741,parallel,1.3284008228420572,1.0761284983067507,1.1733574354235337,2.0,B
0.36281654238700867,0.25420501828193665,0.719606339931488,29,L640_sub00886,1.712843418121338,0.6214479207992554,0.745794951915741,xi,1.2382192881879577,1.0620747925620457,1.174863207922652,2.0,B
0.36281654238700867,0.25420501828193665,0.719606339931488,29,L640_sub00886,1.712843418121338,0.6214479207992554,0.745794951915741,lambda,1.206158602119297,1.0634340405095453,1.152982411343283,2.0,B
0.36281654238700867,0.25420501828193665,0.719606339931488,29,L640_sub00886,1.712843418121338,0.6214479207992554,0.745794951915741,parallel,1.112527253582657,1.0302012964723415,1.08401997418793,2.0,u
0.36281654238700867,0.25420501828193665,0.719606339931488,29,L640_sub00886,1.712843418121338,0.6214479207992554,0.745794951915741,xi,1.3128045695239319,1.0597446357692821,1.1985157990779338,2.0,u
0.36281654238700867,0.25420501828193665,0.719606339931488,29,L640_sub00886,1.712843418121338,0.6214479207992554,0.745794951915741,lambda,1.1320285961225127,1.0400858671438697,1.0784972040956946,2.0,u
0.36281654238700867,0.25420501828193665,0.719606339931488,29,L640_sub00886,1.712843418121338,0.6214479207992554,0.745794951915741,parallel,1.6021854453002213,1.099042041065481,1.4383753704636113,3.0,B
0.36281654238700867,0.25420501828193665,0.719606339931488,29,L640_sub00886,1.712843418121338,0.6214479207992554,0.745794951915741,xi,1.5569623484378605,1.0982974889103965,1.4048330650480008,3.0,B
0.36281654238700867,0.25420501828193665,0.719606339931488,29,L640_sub00886,1.712843418121338,0.6214479207992554,0.745794951915741,lambda,1.2848355607865267,1.0973150453932714,1.2033244017217295,3.0,B
0.36281654238700867,0.25420501828193665,0.719606339931488,29,L640_sub00886,1.712843418121338,0.6214479207992554,0.745794951915741,parallel,1.2637109530458275,1.0864314978923475,1.1612028566135282,3.0,u
0.36281654238700867,0.25420501828193665,0.719606339931488,29,L640_sub00886,1.712843418121338,0.6214479207992554,0.745794951915741,xi,1.4584622887360108,1.114962703074303,1.2974774354939884,3.0,u
0.36281654238700867,0.25420501828193665,0.719606339931488,29,L640_sub00886,1.712843418121338,0.6214479207992554,0.745794951915741,lambda,1.2630497256450548,1.0936524099253015,1.1859085892126044,3.0,u
0.36281654238700867,0.25420501828193665,0.719606339931488,29,L640_sub00886,1.712843418121338,0.6214479207992554,0.745794951915741,parallel,2.0211298466099556,1.1555416964072436,1.8130226429429106,4.0,B
0.36281654238700867,0.25420501828193665,0.719606339931488,29,L640_sub00886,1.712843418121338,0.6214479207992554,0.745794951915741,xi,2.0590048770984173,1.1298815236142423,1.6379136540204013,4.0,B
0.36281654238700867,0.25420501828193665,0.719606339931488,29,L640_sub00886,1.712843418121338,0.6214479207992554,0.745794951915741,lambda,1.3370095189483617,1.1194810254511334,1.2597405258479226,4.0,B
0.36281654238700867,0.25420501828193665,0.719606339931488,29,L640_sub00886,1.712843418121338,0.6214479207992554,0.745794951915741,parallel,1.549784151212264,1.1852665843995225,1.4146343637493919,4.0,u
0.36281654238700867,0.25420501828193665,0.719606339931488,29,L640_sub00886,1.712843418121338,0.6214479207992554,0.745794951915741,xi,1.6609687040265944,1.1328566260380089,1.3705475373204823,4.0,u
0.36281654238700867,0.25420501828193665,0.719606339931488,29,L640_sub00886,1.712843418121338,0.6214479207992554,0.745794951915741,lambda,1.4559865423941967,1.1344668051289846,1.3696175639809933,4.0,u
0.36281654238700867,0.25420501828193665,0.719606339931488,29,L640_sub00886,1.712843418121338,0.6214479207992554,0.745794951915741,parallel,2.9051642719803135,1.2923259915325707,2.1064475064616257,5.0,B
0.36281654238700867,0.25420501828193665,0.719606339931488,29,L640_sub00886,1.712843418121338,0.6214479207992554,0.745794951915741,xi,3.2284207018111206,1.2660824415636656,1.9878156977332786,5.0,B
0.36281654238700867,0.25420501828193665,0.719606339931488,29,L640_sub00886,1.712843418121338,0.6214479207992554,0.745794951915741,lambda,1.438945495043663,1.1297526639639395,1.3128347667512792,5.0,B
0.36281654238700867,0.25420501828193665,0.719606339931488,29,L640_sub00886,1.712843418121338,0.6214479207992554,0.745794951915741,parallel,2.1002232147240796,1.2934911906510265,1.9524879194296934,5.0,u
0.36281654238700867,0.25420501828193665,0.719606339931488,29,L640_sub00886,1.712843418121338,0.6214479207992554,0.745794951915741,xi,2.1240078980997255,1.198154067168017,1.6995616680970627,5.0,u
0.36281654238700867,0.25420501828193665,0.719606339931488,29,L640_sub00886,1.712843418121338,0.6214479207992554,0.745794951915741,lambda,1.7766789481283147,1.2282651366950423,1.591260474970493,5.0,u
0.36281654238700867,0.25420501828193665,0.719606339931488,29,L640_sub00886,1.712843418121338,0.6214479207992554,0.745794951915741,parallel,4.168814459504922,1.4624155469281557,2.3828701005955892,6.0,B
0.36281654238700867,0.25420501828193665,0.719606339931488,29,L640_sub00886,1.712843418121338,0.6214479207992554,0.745794951915741,xi,5.332697302023167,1.308472001743466,2.3537267117392817,6.0,B
0.36281654238700867,0.25420501828193665,0.719606339931488,29,L640_sub00886,1.712843418121338,0.6214479207992554,0.745794951915741,lambda,1.6236806401379453,1.1759258435253663,1.3563873102984696,6.0,B
0.36281654238700867,0.25420501828193665,0.719606339931488,29,L640_sub00886,1.712843418121338,0.6214479207992554,0.745794951915741,parallel,3.4258063765181688,1.4596335468633028,2.531340139118715,6.0,u
0.36281654238700867,0.25420501828193665,0.719606339931488,29,L640_sub00886,1.712843418121338,0.6214479207992554,0.745794951915741,xi,2.827324803422593,1.294042741417186,2.1736922090857558,6.0,u
0.36281654238700867,0.25420501828193665,0.719606339931488,29,L640_sub00886,1.712843418121338,0.6214479207992554,0.745794951915741,lambda,2.2314853657431817,1.3946239996050203,1.9871199042257928,6.0,u
0.23111984133720398,0.2536241412162781,0.4589252173900604,29,L640_sub00032,1.7154713869094849,0.39647945761680603,0.7463758587837219,parallel,1.1227657694136106,1.0428763831459447,1.1142516004946919,1.0,B
0.23111984133720398,0.2536241412162781,0.4589252173900604,29,L640_sub00032,1.7154713869094849,0.39647945761680603,0.7463758587837219,xi,1.0615015086873305,1.0130383395224551,1.0322002701622466,1.0,B
0.23111984133720398,0.2536241412162781,0.4589252173900604,29,L640_sub00032,1.7154713869094849,0.39647945761680603,0.7463758587837219,lambda,1.103598366841937,1.0561725418737349,1.0827127975196915,1.0,B
0.23111984133720398,0.2536241412162781,0.4589252173900604,29,L640_sub00032,1.7154713869094849,0.39647945761680603,0.7463758587837219,parallel,1.0478439036821419,1.0236284389022237,1.0450539035415296,1.0,u
0.23111984133720398,0.2536241412162781,0.4589252173900604,29,L640_sub00032,1.7154713869094849,0.39647945761680603,0.7463758587837219,xi,1.0512895561369024,1.0143301798667999,1.034768179321861,1.0,u
0.23111984133720398,0.2536241412162781,0.4589252173900604,29,L640_sub00032,1.7154713869094849,0.39647945761680603,0.7463758587837219,lambda,1.121430150947462,1.074562278631114,1.1097812220564007,1.0,u
0.23111984133720398,0.2536241412162781,0.4589252173900604,29,L640_sub00032,1.7154713869094849,0.39647945761680603,0.7463758587837219,parallel,1.1971614329401177,1.0851396591457383,1.1570488772754695,2.0,B
0.23111984133720398,0.2536241412162781,0.4589252173900604,29,L640_sub00032,1.7154713869094849,0.39647945761680603,0.7463758587837219,xi,1.1423755975387753,1.0365626144808084,1.0772474044490543,2.0,B
0.23111984133720398,0.2536241412162781,0.4589252173900604,29,L640_sub00032,1.7154713869094849,0.39647945761680603,0.7463758587837219,lambda,1.2741949302668762,1.1474767064306064,1.2333394272806253,2.0,B
0.23111984133720398,0.2536241412162781,0.4589252173900604,29,L640_sub00032,1.7154713869094849,0.39647945761680603,0.7463758587837219,parallel,1.1240253100686455,1.0300991292089567,1.1019516055020893,2.0,u
0.23111984133720398,0.2536241412162781,0.4589252173900604,29,L640_sub00032,1.7154713869094849,0.39647945761680603,0.7463758587837219,xi,1.1249165312428127,1.0419391948981371,1.0868670768497908,2.0,u
0.23111984133720398,0.2536241412162781,0.4589252173900604,29,L640_sub00032,1.7154713869094849,0.39647945761680603,0.7463758587837219,lambda,1.3496770568335321,1.189011179982687,1.2754726781784116,2.0,u
0.23111984133720398,0.2536241412162781,0.4589252173900604,29,L640_sub00032,1.7154713869094849,0.39647945761680603,0.7463758587837219,parallel,1.3711014898952156,1.1036569619221346,1.2501459953112732,3.0,B
0.23111984133720398,0.2536241412162781,0.4589252173900604,29,L640_sub00032,1.7154713869094849,0.39647945761680603,0.7463758587837219,xi,1.253484291593084,1.0613883472270171,1.1947028759597835,3.0,B
0.23111984133720398,0.2536241412162781,0.4589252173900604,29,L640_sub00032,1.7154713869094849,0.39647945761680603,0.7463758587837219,lambda,1.4968176882402822,1.2401991661147342,1.4239008975693832,3.0,B
0.23111984133720398,0.2536241412162781,0.4589252173900604,29,L640_sub00032,1.7154713869094849,0.39647945761680603,0.7463758587837219,parallel,1.350973841305134,1.1232627407247338,1.208282853440413,3.0,u
0.23111984133720398,0.2536241412162781,0.4589252173900604,29,L640_sub00032,1.7154713869094849,0.39647945761680603,0.7463758587837219,xi,1.2534808636074526,1.0981805071498802,1.1794861848987563,3.0,u
0.23111984133720398,0.2536241412162781,0.4589252173900604,29,L640_sub00032,1.7154713869094849,0.39647945761680603,0.7463758587837219,lambda,1.714206574733773,1.353916905817597,1.4742613733447087,3.0,u
0.23111984133720398,0.2536241412162781,0.4589252173900604,29,L640_sub00032,1.7154713869094849,0.39647945761680603,0.7463758587837219,parallel,1.8495065341479247,1.165685210710131,1.443574193842539,4.0,B
0.23111984133720398,0.2536241412162781,0.4589252173900604,29,L640_sub00032,1.7154713869094849,0.39647945761680603,0.7463758587837219,xi,1.572287664613212,1.0968663778305288,1.4051950158034643,4.0,B
0.23111984133720398,0.2536241412162781,0.4589252173900604,29,L640_sub00032,1.7154713869094849,0.39647945761680603,0.7463758587837219,lambda,1.7534062690541132,1.3458079001910244,1.6404185821708073,4.0,B
0.23111984133720398,0.2536241412162781,0.4589252173900604,29,L640_sub00032,1.7154713869094849,0.39647945761680603,0.7463758587837219,parallel,2.0688149842733163,1.2078987526235427,1.6973830772703407,4.0,u
0.23111984133720398,0.2536241412162781,0.4589252173900604,29,L640_sub00032,1.7154713869094849,0.39647945761680603,0.7463758587837219,xi,1.5255282428464303,1.1921568755103285,1.3490391985382166,4.0,u
0.23111984133720398,0.2536241412162781,0.4589252173900604,29,L640_sub00032,1.7154713869094849,0.39647945761680603,0.7463758587837219,lambda,2.2596063451406234,1.5593001839573977,1.7863739709961797,4.0,u
0.23111984133720398,0.2536241412162781,0.4589252173900604,29,L640_sub00032,1.7154713869094849,0.39647945761680603,0.7463758587837219,parallel,2.8315827880426547,1.2547234114398638,1.7840637583167,5.0,B
0.23111984133720398,0.2536241412162781,0.4589252173900604,29,L640_sub00032,1.7154713869094849,0.39647945761680603,0.7463758587837219,xi,2.0677253942676934,1.2035225220930372,1.6531412751468852,5.0,B
0.23111984133720398,0.2536241412162781,0.4589252173900604,29,L640_sub00032,1.7154713869094849,0.39647945761680603,0.7463758587837219,lambda,2.0308872866674506,1.4447482546712063,1.853574727278947,5.0,B
0.23111984133720398,0.2536241412162781,0.4589252173900604,29,L640_sub00032,1.7154713869094849,0.39647945761680603,0.7463758587837219,parallel,5.063861564298611,1.380510260305312,2.531112590071937,5.0,u
0.23111984133720398,0.2536241412162781,0.4589252173900604,29,L640_sub00032,1.7154713869094849,0.39647945761680603,0.7463758587837219,xi,2.5015761352101693,1.315066590697574,1.6597988043847693,5.0,u
0.23111984133720398,0.2536241412162781,0.4589252173900604,29,L640_sub00032,1.7154713869094849,0.39647945761680603,0.7463758587837219,lambda,3.0602413625852507,1.7188616082091075,2.3599032376728033,5.0,u
0.23111984133720398,0.2536241412162781,0.4589252173900604,29,L640_sub00032,1.7154713869094849,0.39647945761680603,0.7463758587837219,parallel,4.25194485921359,1.4028261843479886,2.110556275122344,6.0,B
0.23111984133720398,0.2536241412162781,0.4589252173900604,29,L640_sub00032,1.7154713869094849,0.39647945761680603,0.7463758587837219,xi,2.7567764604478597,1.2797660119517316,2.091912292877305,6.0,B
0.23111984133720398,0.2536241412162781,0.4589252173900604,29,L640_sub00032,1.7154713869094849,0.39647945761680603,0.7463758587837219,lambda,2.323119937252952,1.5704978157954423,1.9993994952067555,6.0,B
0.23111984133720398,0.2536241412162781,0.4589252173900604,29,L640_sub00032,1.7154713869094849,0.39647945761680603,0.7463758587837219,parallel,14.23275673584973,1.576319468431411,3.8355949336364668,6.0,u
0.23111984133720398,0.2536241412162781,0.4589252173900604,29,L640_sub00032,1.7154713869094849,0.39647945761680603,0.7463758587837219,xi,5.146474814464515,1.5424467407033309,2.2602675047811513,6.0,u
0.23111984133720398,0.2536241412162781,0.4589252173900604,29,L640_sub00032,1.7154713869094849,0.39647945761680603,0.7463758587837219,lambda,4.232551551110517,1.8739305365182524,3.218476424767407,6.0,u
0.3251866102218628,0.25358274579048157,0.6457625031471252,29,L640_sub02279,1.7156591415405273,0.557909369468689,0.7464172840118408,parallel,1.090308943621856,1.0390704004949503,1.0745262518811054,1.0,B
0.3251866102218628,0.25358274579048157,0.6457625031471252,29,L640_sub02279,1.7156591415405273,0.557909369468689,0.7464172840118408,xi,1.3651196171555455,1.0441103621534387,1.125916952674769,1.0,B
0.3251866102218628,0.25358274579048157,0.6457625031471252,29,L640_sub02279,1.7156591415405273,0.557909369468689,0.7464172840118408,lambda,1.1258004499836929,1.0558243372788398,1.1054653550647453,1.0,B
0.3251866102218628,0.25358274579048157,0.6457625031471252,29,L640_sub02279,1.7156591415405273,0.557909369468689,0.7464172840118408,parallel,1.127989805850318,1.031694027168634,1.0822010690873054,1.0,u
0.3251866102218628,0.25358274579048157,0.6457625031471252,29,L640_sub02279,1.7156591415405273,0.557909369468689,0.7464172840118408,xi,1.1466486883554983,1.037317400463468,1.091153487942605,1.0,u
0.3251866102218628,0.25358274579048157,0.6457625031471252,29,L640_sub02279,1.7156591415405273,0.557909369468689,0.7464172840118408,lambda,1.1629767668546918,1.038110016892652,1.1341292389068933,1.0,u
0.3251866102218628,0.25358274579048157,0.6457625031471252,29,L640_sub02279,1.7156591415405273,0.557909369468689,0.7464172840118408,parallel,1.4160909476662702,1.1254258300327498,1.2330585056308097,2.0,B
0.3251866102218628,0.25358274579048157,0.6457625031471252,29,L640_sub02279,1.7156591415405273,0.557909369468689,0.7464172840118408,xi,1.9402867594041724,1.0862116874444612,1.4220905792453378,2.0,B
0.3251866102218628,0.25358274579048157,0.6457625031471252,29,L640_sub02279,1.7156591415405273,0.557909369468689,0.7464172840118408,lambda,1.3196958864193888,1.169733801301585,1.2648498148678384,2.0,B
0.3251866102218628,0.25358274579048157,0.6457625031471252,29,L640_sub02279,1.7156591415405273,0.557909369468689,0.7464172840118408,parallel,1.3630462862195665,1.0971009145095494,1.2333933420239085,2.0,u
0.3251866102218628,0.25358274579048157,0.6457625031471252,29,L640_sub02279,1.7156591415405273,0.557909369468689,0.7464172840118408,xi,1.470206867693806,1.0906241818489555,1.325382937046086,2.0,u
0.3251866102218628,0.25358274579048157,0.6457625031471252,29,L640_sub02279,1.7156591415405273,0.557909369468689,0.7464172840118408,lambda,1.371078330538384,1.1246845314911038,1.3112958461533577,2.0,u
0.3251866102218628,0.25358274579048157,0.6457625031471252,29,L640_sub02279,1.7156591415405273,0.557909369468689,0.7464172840118408,parallel,2.0125070830966103,1.232465710862003,1.6688616533215799,3.0,B
0.3251866102218628,0.25358274579048157,0.6457625031471252,29,L640_sub02279,1.7156591415405273,0.557909369468689,0.7464172840118408,xi,2.525340528022885,1.27172554102251,1.6648433422057944,3.0,B
0.3251866102218628,0.25358274579048157,0.6457625031471252,29,L640_sub02279,1.7156591415405273,0.557909369468689,0.7464172840118408,lambda,1.5301689686764466,1.2691818489249067,1.4351460597347312,3.0,B
0.3251866102218628,0.25358274579048157,0.6457625031471252,29,L640_sub02279,1.7156591415405273,0.557909369468689,0.7464172840118408,parallel,1.889039453438259,1.2364517308186782,1.5460263877128966,3.0,u
0.3251866102218628,0.25358274579048157,0.6457625031471252,29,L640_sub02279,1.7156591415405273,0.557909369468689,0.7464172840118408,xi,1.8404770843086262,1.1952250818731034,1.665123119832604,3.0,u
0.3251866102218628,0.25358274579048157,0.6457625031471252,29,L640_sub02279,1.7156591415405273,0.557909369468689,0.7464172840118408,lambda,1.5840057674524248,1.2352635230019762,1.4961333456510968,3.0,u
0.3251866102218628,0.25358274579048157,0.6457625031471252,29,L640_sub02279,1.7156591415405273,0.557909369468689,0.7464172840118408,parallel,3.6381468560032975,1.3351911720388119,2.0785178957848736,4.0,B
0.3251866102218628,0.25358274579048157,0.6457625031471252,29,L640_sub02279,1.7156591415405273,0.557909369468689,0.7464172840118408,xi,3.0191679598867336,1.4302837308881236,1.8808579090641773,4.0,B
0.3251866102218628,0.25358274579048157,0.6457625031471252,29,L640_sub02279,1.7156591415405273,0.557909369468689,0.7464172840118408,lambda,1.7443052714384444,1.3486352991305626,1.5887406534297737,4.0,B
0.3251866102218628,0.25358274579048157,0.6457625031471252,29,L640_sub02279,1.7156591415405273,0.557909369468689,0.7464172840118408,parallel,2.8755386408543493,1.4399366544611112,2.0930380804617315,4.0,u
0.3251866102218628,0.25358274579048157,0.6457625031471252,29,L640_sub02279,1.7156591415405273,0.557909369468689,0.7464172840118408,xi,2.4212088909524105,1.3268162531593244,2.0681140126057507,4.0,u
0.3251866102218628,0.25358274579048157,0.6457625031471252,29,L640_sub02279,1.7156591415405273,0.557909369468689,0.7464172840118408,lambda,1.8034934991460967,1.2919730980063577,1.685342125738357,4.0,u
0.3251866102218628,0.25358274579048157,0.6457625031471252,29,L640_sub02279,1.7156591415405273,0.557909369468689,0.7464172840118408,parallel,6.457483772670326,1.453789428756441,2.764731276197918,5.0,B
0.3251866102218628,0.25358274579048157,0.6457625031471252,29,L640_sub02279,1.7156591415405273,0.557909369468689,0.7464172840118408,xi,3.4145183314341616,1.4755062340498446,2.5036776807263807,5.0,B
0.3251866102218628,0.25358274579048157,0.6457625031471252,29,L640_sub02279,1.7156591415405273,0.557909369468689,0.7464172840118408,lambda,1.9652534113071167,1.3928635927763156,1.7262846925550492,5.0,B
0.3251866102218628,0.25358274579048157,0.6457625031471252,29,L640_sub02279,1.7156591415405273,0.557909369468689,0.7464172840118408,parallel,4.787914113072433,1.717078322465962,2.9281653016048073,5.0,u
0.3251866102218628,0.25358274579048157,0.6457625031471252,29,L640_sub02279,1.7156591415405273,0.557909369468689,0.7464172840118408,xi,3.9788198402755963,1.578777340205358,2.644676818744178,5.0,u
0.3251866102218628,0.25358274579048157,0.6457625031471252,29,L640_sub02279,1.7156591415405273,0.557909369468689,0.7464172840118408,lambda,2.043786976826853,1.3450670437944918,1.8813706949131692,5.0,u
0.3251866102218628,0.25358274579048157,0.6457625031471252,29,L640_sub02279,1.7156591415405273,0.557909369468689,0.7464172840118408,parallel,11.250780627392878,1.646814217548718,3.595943902064978,6.0,B
0.3251866102218628,0.25358274579048157,0.6457625031471252,29,L640_sub02279,1.7156591415405273,0.557909369468689,0.7464172840118408,xi,3.7319321089857223,1.5323975516706947,2.9464926681553782,6.0,B
0.3251866102218628,0.25358274579048157,0.6457625031471252,29,L640_sub02279,1.7156591415405273,0.557909369468689,0.7464172840118408,lambda,2.198952939946128,1.4262736314191664,1.8646400190504495,6.0,B
0.3251866102218628,0.25358274579048157,0.6457625031471252,29,L640_sub02279,1.7156591415405273,0.557909369468689,0.7464172840118408,parallel,7.883598110309472,1.9697281179446833,4.240876728553165,6.0,u
0.3251866102218628,0.25358274579048157,0.6457625031471252,29,L640_sub02279,1.7156591415405273,0.557909369468689,0.7464172840118408,xi,6.657121705077261,1.8502667191993605,3.3599496130838973,6.0,u
0.3251866102218628,0.25358274579048157,0.6457625031471252,29,L640_sub02279,1.7156591415405273,0.557909369468689,0.7464172840118408,lambda,2.319000544059666,1.4108656519409288,2.086364635087823,6.0,u
0.4753071069717407,0.8476656675338745,0.516252338886261,29,L640_sub01088,0.423922598361969,0.20149342715740204,0.1523343026638031,parallel,1.1793820485471727,1.0318665093195365,1.080822982178135,1.0,B
0.4753071069717407,0.8476656675338745,0.516252338886261,29,L640_sub01088,0.423922598361969,0.20149342715740204,0.1523343026638031,xi,1.0556600181002567,1.0181171960304467,1.035425225181458,1.0,B
0.4753071069717407,0.8476656675338745,0.516252338886261,29,L640_sub01088,0.423922598361969,0.20149342715740204,0.1523343026638031,lambda,1.0615696061774256,1.0263483566182612,1.05657991079415,1.0,B
0.4753071069717407,0.8476656675338745,0.516252338886261,29,L640_sub01088,0.423922598361969,0.20149342715740204,0.1523343026638031,parallel,1.2009439132500401,1.0399372370112259,1.1005187331594228,1.0,u
0.4753071069717407,0.8476656675338745,0.516252338886261,29,L640_sub01088,0.423922598361969,0.20149342715740204,0.1523343026638031,xi,1.038451521341078,1.011708700260086,1.0290028488794527,1.0,u
0.4753071069717407,0.8476656675338745,0.516252338886261,29,L640_sub01088,0.423922598361969,0.20149342715740204,0.1523343026638031,lambda,1.1182003237987446,1.0466304204153554,1.0849424737040554,1.0,u
0.4753071069717407,0.8476656675338745,0.516252338886261,29,L640_sub01088,0.423922598361969,0.20149342715740204,0.1523343026638031,parallel,1.3101259722746585,1.0765207114341455,1.194761765063228,2.0,B
0.4753071069717407,0.8476656675338745,0.516252338886261,29,L640_sub01088,0.423922598361969,0.20149342715740204,0.1523343026638031,xi,1.1565861197876877,1.0405380830175475,1.0823824504765585,2.0,B
0.4753071069717407,0.8476656675338745,0.516252338886261,29,L640_sub01088,0.423922598361969,0.20149342715740204,0.1523343026638031,lambda,1.189917289977062,1.073758328075584,1.1535535171533455,2.0,B
0.4753071069717407,0.8476656675338745,0.516252338886261,29,L640_sub01088,0.423922598361969,0.20149342715740204,0.1523343026638031,parallel,1.285200393257701,1.0743863737205677,1.174109877378099,2.0,u
0.4753071069717407,0.8476656675338745,0.516252338886261,29,L640_sub01088,0.423922598361969,0.20149342715740204,0.1523343026638031,xi,1.150249706163793,1.0393018110692673,1.0986149938291514,2.0,u
0.4753071069717407,0.8476656675338745,0.516252338886261,29,L640_sub01088,0.423922598361969,0.20149342715740204,0.1523343026638031,lambda,1.250175323849272,1.1265647162807846,1.2145018809877974,2.0,u
0.4753071069717407,0.8476656675338745,0.516252338886261,29,L640_sub01088,0.423922598361969,0.20149342715740204,0.1523343026638031,parallel,1.7699370681013344,1.1274208263331846,1.3150748202158122,3.0,B
0.4753071069717407,0.8476656675338745,0.516252338886261,29,L640_sub01088,0.423922598361969,0.20149342715740204,0.1523343026638031,xi,1.3075396434669238,1.0894877978349842,1.2101054882423001,3.0,B
0.4753071069717407,0.8476656675338745,0.516252338886261,29,L640_sub01088,0.423922598361969,0.20149342715740204,0.1523343026638031,lambda,1.4003847922707389,1.1782067307976398,1.3181638619411173,3.0,B
0.4753071069717407,0.8476656675338745,0.516252338886261,29,L640_sub01088,0.423922598361969,0.20149342715740204,0.1523343026638031,parallel,1.7789197756267352,1.1801441919997124,1.4451109439754706,3.0,u
0.4753071069717407,0.8476656675338745,0.516252338886261,29,L640_sub01088,0.423922598361969,0.20149342715740204,0.1523343026638031,xi,1.4039361192100517,1.1463763110506882,1.2531672525258601,3.0,u
0.4753071069717407,0.8476656675338745,0.516252338886261,29,L640_sub01088,0.423922598361969,0.20149342715740204,0.1523343026638031,lambda,1.4679350790657322,1.2510426404900408,1.3987602471153886,3.0,u
0.4753071069717407,0.8476656675338745,0.516252338886261,29,L640_sub01088,0.423922598361969,0.20149342715740204,0.1523343026638031,parallel,3.1998361150656995,1.1587222234194927,1.8994485579019187,4.0,B
0.4753071069717407,0.8476656675338745,0.516252338886261,29,L640_sub01088,0.423922598361969,0.20149342715740204,0.1523343026638031,xi,1.9486365052196466,1.256098951453455,1.470080885207598,4.0,B
0.4753071069717407,0.8476656675338745,0.516252338886261,29,L640_sub01088,0.423922598361969,0.20149342715740204,0.1523343026638031,lambda,1.7047063029333738,1.3096489029764875,1.5413501210200375,4.0,B
0.4753071069717407,0.8476656675338745,0.516252338886261,29,L640_sub01088,0.423922598361969,0.20149342715740204,0.1523343026638031,parallel,3.5565902360431703,1.5007495087703788,2.404601805005666,4.0,u
0.4753071069717407,0.8476656675338745,0.516252338886261,29,L640_sub01088,0.423922598361969,0.20149342715740204,0.1523343026638031,xi,1.9112248623203911,1.3322405344476094,1.5535534196948346,4.0,u
0.4753071069717407,0.8476656675338745,0.516252338886261,29,L640_sub01088,0.423922598361969,0.20149342715740204,0.1523343026638031,lambda,1.9000869348657128,1.4211695867314016,1.6415013564063954,4.0,u
0.4753071069717407,0.8476656675338745,0.516252338886261,29,L640_sub01088,0.423922598361969,0.20149342715740204,0.1523343026638031,parallel,6.371680212102814,1.4836430257677362,3.0028509549739537,5.0,B
0.4753071069717407,0.8476656675338745,0.516252338886261,29,L640_sub01088,0.423922598361969,0.20149342715740204,0.1523343026638031,xi,3.4759169064306588,1.5174216744515687,1.9209660779659106,5.0,B
0.4753071069717407,0.8476656675338745,0.516252338886261,29,L640_sub01088,0.423922598361969,0.20149342715740204,0.1523343026638031,lambda,2.1992419427990377,1.4467313473467358,1.9428791012886673,5.0,B
0.4753071069717407,0.8476656675338745,0.516252338886261,29,L640_sub01088,0.423922598361969,0.20149342715740204,0.1523343026638031,parallel,7.937693405094461,2.157698585853495,4.130799224178029,5.0,u
0.4753071069717407,0.8476656675338745,0.516252338886261,29,L640_sub01088,0.423922598361969,0.20149342715740204,0.1523343026638031,xi,2.861537470860402,1.6240377886234765,2.242984795096226,5.0,u
0.4753071069717407,0.8476656675338745,0.516252338886261,29,L640_sub01088,0.423922598361969,0.20149342715740204,0.1523343026638031,lambda,2.8158297719389007,1.619842359254907,2.0467397489789034,5.0,u
0.4753071069717407,0.8476656675338745,0.516252338886261,29,L640_sub01088,0.423922598361969,0.20149342715740204,0.1523343026638031,parallel,13.044589428771745,2.0141194701513467,4.970577955477508,6.0,B
0.4753071069717407,0.8476656675338745,0.516252338886261,29,L640_sub01088,0.423922598361969,0.20149342715740204,0.1523343026638031,xi,6.752028703364268,1.9136228920450173,2.7055638967676527,6.0,B
0.4753071069717407,0.8476656675338745,0.516252338886261,29,L640_sub01088,0.423922598361969,0.20149342715740204,0.1523343026638031,lambda,2.842452715753704,1.6380251008375644,2.429521713756569,6.0,B
0.4753071069717407,0.8476656675338745,0.516252338886261,29,L640_sub01088,0.423922598361969,0.20149342715740204,0.1523343026638031,parallel,17.845539181481154,3.1806873388883865,6.923345685606192,6.0,u
0.4753071069717407,0.8476656675338745,0.516252338886261,29,L640_sub01088,0.423922598361969,0.20149342715740204,0.1523343026638031,xi,5.216057255810746,2.082621190575681,3.5491835142014247,6.0,u
0.4753071069717407,0.8476656675338745,0.516252338886261,29,L640_sub01088,0.423922598361969,0.20149342715740204,0.1523343026638031,lambda,4.87931536654835,1.8244127203295106,2.67383185505558,6.0,u
0.23613546788692474,0.4055726230144501,0.3707890510559082,29,L640_sub02297,1.2106401920318604,0.2858750820159912,0.5944273471832275,parallel,1.0786625805141823,1.031948630819258,1.066625149663744,1.0,B
0.23613546788692474,0.4055726230144501,0.3707890510559082,29,L640_sub02297,1.2106401920318604,0.2858750820159912,0.5944273471832275,xi,1.2548662177843781,1.0287776456033721,1.1434379711840454,1.0,B
0.23613546788692474,0.4055726230144501,0.3707890510559082,29,L640_sub02297,1.2106401920318604,0.2858750820159912,0.5944273471832275,lambda,1.08547522133994,1.0241332406925674,1.056222523945,1.0,B
0.23613546788692474,0.4055726230144501,0.3707890510559082,29,L640_sub02297,1.2106401920318604,0.2858750820159912,0.5944273471832275,parallel,1.2222172916868657,1.0296330544551522,1.1331588589445776,1.0,u
0.23613546788692474,0.4055726230144501,0.3707890510559082,29,L640_sub02297,1.2106401920318604,0.2858750820159912,0.5944273471832275,xi,1.1398657775490386,1.0273325459975433,1.1103193692919213,1.0,u
0.23613546788692474,0.4055726230144501,0.3707890510559082,29,L640_sub02297,1.2106401920318604,0.2858750820159912,0.5944273471832275,lambda,1.0354101493559706,1.0169018268467045,1.0335602066934295,1.0,u
0.23613546788692474,0.4055726230144501,0.3707890510559082,29,L640_sub02297,1.2106401920318604,0.2858750820159912,0.5944273471832275,parallel,1.1765416718058048,1.057065958016626,1.15543677769598,2.0,B
0.23613546788692474,0.4055726230144501,0.3707890510559082,29,L640_sub02297,1.2106401920318604,0.2858750820159912,0.5944273471832275,xi,1.4786763447210538,1.07049662574978,1.2642438372033624,2.0,B
0.23613546788692474,0.4055726230144501,0.3707890510559082,29,L640_sub02297,1.2106401920318604,0.2858750820159912,0.5944273471832275,lambda,1.3019943066169926,1.090605518395831,1.1915019394511284,2.0,B
0.23613546788692474,0.4055726230144501,0.3707890510559082,29,L640_sub02297,1.2106401920318604,0.2858750820159912,0.5944273471832275,parallel,1.466253071752668,1.0670275350387395,1.3059130972129975,2.0,u
0.23613546788692474,0.4055726230144501,0.3707890510559082,29,L640_sub02297,1.2106401920318604,0.2858750820159912,0.5944273471832275,xi,1.287540425677594,1.0574005257991246,1.221679737882907,2.0,u
0.23613546788692474,0.4055726230144501,0.3707890510559082,29,L640_sub02297,1.2106401920318604,0.2858750820159912,0.5944273471832275,lambda,1.0754886294266928,1.0354842400768314,1.0680036449521737,2.0,u
0.23613546788692474,0.4055726230144501,0.3707890510559082,29,L640_sub02297,1.2106401920318604,0.2858750820159912,0.5944273471832275,parallel,1.3930035654514914,1.0814217403775228,1.3290243530220374,3.0,B
0.23613546788692474,0.4055726230144501,0.3707890510559082,29,L640_sub02297,1.2106401920318604,0.2858750820159912,0.5944273471832275,xi,1.6261341037405983,1.1235079329077053,1.3516831583044857,3.0,B
0.23613546788692474,0.4055726230144501,0.3707890510559082,29,L640_sub02297,1.2106401920318604,0.2858750820159912,0.5944273471832275,lambda,1.6581274942546682,1.1699965154143706,1.4584818969134616,3.0,B
0.23613546788692474,0.4055726230144501,0.3707890510559082,29,L640_sub02297,1.2106401920318604,0.2858750820159912,0.5944273471832275,parallel,1.704463560081071,1.1225848080295204,1.4610889820046367,3.0,u
0.23613546788692474,0.4055726230144501,0.3707890510559082,29,L640_sub02297,1.2106401920318604,0.2858750820159912,0.5944273471832275,xi,1.4315080424308992,1.1015480745464463,1.3166378041168119,3.0,u
0.23613546788692474,0.4055726230144501,0.3707890510559082,29,L640_sub02297,1.2106401920318604,0.2858750820159912,0.5944273471832275,lambda,1.1589180541984343,1.0653072669432386,1.112066237468594,3.0,u
0.23613546788692474,0.4055726230144501,0.3707890510559082,29,L640_sub02297,1.2106401920318604,0.2858750820159912,0.5944273471832275,parallel,1.8491471120874567,1.1727425570646484,1.5397557878636325,4.0,B
0.23613546788692474,0.4055726230144501,0.3707890510559082,29,L640_sub02297,1.2106401920318604,0.2858750820159912,0.5944273471832275,xi,1.7049413467946382,1.1639800243601626,1.4069208404550437,4.0,B
0.23613546788692474,0.4055726230144501,0.3707890510559082,29,L640_sub02297,1.2106401920318604,0.2858750820159912,0.5944273471832275,lambda,2.162965120229648,1.2707079589511057,1.8617537091235008,4.0,B
0.23613546788692474,0.4055726230144501,0.3707890510559082,29,L640_sub02297,1.2106401920318604,0.2858750820159912,0.5944273471832275,parallel,1.925877544827259,1.27727130853559,1.6274335878764998,4.0,u
0.23613546788692474,0.4055726230144501,0.3707890510559082,29,L640_sub02297,1.2106401920318604,0.2858750820159912,0.5944273471832275,xi,1.5641628276667077,1.1382523539636862,1.4379855964422819,4.0,u
0.23613546788692474,0.4055726230144501,0.3707890510559082,29,L640_sub02297,1.2106401920318604,0.2858750820159912,0.5944273471832275,lambda,1.2801943619218947,1.0829527575250135,1.1831684881793425,4.0,u
0.23613546788692474,0.4055726230144501,0.3707890510559082,29,L640_sub02297,1.2106401920318604,0.2858750820159912,0.5944273471832275,parallel,2.554362524438132,1.280101441423375,1.9505203568525593,5.0,B
0.23613546788692474,0.4055726230144501,0.3707890510559082,29,L640_sub02297,1.2106401920318604,0.2858750820159912,0.5944273471832275,xi,1.775430157129585,1.205205306247075,1.5046646171353433,5.0,B
0.23613546788692474,0.4055726230144501,0.3707890510559082,29,L640_sub02297,1.2106401920318604,0.2858750820159912,0.5944273471832275,lambda,2.821987420227532,1.4075779277423275,2.438029417098548,5.0,B
0.23613546788692474,0.4055726230144501,0.3707890510559082,29,L640_sub02297,1.2106401920318604,0.2858750820159912,0.5944273471832275,parallel,2.805435745818234,1.5021071353321667,2.152472773056286,5.0,u
0.23613546788692474,0.4055726230144501,0.3707890510559082,29,L640_sub02297,1.2106401920318604,0.2858750820159912,0.5944273471832275,xi,1.722054657353755,1.2397973402715647,1.6077049575531395,5.0,u
0.23613546788692474,0.4055726230144501,0.3707890510559082,29,L640_sub02297,1.2106401920318604,0.2858750820159912,0.5944273471832275,lambda,1.4131628834174195,1.115801753538643,1.2560565116679874,5.0,u
0.23613546788692474,0.4055726230144501,0.3707890510559082,29,L640_sub02297,1.2106401920318604,0.2858750820159912,0.5944273471832275,parallel,3.551985878523191,1.3980630049951943,2.461691499477135,6.0,B
0.23613546788692474,0.4055726230144501,0.3707890510559082,29,L640_sub02297,1.2106401920318604,0.2858750820159912,0.5944273471832275,xi,2.2295871353419225,1.2972651085951403,1.6655252288146363,6.0,B
0.23613546788692474,0.4055726230144501,0.3707890510559082,29,L640_sub02297,1.2106401920318604,0.2858750820159912,0.5944273471832275,lambda,3.635011910715345,1.6162635739317581,3.1308149110872296,6.0,B
0.23613546788692474,0.4055726230144501,0.3707890510559082,29,L640_sub02297,1.2106401920318604,0.2858750820159912,0.5944273471832275,parallel,4.9076354327488065,1.659508145785368,2.699969917084551,6.0,u
0.23613546788692474,0.4055726230144501,0.3707890510559082,29,L640_sub02297,1.2106401920318604,0.2858750820159912,0.5944273471832275,xi,2.3800575551764593,1.4414043619381762,1.785268787564838,6.0,u
0.23613546788692474,0.4055726230144501,0.3707890510559082,29,L640_sub02297,1.2106401920318604,0.2858750820159912,0.5944273471832275,lambda,1.5529173506429046,1.1538491429308995,1.317959017419793,6.0,u
0.4757770597934723,0.8596553206443787,0.5131464004516602,29,L640_sub00732,0.4040506184101105,0.1922380030155182,0.14034466445446014,parallel,1.32446118259059,1.1285918505679164,1.2953207003276204,1.0,B
0.4757770597934723,0.8596553206443787,0.5131464004516602,29,L640_sub00732,0.4040506184101105,0.1922380030155182,0.14034466445446014,xi,1.0673076965078832,1.0302510289214923,1.05881231297964,1.0,B
0.4757770597934723,0.8596553206443787,0.5131464004516602,29,L640_sub00732,0.4040506184101105,0.1922380030155182,0.14034466445446014,lambda,1.2729762627584202,1.0913295288815,1.1825637967575586,1.0,B
0.4757770597934723,0.8596553206443787,0.5131464004516602,29,L640_sub00732,0.4040506184101105,0.1922380030155182,0.14034466445446014,parallel,1.1196104667021702,1.0360278314522802,1.083826489942642,1.0,u
0.4757770597934723,0.8596553206443787,0.5131464004516602,29,L640_sub00732,0.4040506184101105,0.1922380030155182,0.14034466445446014,xi,1.1428599808506423,1.0209354440731284,1.1082104008838314,1.0,u
0.4757770597934723,0.8596553206443787,0.5131464004516602,29,L640_sub00732,0.4040506184101105,0.1922380030155182,0.14034466445446014,lambda,1.073630552624112,1.0279388798561773,1.0632441686863416,1.0,u
0.4757770597934723,0.8596553206443787,0.5131464004516602,29,L640_sub00732,0.4040506184101105,0.1922380030155182,0.14034466445446014,parallel,1.9345708431624222,1.3335315451386442,1.8665737763240646,2.0,B
0.4757770597934723,0.8596553206443787,0.5131464004516602,29,L640_sub00732,0.4040506184101105,0.1922380030155182,0.14034466445446014,xi,1.2029969241348684,1.0915021935222404,1.1599185074645162,2.0,B
0.4757770597934723,0.8596553206443787,0.5131464004516602,29,L640_sub00732,0.4040506184101105,0.1922380030155182,0.14034466445446014,lambda,1.68972381738367,1.1971732647048705,1.4392904037164203,2.0,B
0.4757770597934723,0.8596553206443787,0.5131464004516602,29,L640_sub00732,0.4040506184101105,0.1922380030155182,0.14034466445446014,parallel,1.3961144260085134,1.1301624467416742,1.2803528203087846,2.0,u
0.4757770597934723,0.8596553206443787,0.5131464004516602,29,L640_sub00732,0.4040506184101105,0.1922380030155182,0.14034466445446014,xi,1.2722077552141988,1.0556753381302422,1.2220426089032455,2.0,u
0.4757770597934723,0.8596553206443787,0.5131464004516602,29,L640_sub00732,0.4040506184101105,0.1922380030155182,0.14034466445446014,lambda,1.1820089000086003,1.0659674869456113,1.132365049442347,2.0,u
0.4757770597934723,0.8596553206443787,0.5131464004516602,29,L640_sub00732,0.4040506184101105,0.1922380030155182,0.14034466445446014,parallel,3.216977723358626,1.5135629391504564,2.926516570819721,3.0,B
0.4757770597934723,0.8596553206443787,0.5131464004516602,29,L640_sub00732,0.4040506184101105,0.1922380030155182,0.14034466445446014,xi,1.4409889434503558,1.2281486343568921,1.3536238354239445,3.0,B
0.4757770597934723,0.8596553206443787,0.5131464004516602,29,L640_sub00732,0.4040506184101105,0.1922380030155182,0.14034466445446014,lambda,2.2958162302925906,1.3601020369143029,1.8000014403187965,3.0,B
0.4757770597934723,0.8596553206443787,0.5131464004516602,29,L640_sub00732,0.4040506184101105,0.1922380030155182,0.14034466445446014,parallel,1.9172493497460714,1.3005163140971199,1.6564352770141733,3.0,u
0.4757770597934723,0.8596553206443787,0.5131464004516602,29,L640_sub00732,0.4040506184101105,0.1922380030155182,0.14034466445446014,xi,1.3867921485484753,1.1418816631899948,1.3262560523570954,3.0,u
0.4757770597934723,0.8596553206443787,0.5131464004516602,29,L640_sub00732,0.4040506184101105,0.1922380030155182,0.14034466445446014,lambda,1.3307508918915292,1.090243762455557,1.2084349935935361,3.0,u
0.4757770597934723,0.8596553206443787,0.5131464004516602,29,L640_sub00732,0.4040506184101105,0.1922380030155182,0.14034466445446014,parallel,5.973558243943008,1.9676371901355008,4.706560141156074,4.0,B
0.4757770597934723,0.8596553206443787,0.5131464004516602,29,L640_sub00732,0.4040506184101105,0.1922380030155182,0.14034466445446014,xi,1.8155778834428773,1.3758262586025618,1.713914634085177,4.0,B
0.4757770597934723,0.8596553206443787,0.5131464004516602,29,L640_sub00732,0.4040506184101105,0.1922380030155182,0.14034466445446014,lambda,3.1486644190035147,1.5688857863128682,2.305804559682771,4.0,B
0.4757770597934723,0.8596553206443787,0.5131464004516602,29,L640_sub00732,0.4040506184101105,0.1922380030155182,0.14034466445446014,parallel,2.9904648648302916,1.60219541350421,2.5002174259758285,4.0,u
0.4757770597934723,0.8596553206443787,0.5131464004516602,29,L640_sub00732,0.4040506184101105,0.1922380030155182,0.14034466445446014,xi,1.4849842436633762,1.170545876089768,1.4161214554618606,4.0,u
0.4757770597934723,0.8596553206443787,0.5131464004516602,29,L640_sub00732,0.4040506184101105,0.1922380030155182,0.14034466445446014,lambda,1.5143775186790551,1.1244516899208978,1.3892457078089748,4.0,u
0.4757770597934723,0.8596553206443787,0.5131464004516602,29,L640_sub00732,0.4040506184101105,0.1922380030155182,0.14034466445446014,parallel,11.578630163468675,2.2516480448839387,6.942016168184753,5.0,B
0.4757770597934723,0.8596553206443787,0.5131464004516602,29,L640_sub00732,0.4040506184101105,0.1922380030155182,0.14034466445446014,xi,2.4275082823348884,1.6850906627559907,2.2174778761995095,5.0,B
0.4757770597934723,0.8596553206443787,0.5131464004516602,29,L640_sub00732,0.4040506184101105,0.1922380030155182,0.14034466445446014,lambda,4.30333663356532,1.8741675231710573,2.9523673739641034,5.0,B
0.4757770597934723,0.8596553206443787,0.5131464004516602,29,L640_sub00732,0.4040506184101105,0.1922380030155182,0.14034466445446014,parallel,6.010233636740446,2.1510605389429776,4.1301401774767665,5.0,u
0.4757770597934723,0.8596553206443787,0.5131464004516602,29,L640_sub00732,0.4040506184101105,0.1922380030155182,0.14034466445446014,xi,1.8219716874277498,1.2306176279794987,1.5666366674226615,5.0,u
0.4757770597934723,0.8596553206443787,0.5131464004516602,29,L640_sub00732,0.4040506184101105,0.1922380030155182,0.14034466445446014,lambda,1.7970514913675484,1.1575531547459175,1.5958558740197966,5.0,u
0.4757770597934723,0.8596553206443787,0.5131464004516602,29,L640_sub00732,0.4040506184101105,0.1922380030155182,0.14034466445446014,parallel,22.607923091842945,2.794379859226122,10.714160272300031,6.0,B
0.4757770597934723,0.8596553206443787,0.5131464004516602,29,L640_sub00732,0.4040506184101105,0.1922380030155182,0.14034466445446014,xi,3.424101354635144,2.2225291037382093,3.13555072823987,6.0,B
0.4757770597934723,0.8596553206443787,0.5131464004516602,29,L640_sub00732,0.4040506184101105,0.1922380030155182,0.14034466445446014,lambda,5.799645639299382,2.15952623069976,3.756818352255386,6.0,B
0.4757770597934723,0.8596553206443787,0.5131464004516602,29,L640_sub00732,0.4040506184101105,0.1922380030155182,0.14034466445446014,parallel,12.952583949104392,2.728813552666036,7.0241114123792645,6.0,u
0.4757770597934723,0.8596553206443787,0.5131464004516602,29,L640_sub00732,0.4040506184101105,0.1922380030155182,0.14034466445446014,xi,2.633022498257184,1.3560069102651773,1.740822192921446,6.0,u
0.4757770597934723,0.8596553206443787,0.5131464004516602,29,L640_sub00732,0.4040506184101105,0.1922380030155182,0.14034466445446014,lambda,2.212743338690737,1.1794670481154979,1.7860549833097084,6.0,u
0.2508369982242584,0.3519156277179718,0.4228363335132599,29,L640_sub02000,1.3570520877838135,0.3403988480567932,0.6480844020843506,parallel,1.150324095123141,1.0290959685803376,1.0889378046872267,1.0,B
0.2508369982242584,0.3519156277179718,0.4228363335132599,29,L640_sub02000,1.3570520877838135,0.3403988480567932,0.6480844020843506,xi,1.075500535776159,1.0204593956167358,1.0526100861147352,1.0,B
0.2508369982242584,0.3519156277179718,0.4228363335132599,29,L640_sub02000,1.3570520877838135,0.3403988480567932,0.6480844020843506,lambda,1.114546188213856,1.0224025754587145,1.0478342818728603,1.0,B
0.2508369982242584,0.3519156277179718,0.4228363335132599,29,L640_sub02000,1.3570520877838135,0.3403988480567932,0.6480844020843506,parallel,1.0717758030836717,1.0210130257827292,1.0610530975824444,1.0,u
0.2508369982242584,0.3519156277179718,0.4228363335132599,29,L640_sub02000,1.3570520877838135,0.3403988480567932,0.6480844020843506,xi,1.0709116369051628,1.0134865096050198,1.0366433499839627,1.0,u
0.2508369982242584,0.3519156277179718,0.4228363335132599,29,L640_sub02000,1.3570520877838135,0.3403988480567932,0.6480844020843506,lambda,1.0850347375999951,1.016863435044712,1.044194697067722,1.0,u
0.2508369982242584,0.3519156277179718,0.4228363335132599,29,L640_sub02000,1.3570520877838135,0.3403988480567932,0.6480844020843506,parallel,1.3453607118264568,1.0622734449801936,1.1772715277802086,2.0,B
0.2508369982242584,0.3519156277179718,0.4228363335132599,29,L640_sub02000,1.3570520877838135,0.3403988480567932,0.6480844020843506,xi,1.181732119185452,1.0381580549981253,1.1112259328832608,2.0,B
0.2508369982242584,0.3519156277179718,0.4228363335132599,29,L640_sub02000,1.3570520877838135,0.3403988480567932,0.6480844020843506,lambda,1.292567828494798,1.039816368852078,1.1488046945647585,2.0,B
0.2508369982242584,0.3519156277179718,0.4228363335132599,29,L640_sub02000,1.3570520877838135,0.3403988480567932,0.6480844020843506,parallel,1.163515003577626,1.047734894429884,1.111389653809211,2.0,u
0.2508369982242584,0.3519156277179718,0.4228363335132599,29,L640_sub02000,1.3570520877838135,0.3403988480567932,0.6480844020843506,xi,1.1592121094957513,1.0379252853275824,1.0904739731463529,2.0,u
0.2508369982242584,0.3519156277179718,0.4228363335132599,29,L640_sub02000,1.3570520877838135,0.3403988480567932,0.6480844020843506,lambda,1.1969635148864695,1.0394325580369377,1.1031359038175355,2.0,u
0.2508369982242584,0.3519156277179718,0.4228363335132599,29,L640_sub02000,1.3570520877838135,0.3403988480567932,0.6480844020843506,parallel,1.5366158246403536,1.1624512481205314,1.3412565050088285,3.0,B
0.2508369982242584,0.3519156277179718,0.4228363335132599,29,L640_sub02000,1.3570520877838135,0.3403988480567932,0.6480844020843506,xi,1.4839937656468671,1.0570123988283426,1.2089553426164703,3.0,B
0.2508369982242584,0.3519156277179718,0.4228363335132599,29,L640_sub02000,1.3570520877838135,0.3403988480567932,0.6480844020843506,lambda,1.5738055088833955,1.0671470726718775,1.2905388282432049,3.0,B
0.2508369982242584,0.3519156277179718,0.4228363335132599,29,L640_sub02000,1.3570520877838135,0.3403988480567932,0.6480844020843506,parallel,1.3102705422168235,1.1050233185968932,1.2348749968945938,3.0,u
0.2508369982242584,0.3519156277179718,0.4228363335132599,29,L640_sub02000,1.3570520877838135,0.3403988480567932,0.6480844020843506,xi,1.2764396870402792,1.0974189900947167,1.237663325906042,3.0,u
0.2508369982242584,0.3519156277179718,0.4228363335132599,29,L640_sub02000,1.3570520877838135,0.3403988480567932,0.6480844020843506,lambda,1.3984691930757396,1.1082925779145922,1.2031383984287165,3.0,u
0.2508369982242584,0.3519156277179718,0.4228363335132599,29,L640_sub02000,1.3570520877838135,0.3403988480567932,0.6480844020843506,parallel,1.6806974076635668,1.2422109341493128,1.6373018797854992,4.0,B
0.2508369982242584,0.3519156277179718,0.4228363335132599,29,L640_sub02000,1.3570520877838135,0.3403988480567932,0.6480844020843506,xi,2.0144229092189816,1.088914718552646,1.4005665400796166,4.0,B
0.2508369982242584,0.3519156277179718,0.4228363335132599,29,L640_sub02000,1.3570520877838135,0.3403988480567932,0.6480844020843506,lambda,1.9666791525599308,1.1057404932729502,1.4804130053128266,4.0,B
0.2508369982242584,0.3519156277179718,0.4228363335132599,29,L640_sub02000,1.3570520877838135,0.3403988480567932,0.6480844020843506,parallel,1.6493719001713045,1.2039507240610463,1.4731861848466115,4.0,u
0.2508369982242584,0.3519156277179718,0.4228363335132599,29,L640_sub02000,1.3570520877838135,0.3403988480567932,0.6480844020843506,xi,1.7771301806825077,1.246588038196539,1.4426789524485777,4.0,u
0.2508369982242584,0.3519156277179718,0.4228363335132599,29,L640_sub02000,1.3570520877838135,0.3403988480567932,0.6480844020843506,lambda,1.666939321055938,1.1699068040761547,1.3968194580981426,4.0,u
0.2508369982242584,0.3519156277179718,0.4228363335132599,29,L640_sub02000,1.3570520877838135,0.3403988480567932,0.6480844020843506,parallel,2.09983776134435,1.3606060703702998,1.8796468910893653,5.0,B
0.2508369982242584,0.3519156277179718,0.4228363335132599,29,L640_sub02000,1.3570520877838135,0.3403988480567932,0.6480844020843506,xi,2.77217422375211,1.1433580725401717,1.6621024014076127,5.0,B
0.2508369982242584,0.3519156277179718,0.4228363335132599,29,L640_sub02000,1.3570520877838135,0.3403988480567932,0.6480844020843506,lambda,2.439313550797752,1.1812898641791543,1.7046166926753985,5.0,B
0.2508369982242584,0.3519156277179718,0.4228363335132599,29,L640_sub02000,1.3570520877838135,0.3403988480567932,0.6480844020843506,parallel,3.0114848196223822,1.400988471215255,1.8548549946671111,5.0,u
0.2508369982242584,0.3519156277179718,0.4228363335132599,29,L640_sub02000,1.3570520877838135,0.3403988480567932,0.6480844020843506,xi,3.118402617077921,1.5118368773823088,1.8254238215167107,5.0,u
0.2508369982242584,0.3519156277179718,0.4228363335132599,29,L640_sub02000,1.3570520877838135,0.3403988480567932,0.6480844020843506,lambda,1.9525305427787327,1.3084125422962034,1.7125815773582826,5.0,u
0.2508369982242584,0.3519156277179718,0.4228363335132599,29,L640_sub02000,1.3570520877838135,0.3403988480567932,0.6480844020843506,parallel,2.5588956902921827,1.4524615200131175,2.2948191192879737,6.0,B
0.2508369982242584,0.3519156277179718,0.4228363335132599,29,L640_sub02000,1.3570520877838135,0.3403988480567932,0.6480844020843506,xi,3.737639272117565,1.2630516788467059,2.2202182488787847,6.0,B
0.2508369982242584,0.3519156277179718,0.4228363335132599,29,L640_sub02000,1.3570520877838135,0.3403988480567932,0.6480844020843506,lambda,2.9540366024701297,1.2439575365629716,1.9409415818082727,6.0,B
0.2508369982242584,0.3519156277179718,0.4228363335132599,29,L640_sub02000,1.3570520877838135,0.3403988480567932,0.6480844020843506,parallel,6.243971430946228,1.6260703896772675,2.6472565432988597,6.0,u
0.2508369982242584,0.3519156277179718,0.4228363335132599,29,L640_sub02000,1.3570520877838135,0.3403988480567932,0.6480844020843506,xi,6.314679553537169,1.7585367106828371,2.711236671738946,6.0,u
0.2508369982242584,0.3519156277179718,0.4228363335132599,29,L640_sub02000,1.3570520877838135,0.3403988480567932,0.6480844020843506,lambda,2.201920794522934,1.5276776625558017,2.15688949315872,6.0,u
0.5627098083496094,0.8368735909461975,0.6151124835014343,29,L640_sub02602,0.4415014982223511,0.24843721091747284,0.1631263941526413,parallel,1.3009797257768625,1.0973970623855605,1.2428328550530794,1.0,B
0.5627098083496094,0.8368735909461975,0.6151124835014343,29,L640_sub02602,0.4415014982223511,0.24843721091747284,0.1631263941526413,xi,1.291935073409026,1.065825845369187,1.2149924204392566,1.0,B
0.5627098083496094,0.8368735909461975,0.6151124835014343,29,L640_sub02602,0.4415014982223511,0.24843721091747284,0.1631263941526413,lambda,1.203142067457533,1.0805795396167472,1.1467272795848256,1.0,B
0.5627098083496094,0.8368735909461975,0.6151124835014343,29,L640_sub02602,0.4415014982223511,0.24843721091747284,0.1631263941526413,parallel,1.4618839946740168,1.1498769755877185,1.3792475639687936,1.0,u
0.5627098083496094,0.8368735909461975,0.6151124835014343,29,L640_sub02602,0.4415014982223511,0.24843721091747284,0.1631263941526413,xi,1.532568956935355,1.1286972295139024,1.4602021249028267,1.0,u
0.5627098083496094,0.8368735909461975,0.6151124835014343,29,L640_sub02602,0.4415014982223511,0.24843721091747284,0.1631263941526413,lambda,1.2990193969362673,1.099142012649025,1.2509169507569864,1.0,u
0.5627098083496094,0.8368735909461975,0.6151124835014343,29,L640_sub02602,0.4415014982223511,0.24843721091747284,0.1631263941526413,parallel,1.990047434321501,1.3237499711117087,1.6988448226040616,2.0,B
0.5627098083496094,0.8368735909461975,0.6151124835014343,29,L640_sub02602,0.4415014982223511,0.24843721091747284,0.1631263941526413,xi,1.9689541462906825,1.1668685724602694,1.7358513060908898,2.0,B
0.5627098083496094,0.8368735909461975,0.6151124835014343,29,L640_sub02602,0.4415014982223511,0.24843721091747284,0.1631263941526413,lambda,1.6645452905316775,1.2800321512757533,1.5747528452978752,2.0,B
0.5627098083496094,0.8368735909461975,0.6151124835014343,29,L640_sub02602,0.4415014982223511,0.24843721091747284,0.1631263941526413,parallel,2.4403989774548704,1.312972008359861,1.9507108720927562,2.0,u
0.5627098083496094,0.8368735909461975,0.6151124835014343,29,L640_sub02602,0.4415014982223511,0.24843721091747284,0.1631263941526413,xi,2.9393595471523604,1.295770400044589,2.536076036632235,2.0,u
0.5627098083496094,0.8368735909461975,0.6151124835014343,29,L640_sub02602,0.4415014982223511,0.24843721091747284,0.1631263941526413,lambda,1.8282667230712613,1.255280833200522,1.7181180820172348,2.0,u
0.5627098083496094,0.8368735909461975,0.6151124835014343,29,L640_sub02602,0.4415014982223511,0.24843721091747284,0.1631263941526413,parallel,3.5283940198443187,1.6763439931605708,2.521418937499439,3.0,B
0.5627098083496094,0.8368735909461975,0.6151124835014343,29,L640_sub02602,0.4415014982223511,0.24843721091747284,0.1631263941526413,xi,3.451406595404855,1.2813768599467066,2.613984686683952,3.0,B
0.5627098083496094,0.8368735909461975,0.6151124835014343,29,L640_sub02602,0.4415014982223511,0.24843721091747284,0.1631263941526413,lambda,2.5840818754443253,1.4672654480762102,2.329714688286012,3.0,B
0.5627098083496094,0.8368735909461975,0.6151124835014343,29,L640_sub02602,0.4415014982223511,0.24843721091747284,0.1631263941526413,parallel,4.750678285405409,1.5150322707438995,2.7304170935488834,3.0,u
0.5627098083496094,0.8368735909461975,0.6151124835014343,29,L640_sub02602,0.4415014982223511,0.24843721091747284,0.1631263941526413,xi,6.431116341574448,1.4056358876592907,4.9630338712112385,3.0,u
0.5627098083496094,0.8368735909461975,0.6151124835014343,29,L640_sub02602,0.4415014982223511,0.24843721091747284,0.1631263941526413,lambda,2.60026137105899,1.399146448068934,2.3104593299784284,3.0,u
0.5627098083496094,0.8368735909461975,0.6151124835014343,29,L640_sub02602,0.4415014982223511,0.24843721091747284,0.1631263941526413,parallel,6.469079585664376,2.2546448292417636,4.137952107230089,4.0,B
0.5627098083496094,0.8368735909461975,0.6151124835014343,29,L640_sub02602,0.4415014982223511,0.24843721091747284,0.1631263941526413,xi,7.061918040312459,1.434107687823715,3.6573671970697523,4.0,B
0.5627098083496094,0.8368735909461975,0.6151124835014343,29,L640_sub02602,0.4415014982223511,0.24843721091747284,0.1631263941526413,lambda,4.8120887891031225,1.6212751181895932,3.09283157732176,4.0,B
0.5627098083496094,0.8368735909461975,0.6151124835014343,29,L640_sub02602,0.4415014982223511,0.24843721091747284,0.1631263941526413,parallel,11.016062879527215,1.8824823962543642,3.989349815159553,4.0,u
0.5627098083496094,0.8368735909461975,0.6151124835014343,29,L640_sub02602,0.4415014982223511,0.24843721091747284,0.1631263941526413,xi,14.818174477037525,1.4922670929973065,10.106766164813841,4.0,u
0.5627098083496094,0.8368735909461975,0.6151124835014343,29,L640_sub02602,0.4415014982223511,0.24843721091747284,0.1631263941526413,lambda,3.7209438209535493,1.4466698132670073,2.826280289580192,4.0,u
0.5627098083496094,0.8368735909461975,0.6151124835014343,29,L640_sub02602,0.4415014982223511,0.24843721091747284,0.1631263941526413,parallel,12.048124009104045,2.813607072928153,7.599407798533981,5.0,B
0.5627098083496094,0.8368735909461975,0.6151124835014343,29,L640_sub02602,0.4415014982223511,0.24843721091747284,0.1631263941526413,xi,15.302151646017345,1.5888464434539715,4.693466833132566,5.0,B
0.5627098083496094,0.8368735909461975,0.6151124835014343,29,L640_sub02602,0.4415014982223511,0.24843721091747284,0.1631263941526413,lambda,9.6667258270789,1.6481694046443902,3.8720293871856453,5.0,B
0.5627098083496094,0.8368735909461975,0.6151124835014343,29,L640_sub02602,0.4415014982223511,0.24843721091747284,0.1631263941526413,parallel,29.889835781611758,2.3646435639339933,5.978576168912161,5.0,u
0.5627098083496094,0.8368735909461975,0.6151124835014343,29,L640_sub02602,0.4415014982223511,0.24843721091747284,0.1631263941526413,xi,35.127686917032456,1.5925629059407798,20.94169540645521,5.0,u
0.5627098083496094,0.8368735909461975,0.6151124835014343,29,L640_sub02602,0.4415014982223511,0.24843721091747284,0.1631263941526413,lambda,5.35116049372886,1.5441326033061242,3.139320918221562,5.0,u
0.5627098083496094,0.8368735909461975,0.6151124835014343,29,L640_sub02602,0.4415014982223511,0.24843721091747284,0.1631263941526413,parallel,27.83525686779968,3.7541453187140306,13.514690918159488,6.0,B
0.5627098083496094,0.8368735909461975,0.6151124835014343,29,L640_sub02602,0.4415014982223511,0.24843721091747284,0.1631263941526413,xi,33.66796993580702,1.8112818818263836,6.1167563834532555,6.0,B
0.5627098083496094,0.8368735909461975,0.6151124835014343,29,L640_sub02602,0.4415014982223511,0.24843721091747284,0.1631263941526413,lambda,20.094382854644834,1.7137335399517752,5.014552979583017,6.0,B
0.5627098083496094,0.8368735909461975,0.6151124835014343,29,L640_sub02602,0.4415014982223511,0.24843721091747284,0.1631263941526413,parallel,88.48813484707684,2.790521662706383,11.237597805748877,6.0,u
0.5627098083496094,0.8368735909461975,0.6151124835014343,29,L640_sub02602,0.4415014982223511,0.24843721091747284,0.1631263941526413,xi,85.61624064186746,1.777282310323562,44.22647127297752,6.0,u
0.5627098083496094,0.8368735909461975,0.6151124835014343,29,L640_sub02602,0.4415014982223511,0.24843721091747284,0.1631263941526413,lambda,7.492301077039879,1.7015973820532075,3.4849746133641477,6.0,u
0.3325652480125427,0.3978487253189087,0.5272516012191772,29,L640_sub02249,1.2302511930465698,0.40913882851600647,0.6021512746810913,parallel,1.3613469542438363,1.0740049007941468,1.2398998076641818,1.0,B
0.3325652480125427,0.3978487253189087,0.5272516012191772,29,L640_sub02249,1.2302511930465698,0.40913882851600647,0.6021512746810913,xi,1.1753500802285042,1.0824553682417244,1.142473958114047,1.0,B
0.3325652480125427,0.3978487253189087,0.5272516012191772,29,L640_sub02249,1.2302511930465698,0.40913882851600647,0.6021512746810913,lambda,1.0837639723276928,1.0332088262873518,1.0667929423574023,1.0,B
0.3325652480125427,0.3978487253189087,0.5272516012191772,29,L640_sub02249,1.2302511930465698,0.40913882851600647,0.6021512746810913,parallel,1.0923385014359899,1.0192935697064165,1.043696904721919,1.0,u
0.3325652480125427,0.3978487253189087,0.5272516012191772,29,L640_sub02249,1.2302511930465698,0.40913882851600647,0.6021512746810913,xi,1.0708459489959155,1.0271810813387634,1.053426248731822,1.0,u
0.3325652480125427,0.3978487253189087,0.5272516012191772,29,L640_sub02249,1.2302511930465698,0.40913882851600647,0.6021512746810913,lambda,1.1545805533783164,1.0386556566956473,1.1332387304594471,1.0,u
0.3325652480125427,0.3978487253189087,0.5272516012191772,29,L640_sub02249,1.2302511930465698,0.40913882851600647,0.6021512746810913,parallel,1.7225889495080666,1.114984042068016,1.490514782852471,2.0,B
0.3325652480125427,0.3978487253189087,0.5272516012191772,29,L640_sub02249,1.2302511930465698,0.40913882851600647,0.6021512746810913,xi,1.3438455288741586,1.164049889806606,1.2679937084666852,2.0,B
0.3325652480125427,0.3978487253189087,0.5272516012191772,29,L640_sub02249,1.2302511930465698,0.40913882851600647,0.6021512746810913,lambda,1.154553960254622,1.0627251226725998,1.1166895877114136,2.0,B
0.3325652480125427,0.3978487253189087,0.5272516012191772,29,L640_sub02249,1.2302511930465698,0.40913882851600647,0.6021512746810913,parallel,1.2489048227573973,1.0499120750002857,1.1051163445993166,2.0,u
0.3325652480125427,0.3978487253189087,0.5272516012191772,29,L640_sub02249,1.2302511930465698,0.40913882851600647,0.6021512746810913,xi,1.1405787384459163,1.0623329189839514,1.089635234834918,2.0,u
0.3325652480125427,0.3978487253189087,0.5272516012191772,29,L640_sub02249,1.2302511930465698,0.40913882851600647,0.6021512746810913,lambda,1.3814590773321116,1.0877325787644425,1.293368196803188,2.0,u
0.3325652480125427,0.3978487253189087,0.5272516012191772,29,L640_sub02249,1.2302511930465698,0.40913882851600647,0.6021512746810913,parallel,2.0406546711669953,1.1664388294886854,1.7027272162840288,3.0,B
0.3325652480125427,0.3978487253189087,0.5272516012191772,29,L640_sub02249,1.2302511930465698,0.40913882851600647,0.6021512746810913,xi,1.494197975686029,1.2056006832381714,1.3891830815145876,3.0,B
0.3325652480125427,0.3978487253189087,0.5272516012191772,29,L640_sub02249,1.2302511930465698,0.40913882851600647,0.6021512746810913,lambda,1.19403616526999,1.0970662449021027,1.1544727940762671,3.0,B
0.3325652480125427,0.3978487253189087,0.5272516012191772,29,L640_sub02249,1.2302511930465698,0.40913882851600647,0.6021512746810913,parallel,1.5342489953048934,1.088874773235646,1.2458461522432909,3.0,u
0.3325652480125427,0.3978487253189087,0.5272516012191772,29,L640_sub02249,1.2302511930465698,0.40913882851600647,0.6021512746810913,xi,1.1918163202614827,1.0837898714813776,1.1338267362820267,3.0,u
0.3325652480125427,0.3978487253189087,0.5272516012191772,29,L640_sub02249,1.2302511930465698,0.40913882851600647,0.6021512746810913,lambda,1.6633262752818123,1.1567376372335,1.4877074436485835,3.0,u
0.3325652480125427,0.3978487253189087,0.5272516012191772,29,L640_sub02249,1.2302511930465698,0.40913882851600647,0.6021512746810913,parallel,2.3336467658421576,1.3178304314574443,1.8460182474743134,4.0,B
0.3325652480125427,0.3978487253189087,0.5272516012191772,29,L640_sub02249,1.2302511930465698,0.40913882851600647,0.6021512746810913,xi,1.6287455540459725,1.2868219229581324,1.45703213052706,4.0,B
0.3325652480125427,0.3978487253189087,0.5272516012191772,29,L640_sub02249,1.2302511930465698,0.40913882851600647,0.6021512746810913,lambda,1.2922312322479799,1.109942676507246,1.2112432787105214,4.0,B
0.3325652480125427,0.3978487253189087,0.5272516012191772,29,L640_sub02249,1.2302511930465698,0.40913882851600647,0.6021512746810913,parallel,2.4932845677482995,1.1851135657328098,1.6998097547087707,4.0,u
0.3325652480125427,0.3978487253189087,0.5272516012191772,29,L640_sub02249,1.2302511930465698,0.40913882851600647,0.6021512746810913,xi,1.533882755206669,1.1124128589165725,1.245035078370954,4.0,u
0.3325652480125427,0.3978487253189087,0.5272516012191772,29,L640_sub02249,1.2302511930465698,0.40913882851600647,0.6021512746810913,lambda,1.9819864678394998,1.191386357097945,1.707464142671897,4.0,u
0.3325652480125427,0.3978487253189087,0.5272516012191772,29,L640_sub02249,1.2302511930465698,0.40913882851600647,0.6021512746810913,parallel,2.631078771604727,1.4635991716857142,2.0348659069312385,5.0,B
0.3325652480125427,0.3978487253189087,0.5272516012191772,29,L640_sub02249,1.2302511930465698,0.40913882851600647,0.6021512746810913,xi,1.7595173411863745,1.2929017046988391,1.5411738194950857,5.0,B
0.3325652480125427,0.3978487253189087,0.5272516012191772,29,L640_sub02249,1.2302511930465698,0.40913882851600647,0.6021512746810913,lambda,1.505951363288187,1.1050284243151673,1.2191441894728792,5.0,B
0.3325652480125427,0.3978487253189087,0.5272516012191772,29,L640_sub02249,1.2302511930465698,0.40913882851600647,0.6021512746810913,parallel,4.544483902925749,1.4448012569371256,2.191279895850863,5.0,u
0.3325652480125427,0.3978487253189087,0.5272516012191772,29,L640_sub02249,1.2302511930465698,0.40913882851600647,0.6021512746810913,xi,2.547100853988988,1.151167932320266,1.5303037343829229,5.0,u
0.3325652480125427,0.3978487253189087,0.5272516012191772,29,L640_sub02249,1.2302511930465698,0.40913882851600647,0.6021512746810913,lambda,2.322568759539559,1.2091430073582656,1.9737031770584976,5.0,u
0.3325652480125427,0.3978487253189087,0.5272516012191772,29,L640_sub02249,1.2302511930465698,0.40913882851600647,0.6021512746810913,parallel,2.953425865362073,1.563529114749176,2.3166073729754166,6.0,B
0.3325652480125427,0.3978487253189087,0.5272516012191772,29,L640_sub02249,1.2302511930465698,0.40913882851600647,0.6021512746810913,xi,2.1163382933063692,1.264702886655288,1.8068679188951589,6.0,B
0.3325652480125427,0.3978487253189087,0.5272516012191772,29,L640_sub02249,1.2302511930465698,0.40913882851600647,0.6021512746810913,lambda,1.7713222046583508,1.1171851492632145,1.2855949985970248,6.0,B
0.3325652480125427,0.3978487253189087,0.5272516012191772,29,L640_sub02249,1.2302511930465698,0.40913882851600647,0.6021512746810913,parallel,8.373837550110643,1.4771475621133534,2.678610873561951,6.0,u
0.3325652480125427,0.3978487253189087,0.5272516012191772,29,L640_sub02249,1.2302511930465698,0.40913882851600647,0.6021512746810913,xi,4.984535741079094,1.2020256655568304,2.1358184724862066,6.0,u
0.3325652480125427,0.3978487253189087,0.5272516012191772,29,L640_sub02249,1.2302511930465698,0.40913882851600647,0.6021512746810913,lambda,2.67749141632491,1.2473108125867636,2.294118983966606,6.0,u
0.018953079357743263,0.0004996524075977504,0.847902238368988,29,L640_sub00738,44.72573471069336,0.8476903438568115,0.9995003342628479,parallel,1.2343402594940416,1.129474233547272,1.2080906682054924,1.0,B
0.018953079357743263,0.0004996524075977504,0.847902238368988,29,L640_sub00738,44.72573471069336,0.8476903438568115,0.9995003342628479,xi,1.2115817277490446,1.0987943140865437,1.1616351920533505,1.0,B
0.018953079357743263,0.0004996524075977504,0.847902238368988,29,L640_sub00738,44.72573471069336,0.8476903438568115,0.9995003342628479,lambda,1.1086636899805349,1.0656593342512042,1.0965316701618109,1.0,B
0.018953079357743263,0.0004996524075977504,0.847902238368988,29,L640_sub00738,44.72573471069336,0.8476903438568115,0.9995003342628479,parallel,1.153325098187042,1.0759638831204748,1.1297791590600812,1.0,u
0.018953079357743263,0.0004996524075977504,0.847902238368988,29,L640_sub00738,44.72573471069336,0.8476903438568115,0.9995003342628479,xi,1.0786052614662591,1.0260969335745196,1.0522059686011938,1.0,u
0.018953079357743263,0.0004996524075977504,0.847902238368988,29,L640_sub00738,44.72573471069336,0.8476903438568115,0.9995003342628479,lambda,1.0580706539619256,1.0227471392556888,1.049538690495454,1.0,u
0.018953079357743263,0.0004996524075977504,0.847902238368988,29,L640_sub00738,44.72573471069336,0.8476903438568115,0.9995003342628479,parallel,1.4002393095106966,1.2140584681998035,1.366425403172281,2.0,B
0.018953079357743263,0.0004996524075977504,0.847902238368988,29,L640_sub00738,44.72573471069336,0.8476903438568115,0.9995003342628479,xi,1.3794968586593408,1.196072425265817,1.3070974276181693,2.0,B
0.018953079357743263,0.0004996524075977504,0.847902238368988,29,L640_sub00738,44.72573471069336,0.8476903438568115,0.9995003342628479,lambda,1.1913940167310795,1.0909946296911728,1.1695660312136675,2.0,B
0.018953079357743263,0.0004996524075977504,0.847902238368988,29,L640_sub00738,44.72573471069336,0.8476903438568115,0.9995003342628479,parallel,1.34202477159555,1.135787133915698,1.3005922449544727,2.0,u
0.018953079357743263,0.0004996524075977504,0.847902238368988,29,L640_sub00738,44.72573471069336,0.8476903438568115,0.9995003342628479,xi,1.2040013924160675,1.0765157890686756,1.1446006546479506,2.0,u
0.018953079357743263,0.0004996524075977504,0.847902238368988,29,L640_sub00738,44.72573471069336,0.8476903438568115,0.9995003342628479,lambda,1.1494532414682799,1.0690802994425048,1.1344730601849582,2.0,u
0.018953079357743263,0.0004996524075977504,0.847902238368988,29,L640_sub00738,44.72573471069336,0.8476903438568115,0.9995003342628479,parallel,1.5826099154068234,1.253841742860166,1.4617117397689428,3.0,B
0.018953079357743263,0.0004996524075977504,0.847902238368988,29,L640_sub00738,44.72573471069336,0.8476903438568115,0.9995003342628479,xi,1.495991354687951,1.2646062326372232,1.4254919097268424,3.0,B
0.018953079357743263,0.0004996524075977504,0.847902238368988,29,L640_sub00738,44.72573471069336,0.8476903438568115,0.9995003342628479,lambda,1.2732719026033654,1.0903885932633341,1.204916491913741,3.0,B
0.018953079357743263,0.0004996524075977504,0.847902238368988,29,L640_sub00738,44.72573471069336,0.8476903438568115,0.9995003342628479,parallel,1.5954314071730549,1.1787470908964106,1.4896430955835933,3.0,u
0.018953079357743263,0.0004996524075977504,0.847902238368988,29,L640_sub00738,44.72573471069336,0.8476903438568115,0.9995003342628479,xi,1.374564911217561,1.1496165168885408,1.2492403687085647,3.0,u
0.018953079357743263,0.0004996524075977504,0.847902238368988,29,L640_sub00738,44.72573471069336,0.8476903438568115,0.9995003342628479,lambda,1.276574621471572,1.0968865562996497,1.2548292722488945,3.0,u
0.018953079357743263,0.0004996524075977504,0.847902238368988,29,L640_sub00738,44.72573471069336,0.8476903438568115,0.9995003342628479,parallel,1.6931603075250476,1.2557027460080759,1.5244726432923585,4.0,B
0.018953079357743263,0.0004996524075977504,0.847902238368988,29,L640_sub00738,44.72573471069336,0.8476903438568115,0.9995003342628479,xi,1.5769183374503928,1.3044821293506348,1.5398316447307117,4.0,B
0.018953079357743263,0.0004996524075977504,0.847902238368988,29,L640_sub00738,44.72573471069336,0.8476903438568115,0.9995003342628479,lambda,1.3311721813447563,1.0916228763406202,1.2269021993278288,4.0,B
0.018953079357743263,0.0004996524075977504,0.847902238368988,29,L640_sub00738,44.72573471069336,0.8476903438568115,0.9995003342628479,parallel,1.8715434173701873,1.290430835984059,1.7210330823366577,4.0,u
0.018953079357743263,0.0004996524075977504,0.847902238368988,29,L640_sub00738,44.72573471069336,0.8476903438568115,0.9995003342628479,xi,1.6112423174379693,1.230294834858922,1.3929387163165408,4.0,u
0.018953079357743263,0.0004996524075977504,0.847902238368988,29,L640_sub00738,44.72573471069336,0.8476903438568115,0.9995003342628479,lambda,1.5005368708846076,1.1252659838523569,1.4066267981938434,4.0,u
0.018953079357743263,0.0004996524075977504,0.847902238368988,29,L640_sub00738,44.72573471069336,0.8476903438568115,0.9995003342628479,parallel,1.7494525855061474,1.2729794720943768,1.5803409845989862,5.0,B
0.018953079357743263,0.0004996524075977504,0.847902238368988,29,L640_sub00738,44.72573471069336,0.8476903438568115,0.9995003342628479,xi,1.706406712273767,1.4366055147703638,1.6350700731485874,5.0,B
0.018953079357743263,0.0004996524075977504,0.847902238368988,29,L640_sub00738,44.72573471069336,0.8476903438568115,0.9995003342628479,lambda,1.370711446258288,1.0577360459586949,1.289905918240719,5.0,B
0.018953079357743263,0.0004996524075977504,0.847902238368988,29,L640_sub00738,44.72573471069336,0.8476903438568115,0.9995003342628479,parallel,2.248811467394646,1.408674127847739,2.1358392253600007,5.0,u
0.018953079357743263,0.0004996524075977504,0.847902238368988,29,L640_sub00738,44.72573471069336,0.8476903438568115,0.9995003342628479,xi,1.845580022788666,1.239687265524265,1.5377870943432466,5.0,u
0.018953079357743263,0.0004996524075977504,0.847902238368988,29,L640_sub00738,44.72573471069336,0.8476903438568115,0.9995003342628479,lambda,1.9439827898069482,1.2009897762859008,1.5735790295890069,5.0,u
0.018953079357743263,0.0004996524075977504,0.847902238368988,29,L640_sub00738,44.72573471069336,0.8476903438568115,0.9995003342628479,parallel,1.7723079222696725,1.247558369322332,1.6018662358148776,6.0,B
0.018953079357743263,0.0004996524075977504,0.847902238368988,29,L640_sub00738,44.72573471069336,0.8476903438568115,0.9995003342628479,xi,1.9741667294434997,1.495564723716989,1.7885413682158107,6.0,B
0.018953079357743263,0.0004996524075977504,0.847902238368988,29,L640_sub00738,44.72573471069336,0.8476903438568115,0.9995003342628479,lambda,1.396738538941173,1.0749148141731313,1.3549532616945175,6.0,B
0.018953079357743263,0.0004996524075977504,0.847902238368988,29,L640_sub00738,44.72573471069336,0.8476903438568115,0.9995003342628479,parallel,3.2365864668925832,1.4841435606218851,2.6730027650354913,6.0,u
0.018953079357743263,0.0004996524075977504,0.847902238368988,29,L640_sub00738,44.72573471069336,0.8476903438568115,0.9995003342628479,xi,2.0511658452212047,1.2778621299607322,1.8723810509016008,6.0,u
0.018953079357743263,0.0004996524075977504,0.847902238368988,29,L640_sub00738,44.72573471069336,0.8476903438568115,0.9995003342628479,lambda,2.647450506828692,1.2744035086625622,1.8248861906033342,6.0,u
0.6099863052368164,0.20063647627830505,1.3618056774139404,29,L640_sub01591,1.9960306882858276,1.217551350593567,0.7993635535240173,parallel,1.2404979292872618,1.0501025422750525,1.1437474017415998,1.0,B
0.6099863052368164,0.20063647627830505,1.3618056774139404,29,L640_sub01591,1.9960306882858276,1.217551350593567,0.7993635535240173,xi,1.3018760139170544,1.0629484751453697,1.2037409728634971,1.0,B
0.6099863052368164,0.20063647627830505,1.3618056774139404,29,L640_sub01591,1.9960306882858276,1.217551350593567,0.7993635535240173,lambda,1.2493804395770283,1.0794629058067007,1.1722581928043705,1.0,B
0.6099863052368164,0.20063647627830505,1.3618056774139404,29,L640_sub01591,1.9960306882858276,1.217551350593567,0.7993635535240173,parallel,1.1954295743820231,1.0420837969413406,1.1239553387944001,1.0,u
0.6099863052368164,0.20063647627830505,1.3618056774139404,29,L640_sub01591,1.9960306882858276,1.217551350593567,0.7993635535240173,xi,1.173486972018297,1.0453559887665462,1.118951573504546,1.0,u
0.6099863052368164,0.20063647627830505,1.3618056774139404,29,L640_sub01591,1.9960306882858276,1.217551350593567,0.7993635535240173,lambda,1.0931345836955817,1.0195789213339812,1.066899643602214,1.0,u
0.6099863052368164,0.20063647627830505,1.3618056774139404,29,L640_sub01591,1.9960306882858276,1.217551350593567,0.7993635535240173,parallel,1.732281112984489,1.217491960888861,1.4478169823549434,2.0,B
0.6099863052368164,0.20063647627830505,1.3618056774139404,29,L640_sub01591,1.9960306882858276,1.217551350593567,0.7993635535240173,xi,1.6441650331724098,1.1579624700279274,1.4350656381122762,2.0,B
0.6099863052368164,0.20063647627830505,1.3618056774139404,29,L640_sub01591,1.9960306882858276,1.217551350593567,0.7993635535240173,lambda,1.560081525472892,1.2085856279069305,1.4088952772636876,2.0,B
0.6099863052368164,0.20063647627830505,1.3618056774139404,29,L640_sub01591,1.9960306882858276,1.217551350593567,0.7993635535240173,parallel,1.5693306680603736,1.1043943731478356,1.294719484006102,2.0,u
0.6099863052368164,0.20063647627830505,1.3618056774139404,29,L640_sub01591,1.9960306882858276,1.217551350593567,0.7993635535240173,xi,1.4483962315781693,1.114016152553238,1.303828007073913,2.0,u
0.6099863052368164,0.20063647627830505,1.3618056774139404,29,L640_sub01591,1.9960306882858276,1.217551350593567,0.7993635535240173,lambda,1.182158515477904,1.0590955172452892,1.13853651291425,2.0,u
0.6099863052368164,0.20063647627830505,1.3618056774139404,29,L640_sub01591,1.9960306882858276,1.217551350593567,0.7993635535240173,parallel,2.1338549086259873,1.3453599826584381,1.6639587691953668,3.0,B
0.6099863052368164,0.20063647627830505,1.3618056774139404,29,L640_sub01591,1.9960306882858276,1.217551350593567,0.7993635535240173,xi,1.929462722522734,1.2960597104983695,1.6408699902214539,3.0,B
0.6099863052368164,0.20063647627830505,1.3618056774139404,29,L640_sub01591,1.9960306882858276,1.217551350593567,0.7993635535240173,lambda,1.8491104252053747,1.3720706581362088,1.6928949055074727,3.0,B
0.6099863052368164,0.20063647627830505,1.3618056774139404,29,L640_sub01591,1.9960306882858276,1.217551350593567,0.7993635535240173,parallel,1.91990474049779,1.2200848450309967,1.4677927281295824,3.0,u
0.6099863052368164,0.20063647627830505,1.3618056774139404,29,L640_sub01591,1.9960306882858276,1.217551350593567,0.7993635535240173,xi,1.8169194595373457,1.2334351339090075,1.4882871715815056,3.0,u
0.6099863052368164,0.20063647627830505,1.3618056774139404,29,L640_sub01591,1.9960306882858276,1.217551350593567,0.7993635535240173,lambda,1.2638066974503006,1.1155462220246115,1.2294234946309808,3.0,u
0.6099863052368164,0.20063647627830505,1.3618056774139404,29,L640_sub01591,1.9960306882858276,1.217551350593567,0.7993635535240173,parallel,3.1021114933822114,1.3647828858529487,1.7695953285007902,4.0,B
0.6099863052368164,0.20063647627830505,1.3618056774139404,29,L640_sub01591,1.9960306882858276,1.217551350593567,0.7993635535240173,xi,2.1502768119077773,1.4567087819105042,1.8280137792417734,4.0,B
0.6099863052368164,0.20063647627830505,1.3618056774139404,29,L640_sub01591,1.9960306882858276,1.217551350593567,0.7993635535240173,lambda,2.118448712491639,1.5354906718666563,2.0174142682485114,4.0,B
0.6099863052368164,0.20063647627830505,1.3618056774139404,29,L640_sub01591,1.9960306882858276,1.217551350593567,0.7993635535240173,parallel,2.205501308202422,1.255066867980319,1.6324141309923785,4.0,u
0.6099863052368164,0.20063647627830505,1.3618056774139404,29,L640_sub01591,1.9960306882858276,1.217551350593567,0.7993635535240173,xi,2.202920145550669,1.369963831975853,1.7482114235064323,4.0,u
0.6099863052368164,0.20063647627830505,1.3618056774139404,29,L640_sub01591,1.9960306882858276,1.217551350593567,0.7993635535240173,lambda,1.4824348234995681,1.1798886150072567,1.3724875896241384,4.0,u
0.6099863052368164,0.20063647627830505,1.3618056774139404,29,L640_sub01591,1.9960306882858276,1.217551350593567,0.7993635535240173,parallel,4.487830600312247,1.395700943643894,1.886115719981058,5.0,B
0.6099863052368164,0.20063647627830505,1.3618056774139404,29,L640_sub01591,1.9960306882858276,1.217551350593567,0.7993635535240173,xi,2.6642371009792463,1.5459017899022174,2.086233944818885,5.0,B
0.6099863052368164,0.20063647627830505,1.3618056774139404,29,L640_sub01591,1.9960306882858276,1.217551350593567,0.7993635535240173,lambda,2.461344986690405,1.699036712408463,2.390302915268841,5.0,B
0.6099863052368164,0.20063647627830505,1.3618056774139404,29,L640_sub01591,1.9960306882858276,1.217551350593567,0.7993635535240173,parallel,2.8925482770632187,1.4493533792897992,1.8850425328431466,5.0,u
0.6099863052368164,0.20063647627830505,1.3618056774139404,29,L640_sub01591,1.9960306882858276,1.217551350593567,0.7993635535240173,xi,3.224395289039393,1.4793962311621893,1.9104225260716532,5.0,u
0.6099863052368164,0.20063647627830505,1.3618056774139404,29,L640_sub01591,1.9960306882858276,1.217551350593567,0.7993635535240173,lambda,1.826478825441683,1.2452875514636403,1.5459117500175177,5.0,u
0.6099863052368164,0.20063647627830505,1.3618056774139404,29,L640_sub01591,1.9960306882858276,1.217551350593567,0.7993635535240173,parallel,6.4434180390451585,1.490768807995944,2.020001221865797,6.0,B
0.6099863052368164,0.20063647627830505,1.3618056774139404,29,L640_sub01591,1.9960306882858276,1.217551350593567,0.7993635535240173,xi,3.2421430335389196,1.6148602168915933,2.386061756911482,6.0,B
0.6099863052368164,0.20063647627830505,1.3618056774139404,29,L640_sub01591,1.9960306882858276,1.217551350593567,0.7993635535240173,lambda,2.913924357564682,1.8360461231380432,2.7996397837615903,6.0,B
0.6099863052368164,0.20063647627830505,1.3618056774139404,29,L640_sub01591,1.9960306882858276,1.217551350593567,0.7993635535240173,parallel,3.878147694578834,1.5267158049907328,2.153694400361863,6.0,u
0.6099863052368164,0.20063647627830505,1.3618056774139404,29,L640_sub01591,1.9960306882858276,1.217551350593567,0.7993635535240173,xi,4.801604482747112,1.5797536483881947,2.309080123822681,6.0,u
0.6099863052368164,0.20063647627830505,1.3618056774139404,29,L640_sub01591,1.9960306882858276,1.217551350593567,0.7993635535240173,lambda,2.4220860865226226,1.2825567674142733,1.8645884053328026,6.0,u
0.03124275617301464,0.002795311389490962,0.5909275412559509,29,L640_sub01651,18.88761329650879,0.5901010632514954,0.9972046613693237,parallel,1.2265884772605256,1.0773777152344501,1.182247384182588,1.0,B
0.03124275617301464,0.002795311389490962,0.5909275412559509,29,L640_sub01651,18.88761329650879,0.5901010632514954,0.9972046613693237,xi,1.207851972444745,1.0945025852248629,1.1677789655579005,1.0,B
0.03124275617301464,0.002795311389490962,0.5909275412559509,29,L640_sub01651,18.88761329650879,0.5901010632514954,0.9972046613693237,lambda,1.1197044628005863,1.0572041308154272,1.0993046637561832,1.0,B
0.03124275617301464,0.002795311389490962,0.5909275412559509,29,L640_sub01651,18.88761329650879,0.5901010632514954,0.9972046613693237,parallel,1.147528417174927,1.045812157354223,1.0756880880768944,1.0,u
0.03124275617301464,0.002795311389490962,0.5909275412559509,29,L640_sub01651,18.88761329650879,0.5901010632514954,0.9972046613693237,xi,1.1368165040567997,1.054332057865754,1.0980515331739464,1.0,u
0.03124275617301464,0.002795311389490962,0.5909275412559509,29,L640_sub01651,18.88761329650879,0.5901010632514954,0.9972046613693237,lambda,1.0599457546936057,1.0220964253352243,1.0502094956304684,1.0,u
0.03124275617301464,0.002795311389490962,0.5909275412559509,29,L640_sub01651,18.88761329650879,0.5901010632514954,0.9972046613693237,parallel,1.4117025912882206,1.1734183411823624,1.2972431103450706,2.0,B
0.03124275617301464,0.002795311389490962,0.5909275412559509,29,L640_sub01651,18.88761329650879,0.5901010632514954,0.9972046613693237,xi,1.4048656990242352,1.1716362714148842,1.3235245987840991,2.0,B
0.03124275617301464,0.002795311389490962,0.5909275412559509,29,L640_sub01651,18.88761329650879,0.5901010632514954,0.9972046613693237,lambda,1.1994204339729433,1.082790253571848,1.164439712450956,2.0,B
0.03124275617301464,0.002795311389490962,0.5909275412559509,29,L640_sub01651,18.88761329650879,0.5901010632514954,0.9972046613693237,parallel,1.354852542043274,1.086695768901325,1.14846662875766,2.0,u
0.03124275617301464,0.002795311389490962,0.5909275412559509,29,L640_sub01651,18.88761329650879,0.5901010632514954,0.9972046613693237,xi,1.2720384632485078,1.1126718959195274,1.1918906481631077,2.0,u
0.03124275617301464,0.002795311389490962,0.5909275412559509,29,L640_sub01651,18.88761329650879,0.5901010632514954,0.9972046613693237,lambda,1.14182122051731,1.0410608009220863,1.1039087234121494,2.0,u
0.03124275617301464,0.002795311389490962,0.5909275412559509,29,L640_sub01651,18.88761329650879,0.5901010632514954,0.9972046613693237,parallel,1.5604772029132854,1.2279369203754746,1.427531780907352,3.0,B
0.03124275617301464,0.002795311389490962,0.5909275412559509,29,L640_sub01651,18.88761329650879,0.5901010632514954,0.9972046613693237,xi,1.563255680050883,1.2256005382010458,1.4454821839090175,3.0,B
0.03124275617301464,0.002795311389490962,0.5909275412559509,29,L640_sub01651,18.88761329650879,0.5901010632514954,0.9972046613693237,lambda,1.2472441302270119,1.0902849764102902,1.2057226265430985,3.0,B
0.03124275617301464,0.002795311389490962,0.5909275412559509,29,L640_sub01651,18.88761329650879,0.5901010632514954,0.9972046613693237,parallel,1.5933474699677344,1.0958703728239145,1.311427472250311,3.0,u
0.03124275617301464,0.002795311389490962,0.5909275412559509,29,L640_sub01651,18.88761329650879,0.5901010632514954,0.9972046613693237,xi,1.4051315795369785,1.1555148548162202,1.2979554675778344,3.0,u
0.03124275617301464,0.002795311389490962,0.5909275412559509,29,L640_sub01651,18.88761329650879,0.5901010632514954,0.9972046613693237,lambda,1.2808059424731086,1.0796787576631588,1.1630358995503354,3.0,u
0.03124275617301464,0.002795311389490962,0.5909275412559509,29,L640_sub01651,18.88761329650879,0.5901010632514954,0.9972046613693237,parallel,1.7839524520276404,1.2549264984975361,1.570846290840059,4.0,B
0.03124275617301464,0.002795311389490962,0.5909275412559509,29,L640_sub01651,18.88761329650879,0.5901010632514954,0.9972046613693237,xi,1.676627146107979,1.3351311410886153,1.5519553709628933,4.0,B
0.03124275617301464,0.002795311389490962,0.5909275412559509,29,L640_sub01651,18.88761329650879,0.5901010632514954,0.9972046613693237,lambda,1.337259875051468,1.101156179900803,1.2012321131873096,4.0,B
0.03124275617301464,0.002795311389490962,0.5909275412559509,29,L640_sub01651,18.88761329650879,0.5901010632514954,0.9972046613693237,parallel,1.9109130079916157,1.21251578488129,1.6973776514077143,4.0,u
0.03124275617301464,0.002795311389490962,0.5909275412559509,29,L640_sub01651,18.88761329650879,0.5901010632514954,0.9972046613693237,xi,1.5797181048208884,1.192570106871738,1.4425725665164306,4.0,u
0.03124275617301464,0.002795311389490962,0.5909275412559509,29,L640_sub01651,18.88761329650879,0.5901010632514954,0.9972046613693237,lambda,1.4443336319510096,1.1600710173976603,1.3042071371757324,4.0,u
0.03124275617301464,0.002795311389490962,0.5909275412559509,29,L640_sub01651,18.88761329650879,0.5901010632514954,0.9972046613693237,parallel,2.212204207831932,1.2098646485163116,1.7703151359536173,5.0,B
0.03124275617301464,0.002795311389490962,0.5909275412559509,29,L640_sub01651,18.88761329650879,0.5901010632514954,0.9972046613693237,xi,1.764953474180248,1.3320646641375555,1.6367495658767048,5.0,B
0.03124275617301464,0.002795311389490962,0.5909275412559509,29,L640_sub01651,18.88761329650879,0.5901010632514954,0.9972046613693237,lambda,1.4155293024744344,1.129326160320078,1.2554460175478794,5.0,B
0.03124275617301464,0.002795311389490962,0.5909275412559509,29,L640_sub01651,18.88761329650879,0.5901010632514954,0.9972046613693237,parallel,2.591855992426769,1.3846294576351574,2.1047504856527888,5.0,u
0.03124275617301464,0.002795311389490962,0.5909275412559509,29,L640_sub01651,18.88761329650879,0.5901010632514954,0.9972046613693237,xi,1.8414630890967612,1.2631272875364492,1.6727851695761402,5.0,u
0.03124275617301464,0.002795311389490962,0.5909275412559509,29,L640_sub01651,18.88761329650879,0.5901010632514954,0.9972046613693237,lambda,1.7469426959041068,1.213030206261806,1.525086377284007,5.0,u
0.03124275617301464,0.002795311389490962,0.5909275412559509,29,L640_sub01651,18.88761329650879,0.5901010632514954,0.9972046613693237,parallel,2.728224946778033,1.2284438101229984,2.0131872425985744,6.0,B
0.03124275617301464,0.002795311389490962,0.5909275412559509,29,L640_sub01651,18.88761329650879,0.5901010632514954,0.9972046613693237,xi,2.0220800637702214,1.3200161413673186,1.7541670989278635,6.0,B
0.03124275617301464,0.002795311389490962,0.5909275412559509,29,L640_sub01651,18.88761329650879,0.5901010632514954,0.9972046613693237,lambda,1.5075000931251392,1.1149009682663387,1.4301262731324647,6.0,B
0.03124275617301464,0.002795311389490962,0.5909275412559509,29,L640_sub01651,18.88761329650879,0.5901010632514954,0.9972046613693237,parallel,3.3692089141339756,1.5075180531430836,2.4634343691652654,6.0,u
0.03124275617301464,0.002795311389490962,0.5909275412559509,29,L640_sub01651,18.88761329650879,0.5901010632514954,0.9972046613693237,xi,2.333094722660797,1.3509356131615387,1.9972993879740237,6.0,u
0.03124275617301464,0.002795311389490962,0.5909275412559509,29,L640_sub01651,18.88761329650879,0.5901010632514954,0.9972046613693237,lambda,2.321486543437807,1.2668540230430285,1.8424419743855436,6.0,u
