conditioning_factor,cube_id,direction,ell_cells,pair_local_accepted_measurements,pair_local_curve_value,pair_local_over_subvolume_mean,q_name,representative_cube,subvolume_mean_accepted_measurements,subvolume_mean_curve_value,supported_comparison
,L640_sub00370,parallel,33.98529093593286,1455,0.006761907372198034,,B,True,0,,False
,L640_sub00370,parallel,35.98610843089316,1463,0.00726436437295301,,B,True,0,,False
,L640_sub00370,parallel,38.22956970723055,1389,0.007927769772719542,,B,True,0,,False
,L640_sub00370,parallel,40.7308237088326,1504,0.008874810459636666,,B,True,0,,False
,L640_sub00370,parallel,43.23193264243457,1446,0.009002676497162103,,B,True,0,,False
,L640_sub00370,parallel,45.97553697348189,1390,0.009780446059871464,,B,True,0,,False
,L640_sub00370,parallel,48.977035434987286,1428,0.010769290563165161,,B,True,0,,False
,L640_sub00370,parallel,52.22068555658763,1384,0.012320119478003365,,B,True,0,,False
,L640_sub00370,parallel,55.72252686302013,1411,0.010907071968564386,,B,True,0,,False
,L640_sub00370,parallel,59.22415047934415,1549,0.012848634926827349,,B,True,0,,False
,L640_sub00370,parallel,62.96824596572466,1393,0.015443514178817279,,B,True,0,,False
,L640_sub00370,parallel,66.97014260101288,1485,0.015160377829011763,,B,True,0,,False
,L640_sub00370,parallel,71.21446482281532,1444,0.016816835395890375,,B,True,0,,False
,L640_sub00370,parallel,75.95887044973747,1431,0.017808828399562094,,B,True,0,,False
,L640_sub00370,parallel,80.96141056083448,1392,0.020774382900805792,,B,True,0,,False
,L640_sub00370,parallel,86.20614827261453,1466,0.02102610264848745,,B,True,0,,False
,L640_sub00370,parallel,91.95107394696377,1440,0.020533273997083473,,B,True,0,,False
,L640_sub00370,parallel,97.95407086997457,1350,0.021187337784516955,,B,True,0,,False
,L640_sub00370,parallel,104.19932821280567,1475,0.024904548183146098,,B,True,0,,False
,L640_sub00370,parallel,110.94480609744649,1382,0.027030459334487087,,B,True,0,,False
,L640_sub00370,parallel,117.94808179873041,1433,0.026556696223017824,,B,True,0,,False
,L640_sub00370,parallel,125.193849689192,1460,0.026850719409470248,,B,True,0,,False
,L640_sub00370,parallel,133.18220601867202,1432,0.03166474987650037,,B,True,0,,False
,L640_sub00370,parallel,141.92867927237256,1439,0.032777090249048756,,B,True,0,,False
,L640_sub00370,parallel,151.17539482336403,1476,0.03847940286663197,,B,True,0,,False
,L640_sub00370,parallel,160.92234151913152,1455,0.034346815465857126,,B,True,0,,False
,L640_sub00370,parallel,171.1695066301238,1436,0.039165250217300565,,B,True,0,,False
,L640_sub00370,parallel,182.15927096911648,1399,0.04333603883379655,,B,True,0,,False
,L640_sub00370,parallel,194.14942698859556,1406,0.0457364858694944,,B,True,0,,False
,L640_sub00370,parallel,206.89792169086667,1450,0.04943056863404565,,B,True,0,,False
,L640_sub00370,parallel,220.14654210320907,1491,0.04702656503905242,,B,True,0,,False
,L640_sub00370,parallel,234.13777995018233,1403,0.05194514941262073,,B,True,0,,False
,L640_sub00370,parallel,249.1294844051984,1438,0.055750568217077114,,B,True,0,,False
,L640_sub00370,parallel,265.12167018182424,1466,0.060107081374216276,,B,True,0,,False
,L640_sub00370,parallel,282.35660077285246,1410,0.06633504594712922,,B,True,0,,False
,L640_sub00370,parallel,300.85004570383563,1403,0.06999850331936829,,B,True,0,,False
,L640_sub00370,parallel,315.46037786067524,193,0.07260539542207438,,B,True,0,,False
1.1302507977834493,L640_sub00370,xi,33.98529093593286,1361,0.0119244214418005,0.8847593843429389,B,True,1372,0.013477586847701083,True
1.0064908047895147,L640_sub00370,xi,35.98610843089316,1373,0.01293373484972821,0.9935510540596821,B,True,967,0.013017685197837138,True
1.1672444004584723,L640_sub00370,xi,38.22956970723055,1419,0.013822961618872073,0.8567186097506385,B,True,1476,0.01613477454738081,True
1.0224321435884476,L640_sub00370,xi,40.7308237088326,1350,0.014880443518610842,0.9780600172548204,B,True,964,0.015214243764280103,True
1.130176135492484,L640_sub00370,xi,43.23193264243457,1306,0.01561962725911324,0.8848178337832637,B,True,1381,0.01765292997353766,True
1.154360377503967,L640_sub00370,xi,45.97553697348189,1371,0.015323487316487605,0.866280599618522,B,True,1391,0.017688826603337884,True
1.1496471043844585,L640_sub00370,xi,48.977035434987286,1444,0.016893038474053483,0.8698321390853394,B,True,1401,0.01942103276595084,True
1.0440125830632965,L640_sub00370,xi,52.22068555658763,1408,0.01962515863652328,0.9578428614967871,B,True,1363,0.02048891256114363,True
1.100314255538282,L640_sub00370,xi,55.72252686302013,1423,0.019025426544658688,0.9088312679460763,B,True,1451,0.020933948044784396,True
1.0481605540039138,L640_sub00370,xi,59.22415047934415,1430,0.021235671430236525,0.9540523121005239,B,True,1397,0.022258393130961802,True
1.130444537582185,L640_sub00370,xi,62.96824596572466,1333,0.021112707346220446,0.8846077509815898,B,True,1417,0.023866744693106172,True
1.0582376331148367,L640_sub00370,xi,66.97014260101288,1354,0.023377634142720472,0.9449673388165011,B,True,1399,0.024739092223017106,True
1.0141895963340928,L640_sub00370,xi,71.21446482281532,1352,0.02606599444210616,0.9860089312832799,B,True,1386,0.026435860381286355,True
1.0263689147288089,L640_sub00370,xi,75.95887044973747,1383,0.025894637793999403,1.0263689147288089,B,True,1398,0.02522936677290288,True
1.0708337637284193,L640_sub00370,xi,80.96141056083448,1258,0.025428171281314707,0.933851764739103,B,True,1330,0.027229344357901128,True
1.0527522640925682,L640_sub00370,xi,86.20614827261453,1382,0.031231830279888517,1.0527522640925682,B,True,1359,0.02966683743663962,True
1.021113222422745,L640_sub00370,xi,91.95107394696377,1369,0.03239045218672902,1.021113222422745,B,True,1350,0.03172072545479118,True
1.179396111741016,L640_sub00370,xi,97.95407086997457,1317,0.03515572895324004,1.179396111741016,B,True,1359,0.02980824559557298,True
1.020701928067109,L640_sub00370,xi,104.19932821280567,1357,0.03290550531544864,1.020701928067109,B,True,1278,0.032238114194377394,True
1.1022291837224933,L640_sub00370,xi,110.94480609744649,1297,0.03738649307897503,1.1022291837224933,B,True,1267,0.03391898312174228,True
1.0419409047745216,L640_sub00370,xi,117.94808179873041,1307,0.03848347977701081,1.0419409047745216,B,True,1376,0.03693441691430545,True
1.0877406909432228,L640_sub00370,xi,125.193849689192,1251,0.040322058042141846,1.0877406909432228,B,True,1254,0.037069550103138095,True
1.112631316121456,L640_sub00370,xi,133.18220601867202,1173,0.04426847154189768,1.112631316121456,B,True,1273,0.03978718817318035,True
1.1844989720534784,L640_sub00370,xi,141.92867927237256,1203,0.048685819849831904,1.1844989720534784,B,True,1248,0.04110245850651005,True
1.0555964841688301,L640_sub00370,xi,151.17539482336403,1206,0.0490713889490276,1.0555964841688301,B,True,1249,0.04648688176303097,True
1.0293624843233042,L640_sub00370,xi,160.92234151913152,1209,0.0527414995309276,1.0293624843233042,B,True,1232,0.05123705238354348,True
1.0585372851163366,L640_sub00370,xi,171.1695066301238,1209,0.053724223407822756,1.0585372851163366,B,True,1254,0.050753265060397276,True
1.020570575686028,L640_sub00370,xi,182.15927096911648,1191,0.051721267082760765,1.020570575686028,B,True,1204,0.05067877549575022,True
1.0080623897439829,L640_sub00370,xi,194.14942698859556,1101,0.05544817893880372,1.0080623897439829,B,True,1117,0.05500470953279575,True
1.0019500898556675,L640_sub00370,xi,206.89792169086667,1112,0.055863603671703406,1.0019500898556675,B,True,1091,0.05575487665233969,True
1.0462894026470289,L640_sub00370,xi,220.14654210320907,1077,0.0606920682913108,0.9557585095195266,B,True,1071,0.06350146787792825,True
1.0292797470249133,L640_sub00370,xi,234.13777995018233,982,0.05723456321265538,0.9715531689906994,B,True,1052,0.058910376744603345,True
1.0265442889076168,L640_sub00370,xi,249.1294844051984,922,0.058911878080640134,0.9741420909020266,B,True,1049,0.060475651992502946,True
1.1453542478492078,L640_sub00370,xi,265.12167018182424,930,0.05444920492871718,0.8730923222032312,B,True,1026,0.06236362815711824,True
1.0355148081707206,L640_sub00370,xi,282.35660077285246,877,0.06114651692859816,1.0355148081707206,B,True,981,0.05904938919861127,True
1.094228481177313,L640_sub00370,xi,300.85004570383563,787,0.05426270234654884,0.9138859179794608,B,True,822,0.05937579437324077,True
1.054175263105169,L640_sub00370,xi,315.46037786067524,490,0.05974619396944823,1.054175263105169,B,True,661,0.056675769258197534,True
1.0446164082149687,L640_sub00370,lambda,33.98529093593286,2670,0.038184089345308654,0.9572891945176231,B,True,2764,0.039887726262855784,True
1.0192063711832597,L640_sub00370,lambda,35.98610843089316,2507,0.03589719417177748,0.9811555620860555,B,True,1689,0.036586649007478184,True
1.0261805249085254,L640_sub00370,lambda,38.22956970723055,2556,0.0390083483273216,0.9744874081381936,B,True,2709,0.04002960736234548,True
1.0309567622343592,L640_sub00370,lambda,40.7308237088326,2600,0.04244463000300615,1.0309567622343592,B,True,1754,0.04117013589494993,True
1.0407517889418778,L640_sub00370,lambda,43.23193264243457,2619,0.046939609943575045,0.9608438924872666,B,True,2722,0.04885248302100968,True
1.0589092449709556,L640_sub00370,lambda,45.97553697348189,2580,0.04512613818074975,0.9443679944709791,B,True,2691,0.04778448490943273,True
1.0850807340390682,L640_sub00370,lambda,48.977035434987286,2583,0.046562702385316,0.9215904113214077,B,True,2614,0.05052429128310136,True
1.0375164113597246,L640_sub00370,lambda,52.22068555658763,2595,0.05136517782493126,0.9638401754912415,B,True,2680,0.05329221496577678,True
1.0882787221708066,L640_sub00370,lambda,55.72252686302013,2604,0.05134489175309257,0.9188822492139553,B,True,2649,0.05587755318705397,True
1.0975672741388467,L640_sub00370,lambda,59.22415047934415,2642,0.051801527550667324,0.9111058825843745,B,True,2696,0.0568556613900143,True
1.1051200299863442,L640_sub00370,lambda,62.96824596572466,2570,0.053737896531458086,0.9048790835981472,B,True,2599,0.05938682582624802,True
1.0331619411681119,L640_sub00370,lambda,66.97014260101288,2593,0.057688670657536106,0.967902475065411,B,True,2700,0.05960173895994789,True
1.0558365222467683,L640_sub00370,lambda,71.21446482281532,2742,0.0593903855765085,0.9471163186058853,B,True,2733,0.06270653816199535,True
1.1369262185523377,L640_sub00370,lambda,75.95887044973747,2673,0.057618816924947205,0.8795645519313579,B,True,2664,0.06550834364393966,True
1.11697012669473,L640_sub00370,lambda,80.96141056083448,2722,0.0623191323611428,0.8952790912673189,B,True,2780,0.06960860916893133,True
1.0634191024394777,L640_sub00370,lambda,86.20614827261453,2646,0.06567475369994703,0.9403630212265376,B,True,2709,0.06983978763253143,True
1.0550878492477875,L640_sub00370,lambda,91.95107394696377,2699,0.06664353936812638,0.9477883767810786,B,True,2666,0.07031478861817672,True
1.046376606913002,L640_sub00370,lambda,97.95407086997457,2609,0.06802362003948167,0.9556788572999341,B,True,2707,0.07117832472685212,True
1.059367413236146,L640_sub00370,lambda,104.19932821280567,2683,0.06912891768659547,0.9439595625706563,B,True,2697,0.0732329227094631,True
1.071488604376054,L640_sub00370,lambda,110.94480609744649,2648,0.0703334021981692,0.9332810408957329,B,True,2655,0.07536143896233602,True
1.0582938699580113,L640_sub00370,lambda,117.94808179873041,2702,0.07106315592732027,0.944917124049557,B,True,2652,0.07520570229775336,True
1.0260090454152515,L640_sub00370,lambda,125.193849689192,2718,0.07370914234395516,0.9746502766895929,B,True,2696,0.07562624677469833,True
1.0279541441612292,L640_sub00370,lambda,133.18220601867202,2727,0.07650624025420573,0.9728060397246233,B,True,2780,0.07864490672350544,True
1.0153414868190074,L640_sub00370,lambda,141.92867927237256,2772,0.0790813483461526,0.984890318165693,B,True,2890,0.08029457380943444,True
1.0020192578697202,L640_sub00370,lambda,151.17539482336403,2763,0.08577869619638484,0.9979848113158891,B,True,2876,0.08595190550373373,True
1.0254988405691232,L640_sub00370,lambda,160.92234151913152,2819,0.0889686144757539,0.9751351834245156,B,True,2985,0.09123721099192693,True
1.0273258221193116,L640_sub00370,lambda,171.1695066301238,2807,0.09461967165708529,0.9734010169597995,B,True,2845,0.09720523197377447,True
1.0510341650069681,L640_sub00370,lambda,182.15927096911648,2783,0.09297835559238556,0.9514438571969449,B,True,2971,0.09772342833376392,True
1.0056213885035221,L640_sub00370,lambda,194.14942698859556,2881,0.09906671932036808,0.9944100348622384,B,True,3021,0.09962361183743725,True
1.0000245307871074,L640_sub00370,lambda,206.89792169086667,2878,0.1075468439425962,0.9999754698146373,B,True,3117,0.10754948215132903,True
1.0133722544957768,L640_sub00370,lambda,220.14654210320907,3032,0.11182204196427178,1.0133722544957768,B,True,3192,0.11034646100500456,True
1.028713874437236,L640_sub00370,lambda,234.13777995018233,3131,0.11415331335492376,0.9720875987475682,B,True,3192,0.11743109726119148,True
1.0002447182982732,L640_sub00370,lambda,249.1294844051984,3152,0.12482575410906314,1.0002447182982732,B,True,3323,0.12479521443655359,True
1.0241668562332762,L640_sub00370,lambda,265.12167018182424,3259,0.1338845399240716,0.976403399420522,B,True,3386,0.13712010835227498,True
1.0183845493021497,L640_sub00370,lambda,282.35660077285246,3261,0.14067410580306391,0.9819473407027357,B,True,3472,0.14326033583673617,True
1.0010988838304948,L640_sub00370,lambda,300.85004570383563,3500,0.1500003247540319,0.9989023223896822,B,True,3668,0.1501651576854731,True
1.1519051460342247,L640_sub00370,lambda,315.46037786067524,1673,0.1259023759268665,0.8681270358438773,B,True,1904,0.145027594728093,True
,L640_sub00370,parallel,33.98529093593286,1455,0.004937257415960383,,u,True,0,,False
,L640_sub00370,parallel,35.98610843089316,1463,0.005307811857869324,,u,True,0,,False
,L640_sub00370,parallel,38.22956970723055,1389,0.005706659091183433,,u,True,0,,False
,L640_sub00370,parallel,40.7308237088326,1504,0.006861123065891326,,u,True,0,,False
,L640_sub00370,parallel,43.23193264243457,1446,0.006665010516006258,,u,True,0,,False
,L640_sub00370,parallel,45.97553697348189,1390,0.006780401870107415,,u,True,0,,False
,L640_sub00370,parallel,48.977035434987286,1428,0.007748873907568865,,u,True,0,,False
,L640_sub00370,parallel,52.22068555658763,1384,0.009294409521293002,,u,True,0,,False
,L640_sub00370,parallel,55.72252686302013,1411,0.008693405149348316,,u,True,0,,False
,L640_sub00370,parallel,59.22415047934415,1549,0.009848657971890322,,u,True,0,,False
,L640_sub00370,parallel,62.96824596572466,1393,0.011402422890835165,,u,True,0,,False
,L640_sub00370,parallel,66.97014260101288,1485,0.01117661711798564,,u,True,0,,False
,L640_sub00370,parallel,71.21446482281532,1444,0.012042607746130203,,u,True,0,,False
,L640_sub00370,parallel,75.95887044973747,1431,0.013483498497708099,,u,True,0,,False
,L640_sub00370,parallel,80.96141056083448,1392,0.014481239233840421,,u,True,0,,False
,L640_sub00370,parallel,86.20614827261453,1466,0.015810535530711253,,u,True,0,,False
,L640_sub00370,parallel,91.95107394696377,1440,0.015420875888748624,,u,True,0,,False
,L640_sub00370,parallel,97.95407086997457,1350,0.016876290420461824,,u,True,0,,False
,L640_sub00370,parallel,104.19932821280567,1475,0.01852745581485953,,u,True,0,,False
,L640_sub00370,parallel,110.94480609744649,1382,0.01900249263578284,,u,True,0,,False
,L640_sub00370,parallel,117.94808179873041,1433,0.019871080492601736,,u,True,0,,False
,L640_sub00370,parallel,125.193849689192,1460,0.020084453021407378,,u,True,0,,False
,L640_sub00370,parallel,133.18220601867202,1432,0.020429095411867843,,u,True,0,,False
,L640_sub00370,parallel,141.92867927237256,1439,0.02320354866262058,,u,True,0,,False
,L640_sub00370,parallel,151.17539482336403,1476,0.024695354282996577,,u,True,0,,False
,L640_sub00370,parallel,160.92234151913152,1455,0.024138224328592993,,u,True,0,,False
,L640_sub00370,parallel,171.1695066301238,1436,0.025604239771207765,,u,True,0,,False
,L640_sub00370,parallel,182.15927096911648,1399,0.029477983691551548,,u,True,0,,False
,L640_sub00370,parallel,194.14942698859556,1406,0.028453257063570297,,u,True,0,,False
,L640_sub00370,parallel,206.89792169086667,1450,0.031044518726979314,,u,True,0,,False
,L640_sub00370,parallel,220.14654210320907,1491,0.0336507902073888,,u,True,0,,False
,L640_sub00370,parallel,234.13777995018233,1403,0.03565941278490344,,u,True,0,,False
,L640_sub00370,parallel,249.1294844051984,1438,0.033085754376802404,,u,True,0,,False
,L640_sub00370,parallel,265.12167018182424,1466,0.03696596706862678,,u,True,0,,False
,L640_sub00370,parallel,282.35660077285246,1410,0.03969259596907993,,u,True,0,,False
,L640_sub00370,parallel,300.85004570383563,1403,0.03780679913214647,,u,True,0,,False
,L640_sub00370,parallel,315.46037786067524,193,0.09301331153817352,,u,True,0,,False
1.2988221382530138,L640_sub00370,xi,33.98529093593286,1497,0.010616348730906451,0.7699283608955527,u,True,1517,0.013788748759115588,True
1.4362593632533098,L640_sub00370,xi,35.98610843089316,1403,0.010841904590485795,0.6962530762792544,u,True,1064,0.015571786983584263,True
1.2686844502812773,L640_sub00370,xi,38.22956970723055,1507,0.012094640376696506,0.7882180630323735,u,True,1556,0.015344282177658947,True
1.3494833653803167,L640_sub00370,xi,40.7308237088326,1481,0.012436094943086746,0.7410243250521107,u,True,1155,0.01678230325598584,True
1.2799233998792292,L640_sub00370,xi,43.23193264243457,1497,0.012917915947159273,0.7812967558014471,u,True,1562,0.01653394289844221,True
1.313542760756169,L640_sub00370,xi,45.97553697348189,1477,0.013349683137901334,0.7612999210047251,u,True,1634,0.017535379644178995,True
1.251041895214089,L640_sub00370,xi,48.977035434987286,1500,0.01461815418132799,0.7993337423994673,u,True,1511,0.01828792331154033,True
1.292805605495662,L640_sub00370,xi,52.22068555658763,1533,0.014509811286542496,0.773511497590235,u,True,1669,0.01875836536592636,True
1.1712874911385631,L640_sub00370,xi,55.72252686302013,1533,0.017795027642585795,0.8537613588171583,u,True,1612,0.020843093282225698,True
1.1409891055784496,L640_sub00370,xi,59.22415047934415,1477,0.01726284859202073,0.8764325576036311,u,True,1600,0.019696722174745926,True
1.331994958940971,L640_sub00370,xi,62.96824596572466,1570,0.016663827927990385,0.7507535920369172,u,True,1587,0.02219613479674296,True
1.188633928688469,L640_sub00370,xi,66.97014260101288,1536,0.01818125388189527,0.8413019146301784,u,True,1692,0.021610855230119654,True
1.1485387958597124,L640_sub00370,xi,71.21446482281532,1553,0.01968847217233663,0.8706715033091006,u,True,1651,0.02261297412113297,True
1.149759767494905,L640_sub00370,xi,75.95887044973747,1514,0.021430429335477407,0.8697469056329903,u,True,1569,0.024639845450074496,True
1.219348813082316,L640_sub00370,xi,80.96141056083448,1534,0.0195139470165772,0.8201098728034697,u,True,1592,0.023794308133214613,True
1.1999340850795637,L640_sub00370,xi,86.20614827261453,1579,0.022502173755000125,0.8333791100981128,u,True,1659,0.027001125277007446,True
1.082597733668391,L640_sub00370,xi,91.95107394696377,1509,0.024898908741664984,0.9237041321077701,u,True,1576,0.026955502174542602,True
1.1567303527325936,L640_sub00370,xi,97.95407086997457,1539,0.025921968108096508,0.8645057144369535,u,True,1686,0.029984727313201516,True
1.1625784934819472,L640_sub00370,xi,104.19932821280567,1547,0.026589922853777915,0.8601569748679754,u,True,1596,0.030912872453146327,True
1.0563162347974795,L640_sub00370,xi,110.94480609744649,1577,0.028904192562640492,0.9466861978048869,u,True,1612,0.030531967857629714,True
1.101164044747236,L640_sub00370,xi,117.94808179873041,1570,0.03122820445898237,0.9081299055941684,u,True,1673,0.034387375932246694,True
1.1174796742746396,L640_sub00370,xi,125.193849689192,1616,0.030534907246671524,0.8948708625497854,u,True,1723,0.03412213820401683,True
1.0923073996589339,L640_sub00370,xi,133.18220601867202,1591,0.03131631821191922,0.9154932030234746,u,True,1759,0.0342070461129532,True
1.0644856702157466,L640_sub00370,xi,141.92867927237256,1509,0.03680236457713631,0.9394208188799039,u,True,1637,0.03917558972241719,True
1.0606046940109441,L640_sub00370,xi,151.17539482336403,1543,0.033379655614234637,0.9428583577338772,u,True,1683,0.035402619428926016,True
1.093763834081141,L640_sub00370,xi,160.92234151913152,1602,0.037788022235997344,0.9142741502694582,u,True,1691,0.04133117208318787,True
1.0716799423384047,L640_sub00370,xi,171.1695066301238,1520,0.036057785033322326,0.9331144127023605,u,True,1633,0.03864240498536146,True
1.0818852341358691,L640_sub00370,xi,182.15927096911648,1518,0.03770851810298637,0.9243124579648477,u,True,1675,0.040796288936766074,True
1.0409313176344612,L640_sub00370,xi,194.14942698859556,1483,0.03962964973420692,0.9606781764165973,u,True,1511,0.041251743515220186,True
1.0110203828937934,L640_sub00370,xi,206.89792169086667,1470,0.043609295095718,0.989099742121667,u,True,1515,0.04408988622540124,True
1.0231754825752264,L640_sub00370,xi,220.14654210320907,1464,0.042300090138289385,0.9773494547417261,u,True,1539,0.04328041514021982,True
1.0783186305449648,L640_sub00370,xi,234.13777995018233,1362,0.0418416938055606,0.9273696768965367,u,True,1502,0.04511867796409384,True
1.0035032014348595,L640_sub00370,xi,249.1294844051984,1341,0.04704251722883593,0.9965090281427598,u,True,1377,0.04720731664269139,True
1.1178297255549228,L640_sub00370,xi,265.12167018182424,1282,0.04593551634324221,0.8945906314162215,u,True,1353,0.05134808562719011,True
1.045106735978146,L640_sub00370,xi,282.35660077285246,1271,0.05017376095725267,0.9568400676932491,u,True,1363,0.05243693554578208,True
1.1833414509036215,L640_sub00370,xi,300.85004570383563,1168,0.043765319371420926,0.8450646254607083,u,True,1303,0.051789316524237614,True
1.0244294592378043,L640_sub00370,xi,315.46037786067524,579,0.05270735797574112,1.0244294592378043,u,True,960,0.051450451273586405,True
1.258247875765569,L640_sub00370,lambda,33.98529093593286,2667,0.0262872083263381,0.7947559612541046,u,True,2539,0.03307582403642189,True
1.255157106098555,L640_sub00370,lambda,35.98610843089316,2514,0.024722260460900324,0.7967130131687914,u,True,1492,0.031030320896318374,True
1.2007860325743775,L640_sub00370,lambda,38.22956970723055,2541,0.029061426979463168,0.8327878346953201,u,True,2601,0.03489655560361955,True
1.1800754392755572,L640_sub00370,lambda,40.7308237088326,2481,0.03200160717510048,0.8474034512690946,u,True,1547,0.03776431064468052,True
1.2160120750201013,L640_sub00370,lambda,43.23193264243457,2546,0.03369213327283807,0.822360254920552,u,True,2577,0.040970040892957624,True
1.3383754523049112,L640_sub00370,lambda,45.97553697348189,2529,0.03182145182985758,0.7471744929853795,u,True,2553,0.04258904998578458,True
1.1909091823681301,L640_sub00370,lambda,48.977035434987286,2521,0.03569427232404347,0.8396945920019644,u,True,2530,0.04250863666865198,True
1.2687914921714394,L640_sub00370,lambda,52.22068555658763,2621,0.035987733124040466,0.7881515648316467,u,True,2528,0.04566092961031884,True
1.266274235111952,L640_sub00370,lambda,55.72252686302013,2563,0.037467252135898806,0.7897183503157903,u,True,2493,0.04744381604013191,True
1.2201013510724426,L640_sub00370,lambda,59.22415047934415,2511,0.04159152059120403,0.8196040428289189,u,True,2486,0.050745870466485356,True
1.293955030011799,L640_sub00370,lambda,62.96824596572466,2389,0.04107484917777113,0.7728243847785664,u,True,2555,0.053149007700552954,True
1.3113791919202755,L640_sub00370,lambda,66.97014260101288,2460,0.04402556200162235,0.762555945802131,u,True,2505,0.05773420592152351,True
1.1890353734837846,L640_sub00370,lambda,71.21446482281532,2574,0.047802075143003164,0.8410178723868196,u,True,2544,0.05683835827096071,True
1.2239995887557733,L640_sub00370,lambda,75.95887044973747,2474,0.048921431788574214,0.8169937385489855,u,True,2410,0.05987981239055845,True
1.196714782485248,L640_sub00370,lambda,80.96141056083448,2475,0.053719412008446675,0.8356209972799656,u,True,2560,0.06428681445692368,True
1.2253556812036677,L640_sub00370,lambda,86.20614827261453,2519,0.05546165656507699,0.8160895773688333,u,True,2505,0.06796025596098379,True
1.1357724240538492,L640_sub00370,lambda,91.95107394696377,2420,0.057709639648423905,0.8804580731329572,u,True,2440,0.06554501731476454,True
1.1269830302466675,L640_sub00370,lambda,97.95407086997457,2403,0.05844569798729122,0.8873248071722303,u,True,2469,0.06586730982259902,True
1.134333472021539,L640_sub00370,lambda,104.19932821280567,2476,0.058131707591857734,0.8815749730261083,u,True,2503,0.06594074170721284,True
1.1510351145046567,L640_sub00370,lambda,110.94480609744649,2433,0.06599078823140314,0.8687832259838102,u,True,2455,0.07595771448818567,True
1.0974033006448034,L640_sub00370,lambda,117.94808179873041,2389,0.06622184254358846,0.9112420196043042,u,True,2473,0.07267206858211443,True
1.1191465815027548,L640_sub00370,lambda,125.193849689192,2311,0.06436280102388972,0.8935380016594712,u,True,2344,0.07203140874182819,True
1.1495046675744036,L640_sub00370,lambda,133.18220601867202,2316,0.06896629467519858,0.8699399212620189,u,True,2321,0.0792770776344525,True
1.1530109149485739,L640_sub00370,lambda,141.92867927237256,2373,0.07042996102373984,0.8672944783394366,u,True,2433,0.08120651379977468,True
1.11230416859124,L640_sub00370,lambda,151.17539482336403,2394,0.07789955277419346,0.8990346599766178,u,True,2438,0.08664799728212867,True
1.1744667562372386,L640_sub00370,lambda,160.92234151913152,2470,0.07933919447139183,0.8514502387481823,u,True,2536,0.09318124637329102,True
1.1576852737536647,L640_sub00370,lambda,171.1695066301238,2474,0.08199186034128296,0.8637926236701726,u,True,2486,0.0949207692847704,True
1.1450573035133875,L640_sub00370,lambda,182.15927096911648,2386,0.0855114645549806,0.8733187386619803,u,True,2472,0.0979155270228067,True
1.1708715358120256,L640_sub00370,lambda,194.14942698859556,2523,0.08540574645465825,0.854064659883014,u,True,2534,0.09999915751853816,True
1.165708704837975,L640_sub00370,lambda,206.89792169086667,2467,0.09021084952239707,0.8578472442126892,u,True,2527,0.10515957255908694,True
1.0985078164863267,L640_sub00370,lambda,220.14654210320907,2445,0.098519031107083,0.9103257937650253,u,True,2601,0.10822392574379024,True
1.1257391488070365,L640_sub00370,lambda,234.13777995018233,2523,0.09746834630116484,0.8883052535391665,u,True,2682,0.10972393320070277,True
1.1443224025862633,L640_sub00370,lambda,249.1294844051984,2472,0.10852033749132561,0.8738795969911253,u,True,2755,0.12418225332754587,True
1.1406269143889087,L640_sub00370,lambda,265.12167018182424,2593,0.11574986885908767,0.876710857323361,u,True,2829,0.132027415757662,True
1.165066430580794,L640_sub00370,lambda,282.35660077285246,2506,0.12219944589901521,0.8583201556167855,u,True,2727,0.1423704722525165,True
1.176023492956338,L640_sub00370,lambda,300.85004570383563,2517,0.13001979854397405,0.8503231491457346,u,True,2707,0.15290633763716377,True
1.30337195563965,L640_sub00370,lambda,315.46037786067524,1539,0.14595458452500618,0.7672406910959155,u,True,1828,0.1902331122669299,True
1.4371331755793437,L640_sub02822,parallel,33.98529093593286,2355,0.004578391802928523,0.6958297372801762,B,False,4096,0.006579758750789105,True
1.5562827114748137,L640_sub02822,parallel,35.98610843089316,2280,0.004728483086139337,0.6425567749527645,B,False,4096,0.007358856478459723,True
1.533779251687298,L640_sub02822,parallel,38.22956970723055,2406,0.005078230947333404,0.6519843053685257,B,False,4096,0.007788885262296306,True
1.2317965051081774,L640_sub02822,parallel,40.7308237088326,2331,0.006474505890494652,0.811822403987239,B,False,4096,0.007975273728213621,True
1.4259357822010528,L640_sub02822,parallel,43.23193264243457,2368,0.006038610885107438,0.7012938538202718,B,False,4096,0.008610671335863466,True
1.1959480637947109,L640_sub02822,parallel,45.97553697348189,2317,0.007867209626442159,0.8361567113767692,B,False,4096,0.00940877412021061,True
1.3285947168570118,L640_sub02822,parallel,48.977035434987286,2344,0.007686527860327538,0.7526749785409719,B,False,4096,0.010212280306205399,True
1.3659336611730442,L640_sub02822,parallel,52.22068555658763,2392,0.006878287901824183,0.7320999755882832,B,False,4096,0.009395284976340963,True
1.2799470831797586,L640_sub02822,parallel,55.72252686302013,2309,0.008286973974312387,0.7812822991992067,B,False,4096,0.010606888166807712,True
1.393887935324651,L640_sub02822,parallel,59.22415047934415,2270,0.00900552486290072,0.7174177885161834,B,False,4096,0.012552692457663495,True
1.3965600027634675,L640_sub02822,parallel,62.96824596572466,2285,0.009646956777941078,0.7160451380687064,B,False,4096,0.013472553984460442,True
1.3354538401320317,L640_sub02822,parallel,66.97014260101288,2407,0.00948564999679321,0.7488091088952453,B,False,4096,0.012667647714365885,True
1.372250679968621,L640_sub02822,parallel,71.21446482281532,2451,0.01008424669486801,0.7287298265524392,B,False,4096,0.013838114384003945,True
1.3113097054080298,L640_sub02822,parallel,75.95887044973747,2389,0.010617711004868084,0.7625963537643748,B,False,4096,0.013923107489901162,True
1.3849004860454681,L640_sub02822,parallel,80.96141056083448,2367,0.011953929831538531,0.7220735425225121,B,False,4096,0.01655500323385113,True
1.3468606864149943,L640_sub02822,parallel,86.20614827261453,2433,0.012804929018643446,0.7424672871414411,B,False,4096,0.01724645548754539,True
1.2145581213455914,L640_sub02822,parallel,91.95107394696377,2412,0.013195659501127827,0.8233447065440677,B,False,4096,0.016026895413605916,True
1.1816311780186917,L640_sub02822,parallel,97.95407086997457,2414,0.015228193864275465,0.8462877576375033,B,False,4096,0.01799410865494083,True
1.1173851432309707,L640_sub02822,parallel,104.19932821280567,2365,0.016084456420653915,0.8949465688334229,B,False,4096,0.01797253264138468,True
1.230740110018988,L640_sub02822,parallel,110.94480609744649,2429,0.015102243994204775,0.8125192247001456,B,False,4096,0.018586937434961186,True
1.2326154873063895,L640_sub02822,parallel,117.94808179873041,2379,0.017750962744060756,0.8112830077977362,B,False,4096,0.021880111592928013,True
1.0965890431157026,L640_sub02822,parallel,125.193849689192,2458,0.020013087462250518,0.9119186501797726,B,False,4096,0.021946132430020162,True
1.125915189554423,L640_sub02822,parallel,133.18220601867202,2380,0.01959183058690016,0.8881663639299036,B,False,4096,0.02205873964896784,True
1.1621160338195284,L640_sub02822,parallel,141.92867927237256,2381,0.021421365629459208,0.860499271069601,B,False,4096,0.0248941124643051,True
1.1688977913782996,L640_sub02822,parallel,151.17539482336403,2395,0.023071381698864947,0.8555067922755293,B,False,4096,0.02696808711184896,True
1.1595606821719457,L640_sub02822,parallel,160.92234151913152,2435,0.024439343905378736,0.8623955739228099,B,False,4096,0.02833890229075575,True
1.2171733316719318,L640_sub02822,parallel,171.1695066301238,2347,0.022874082812081722,0.8215756737180411,B,False,4096,0.02784172358532118,True
1.066624275821175,L640_sub02822,parallel,182.15927096911648,2449,0.027540247331731476,0.9375372590597733,B,False,4096,0.029375096366144132,True
1.1531545367994331,L640_sub02822,parallel,194.14942698859556,2415,0.029463059277693625,0.8671864594796532,B,False,4096,0.03397546047406304,True
1.1003953920261704,L640_sub02822,parallel,206.89792169086667,2384,0.03061889199097974,0.9087642562358323,B,False,4096,0.033692887655821124,True
1.0615189567668373,L640_sub02822,parallel,220.14654210320907,2371,0.030897630866474294,0.9420462947226012,B,False,4096,0.03279842088394662,True
1.0615202036521143,L640_sub02822,parallel,234.13777995018233,2449,0.03504639922661713,0.9420451881740388,B,False,4096,0.03720246084431191,True
1.1020653064471737,L640_sub02822,parallel,249.1294844051984,2427,0.03331229159359894,0.9073872429790837,B,False,4096,0.03671232084355723,True
1.052834683685651,L640_sub02822,parallel,265.12167018182424,2407,0.03723737199864917,0.9498167333349117,B,False,4096,0.039204796769482714,True
1.0130727711866194,L640_sub02822,parallel,282.35660077285246,2399,0.038100500415378165,0.9870959208869988,B,False,4096,0.038598579539404106,True
1.0355109782744243,L640_sub02822,parallel,300.85004570383563,2379,0.04200292221057361,0.9657068065723459,B,False,4096,0.04349448706865562,True
1.1038574504488343,L640_sub02822,parallel,315.46037786067524,2389,0.04144556015622541,0.9059140739534752,B,False,4096,0.04574999036647477,True
1.4214967829840213,L640_sub02822,xi,33.98529093593286,1467,0.01349734051717922,0.7034838291373332,B,False,1503,0.019186426124010145,True
1.2803097091911042,L640_sub02822,xi,35.98610843089316,1498,0.015194771779581605,0.7810610142383415,B,False,1529,0.019454013838341323,True
1.1780921409958296,L640_sub02822,xi,38.22956970723055,1460,0.01556057500276175,0.8488300407086239,B,False,1550,0.018331791120129778,True
1.1815393436165462,L640_sub02822,xi,40.7308237088326,1500,0.020412021755715888,0.846353534821044,B,False,1543,0.02411760678713521,True
1.320280802780413,L640_sub02822,xi,43.23193264243457,1452,0.018205183746849415,0.7574146332311085,B,False,1556,0.024035954612055273,True
1.245907038253559,L640_sub02822,xi,45.97553697348189,1518,0.018151278676294003,0.8026281008908518,B,False,1521,0.022614805856096445,True
1.2738990443292697,L640_sub02822,xi,48.977035434987286,1560,0.021575074939286287,0.7849915614989079,B,False,1541,0.02748446734648918,True
1.3357109044521736,L640_sub02822,xi,52.22068555658763,1426,0.021936932878632083,0.7486649967944512,B,False,1465,0.029301400456224282,True
1.4078573832787185,L640_sub02822,xi,55.72252686302013,1489,0.020468558534667277,0.7102992191376152,B,False,1554,0.028816811258103956,True
1.325573313582672,L640_sub02822,xi,59.22415047934415,1506,0.024904005396569968,0.7543905642587705,B,False,1593,0.033012084955012,True
1.3070289586112798,L640_sub02822,xi,62.96824596572466,1529,0.02764672319391096,0.7650939892429786,B,False,1549,0.03613506782515176,True
1.1367185475944925,L640_sub02822,xi,66.97014260101288,1472,0.02949751832092043,0.8797252425555875,B,False,1521,0.0335303761833986,True
1.3576839984414044,L640_sub02822,xi,71.21446482281532,1488,0.03027733957823458,0.736548417119139,B,False,1565,0.04110705946074571,True
1.1167820325807225,L640_sub02822,xi,75.95887044973747,1443,0.033734472488814456,0.8954298787285679,B,False,1501,0.037674052754096674,True
1.271556220105197,L640_sub02822,xi,80.96141056083448,1546,0.03562182909369642,0.7864378972699052,B,False,1622,0.04529515835561396,True
1.2828700980247993,L640_sub02822,xi,86.20614827261453,1494,0.0375767859813131,0.7795021503265788,B,False,1553,0.04820613511530405,True
1.335511607791322,L640_sub02822,xi,91.95107394696377,1393,0.033238622718382516,0.7487767190985383,B,False,1491,0.0443905664673962,True
1.2305991382043089,L640_sub02822,xi,97.95407086997457,1469,0.03749252755727512,0.812612303190136,B,False,1613,0.046138272101084066,True
1.3362188638783623,L640_sub02822,xi,104.19932821280567,1398,0.03906924137681773,0.7483803941350669,B,False,1502,0.05220505732512089,True
1.3814579769861859,L640_sub02822,xi,110.94480609744649,1449,0.041276999730785205,0.7238729057699014,B,False,1536,0.05702244054414987,True
1.2776782145548415,L640_sub02822,xi,117.94808179873041,1434,0.04713232645245127,0.7826696805254773,B,False,1494,0.060219946709583874,True
1.2218312005451053,L640_sub02822,xi,125.193849689192,1461,0.05143060186295198,0.8184436602649057,B,False,1562,0.06283951401896795,True
1.1963514071972028,L640_sub02822,xi,133.18220601867202,1480,0.04785138735831361,0.8358748056666624,B,False,1556,0.05724707460245693,True
1.2555111546629796,L640_sub02822,xi,141.92867927237256,1443,0.05113572875500549,0.7964883436407483,B,False,1565,0.06420147785372987,True
1.285948895010359,L640_sub02822,xi,151.17539482336403,1409,0.04944304761709809,0.7776358795284353,B,False,1502,0.06358123244915186,True
1.1851240958363043,L640_sub02822,xi,160.92234151913152,1428,0.05722671771607207,0.8437934926083263,B,False,1590,0.06782076209093933,True
1.2502339622727954,L640_sub02822,xi,171.1695066301238,1427,0.05557498102981641,0.799850292166199,B,False,1550,0.0694817287361428,True
1.2208842636215587,L640_sub02822,xi,182.15927096911648,1505,0.06106372029743874,0.8190784579642786,B,False,1642,0.07455173518933132,True
1.247869989189541,L640_sub02822,xi,194.14942698859556,1506,0.061498334288985906,0.8013655338000988,B,False,1649,0.07674192574437162,True
1.1720233409120657,L640_sub02822,xi,206.89792169086667,1501,0.06159671011837149,0.8532253284493484,B,False,1661,0.07219278198212581,True
1.3116907789665113,L640_sub02822,xi,220.14654210320907,1483,0.06585308910635143,0.7623748036011244,B,False,1676,0.0863788897472612,True
1.322210875647911,L640_sub02822,xi,234.13777995018233,1455,0.07398690628920124,0.7563090112308894,B,False,1674,0.09782629215112469,True
1.201559474468629,L640_sub02822,xi,249.1294844051984,1519,0.07491962186258315,0.8322517705103482,B,False,1669,0.09002038147259382,True
1.194421147804783,L640_sub02822,xi,265.12167018182424,1399,0.08377602676767529,0.8372256317111363,B,False,1606,0.10006385805037095,True
1.111096864575018,L640_sub02822,xi,282.35660077285246,1416,0.08775912988592903,0.9000115398421978,B,False,1559,0.09750889405408751,True
1.0991630505851535,L640_sub02822,xi,300.85004570383563,1479,0.09930012365998789,0.909783129507162,B,False,1596,0.10914702684559527,True
1.3788228272737424,L640_sub02822,xi,315.46037786067524,942,0.0965390127103606,0.7252563420183836,B,False,1135,0.13311019444751515,True
1.2971059961159446,L640_sub02822,lambda,33.98529093593286,2608,0.034283270137088595,1.2971059961159446,B,False,2461,0.026430584886467608,True
1.3528803168243666,L640_sub02822,lambda,35.98610843089316,2450,0.03302191560411571,1.3528803168243666,B,False,2389,0.02440860081520624,True
1.297982311030559,L640_sub02822,lambda,38.22956970723055,2472,0.037765424816155926,1.297982311030559,B,False,2319,0.029095484965562676,True
1.4030935789538417,L640_sub02822,lambda,40.7308237088326,2526,0.04338095172498501,1.4030935789538417,B,False,2404,0.030918074443281405,True
1.2851054839301095,L640_sub02822,lambda,43.23193264243457,2557,0.03908957230067459,1.2851054839301095,B,False,2349,0.030417403699135162,True
1.3756418641207013,L640_sub02822,lambda,45.97553697348189,2577,0.04784326849871542,1.3756418641207013,B,False,2390,0.03477886922938074,True
1.4040165423042665,L640_sub02822,lambda,48.977035434987286,2537,0.04895452206399926,1.4040165423042665,B,False,2378,0.03486748238995481,True
1.3775471515151125,L640_sub02822,lambda,52.22068555658763,2498,0.053964139096251515,1.3775471515151125,B,False,2354,0.039174077661805175,True
1.2955734527617653,L640_sub02822,lambda,55.72252686302013,2552,0.051809175920636524,1.2955734527617653,B,False,2337,0.03998937753023207,True
1.3896619045073295,L640_sub02822,lambda,59.22415047934415,2517,0.05675163696100709,1.3896619045073295,B,False,2413,0.04083844910545129,True
1.2601737024088342,L640_sub02822,lambda,62.96824596572466,2479,0.05856994179837489,1.2601737024088342,B,False,2351,0.04647767342424134,True
1.451960301192338,L640_sub02822,lambda,66.97014260101288,2538,0.06696940016600149,1.451960301192338,B,False,2400,0.046123437473467255,True
1.3074524954841247,L640_sub02822,lambda,71.21446482281532,2443,0.06925594335205268,1.3074524954841247,B,False,2323,0.052970141241275866,True
1.35555264410145,L640_sub02822,lambda,75.95887044973747,2487,0.0762439966421577,1.35555264410145,B,False,2342,0.05624569209755573,True
1.418799357852908,L640_sub02822,lambda,80.96141056083448,2304,0.07596978366330594,1.418799357852908,B,False,2190,0.05354512126243999,True
1.4053559311451747,L640_sub02822,lambda,86.20614827261453,2483,0.08245822156845549,1.4053559311451747,B,False,2393,0.05867426161660215,True
1.3921967970875067,L640_sub02822,lambda,91.95107394696377,2426,0.07803715173167851,1.3921967970875067,B,False,2237,0.056053247568830226,True
1.268065628332127,L640_sub02822,lambda,97.95407086997457,2354,0.07928642349501393,1.268065628332127,B,False,2219,0.06252548899957056,True
1.2631201698938122,L640_sub02822,lambda,104.19932821280567,2350,0.07910254421453997,1.2631201698938122,B,False,2261,0.06262471782173343,True
1.372634898177978,L640_sub02822,lambda,110.94480609744649,2270,0.08930176995530463,1.372634898177978,B,False,2215,0.06505864747708434,True
1.27057606459771,L640_sub02822,lambda,117.94808179873041,2298,0.08893647189311013,1.27057606459771,B,False,2187,0.06999696780945516,True
1.3099378473377181,L640_sub02822,lambda,125.193849689192,2266,0.09151739684310728,1.3099378473377181,B,False,2151,0.06986392295566139,True
1.2212961545886756,L640_sub02822,lambda,133.18220601867202,2225,0.08739475778918115,1.2212961545886756,B,False,2148,0.07155902150417819,True
1.2362021913725174,L640_sub02822,lambda,141.92867927237256,2212,0.0924053031933533,1.2362021913725174,B,False,2098,0.07474934427252432,True
1.2062005023720639,L640_sub02822,lambda,151.17539482336403,2174,0.08614422147773425,1.2062005023720639,B,False,2094,0.0714178292152313,True
1.247313456723442,L640_sub02822,lambda,160.92234151913152,2040,0.08996343051625379,1.247313456723442,B,False,2051,0.07212575959260314,True
1.2146266769947938,L640_sub02822,lambda,171.1695066301238,2080,0.08802212328841857,1.2146266769947938,B,False,2008,0.07246845879114168,True
1.1930116440360776,L640_sub02822,lambda,182.15927096911648,2075,0.0957121411850885,1.1930116440360776,B,False,2091,0.08022733194898649,True
1.2614578860174628,L640_sub02822,lambda,194.14942698859556,2132,0.09373281092374934,1.2614578860174628,B,False,2109,0.0743051448349753,True
1.2395526645338193,L640_sub02822,lambda,206.89792169086667,2040,0.09012381892186282,1.2395526645338193,B,False,2023,0.07270672840331258,True
1.2595390900811525,L640_sub02822,lambda,220.14654210320907,2049,0.0942632505229226,1.2595390900811525,B,False,2069,0.07483947998537242,True
1.2525963920895256,L640_sub02822,lambda,234.13777995018233,2001,0.09325095603432824,1.2525963920895256,B,False,1994,0.07444613174940665,True
1.3077922382092884,L640_sub02822,lambda,249.1294844051984,1946,0.10427872913755833,1.3077922382092884,B,False,1945,0.07973646431817284,True
1.2306324844620358,L640_sub02822,lambda,265.12167018182424,1971,0.10551800773703883,1.2306324844620358,B,False,1953,0.0857429078699848,True
1.2713217599744437,L640_sub02822,lambda,282.35660077285246,1984,0.11501985397808608,1.2713217599744437,B,False,1950,0.0904726542086389,True
1.2104957660632132,L640_sub02822,lambda,300.85004570383563,1893,0.1183557324577922,1.2104957660632132,B,False,1896,0.09777459432403462,True
1.4342396310845216,L640_sub02822,lambda,315.46037786067524,1127,0.1378047983526278,1.4342396310845216,B,False,1180,0.09608212976824845,True
1.6848942926441286,L640_sub02822,parallel,33.98529093593286,2355,0.00220720655769648,0.5935090434846721,u,False,4096,0.003718909731749492,True
1.5338820761118888,L640_sub02822,parallel,35.98610843089316,2280,0.0027497645798676413,0.6519405993287422,u,False,4096,0.004217814602586313,True
1.5966265577197323,L640_sub02822,parallel,38.22956970723055,2406,0.0028394503126179856,0.626320535108835,u,False,4096,0.004533541778451472,True
1.549696131450312,L640_sub02822,parallel,40.7308237088326,2331,0.003131057501742612,0.6452877952686966,u,False,4096,0.0048521876977990035,True
1.5253286923472262,L640_sub02822,parallel,43.23193264243457,2368,0.0032569835230303675,0.6555964003149819,u,False,4096,0.004967970418180373,True
1.4069148138506777,L640_sub02822,parallel,45.97553697348189,2317,0.0038512803508761423,0.7107750875570314,u,False,4096,0.00541842337793968,True
1.4595389258857616,L640_sub02822,parallel,48.977035434987286,2344,0.003956326490857626,0.6851478794189215,u,False,4096,0.005774412516919724,True
1.5625460653658776,L640_sub02822,parallel,52.22068555658763,2392,0.0037923474597044145,0.6399811321823944,u,False,4096,0.005925717601661414,True
1.4569069472444716,L640_sub02822,parallel,55.72252686302013,2309,0.004473461860132849,0.6863856349174222,u,False,4096,0.006517417662260725,True
1.409845448370124,L640_sub02822,parallel,59.22415047934415,2270,0.004951745281493119,0.7092976050361174,u,False,4096,0.006981195546601312,True
1.5209233237693012,L640_sub02822,parallel,62.96824596572466,2285,0.00498758782667119,0.6574953413967655,u,False,4096,0.007585738654932052,True
1.3447122364106978,L640_sub02822,parallel,66.97014260101288,2407,0.005668119745457625,0.7436535289283879,u,False,4096,0.007621989979157959,True
1.326190520899071,L640_sub02822,parallel,71.21446482281532,2451,0.00610473094420127,0.7540394718867882,u,False,4096,0.00809603631083896,True
1.4238592948587898,L640_sub02822,parallel,75.95887044973747,2389,0.005852698602437088,0.7023165867658112,u,False,4096,0.008333419305087096,True
1.289867618805552,L640_sub02822,parallel,80.96141056083448,2367,0.006736700241688772,0.7752733578396391,u,False,4096,0.008689451499353884,True
1.3506952813913808,L640_sub02822,parallel,86.20614827261453,2433,0.006957455590659446,0.740359438414472,u,False,4096,0.009397402436793796,True
1.198284439744,L640_sub02822,parallel,91.95107394696377,2412,0.00795185471684161,0.8345264002707393,u,False,4096,0.009528583774296233,True
1.262668858394423,L640_sub02822,parallel,97.95407086997457,2414,0.007678341008258716,0.7919732821094313,u,False,4096,0.009695202075261117,True
1.173888749582294,L640_sub02822,parallel,104.19932821280567,2365,0.008693971520813868,0.851869481120618,u,False,4096,0.010205755357472267,True
1.2682620387134278,L640_sub02822,parallel,110.94480609744649,2429,0.008279372260527322,0.7884805895589505,u,False,4096,0.010500413542403782,True
1.1605845030367894,L640_sub02822,parallel,117.94808179873041,2379,0.010150760540113926,0.8616348033110873,u,False,4096,0.011780815376893572,True
1.1686898958742231,L640_sub02822,parallel,125.193849689192,2458,0.009919253834190319,0.8556589763719683,u,False,4096,0.011592531730629872,True
1.14629470335004,L640_sub02822,parallel,133.18220601867202,2380,0.010585581387070055,0.8723760103553698,u,False,4096,0.012134195875879173,True
1.2137826358337303,L640_sub02822,parallel,141.92867927237256,2381,0.01100334099510267,0.8238707413317987,u,False,4096,0.01335566423601306,True
1.095649364077854,L640_sub02822,parallel,151.17539482336403,2395,0.01200987965451302,0.9127007533488083,u,False,4096,0.013158617006118745,True
1.1172354705082728,L640_sub02822,parallel,160.92234151913152,2435,0.012948167757349987,0.8950664621711859,u,False,4096,0.014466152296602959,True
1.1121537270475237,L640_sub02822,parallel,171.1695066301238,2347,0.012536780301161303,0.8991562728065818,u,False,4096,0.01394282693711252,True
1.0750102348826158,L640_sub02822,parallel,182.15927096911648,2449,0.014940895106655055,0.9302237016461462,u,False,4096,0.016061615157961777,True
1.1183519715715575,L640_sub02822,parallel,194.14942698859556,2415,0.015737639230495527,0.894172877072641,u,False,4096,0.01760021986130656,True
1.09606614260543,L640_sub02822,parallel,206.89792169086667,2384,0.015581203808624195,0.9123536994062479,u,False,4096,0.017078029955667755,True
1.0994579652663625,L640_sub02822,parallel,220.14654210320907,2371,0.01554263933502847,0.9095390925270461,u,False,4096,0.017088478618159333,True
1.0351651261389605,L640_sub02822,parallel,234.13777995018233,2449,0.016129523181238756,0.9660294524506229,u,False,4096,0.016696719898468305,True
1.0791262772741315,L640_sub02822,parallel,249.1294844051984,2427,0.017560178735141676,0.9266756088323564,u,False,4096,0.018949650306721803,True
1.0521915967617064,L640_sub02822,parallel,265.12167018182424,2407,0.017198089822727892,0.950397249966323,u,False,4096,0.018095685591827313,True
1.072655755621153,L640_sub02822,parallel,282.35660077285246,2399,0.01829008979852559,0.9322655425653504,u,False,4096,0.019618970093216205,True
1.0335185293632285,L640_sub02822,parallel,300.85004570383563,2379,0.018837638971980937,0.967568525951944,u,False,4096,0.01946904892699718,True
1.0233264991703124,L640_sub02822,parallel,315.46037786067524,2389,0.021119872862797387,0.9772052231724431,u,False,4096,0.021612525559608534,True
1.3190616636034105,L640_sub02822,xi,33.98529093593286,1561,0.00712932691075523,0.7581146716584891,u,False,1575,0.009404021815273358,True
1.2971966861584205,L640_sub02822,xi,35.98610843089316,1580,0.007514565209550009,0.770893119501752,u,False,1648,0.00974786908774963,True
1.2093576522185714,L640_sub02822,xi,38.22956970723055,1584,0.007770013231541219,0.8268852462011516,u,False,1597,0.009396724959403923,True
1.2661163050062314,L640_sub02822,xi,40.7308237088326,1555,0.008153323552079497,0.7898168565130976,u,False,1585,0.010323055889279174,True
1.1494646988544193,L640_sub02822,xi,43.23193264243457,1585,0.009037481498349799,0.8699701704598855,u,False,1658,0.010388265948903037,True
1.164439576736808,L640_sub02822,xi,45.97553697348189,1619,0.010034190308246971,0.8587822159071329,u,False,1673,0.011684208315431686,True
1.1517244656227505,L640_sub02822,xi,48.977035434987286,1680,0.00990654300134321,0.8682632260132536,u,False,1668,0.011409607944390809,True
1.248690046405017,L640_sub02822,xi,52.22068555658763,1572,0.010088096773891192,0.8008392498034268,u,False,1618,0.012596906028728495,True
1.257711307013088,L640_sub02822,xi,55.72252686302013,1611,0.010901178352778252,0.7950950225412848,u,False,1654,0.013710535274055517,True
1.2626632305079066,L640_sub02822,xi,59.22415047934415,1601,0.011474745620315644,0.7919768120575981,u,False,1638,0.014488739374204205,True
1.191208130057046,L640_sub02822,xi,62.96824596572466,1671,0.012645640795937637,0.8394838607692433,u,False,1649,0.01506359012590197,True
1.192149050627471,L640_sub02822,xi,66.97014260101288,1575,0.013318488848478964,0.8388212862088544,u,False,1654,0.015877623836506757,True
1.240970336825749,L640_sub02822,xi,71.21446482281532,1584,0.013577897692789906,0.805821034012689,u,False,1601,0.01684976827320705,True
1.225897646035443,L640_sub02822,xi,75.95887044973747,1618,0.014029905009837806,0.8157287871740381,u,False,1601,0.017199227525661033,True
1.2616600447834883,L640_sub02822,xi,80.96141056083448,1667,0.014424888862106348,0.792606537818679,u,False,1683,0.018199305927761936,True
1.2622766662715545,L640_sub02822,xi,86.20614827261453,1579,0.014985277122157152,0.7922193499415201,u,False,1593,0.018915565648911923,True
1.1355415773384316,L640_sub02822,xi,91.95107394696377,1601,0.015516103553116693,0.8806370633683671,u,False,1641,0.017619180702852573,True
1.1756534314937455,L640_sub02822,xi,97.95407086997457,1630,0.016478329981149512,0.8505908061097851,u,False,1662,0.01937280518762469,True
1.1695714295695623,L640_sub02822,xi,104.19932821280567,1670,0.016833598083022816,0.8550140459296534,u,False,1651,0.019688095374760437,True
1.1565476590140895,L640_sub02822,xi,110.94480609744649,1591,0.016866690852258198,0.8646422758336305,u,False,1615,0.019507131820493576,True
1.1572368951303427,L640_sub02822,xi,117.94808179873041,1642,0.018319231657683756,0.8641273054877562,u,False,1651,0.02119969076471143,True
1.1882341683215167,L640_sub02822,xi,125.193849689192,1643,0.018246004587249454,0.84158495577735,u,False,1649,0.021680526085920936,True
1.1937778392077987,L640_sub02822,xi,133.18220601867202,1623,0.018198835717208012,0.8376767997834578,u,False,1673,0.02172536677858629,True
1.1688198573390665,L640_sub02822,xi,141.92867927237256,1622,0.01911317495646708,0.8555638353686071,u,False,1650,0.02233985842591447,True
1.10346033250579,L640_sub02822,xi,151.17539482336403,1641,0.019846242007088063,0.9062400981185728,u,False,1627,0.02189954080413177,True
1.0000204859711803,L640_sub02822,xi,160.92234151913152,1533,0.02169298395961144,0.9999795144484862,u,False,1566,0.02169342836145565,True
1.096178623012862,L640_sub02822,xi,171.1695066301238,1590,0.02074927828684013,0.9122600815289448,u,False,1615,0.022744915300979093,True
1.0625075217015425,L640_sub02822,xi,182.15927096911648,1611,0.02105456854452954,0.9411698078132752,u,False,1579,0.02237063744474333,True
1.1578078912762058,L640_sub02822,xi,194.14942698859556,1555,0.022395811968978,0.8637011438035196,u,False,1539,0.02593004782922083,True
1.0593365248477322,L640_sub02822,xi,206.89792169086667,1581,0.023324941367172024,0.9439870867699373,u,False,1604,0.024708962330177123,True
1.0249333966961323,L640_sub02822,xi,220.14654210320907,1524,0.024348375096056384,0.9756731542005511,u,False,1532,0.024955462791232584,True
1.0328252655852115,L640_sub02822,xi,234.13777995018233,1518,0.026032708044737934,1.0328252655852115,u,False,1591,0.025205336190132297,True
1.1186800634204979,L640_sub02822,xi,249.1294844051984,1480,0.027179084290938217,1.1186800634204979,u,False,1519,0.024295672355002844,True
1.0204689372184799,L640_sub02822,xi,265.12167018182424,1414,0.026851700731690714,1.0204689372184799,u,False,1498,0.026313099548998648,True
1.1912488713146159,L640_sub02822,xi,282.35660077285246,1337,0.029439279666799052,1.1912488713146159,u,False,1382,0.02471295492965379,True
1.128361291154401,L640_sub02822,xi,300.85004570383563,1331,0.03426098094973677,1.128361291154401,u,False,1396,0.030363484832668385,True
1.051661489285448,L640_sub02822,xi,315.46037786067524,838,0.03504705928240691,0.950876313517433,u,False,885,0.03685764256001143,True
1.0982470852475565,L640_sub02822,lambda,33.98529093593286,2563,0.016589551404092046,1.0982470852475565,u,False,2409,0.015105481841868568,True
1.0191526035329834,L640_sub02822,lambda,35.98610843089316,2519,0.016433853824462302,1.0191526035329834,u,False,2379,0.016125017752486606,True
1.11006614433586,L640_sub02822,lambda,38.22956970723055,2508,0.017711590985297985,1.11006614433586,u,False,2351,0.015955437498631788,True
1.0585175734085357,L640_sub02822,lambda,40.7308237088326,2570,0.017381615398807105,1.0585175734085357,u,False,2439,0.01642071500318744,True
1.0282358660196764,L640_sub02822,lambda,43.23193264243457,2544,0.017153784796639142,1.0282358660196764,u,False,2386,0.01668273337229698,True
1.0526649387222091,L640_sub02822,lambda,45.97553697348189,2626,0.018074821256008008,1.0526649387222091,u,False,2381,0.017170536028252602,True
1.0601736935178014,L640_sub02822,lambda,48.977035434987286,2567,0.018776364317815694,1.0601736935178014,u,False,2421,0.01771064914421065,True
1.0720106968997007,L640_sub02822,lambda,52.22068555658763,2496,0.020525473770777593,1.0720106968997007,u,False,2358,0.019146706119759917,True
1.0825067999877114,L640_sub02822,lambda,55.72252686302013,2514,0.020741499615690762,1.0825067999877114,u,False,2301,0.019160618312906875,True
1.0657498620743189,L640_sub02822,lambda,59.22415047934415,2463,0.020736980466193704,1.0657498620743189,u,False,2329,0.01945764311508551,True
1.1585835202361459,L640_sub02822,lambda,62.96824596572466,2464,0.02218171247826522,1.1585835202361459,u,False,2367,0.019145544616191397,True
1.1147880540642219,L640_sub02822,lambda,66.97014260101288,2534,0.02249459381118867,1.1147880540642219,u,False,2436,0.020178359221898135,True
1.1185797210705881,L640_sub02822,lambda,71.21446482281532,2532,0.023421745444939926,1.1185797210705881,u,False,2413,0.02093882537269947,True
1.1118196332877142,L640_sub02822,lambda,75.95887044973747,2562,0.023131327348060615,1.1118196332877142,u,False,2414,0.02080492793571198,True
1.1403745498307865,L640_sub02822,lambda,80.96141056083448,2476,0.023445915549139645,1.1403745498307865,u,False,2398,0.020559837601267623,True
1.1902984565238794,L640_sub02822,lambda,86.20614827261453,2448,0.026172495229057607,1.1902984565238794,u,False,2401,0.021988178750975758,True
1.1495830539169012,L640_sub02822,lambda,91.95107394696377,2426,0.02592228254552031,1.1495830539169012,u,False,2364,0.022549290768680844,True
1.0918228894626323,L640_sub02822,lambda,97.95407086997457,2412,0.025857238412250877,1.0918228894626323,u,False,2353,0.023682630820258,True
1.1052732163612462,L640_sub02822,lambda,104.19932821280567,2424,0.027078868917166182,1.1052732163612462,u,False,2379,0.024499706060293926,True
1.1660378984935398,L640_sub02822,lambda,110.94480609744649,2482,0.0277877834910289,1.1660378984935398,u,False,2409,0.023830943682816203,True
1.1119897680895725,L640_sub02822,lambda,117.94808179873041,2532,0.02853723319013845,1.1119897680895725,u,False,2394,0.025663215623976617,True
1.1066842015925655,L640_sub02822,lambda,125.193849689192,2333,0.028247682438118447,1.1066842015925655,u,False,2286,0.025524609818653624,True
1.1345201987043219,L640_sub02822,lambda,133.18220601867202,2452,0.030174107622315455,1.1345201987043219,u,False,2404,0.02659635999145346,True
1.1668034645071486,L640_sub02822,lambda,141.92867927237256,2452,0.030572564583507236,1.1668034645071486,u,False,2405,0.02620198303612419,True
1.1222264001941782,L640_sub02822,lambda,151.17539482336403,2459,0.03242596032178273,1.1222264001941782,u,False,2423,0.02889431251677209,True
1.1460874598180832,L640_sub02822,lambda,160.92234151913152,2438,0.033996748234623723,1.1460874598180832,u,False,2465,0.029663310547015303,True
1.1768693270343227,L640_sub02822,lambda,171.1695066301238,2433,0.0352666168981883,1.1768693270343227,u,False,2395,0.02996646788905543,True
1.1691770020381702,L640_sub02822,lambda,182.15927096911648,2407,0.03830194774464315,1.1691770020381702,u,False,2479,0.03275975124200459,True
1.187179884525636,L640_sub02822,lambda,194.14942698859556,2435,0.04122974258494918,1.187179884525636,u,False,2496,0.034729145197253265,True
1.1296406334950049,L640_sub02822,lambda,206.89792169086667,2439,0.0416887595148161,1.1296406334950049,u,False,2465,0.03690444401405329,True
1.1908013080015412,L640_sub02822,lambda,220.14654210320907,2396,0.04434179348920595,1.1908013080015412,u,False,2483,0.03723693717100667,True
1.1348458474190206,L640_sub02822,lambda,234.13777995018233,2434,0.04351832779224942,1.1348458474190206,u,False,2511,0.03834734725533264,True
1.199072227258018,L640_sub02822,lambda,249.1294844051984,2447,0.047904637748194014,1.199072227258018,u,False,2534,0.03995141965529473,True
1.1833338770253028,L640_sub02822,lambda,265.12167018182424,2557,0.0483479985159357,1.1833338770253028,u,False,2628,0.0408574447623136,True
1.164694609246924,L640_sub02822,lambda,282.35660077285246,2602,0.046085780279711455,1.164694609246924,u,False,2661,0.03956898221544093,True
1.1520830317730828,L640_sub02822,lambda,300.85004570383563,2775,0.04665534073976809,1.1520830317730828,u,False,2867,0.04049650889134651,True
1.2517252799791365,L640_sub02822,lambda,315.46037786067524,1517,0.04483080842810964,1.2517252799791365,u,False,1600,0.03581521372553638,True
,L640_sub03026,parallel,33.98529093593286,278,0.016208960739183816,,B,False,0,,False
,L640_sub03026,parallel,35.98610843089316,255,0.015496952079198623,,B,False,0,,False
,L640_sub03026,parallel,38.22956970723055,257,0.014899845140406542,,B,False,0,,False
,L640_sub03026,parallel,40.7308237088326,238,0.021011706078949057,,B,False,0,,False
,L640_sub03026,parallel,43.23193264243457,253,0.017955362939562777,,B,False,0,,False
,L640_sub03026,parallel,45.97553697348189,228,0.023797172292209685,,B,False,0,,False
,L640_sub03026,parallel,48.977035434987286,243,0.023846454689465547,,B,False,0,,False
,L640_sub03026,parallel,52.22068555658763,241,0.028516788999486394,,B,False,0,,False
,L640_sub03026,parallel,55.72252686302013,256,0.02668835612283394,,B,False,0,,False
,L640_sub03026,parallel,59.22415047934415,240,0.026684992099914765,,B,False,0,,False
,L640_sub03026,parallel,62.96824596572466,227,0.03373465067996551,,B,False,0,,False
,L640_sub03026,parallel,66.97014260101288,248,0.03364566366793859,,B,False,0,,False
,L640_sub03026,parallel,71.21446482281532,217,0.051145303869863566,,B,False,0,,False
,L640_sub03026,parallel,75.95887044973747,218,0.041082314439837134,,B,False,0,,False
,L640_sub03026,parallel,80.96141056083448,233,0.036121178608440684,,B,False,0,,False
,L640_sub03026,parallel,86.20614827261453,242,0.04291454073790043,,B,False,0,,False
,L640_sub03026,parallel,91.95107394696377,218,0.04593559852172925,,B,False,0,,False
,L640_sub03026,parallel,97.95407086997457,218,0.053850683680699576,,B,False,0,,False
,L640_sub03026,parallel,104.19932821280567,207,0.05175327606481154,,B,False,0,,False
,L640_sub03026,parallel,110.94480609744649,213,0.05959318275793606,,B,False,0,,False
,L640_sub03026,parallel,117.94808179873041,225,0.06001579279003415,,B,False,0,,False
,L640_sub03026,parallel,125.193849689192,185,0.06402280160738442,,B,False,0,,False
,L640_sub03026,parallel,133.18220601867202,183,0.07412556224459876,,B,False,0,,False
,L640_sub03026,parallel,141.92867927237256,211,0.06468343572738432,,B,False,0,,False
,L640_sub03026,parallel,151.17539482336403,170,0.07273334059083006,,B,False,0,,False
,L640_sub03026,parallel,160.92234151913152,190,0.06990743833575268,,B,False,0,,False
,L640_sub03026,parallel,171.1695066301238,175,0.09551457568592361,,B,False,0,,False
,L640_sub03026,parallel,182.15927096911648,189,0.09263634591535098,,B,False,0,,False
,L640_sub03026,parallel,194.14942698859556,192,0.10272435726058131,,B,False,0,,False
,L640_sub03026,parallel,206.89792169086667,178,0.0888095464207919,,B,False,0,,False
,L640_sub03026,parallel,220.14654210320907,155,0.10298846598073064,,B,False,0,,False
,L640_sub03026,parallel,234.13777995018233,150,0.09339100601911368,,B,False,0,,False
,L640_sub03026,parallel,249.1294844051984,168,0.12928188009505687,,B,False,0,,False
,L640_sub03026,parallel,265.12167018182424,136,0.14341744282949323,,B,False,0,,False
,L640_sub03026,parallel,282.35660077285246,120,0.12380418397076547,,B,False,0,,False
,L640_sub03026,parallel,300.85004570383563,129,0.10071066429391394,,B,False,0,,False
,L640_sub03026,parallel,315.46037786067524,97,0.11058615649951936,,B,False,0,,False
1.0405815551890305,L640_sub03026,xi,33.98529093593286,1543,0.007083050172295247,0.9610010815714886,B,False,1020,0.007370491363768919,True
1.0478884525859686,L640_sub03026,xi,35.98610843089316,1512,0.008894158132147254,1.0478884525859686,B,False,1528,0.008487695527322913,True
1.0195850538900095,L640_sub03026,xi,38.22956970723055,1523,0.008004715593008525,0.9807911524249135,B,False,1570,0.008161488379271796,True
1.068235489433046,L640_sub03026,xi,40.7308237088326,1505,0.009560583602981046,1.068235489433046,B,False,1476,0.008949883895034436,True
1.0789910394819566,L640_sub03026,xi,43.23193264243457,1565,0.009960984706736668,1.0789910394819566,B,False,1124,0.009231758506093915,True
1.0754943223607203,L640_sub03026,xi,45.97553697348189,1532,0.00891745897060175,0.9298050014852616,B,False,1156,0.009590676492766856,True
1.043454694367086,L640_sub03026,xi,48.977035434987286,1456,0.009423901842706155,0.9583549773634937,B,False,1063,0.00983341461702637,True
1.0589427896243915,L640_sub03026,xi,52.22068555658763,1503,0.010613465200694342,1.0589427896243915,B,False,1066,0.010022699341915301,True
1.0808277633174694,L640_sub03026,xi,55.72252686302013,1556,0.010748611015178084,0.9252167958108529,B,False,1077,0.011617397202304444,True
1.1057622465401558,L640_sub03026,xi,59.22415047934415,1531,0.011634305341242995,1.1057622465401558,B,False,1122,0.010521525199151838,True
1.0748042492787466,L640_sub03026,xi,62.96824596572466,1589,0.011946258486616648,1.0748042492787466,B,False,1579,0.011114822531296514,True
1.1754540610237136,L640_sub03026,xi,66.97014260101288,1530,0.012233743330683701,1.1754540610237136,B,False,1148,0.010407674562823172,True
1.1029966598262133,L640_sub03026,xi,71.21446482281532,1576,0.01211675601121365,1.1029966598262133,B,False,1128,0.010985306168672123,True
1.1136972639251699,L640_sub03026,xi,75.95887044973747,1547,0.013336707962330685,1.1136972639251699,B,False,1153,0.011975164521214795,True
1.201268527979916,L640_sub03026,xi,80.96141056083448,1545,0.01397869106968078,1.201268527979916,B,False,1069,0.011636608088940535,True
1.0353180500676826,L640_sub03026,xi,86.20614827261453,1576,0.013550180904060691,1.0353180500676826,B,False,1192,0.01308794037076323,True
1.1933263525709907,L640_sub03026,xi,91.95107394696377,1619,0.015496836485877796,1.1933263525709907,B,False,1097,0.0129862517931413,True
1.1237302394512332,L640_sub03026,xi,97.95407086997457,1620,0.015922640956002217,1.1237302394512332,B,False,1165,0.014169451347841224,True
1.0726485346378678,L640_sub03026,xi,104.19932821280567,1587,0.015339395076735507,1.0726485346378678,B,False,1188,0.014300485742903823,True
1.018935281422675,L640_sub03026,xi,110.94480609744649,1684,0.015755285979433993,1.018935281422675,B,False,1244,0.015462499205480332,True
1.0265137737369434,L640_sub03026,xi,117.94808179873041,1655,0.015396632974971397,0.9741710492199027,B,False,1180,0.01580485581798055,True
1.0015655458669452,L640_sub03026,xi,125.193849689192,1720,0.015116878728251622,0.9984369012358645,B,False,1269,0.015140544895265751,True
1.0688608993918631,L640_sub03026,xi,133.18220601867202,1738,0.01580036173714243,0.9355754341551439,B,False,1238,0.01688838885707884,True
1.1305929002056532,L640_sub03026,xi,141.92867927237256,1747,0.015648082780183835,0.8844916678833746,B,False,1276,0.017691611293106185,True
1.02030833718294,L640_sub03026,xi,151.17539482336403,1709,0.01743914964651753,1.02030833718294,B,False,1253,0.017092038760230882,True
1.0249750363509906,L640_sub03026,xi,160.92234151913152,1689,0.01745705662626908,1.0249750363509906,B,False,1243,0.017031689560379808,True
1.046125228858863,L640_sub03026,xi,171.1695066301238,1712,0.018837893845860623,1.046125228858863,B,False,1279,0.018007302879416667,True
1.1539105993631011,L640_sub03026,xi,182.15927096911648,1733,0.021058902589370727,1.1539105993631011,B,False,1277,0.018250029595875236,True
1.052582027500915,L640_sub03026,xi,194.14942698859556,1741,0.021024788055079586,1.052582027500915,B,False,1280,0.019974488928903272,True
1.132019371687588,L640_sub03026,xi,206.89792169086667,1802,0.021607029614273843,1.132019371687588,B,False,1223,0.019087155356769726,True
1.1238243945243076,L640_sub03026,xi,220.14654210320907,1760,0.022370940320259443,1.1238243945243076,B,False,1191,0.019906081794681646,True
1.124439797685006,L640_sub03026,xi,234.13777995018233,1792,0.022258157828309068,1.124439797685006,B,False,1250,0.019794886195004937,True
1.2739460527074054,L640_sub03026,xi,249.1294844051984,1802,0.02374202090293236,1.2739460527074054,B,False,1247,0.0186365983492594,True
1.322030350892184,L640_sub03026,xi,265.12167018182424,1683,0.027040729826656056,1.322030350892184,B,False,1093,0.0204539402657491,True
1.2566189027884438,L640_sub03026,xi,282.35660077285246,1668,0.02443011105006709,1.2566189027884438,B,False,1063,0.019441145597807376,True
1.4664952956413326,L640_sub03026,xi,300.85004570383563,1611,0.02811301996976281,1.4664952956413326,B,False,1154,0.019170208082712144,True
1.0390986306168688,L640_sub03026,xi,315.46037786067524,1057,0.02051794412308279,0.9623725511083989,B,False,1061,0.02132016764136876,True
1.033701197279756,L640_sub03026,lambda,33.98529093593286,2650,0.02140830594796678,0.9673975445046956,B,False,1770,0.022129791490144584,True
1.058407595896209,L640_sub03026,lambda,35.98610843089316,2692,0.0209366464887126,1.058407595896209,B,False,2542,0.01978127006069382,True
1.1190727226505557,L640_sub03026,lambda,38.22956970723055,2627,0.023731204515992924,1.1190727226505557,B,False,2549,0.021206132573569382,True
1.065777855851982,L640_sub03026,lambda,40.7308237088326,2644,0.023100630094289868,1.065777855851982,B,False,2576,0.021674901544865784,True
1.093032337676287,L640_sub03026,lambda,43.23193264243457,2640,0.02561502658330353,0.9148860152902086,B,False,1764,0.02799805238598849,True
1.1038470599349621,L640_sub03026,lambda,45.97553697348189,2571,0.029537804537737744,0.905922601323882,B,False,1760,0.03260521869591539,True
1.1428724765964957,L640_sub03026,lambda,48.977035434987286,2667,0.027623025565362978,0.8749882602633202,B,False,1778,0.031569595638974705,True
1.1153422222091134,L640_sub03026,lambda,52.22068555658763,2576,0.02918526548526819,0.8965858012793062,B,False,1785,0.03255155886210196,True
1.148022197164613,L640_sub03026,lambda,55.72252686302013,2566,0.03374337743075626,0.871063296920392,B,False,1757,0.03873814629781162,True
1.1384136162933116,L640_sub03026,lambda,59.22415047934415,2599,0.033948458746129305,0.8784153542154669,B,False,1775,0.03864738768876537,True
1.11513887788475,L640_sub03026,lambda,62.96824596572466,2644,0.033343224334251284,1.11513887788475,B,False,2611,0.029900512837915172,True
1.2357842497864362,L640_sub03026,lambda,66.97014260101288,2567,0.03571798177861999,0.809202739210195,B,False,1770,0.0441397193161775,True
1.2121220902584509,L640_sub03026,lambda,71.21446482281532,2595,0.040898144994544534,0.8249994023182748,B,False,1720,0.049573544998480525,True
1.2318446599499222,L640_sub03026,lambda,75.95887044973747,2525,0.043680523007141515,0.8117906685090088,B,False,1713,0.05380761901016699,True
1.2190765281395959,L640_sub03026,lambda,80.96141056083448,2523,0.04322361870166684,0.820293047169136,B,False,1783,0.05269289902045772,True
1.2695544876420457,L640_sub03026,lambda,86.20614827261453,2694,0.04200196080748067,0.7876778899480782,B,False,1828,0.0533237778329024,True
1.3047875451694775,L640_sub03026,lambda,91.95107394696377,2630,0.044987353574834646,0.7664082966626655,B,False,1785,0.05869893863457982,True
1.3023627764153882,L640_sub03026,lambda,97.95407086997457,2645,0.047577052676757076,0.7678352131288574,B,False,1749,0.06196258241776252,True
1.3037671749322108,L640_sub03026,lambda,104.19932821280567,2496,0.047316163530788,0.7670081125121093,B,False,1704,0.06168926085516596,True
1.312743327203163,L640_sub03026,lambda,110.94480609744649,2477,0.0514696531847116,0.761763536921211,B,False,1712,0.06756644377169117,True
1.3852054649119605,L640_sub03026,lambda,117.94808179873041,2530,0.0541185084374254,0.7219145645397501,B,False,1749,0.0749652536404057,True
1.3702691120485377,L640_sub03026,lambda,125.193849689192,2462,0.055039224505745755,0.7297836543253979,B,False,1707,0.07541854929132835,True
1.3401944802251418,L640_sub03026,lambda,133.18220601867202,2519,0.05929415518892018,0.7461603631079037,B,False,1758,0.07946569949380378,True
1.3732298636701363,L640_sub03026,lambda,141.92867927237256,2517,0.06484546282293951,0.7282102046101512,B,False,1785,0.08904772607197213,True
1.4097573103066054,L640_sub03026,lambda,151.17539482336403,2504,0.06537377778709146,0.7093419503407377,B,False,1759,0.09216116113771176,True
1.4413767097591172,L640_sub03026,lambda,160.92234151913152,2512,0.06469625593624144,0.6937811560498435,B,False,1767,0.09325167651511344,True
1.4716793796627023,L640_sub03026,lambda,171.1695066301238,2515,0.06586084625867997,0.6794958289278962,B,False,1757,0.09692604936603474,True
1.4682820530243057,L640_sub03026,lambda,182.15927096911648,2512,0.06638340527018428,0.68106805360744,B,False,1740,0.0974695625768507,True
1.5419272878338346,L640_sub03026,lambda,194.14942698859556,2473,0.06878092696809053,0.6485390121118115,B,False,1712,0.1060551881746049,True
1.6142416777564017,L640_sub03026,lambda,206.89792169086667,2492,0.07378535987131937,0.6194859256699886,B,False,1713,0.11910740311253847,True
1.6392385488215875,L640_sub03026,lambda,220.14654210320907,2457,0.07753405184954816,0.6100393385202404,B,False,1725,0.12709680663811104,True
1.678670698503501,L640_sub03026,lambda,234.13777995018233,2436,0.07562211286830606,0.5957094508717395,B,False,1634,0.12694462503094991,True
1.7064195390938335,L640_sub03026,lambda,249.1294844051984,2477,0.07833716866711772,0.5860223568062481,B,False,1725,0.13367607525085892,True
1.74408215522529,L640_sub03026,lambda,265.12167018182424,2523,0.08038098542590039,0.5733674855877566,B,False,1774,0.14019104230073698,True
1.6595791360624692,L640_sub03026,lambda,282.35660077285246,2477,0.08919741705549661,0.6025624077033217,B,False,1903,0.14803017233596483,True
1.712527639417435,L640_sub03026,lambda,300.85004570383563,2571,0.09419876878897174,0.5839321812874089,B,False,1924,0.1613179951502065,True
1.4042645588838376,L640_sub03026,lambda,315.46037786067524,1924,0.11573910763618225,0.7121165265289026,B,False,1977,0.16252832693033248,True
,L640_sub03026,parallel,33.98529093593286,278,0.017631247479107437,,u,False,0,,False
,L640_sub03026,parallel,35.98610843089316,255,0.01637863571150323,,u,False,0,,False
,L640_sub03026,parallel,38.22956970723055,257,0.015413851246223131,,u,False,0,,False
,L640_sub03026,parallel,40.7308237088326,238,0.01981647741630876,,u,False,0,,False
,L640_sub03026,parallel,43.23193264243457,253,0.023114669219222506,,u,False,0,,False
,L640_sub03026,parallel,45.97553697348189,228,0.026634270139495382,,u,False,0,,False
,L640_sub03026,parallel,48.977035434987286,243,0.02883553664441581,,u,False,0,,False
,L640_sub03026,parallel,52.22068555658763,241,0.033029711464170095,,u,False,0,,False
,L640_sub03026,parallel,55.72252686302013,256,0.030921314819793,,u,False,0,,False
,L640_sub03026,parallel,59.22415047934415,240,0.03180866085424041,,u,False,0,,False
,L640_sub03026,parallel,62.96824596572466,227,0.03911695055374588,,u,False,0,,False
,L640_sub03026,parallel,66.97014260101288,248,0.036231072679035387,,u,False,0,,False
,L640_sub03026,parallel,71.21446482281532,217,0.057915899990075036,,u,False,0,,False
,L640_sub03026,parallel,75.95887044973747,218,0.05415502215405407,,u,False,0,,False
,L640_sub03026,parallel,80.96141056083448,233,0.04539175670171776,,u,False,0,,False
,L640_sub03026,parallel,86.20614827261453,242,0.04828247173357991,,u,False,0,,False
,L640_sub03026,parallel,91.95107394696377,218,0.07117686682537079,,u,False,0,,False
,L640_sub03026,parallel,97.95407086997457,218,0.07326782508316793,,u,False,0,,False
,L640_sub03026,parallel,104.19932821280567,207,0.08077292618705237,,u,False,0,,False
,L640_sub03026,parallel,110.94480609744649,213,0.08220886846199867,,u,False,0,,False
,L640_sub03026,parallel,117.94808179873041,225,0.09715876558958665,,u,False,0,,False
,L640_sub03026,parallel,125.193849689192,185,0.09830085094007127,,u,False,0,,False
,L640_sub03026,parallel,133.18220601867202,183,0.0918548386125648,,u,False,0,,False
,L640_sub03026,parallel,141.92867927237256,211,0.1083846399294856,,u,False,0,,False
,L640_sub03026,parallel,151.17539482336403,170,0.11320834855013072,,u,False,0,,False
,L640_sub03026,parallel,160.92234151913152,190,0.10687600707284668,,u,False,0,,False
,L640_sub03026,parallel,171.1695066301238,175,0.13077761974873248,,u,False,0,,False
,L640_sub03026,parallel,182.15927096911648,189,0.12666953837046505,,u,False,0,,False
,L640_sub03026,parallel,194.14942698859556,192,0.13165728043468272,,u,False,0,,False
,L640_sub03026,parallel,206.89792169086667,178,0.12998683971026603,,u,False,0,,False
,L640_sub03026,parallel,220.14654210320907,155,0.12217806326077277,,u,False,0,,False
,L640_sub03026,parallel,234.13777995018233,150,0.15390248402894058,,u,False,0,,False
,L640_sub03026,parallel,249.1294844051984,168,0.15460360821571872,,u,False,0,,False
,L640_sub03026,parallel,265.12167018182424,136,0.18669473118934904,,u,False,0,,False
,L640_sub03026,parallel,282.35660077285246,120,0.2006903629973495,,u,False,0,,False
,L640_sub03026,parallel,300.85004570383563,129,0.1573540581040641,,u,False,0,,False
,L640_sub03026,parallel,315.46037786067524,97,0.26507418820405193,,u,False,0,,False
1.0513290213088624,L640_sub03026,xi,33.98529093593286,1512,0.00688667701388222,0.951177014741817,u,False,1106,0.007240163405075034,True
1.1861518295468363,L640_sub03026,xi,35.98610843089316,1572,0.007852080682219981,0.8430623931019398,u,False,1623,0.009313759866964602,True
1.029359243661093,L640_sub03026,xi,38.22956970723055,1588,0.008401350908806107,1.029359243661093,u,False,1686,0.008161728726431075,True
1.050722143290277,L640_sub03026,xi,40.7308237088326,1583,0.009169471524659564,1.050722143290277,u,False,1590,0.008726828099335457,True
1.180862056659372,L640_sub03026,xi,43.23193264243457,1575,0.009214430306226802,0.8468389634170937,u,False,1144,0.010880971122355428,True
1.1340661858927303,L640_sub03026,xi,45.97553697348189,1580,0.009468856659879782,0.8817827499307774,u,False,1189,0.010738310157034843,True
1.203338496552845,L640_sub03026,xi,48.977035434987286,1570,0.009600350084120062,0.8310213650312521,u,False,1138,0.011552470836606016,True
1.0671236659385706,L640_sub03026,xi,52.22068555658763,1480,0.010872431745233621,0.9370985124957069,u,False,1070,0.011602229221640592,True
1.196145915058148,L640_sub03026,xi,55.72252686302013,1545,0.012357207364755053,0.8360184049547059,u,False,1233,0.014781023110878217,True
1.0924474964863833,L640_sub03026,xi,59.22415047934415,1535,0.013942078493539747,0.9153757990349922,u,False,1144,0.015230988746084143,True
1.0598000525997264,L640_sub03026,xi,62.96824596572466,1573,0.012869983720466431,0.943574212462969,u,False,1616,0.013639609423907946,True
1.212629097854867,L640_sub03026,xi,66.97014260101288,1590,0.012784297797344791,0.8246544650536537,u,False,1155,0.015502611504702177,True
1.2176908669122382,L640_sub03026,xi,71.21446482281532,1648,0.014834557639639326,0.8212264928419409,u,False,1196,0.018063905352471977,True
1.2297093108878385,L640_sub03026,xi,75.95887044973747,1597,0.01349296426410519,0.8132003158356258,u,False,1165,0.016592423787047023,True
1.0780978879001057,L640_sub03026,xi,80.96141056083448,1508,0.01576107389609416,0.92755955764627,u,False,1153,0.016991980478416605,True
1.2558057210306006,L640_sub03026,xi,86.20614827261453,1605,0.015201117415413336,0.7963015164314836,u,False,1219,0.019089650216333964,True
1.1638275090755787,L640_sub03026,xi,91.95107394696377,1596,0.018071137097369686,1.1638275090755787,u,False,1208,0.015527332836223713,True
1.08923304334601,L640_sub03026,xi,97.95407086997457,1668,0.020112920442268954,0.9180771792674455,u,False,1195,0.02190765754390879,True
1.2061761538658198,L640_sub03026,xi,104.19932821280567,1646,0.01785641727223007,0.8290662991429395,u,False,1250,0.02153798470724166,True
1.2473083358127626,L640_sub03026,xi,110.94480609744649,1703,0.018800831403949964,0.8017263825535061,u,False,1219,0.023450433730357153,True
1.2146074712011399,L640_sub03026,xi,117.94808179873041,1581,0.018905147132304897,0.8233112538086794,u,False,1192,0.022962332951054334,True
1.2113127054265485,L640_sub03026,xi,125.193849689192,1643,0.019912698443851837,0.8255506571673106,u,False,1250,0.02412050462436519,True
1.1651324224239141,L640_sub03026,xi,133.18220601867202,1625,0.019795242812480043,0.8582715412893784,u,False,1210,0.023064079210574448,True
1.336143957160206,L640_sub03026,xi,141.92867927237256,1580,0.02154868110284262,0.7484223497334563,u,False,1103,0.02879214004033549,True
1.2431611400663793,L640_sub03026,xi,151.17539482336403,1624,0.022006993168771236,0.8044009483328962,u,False,1150,0.027358238717122674,True
1.091466817233435,L640_sub03026,xi,160.92234151913152,1629,0.023581321548956823,0.9161982611021764,u,False,1162,0.025738229977198115,True
1.2499823848148655,L640_sub03026,xi,171.1695066301238,1691,0.0246551630947428,0.8000112738773593,u,False,1238,0.030818519563166065,True
1.2400753291181381,L640_sub03026,xi,182.15927096911648,1551,0.027776960067240383,0.806402624517283,u,False,1189,0.034445522897284496,True
1.1735586030700278,L640_sub03026,xi,194.14942698859556,1532,0.027466841767750695,0.8521091297733248,u,False,1134,0.032233948455707,True
1.0296021261860504,L640_sub03026,xi,206.89792169086667,1625,0.03035424210334942,0.9712489655633235,u,False,1177,0.031252792208374694,True
1.1652307283397054,L640_sub03026,xi,220.14654210320907,1545,0.03170629323204359,1.1652307283397054,u,False,1201,0.027210313340449516,True
1.130280407942838,L640_sub03026,xi,234.13777995018233,1689,0.031517458899892645,1.130280407942838,u,False,1311,0.02788463701432803,True
1.3798666006660343,L640_sub03026,xi,249.1294844051984,1706,0.037946819903983714,1.3798666006660343,u,False,1260,0.02750035393687153,True
1.1162597619506938,L640_sub03026,xi,265.12167018182424,1759,0.03001445073132523,1.1162597619506938,u,False,1262,0.02688841052451284,True
1.1403684304839585,L640_sub03026,xi,282.35660077285246,1793,0.03120799674221406,1.1403684304839585,u,False,1242,0.027366591276969818,True
1.3000888781684985,L640_sub03026,xi,300.85004570383563,1804,0.032791294703773746,1.3000888781684985,u,False,1312,0.02522234845202931,True
1.2767509611138808,L640_sub03026,xi,315.46037786067524,1091,0.019496441209184458,0.7832381023841691,u,False,1248,0.024892100052126526,True
1.2525160489796696,L640_sub03026,lambda,33.98529093593286,2600,0.02323722477662295,0.7983929633593315,u,False,1667,0.029104996966468264,True
1.073410478211673,L640_sub03026,lambda,35.98610843089316,2656,0.023676233236761542,1.073410478211673,u,False,2598,0.02205701706602185,True
1.0057283366273742,L640_sub03026,lambda,38.22956970723055,2557,0.02458245765972193,0.9943042903150332,u,False,2542,0.024723274252324987,True
1.0467992763299474,L640_sub03026,lambda,40.7308237088326,2505,0.024193528448142772,0.9552929798594965,u,False,2512,0.025325768071383852,True
1.388173407487773,L640_sub03026,lambda,43.23193264243457,2712,0.026791114696912602,0.7203710967275593,u,False,1720,0.037190712979208916,True
1.4098319283053347,L640_sub03026,lambda,45.97553697348189,2515,0.029280587219760176,0.7093044070877538,u,False,1572,0.041280706741947025,True
1.3808782424157489,L640_sub03026,lambda,48.977035434987286,2462,0.02918673727121755,0.7241768095719798,u,False,1630,0.04030333046492912,True
1.4494540200605959,L640_sub03026,lambda,52.22068555658763,2618,0.027752055352568784,0.6899149515334015,u,False,1599,0.040225328195725,True
1.4489589472075255,L640_sub03026,lambda,55.72252686302013,2493,0.027261739311859587,0.6901506781315152,u,False,1523,0.039501141092358076,True
1.403028694321572,L640_sub03026,lambda,59.22415047934415,2547,0.029509649424663213,0.7127437977906399,u,False,1633,0.04140288490217255,True
1.0556855209853142,L640_sub03026,lambda,62.96824596572466,2465,0.031736916972986376,0.9472517905395343,u,False,2554,0.03350420372909478,True
1.485186260023929,L640_sub03026,lambda,66.97014260101288,2505,0.026373356179136966,0.6733162209458416,u,False,1521,0.039169346227971406,True
1.6020948367684464,L640_sub03026,lambda,71.21446482281532,2509,0.027538802143460894,0.6241827743587764,u,False,1507,0.04411977272482652,True
1.4872191952258216,L640_sub03026,lambda,75.95887044973747,2469,0.02990827367564598,0.6723958399744555,u,False,1542,0.04448015870648784,True
1.5189221202133771,L640_sub03026,lambda,80.96141056083448,2475,0.028277675246163123,0.6583616017518533,u,False,1504,0.04295158643960742,True
1.5206498545158122,L640_sub03026,lambda,86.20614827261453,2527,0.025990516358949927,0.6576135834494315,u,False,1480,0.03952247492002804,True
1.564289796935822,L640_sub03026,lambda,91.95107394696377,2546,0.029951232897408805,0.6392677379593156,u,False,1478,0.046852408027065126,True
1.5148760553684488,L640_sub03026,lambda,97.95407086997457,2475,0.02853271353511818,0.6601200121001184,u,False,1533,0.04322352452903778,True
1.513547646527798,L640_sub03026,lambda,104.19932821280567,2507,0.025856372898749116,0.6606993855093243,u,False,1461,0.03913485234864686,True
1.5293136345262344,L640_sub03026,lambda,110.94480609744649,2576,0.02537670993048307,0.6538881086414885,u,False,1469,0.03880894849610505,True
1.4974147624096916,L640_sub03026,lambda,117.94808179873041,2642,0.02923929718988734,0.6678176448526295,u,False,1556,0.043783355254621514,True
1.493734511509201,L640_sub03026,lambda,125.193849689192,2508,0.028288298167805252,0.6694630085165842,u,False,1469,0.042255207245113204,True
1.3308513683934773,L640_sub03026,lambda,133.18220601867202,2520,0.030897612132928815,0.751398708938579,u,False,1543,0.04112012938719922,True
1.3679836748234804,L640_sub03026,lambda,141.92867927237256,2653,0.02968633823250409,0.7310028755489617,u,False,1612,0.04061042606735373,True
1.3329109604352354,L640_sub03026,lambda,151.17539482336403,2580,0.0305041359616234,0.7502376600410503,u,False,1561,0.04065929716185445,True
1.2520181773717733,L640_sub03026,lambda,160.92234151913152,2443,0.030810490581022545,0.7987104485169633,u,False,1505,0.03857529426118204,True
1.2334908404224023,L640_sub03026,lambda,171.1695066301238,2557,0.03089548214249593,0.8107072766406238,u,False,1524,0.038109294233202626,True
1.1929435462917137,L640_sub03026,lambda,182.15927096911648,2520,0.029759997066855403,0.8382626345634862,u,False,1534,0.035501996438565483,True
1.1745302146297012,L640_sub03026,lambda,194.14942698859556,2554,0.02969380894231304,0.8514042359610765,u,False,1544,0.034876275790188274,True
1.2306930848262414,L640_sub03026,lambda,206.89792169086667,2487,0.03316901695868127,0.8125502713303924,u,False,1568,0.040820879801533365,True
1.2325256263986237,L640_sub03026,lambda,220.14654210320907,2485,0.03385620888955106,0.8113421567727953,u,False,1527,0.04172864506907657,True
1.1668329414758676,L640_sub03026,lambda,234.13777995018233,2423,0.03576723599506202,0.8570207134666175,u,False,1450,0.04173438918457975,True
1.1959650751414266,L640_sub03026,lambda,249.1294844051984,2360,0.036886094660855254,0.8361448179260142,u,False,1422,0.04411448097274352,True
1.1144341367607273,L640_sub03026,lambda,265.12167018182424,2455,0.040496297496693937,0.8973163752024435,u,False,1456,0.04513045634273371,True
1.06428503159739,L640_sub03026,lambda,282.35660077285246,2363,0.0435418879785639,0.9395979181433152,u,False,1433,0.046340979623075894,True
1.0560720707315054,L640_sub03026,lambda,300.85004570383563,2239,0.04873147275826758,0.946905071835991,u,False,1370,0.05146394734561959,True
1.1267056137013711,L640_sub03026,lambda,315.46037786067524,1213,0.057912850627745704,1.1267056137013711,u,False,1310,0.051400161606983234,True
1.3778699079510068,L640_sub02615,parallel,33.98529093593286,2606,0.00781834530936652,0.7257579211429859,B,False,4096,0.010772662731746032,True
1.542013683646146,L640_sub02615,parallel,35.98610843089316,2566,0.00719125321876553,0.6485026758228659,B,False,4096,0.011089010865900839,True
1.4097734726062483,L640_sub02615,parallel,38.22956970723055,2579,0.008089469321254676,0.7093338181142677,B,False,4096,0.011404319256566915,True
1.654734866158743,L640_sub02615,parallel,40.7308237088326,2421,0.008108240927152453,0.6043264213809509,B,False,4096,0.013416988965374457,True
1.4992316004503567,L640_sub02615,parallel,43.23193264243457,2542,0.009472712659453571,0.6670083526118368,B,False,4096,0.014201790161038935,True
1.350738800686765,L640_sub02615,parallel,45.97553697348189,2450,0.010268157483957367,0.740335584860347,B,False,4096,0.013869598725143407,True
1.5943382837439821,L640_sub02615,parallel,48.977035434987286,2596,0.010380184352876536,0.627219461638782,B,False,4096,0.016549525306111312,True
1.3720586657368863,L640_sub02615,parallel,52.22068555658763,2575,0.01156445142277309,0.7288318094350097,B,False,4096,0.015867105789109083,True
1.370300434528959,L640_sub02615,parallel,55.72252686302013,2532,0.012977599086039052,0.7297669728490964,B,False,4096,0.017783209666741937,True
1.3573733285912375,L640_sub02615,parallel,59.22415047934415,2545,0.012554636184800221,0.7367169951967888,B,False,4096,0.017041328307414273,True
1.290626157797073,L640_sub02615,parallel,62.96824596572466,2525,0.01538614041767783,0.7748177068616576,B,False,4096,0.01985775529059379,True
1.299603463071236,L640_sub02615,parallel,66.97014260101288,2552,0.015518914435082905,0.7694654780595843,B,False,4096,0.02016843494293994,True
1.1432394310845422,L640_sub02615,parallel,71.21446482281532,2528,0.01904947091629006,0.8747074084484149,B,False,4096,0.02177810629280098,True
1.1661237295134494,L640_sub02615,parallel,75.95887044973747,2520,0.019095987965172322,0.857541935466177,B,False,4096,0.022268284704690694,True
1.2145210740353367,L640_sub02615,parallel,80.96141056083448,2585,0.019257508154134326,0.8233698215523141,B,False,4096,0.023388649486603477,True
1.2293939782628245,L640_sub02615,parallel,86.20614827261453,2596,0.018934476491866623,0.813408897132418,B,False,4096,0.023277931380659835,True
1.1532274634491537,L640_sub02615,parallel,91.95107394696377,2600,0.020956675542962284,0.8671316212060454,B,False,4096,0.024167813778737307,True
1.1921393236977478,L640_sub02615,parallel,97.95407086997457,2652,0.022506056169192334,0.8388281303381765,B,False,4096,0.026830354580644474,True
1.1966486080285588,L640_sub02615,parallel,104.19932821280567,2565,0.02266092985129122,0.8356672069735399,B,False,4096,0.027117170163180455,True
1.1167837318154445,L640_sub02615,parallel,110.94480609744649,2655,0.025348025257955483,0.8954285162933016,B,False,4096,0.028308262241731674,True
1.1282481120273162,L640_sub02615,parallel,117.94808179873041,2607,0.027917902154226366,0.8863298678188161,B,False,4096,0.03149832039726924,True
1.20532545433298,L640_sub02615,parallel,125.193849689192,2584,0.02589146228489968,0.829651440949112,B,False,4096,0.031207638541891927,True
1.1393587426810645,L640_sub02615,parallel,133.18220601867202,2645,0.028228935017801216,0.8776866868523476,B,False,4096,0.032162883909107466,True
1.1234346104924753,L640_sub02615,parallel,141.92867927237256,2684,0.02934062819078845,0.8901274632812267,B,False,4096,0.03296227720312296,True
1.0921807823093455,L640_sub02615,parallel,151.17539482336403,2673,0.032590971895167596,0.9155993368474812,B,False,4096,0.03559523318068604,True
1.1112402345450787,L640_sub02615,parallel,160.92234151913152,2642,0.035070966164846305,0.8998954221715897,B,False,4096,0.03897226866674633,True
1.1027555639353661,L640_sub02615,parallel,171.1695066301238,2642,0.0383689314666149,0.9068192741021719,B,False,4096,0.042311552657064336,True
1.096709168138467,L640_sub02615,parallel,182.15927096911648,2661,0.0386177590972357,0.911818765678216,B,False,4096,0.04235245045490108,True
1.0899427529934895,L640_sub02615,parallel,194.14942698859556,2713,0.041442824063338185,0.9174793788513526,B,False,4096,0.04517030575141966,True
1.0811077288262507,L640_sub02615,parallel,206.89792169086667,2736,0.04436896765372048,0.9249772000850381,B,False,4096,0.04796763385047913,True
1.0468705753454857,L640_sub02615,parallel,220.14654210320907,2737,0.04699239913408015,0.955227917901869,B,False,4096,0.04919495991835919,True
1.0622897951956274,L640_sub02615,parallel,234.13777995018233,2729,0.05375363424849846,0.9413627096133815,B,False,4096,0.0571019371168581,True
1.026940405718811,L640_sub02615,parallel,249.1294844051984,2753,0.056031465065555716,0.9737663397322905,B,False,4096,0.05754097546744117,True
1.056023505467798,L640_sub02615,parallel,265.12167018182424,2741,0.05627964011584251,0.946948618872853,B,False,4096,0.059432622841598115,True
1.0509706109729,L640_sub02615,parallel,282.35660077285246,2793,0.061857837259749054,0.9515013926738486,B,False,4096,0.06501076901834069,True
1.0263948193341634,L640_sub02615,parallel,300.85004570383563,2798,0.06479197369511253,0.9742839511297552,B,False,4096,0.06650214613509889,True
1.0463364605634249,L640_sub02615,parallel,315.46037786067524,2778,0.06873794565381584,0.9557155252542056,B,False,4096,0.07192301876181473,True
1.0466470045275271,L640_sub02615,xi,33.98529093593286,1607,0.019639516382951482,1.0466470045275271,B,False,2036,0.01876422165065773,True
1.0367425119955695,L640_sub02615,xi,35.98610843089316,1599,0.020539342284126506,1.0367425119955695,B,False,2107,0.019811420913560723,True
1.0184043864766827,L640_sub02615,xi,38.22956970723055,1588,0.021765757014202074,1.0184043864766827,B,False,2020,0.021372410903986637,True
1.0102858242080932,L640_sub02615,xi,40.7308237088326,1611,0.022655350280300527,0.9898188968293644,B,False,2031,0.022888379230656473,True
1.027321648312934,L640_sub02615,xi,43.23193264243457,1605,0.026676056048360618,1.027321648312934,B,False,1948,0.025966605582748107,True
1.0758273349834098,L640_sub02615,xi,45.97553697348189,1624,0.028012523392984122,1.0758273349834098,B,False,2071,0.02603812199419166,True
1.0104457851982873,L640_sub02615,xi,48.977035434987286,1616,0.024518525618095456,1.0104457851982873,B,False,2083,0.024265058034047816,True
1.031407195972981,L640_sub02615,xi,52.22068555658763,1706,0.02663158743299979,1.031407195972981,B,False,2231,0.025820633729316585,True
1.048946828563428,L640_sub02615,xi,55.72252686302013,1628,0.03135181591157899,1.048946828563428,B,False,2119,0.029888851424925398,True
1.0360247637785447,L640_sub02615,xi,59.22415047934415,1644,0.03005098075508073,1.0360247637785447,B,False,2109,0.02900604484151527,True
1.045740984729751,L640_sub02615,xi,62.96824596572466,1618,0.03242117225341827,1.045740984729751,B,False,2109,0.031003061682426857,True
1.0471298974400802,L640_sub02615,xi,66.97014260101288,1581,0.035431478592162655,1.0471298974400802,B,False,2080,0.03383675576333178,True
1.0040258755396287,L640_sub02615,xi,71.21446482281532,1668,0.03418685780265535,1.0040258755396287,B,False,2190,0.034049777635741824,True
1.0354617727333084,L640_sub02615,xi,75.95887044973747,1630,0.03786087280872621,1.0354617727333084,B,False,2090,0.03656424003832113,True
1.0279662915940915,L640_sub02615,xi,80.96141056083448,1643,0.036914680862092916,1.0279662915940915,B,False,2110,0.035910400140503104,True
1.0400130094410518,L640_sub02615,xi,86.20614827261453,1580,0.03864692546060826,1.0400130094410518,B,False,2080,0.037160040412743296,True
1.069081495694795,L640_sub02615,xi,91.95107394696377,1686,0.03656308804695094,0.9353823857460941,B,False,2092,0.03908892085645479,True
1.0340889001443057,L640_sub02615,xi,97.95407086997457,1698,0.04198503587567791,1.0340889001443057,B,False,2166,0.040600992690105225,True
1.0508655853658748,L640_sub02615,xi,104.19932821280567,1615,0.04324748003747396,1.0508655853658748,B,False,2026,0.041154150102286104,True
1.0075863615385086,L640_sub02615,xi,110.94480609744649,1731,0.04048230323358255,1.0075863615385086,B,False,2191,0.04017750217635848,True
1.0132109780521295,L640_sub02615,xi,117.94808179873041,1675,0.04025462982934593,0.9869612762412748,B,False,2167,0.040786432860518015,True
1.0131199117552123,L640_sub02615,xi,125.193849689192,1646,0.04220632153499926,0.9870499912172467,B,False,2134,0.042760064749050565,True
1.037501803650932,L640_sub02615,xi,133.18220601867202,1656,0.04151226896627787,0.9638537460667881,B,False,2149,0.0430690539261559,True
1.1164038903410949,L640_sub02615,xi,141.92867927237256,1614,0.04052941221822803,0.8957331738556285,B,False,2050,0.04524719347366768,True
1.0801429677140095,L640_sub02615,xi,151.17539482336403,1636,0.04350453801631914,0.9258033703782544,B,False,2086,0.0469911208019739,True
1.0028966010403868,L640_sub02615,xi,160.92234151913152,1637,0.04973863996188747,0.9971117650240495,B,False,2016,0.04988271295814849,True
1.009919671055943,L640_sub02615,xi,171.1695066301238,1550,0.05088163443444032,1.009919671055943,B,False,2001,0.050381862927018684,True
1.0457073380469977,L640_sub02615,xi,182.15927096911648,1514,0.05213988802348649,1.0457073380469977,B,False,1873,0.04986087992923996,True
1.1619568397965419,L640_sub02615,xi,194.14942698859556,1504,0.04796437624861713,0.8606171638656558,B,False,1916,0.05573253504865547,True
1.0162382781833241,L640_sub02615,xi,206.89792169086667,1527,0.055066564880983875,1.0162382781833241,B,False,1944,0.05418666671306997,True
1.0439670874103215,L640_sub02615,xi,220.14654210320907,1597,0.05555839323103412,0.9578846038916928,B,False,1909,0.05800113396260001,True
1.045893900765776,L640_sub02615,xi,234.13777995018233,1523,0.06254479308539221,0.9561199269522714,B,False,1947,0.06541521761266919,True
1.084719012038617,L640_sub02615,xi,249.1294844051984,1468,0.06258412202776356,0.9218977347143604,B,False,1987,0.06788618701525993,True
1.1694425532066242,L640_sub02615,xi,265.12167018182424,1496,0.06351054040841281,0.8551082712511096,B,False,1930,0.07427192853074674,True
1.0933236368949428,L640_sub02615,xi,282.35660077285246,1487,0.06872775717479186,0.9146422580234491,B,False,1976,0.07514168142997593,True
1.1928767020658297,L640_sub02615,xi,300.85004570383563,1487,0.0697264209691306,0.8383096075798907,B,False,2056,0.08317502309251024,True
1.5468733645390709,L640_sub02615,xi,315.46037786067524,316,0.08331220712889081,1.5468733645390709,B,False,312,0.05385845347056948,True
1.0893732665679023,L640_sub02615,lambda,33.98529093593286,2686,0.04337578232287211,1.0893732665679023,B,False,3180,0.03981718998808241,True
1.0629398030406003,L640_sub02615,lambda,35.98610843089316,2659,0.04169684393218329,1.0629398030406003,B,False,3224,0.03922785073332194,True
1.0850878068802219,L640_sub02615,lambda,38.22956970723055,2695,0.04762365366080581,1.0850878068802219,B,False,3207,0.043889216484452466,True
1.03167669325464,L640_sub02615,lambda,40.7308237088326,2632,0.045424064973543885,1.03167669325464,B,False,3179,0.044029360429035345,True
1.0819873796669417,L640_sub02615,lambda,43.23193264243457,2655,0.05306141295642814,1.0819873796669417,B,False,3191,0.04904069488570333,True
1.0744858129535737,L640_sub02615,lambda,45.97553697348189,2688,0.05489466633485487,1.0744858129535737,B,False,3157,0.05108924256892608,True
1.065276211165504,L640_sub02615,lambda,48.977035434987286,2639,0.0537762929373674,1.065276211165504,B,False,3048,0.05048107934235337,True
1.011047178763604,L640_sub02615,lambda,52.22068555658763,2652,0.05975227885426788,1.011047178763604,B,False,3196,0.05909939724804745,True
1.0793153264313322,L640_sub02615,lambda,55.72252686302013,2645,0.061864957761695906,1.0793153264313322,B,False,3141,0.05731870589315852,True
1.050155315650151,L640_sub02615,lambda,59.22415047934415,2741,0.06366175061632867,1.050155315650151,B,False,3180,0.0606212716039205,True
1.0713052455842322,L640_sub02615,lambda,62.96824596572466,2689,0.06944850539377026,1.0713052455842322,B,False,3179,0.06482606678164521,True
1.0769131026191305,L640_sub02615,lambda,66.97014260101288,2656,0.06917125940887751,1.0769131026191305,B,False,3188,0.06423105006397267,True
1.0892900877579708,L640_sub02615,lambda,71.21446482281532,2641,0.07303432141198353,1.0892900877579708,B,False,3075,0.06704763242848036,True
1.1341066196500669,L640_sub02615,lambda,75.95887044973747,2681,0.08023866865362755,1.1341066196500669,B,False,3102,0.07075055137089802,True
1.04515015946096,L640_sub02615,lambda,80.96141056083448,2694,0.08156974093677517,1.04515015946096,B,False,3150,0.07804595368271776,True
1.0204714179930807,L640_sub02615,lambda,86.20614827261453,2622,0.08327081743318616,1.0204714179930807,B,False,3051,0.08160034270920734,True
1.0879058681122293,L640_sub02615,lambda,91.95107394696377,2634,0.0853739303580709,1.0879058681122293,B,False,3078,0.07847547555397841,True
1.0908020942515382,L640_sub02615,lambda,97.95407086997457,2604,0.1011167653532304,1.0908020942515382,B,False,3023,0.09269946022849582,True
1.0827735928587567,L640_sub02615,lambda,104.19932821280567,2622,0.09369592066106351,1.0827735928587567,B,False,3003,0.08653325245371564,True
1.0991468980794776,L640_sub02615,lambda,110.94480609744649,2683,0.10389917030913809,1.0991468980794776,B,False,3093,0.09452710141900005,True
1.0778737561802572,L640_sub02615,lambda,117.94808179873041,2618,0.10872364057732986,1.0778737561802572,B,False,3019,0.10086862209413286,True
1.0624516116629659,L640_sub02615,lambda,125.193849689192,2651,0.10542136295936738,1.0624516116629659,B,False,2986,0.09922462519903398,True
1.1020228779521246,L640_sub02615,lambda,133.18220601867202,2705,0.11527895348838828,1.1020228779521246,B,False,2991,0.10460667903973983,True
1.0679008548091942,L640_sub02615,lambda,141.92867927237256,2673,0.11963705029883855,1.0679008548091942,B,False,3005,0.11203011006130766,True
1.0843966536044674,L640_sub02615,lambda,151.17539482336403,2777,0.12573576948476442,1.0843966536044674,B,False,3096,0.11594997925051363,True
1.0439770819598515,L640_sub02615,lambda,160.92234151913152,2747,0.1279861849900083,1.0439770819598515,B,False,3065,0.12259482243589166,True
1.0428681810771505,L640_sub02615,lambda,171.1695066301238,2787,0.13025523039918585,1.0428681810771505,B,False,3099,0.12490095369929564,True
1.0621902434197146,L640_sub02615,lambda,182.15927096911648,2797,0.1441635755538486,1.0621902434197146,B,False,3081,0.13572293329461857,True
1.0368231976294706,L640_sub02615,lambda,194.14942698859556,2767,0.14048417583102077,1.0368231976294706,B,False,3083,0.13549482317931855,True
1.035064637738231,L640_sub02615,lambda,206.89792169086667,2874,0.15287377942649283,1.035064637738231,B,False,3145,0.1476949108806814,True
1.0339048912359663,L640_sub02615,lambda,220.14654210320907,2858,0.15333273843858472,1.0339048912359663,B,False,3133,0.14830449080793628,True
1.0307796604881894,L640_sub02615,lambda,234.13777995018233,2869,0.1582161740996553,1.0307796604881894,B,False,3167,0.15349175014253022,True
1.030501640047121,L640_sub02615,lambda,249.1294844051984,2799,0.1612110867728018,1.030501640047121,B,False,3036,0.15643942766110516,True
1.0060640853031888,L640_sub02615,lambda,265.12167018182424,2674,0.165991893390542,1.0060640853031888,B,False,2981,0.16499137163863517,True
1.0056316262874427,L640_sub02615,lambda,282.35660077285246,2648,0.16747531558165618,1.0056316262874427,B,False,2973,0.1665374389625513,True
1.010758464628254,L640_sub02615,lambda,300.85004570383563,2762,0.17615076170026267,1.010758464628254,B,False,3022,0.1742758214397433,True
1.0067845452885051,L640_sub02615,lambda,315.46037786067524,937,0.14988764397204052,1.0067845452885051,B,False,981,0.14887757730636259,True
1.791961188849318,L640_sub02615,parallel,33.98529093593286,2606,0.005140632876538911,0.5580478004895494,u,False,4096,0.009211814600880558,True
1.8178432128351676,L640_sub02615,parallel,35.98610843089316,2566,0.004675644731202521,0.5501024471964044,u,False,4096,0.008499589040245014,True
1.6853559491716916,L640_sub02615,parallel,38.22956970723055,2579,0.005582501754680056,0.593346468140142,u,False,4096,0.009408502543511442,True
2.157711615401872,L640_sub02615,parallel,40.7308237088326,2421,0.005696667168234303,0.4634539633850702,u,False,4096,0.012291764917977647,True
1.7453867559912986,L640_sub02615,parallel,43.23193264243457,2542,0.006798016216592975,0.5729389183041248,u,False,4096,0.011865167471455454,True
1.556923116906394,L640_sub02615,parallel,45.97553697348189,2450,0.007685478835807643,0.6422924736238742,u,False,4096,0.011965699663963759,True
2.016218569718474,L640_sub02615,parallel,48.977035434987286,2596,0.006529146341125091,0.49597797333035704,u,False,4096,0.01316418609738584,True
1.8195770175439845,L640_sub02615,parallel,52.22068555658763,2575,0.006842485632069789,0.5495782758070734,u,False,4096,0.01245042959898911,True
1.7928379091707487,L640_sub02615,parallel,55.72252686302013,2532,0.008017851806574534,0.5577749080855477,u,False,4096,0.014374708668939997,True
1.7243623785564035,L640_sub02615,parallel,59.22415047934415,2545,0.007556304106975469,0.5799245056814433,u,False,4096,0.01302980652299974,True
1.6079790136049892,L640_sub02615,parallel,62.96824596572466,2525,0.009254217559826304,0.6218986638128206,u,False,4096,0.01488058762353547,True
1.670822607612171,L640_sub02615,parallel,66.97014260101288,2552,0.009122695162496742,0.598507582698521,u,False,4096,0.015242405319853746,True
1.347615991109617,L640_sub02615,parallel,71.21446482281532,2528,0.011551873386773633,0.742051152996936,u,False,4096,0.015567489303289758,True
1.4469365821365334,L640_sub02615,parallel,75.95887044973747,2520,0.011636500053232045,0.6911152930582549,u,False,4096,0.016837277615055164,True
1.4011207042089102,L640_sub02615,parallel,80.96141056083448,2585,0.011690907600350136,0.7137143837758162,u,False,4096,0.016380372689843884,True
1.4634385796544833,L640_sub02615,parallel,86.20614827261453,2596,0.011554669826084111,0.6833221522942898,u,False,4096,0.016909549598661047,True
1.4308403200962707,L640_sub02615,parallel,91.95107394696377,2600,0.012726112097389384,0.6988900060718987,u,False,4096,0.01820903430700965,True
1.4164301153328704,L640_sub02615,parallel,97.95407086997457,2652,0.013684006272422547,0.7060002390340263,u,False,4096,0.01938243858266319,True
1.4542603420300153,L640_sub02615,parallel,104.19932821280567,2565,0.013334113708486257,0.6876347866325577,u,False,4096,0.01939127276237034,True
1.4217264052178833,L640_sub02615,parallel,110.94480609744649,2655,0.014331729842775965,0.7033702098588704,u,False,4096,0.02037579874992373,True
1.4079334799821654,L640_sub02615,parallel,117.94808179873041,2607,0.015291293521082727,0.7102608285248442,u,False,4096,0.021529124100566743,True
1.5049664533357736,L640_sub02615,parallel,125.193849689192,2584,0.014327873492115752,0.6644666382984749,u,False,4096,0.021562968953273087,True
1.2844466437675817,L640_sub02615,parallel,133.18220601867202,2645,0.01694354264257355,0.7785453797183561,u,False,4096,0.021763076480786497,True
1.353253591424633,L640_sub02615,parallel,141.92867927237256,2684,0.017420530421691203,0.7389597975847627,u,False,4096,0.023574395357675696,True
1.2981096035478201,L640_sub02615,parallel,151.17539482336403,2673,0.017335246207723944,0.7703509759629952,u,False,4096,0.022503049582112383,True
1.263177036392649,L640_sub02615,parallel,160.92234151913152,2642,0.01932394568478842,0.79165467008154,u,False,4096,0.024409564441523552,True
1.2294527774640074,L640_sub02615,parallel,171.1695066301238,2642,0.020956327411617032,0.8133699954403294,u,False,4096,0.025764814941657672,True
1.3071977930294647,L640_sub02615,parallel,182.15927096911648,2661,0.0208796246774181,0.7649951716048067,u,False,4096,0.027293799297604494,True
1.1942160188254436,L640_sub02615,parallel,194.14942698859556,2713,0.02383757713456683,0.8373694409019381,u,False,4096,0.02846721646408682,True
1.2672603027528184,L640_sub02615,parallel,206.89792169086667,2736,0.02231657635309834,0.7891038627405438,u,False,4096,0.02828091130563379,True
1.1741226809313692,L640_sub02615,parallel,220.14654210320907,2737,0.024586629736284626,0.8516997552647165,u,False,4096,0.028867719621033426,True
1.2779274157602558,L640_sub02615,parallel,234.13777995018233,2729,0.02506933924723373,0.7825170566554337,u,False,4096,0.03203679591903456,True
1.2826676019014578,L640_sub02615,parallel,249.1294844051984,2753,0.025914342690147262,0.7796252111751911,u,False,4096,0.03323948779322376,True
1.334283897146639,L640_sub02615,parallel,265.12167018182424,2741,0.02639989453742761,0.7494656887777003,u,False,4096,0.03522495416765918,True
1.4067646128071385,L640_sub02615,parallel,282.35660077285246,2793,0.025150572092440718,0.7108509774101744,u,False,4096,0.03538093481150039,True
1.2492909408287982,L640_sub02615,parallel,300.85004570383563,2798,0.0291492197047936,0.8004540554313034,u,False,4096,0.036415856109426936,True
1.3515370962284126,L640_sub02615,parallel,315.46037786067524,2778,0.029124511240537953,0.7398983000840977,u,False,4096,0.03936285735110842,True
1.1744248418182421,L640_sub02615,xi,33.98529093593286,1594,0.01407965401765779,0.8514806264245928,u,False,2062,0.016535495442543326,True
1.2457406640950868,L640_sub02615,xi,35.98610843089316,1694,0.014593507186613125,0.802735295412714,u,False,2192,0.018179725334127855,True
1.181388085093193,L640_sub02615,xi,38.22956970723055,1657,0.01459326155512058,0.8464618973375846,u,False,2164,0.017240305323868013,True
1.1955298077943166,L640_sub02615,xi,40.7308237088326,1650,0.015902422396211074,0.8364492407303019,u,False,2209,0.019011819990806263,True
1.06133601113532,L640_sub02615,xi,43.23193264243457,1703,0.01929451456794367,0.9422086780324089,u,False,2185,0.020477963128333658,True
1.2391183991679506,L640_sub02615,xi,45.97553697348189,1599,0.017461743854691292,0.8070253824585971,u,False,2162,0.021637168091905874,True
1.232419633159855,L640_sub02615,xi,48.977035434987286,1622,0.017223405381254935,0.8114119355889,u,False,2094,0.02122646294172968,True
1.1699090904146126,L640_sub02615,xi,52.22068555658763,1721,0.018675109819544317,0.8547672705454428,u,False,2184,0.02184818074237609,True
1.209813303911493,L640_sub02615,xi,55.72252686302013,1637,0.02089092455969297,0.8265738166102673,u,False,2148,0.025274118463327905,True
1.2254525738768154,L640_sub02615,xi,59.22415047934415,1684,0.02082687075425729,0.8160250517377605,u,False,2170,0.025522342371604365,True
1.2441001532250855,L640_sub02615,xi,62.96824596572466,1750,0.02067682364093966,0.8037938082458203,u,False,2238,0.0257240394599011,True
1.1910294862388011,L640_sub02615,xi,66.97014260101288,1722,0.022831774243384374,0.8396097758737606,u,False,2203,0.02719331634701838,True
1.2016973833146611,L640_sub02615,xi,71.21446482281532,1739,0.02277219674212295,0.8321562598744153,u,False,2250,0.0273652892373358,True
1.1466149784687851,L640_sub02615,xi,75.95887044973747,1701,0.024582433206238583,0.8721323362925383,u,False,2278,0.0281865861214816,True
1.2353695421978759,L640_sub02615,xi,80.96141056083448,1797,0.026145934690823693,0.8094743846613507,u,False,2295,0.032299891369338425,True
1.1727964876888575,L640_sub02615,xi,86.20614827261453,1825,0.02708698693171143,0.852662853698194,u,False,2263,0.031767523135585146,True
1.142953954096311,L640_sub02615,xi,91.95107394696377,1781,0.02750291934183258,0.8749258851732666,u,False,2251,0.03143457041093946,True
1.0656851959220848,L640_sub02615,xi,97.95407086997457,1824,0.03227517941639961,0.9383634152248398,u,False,2257,0.03439518089978626,True
1.1212520528053722,L640_sub02615,xi,104.19932821280567,1764,0.031038129839105262,0.8918601285928532,u,False,2239,0.03480156679733645,True
1.1348834435988504,L640_sub02615,xi,110.94480609744649,1814,0.0316230677832811,0.8811477563095651,u,False,2341,0.03588849606304992,True
1.2040696325039042,L640_sub02615,xi,117.94808179873041,1767,0.03131878226453342,0.8305167516935592,u,False,2235,0.037709994651726544,True
1.1933676769332071,L640_sub02615,xi,125.193849689192,1814,0.029705358878109427,0.8379647105658704,u,False,2369,0.03544941511683666,True
1.2303767871274052,L640_sub02615,xi,133.18220601867202,1852,0.03296532726097641,0.8127591567577667,u,False,2270,0.04055977344196362,True
1.316012230783582,L640_sub02615,xi,141.92867927237256,1756,0.030330543199418504,0.7598713572780236,u,False,2249,0.03991536581674455,True
1.2073798812305094,L640_sub02615,xi,151.17539482336403,1817,0.03427893043154701,0.8282397409014661,u,False,2235,0.041387690953150126,True
1.2215058246846038,L640_sub02615,xi,160.92234151913152,1856,0.0358395184680614,0.8186616713499527,u,False,2263,0.04377818056262843,True
1.219506221623476,L640_sub02615,xi,171.1695066301238,1827,0.035949214409073865,0.8200040166000491,u,False,2405,0.043840290634341895,True
1.1874642586816957,L640_sub02615,xi,182.15927096911648,1891,0.035339957435444526,0.8421306095647749,u,False,2371,0.04196493635792282,True
1.2663719226744177,L640_sub02615,xi,194.14942698859556,1828,0.03883899237314943,0.7896574316715157,u,False,2361,0.04918460944632229,True
1.2375207660414602,L640_sub02615,xi,206.89792169086667,1861,0.04034997828577899,0.8080672481955727,u,False,2444,0.049933936037973504,True
1.1748024446898004,L640_sub02615,xi,220.14654210320907,1906,0.04201716649877172,0.8512069450655969,u,False,2500,0.0493618699216954,True
1.1387617163511605,L640_sub02615,xi,234.13777995018233,1994,0.04531460425089486,0.8781468376055149,u,False,2530,0.051602536512522626,True
1.1388730618623704,L640_sub02615,xi,249.1294844051984,2008,0.04461599055435079,0.8780609828146477,u,False,2547,0.050811949770656076,True
1.1571722291495474,L640_sub02615,xi,265.12167018182424,2085,0.04890530109557902,0.8641755953086953,u,False,2589,0.056591856286000976,True
1.115266125090992,L640_sub02615,xi,282.35660077285246,2121,0.05168841972329774,0.8966469773466957,u,False,2607,0.05764634357687908,True
1.0723611969999678,L640_sub02615,xi,300.85004570383563,2207,0.05192757256885065,0.9325216193924164,u,False,2657,0.055685113877235376,True
1.0996585484008434,L640_sub02615,xi,315.46037786067524,658,0.05198062612749659,0.9093731881175572,u,False,664,0.057160939872329855,True
1.174863516192677,L640_sub02615,lambda,33.98529093593286,2694,0.02451027310377126,0.8511626978090624,u,False,3178,0.028796225641539504,True
1.2235522193594692,L640_sub02615,lambda,35.98610843089316,2647,0.024617429182527316,0.8172924573039482,u,False,3133,0.03012071011120586,True
1.1529840318772422,L640_sub02615,lambda,38.22956970723055,2628,0.027002747328958836,0.867314700249439,u,False,3139,0.031133736487105393,True
1.1793550094612861,L640_sub02615,lambda,40.7308237088326,2544,0.028919193856404797,0.8479211026175968,u,False,3047,0.034105996144133045,True
1.1400392514832227,L640_sub02615,lambda,43.23193264243457,2725,0.028881561101384855,0.8771627807542348,u,False,3202,0.03292611329968975,True
1.1330314394347776,L640_sub02615,lambda,45.97553697348189,2570,0.030608190727338728,0.8825880423043323,u,False,3039,0.03468004239829081,True
1.2087489083767198,L640_sub02615,lambda,48.977035434987286,2592,0.02874753313603209,0.827301677850483,u,False,3027,0.03474854929670237,True
1.163747883401294,L640_sub02615,lambda,52.22068555658763,2538,0.033820986749954256,0.8592926477144629,u,False,3065,0.03935910174480248,True
1.151494017144262,L640_sub02615,lambda,55.72252686302013,2484,0.034131375520358734,0.8684369915182265,u,False,2981,0.0393020747085972,True
1.1433769409108208,L640_sub02615,lambda,59.22415047934415,2604,0.03540785384868242,0.874602210539067,u,False,3055,0.040484523617723936,True
1.1348101587504857,L640_sub02615,lambda,62.96824596572466,2594,0.03697880131829708,0.8812046599063563,u,False,3075,0.04196391939441938,True
1.174112772306985,L640_sub02615,lambda,66.97014260101288,2586,0.03673870140226674,0.851706942966922,u,False,3080,0.043135378554373924,True
1.1477799039918117,L640_sub02615,lambda,71.21446482281532,2626,0.03710417282318523,0.8712471759804692,u,False,3101,0.042587423920691134,True
1.1433321964447851,L640_sub02615,lambda,75.95887044973747,2635,0.04057606132910877,0.8746364382193735,u,False,3046,0.04639191732248824,True
1.1028734012904942,L640_sub02615,lambda,80.96141056083448,2666,0.04359495414645118,0.9067223843007548,u,False,3100,0.04807971535859975,True
1.1345689660420772,L640_sub02615,lambda,86.20614827261453,2622,0.04536749202847539,0.8813919910822887,u,False,3124,0.051472548522669505,True
1.0901127555573662,L640_sub02615,lambda,91.95107394696377,2643,0.04604019488777261,0.9173362983801687,u,False,3058,0.05018900371550797,True
1.0587435611821063,L640_sub02615,lambda,97.95407086997457,2522,0.05284341614528031,0.9445157795183963,u,False,3049,0.05594762659468209,True
1.069696769248493,L640_sub02615,lambda,104.19932821280567,2661,0.05038960470694176,0.9348443678132655,u,False,3077,0.053901597358724254,True
1.0203752843924325,L640_sub02615,lambda,110.94480609744649,2573,0.053095305496726725,0.9800315778869881,u,False,3022,0.05417713744612562,True
1.0635581320975582,L640_sub02615,lambda,117.94808179873041,2625,0.05243205921788502,0.9402400957884566,u,False,3011,0.055764542963802344,True
1.0084545882978915,L640_sub02615,lambda,125.193849689192,2498,0.05339149487598761,0.9916162924974525,u,False,2923,0.05384289798377307,True
1.0250694560937605,L640_sub02615,lambda,133.18220601867202,2552,0.05670756370239654,0.9755436512670147,u,False,2940,0.0581291914808179,True
1.0115553694158608,L640_sub02615,lambda,141.92867927237256,2674,0.05717147896203494,0.9885766318233933,u,False,2951,0.05783211652149237,True
1.0041335050903146,L640_sub02615,lambda,151.17539482336403,2623,0.05912074162488756,0.9958835104402348,u,False,2978,0.05936511751133722,True
1.008651646860646,L640_sub02615,lambda,160.92234151913152,2570,0.06386851609031637,0.9914225621030079,u,False,2980,0.06442108393704327,True
1.0285015761412755,L640_sub02615,lambda,171.1695066301238,2534,0.05937121751051994,0.9722882523445346,u,False,2853,0.06106339078699625,True
1.0208972252053434,L640_sub02615,lambda,182.15927096911648,2564,0.061917649891880255,1.0208972252053434,u,False,2888,0.060650228410040134,True
1.0229493044834854,L640_sub02615,lambda,194.14942698859556,2509,0.06480882322673241,0.9775655505283587,u,False,2767,0.06629614064417907,True
1.0354803340062915,L640_sub02615,lambda,206.89792169086667,2511,0.0647969817019428,0.9657353859449773,u,False,2794,0.06709600025532729,True
1.0389461196429555,L640_sub02615,lambda,220.14654210320907,2515,0.06696141972586998,0.9625138215479935,u,False,2797,0.06956930718997588,True
1.0780672036667858,L640_sub02615,lambda,234.13777995018233,2438,0.06767051007350322,0.9275859580912404,u,False,2724,0.07295335756564668,True
1.0353950911253003,L640_sub02615,lambda,249.1294844051984,2421,0.06762320424484129,0.965814893822964,u,False,2779,0.07001673372127223,True
1.0782890088971528,L640_sub02615,lambda,265.12167018182424,2345,0.06575912109025407,0.9273951526435154,u,False,2684,0.07090733750635793,True
1.091888427035388,L640_sub02615,lambda,282.35660077285246,2328,0.06615622269186786,0.9158444903708006,u,False,2668,0.07223521393362643,True
1.1249459494926286,L640_sub02615,lambda,300.85004570383563,2339,0.06895671810423101,0.8889315975145459,u,False,2688,0.07757258072165969,True
1.2807631519661922,L640_sub02615,lambda,315.46037786067524,745,0.04273059818661959,0.7807844865499353,u,False,768,0.05472777561889575,True
,L640_sub03942,parallel,33.98529093593286,1016,0.022607013312400632,,B,True,0,,False
,L640_sub03942,parallel,35.98610843089316,1020,0.02372055221455471,,B,True,0,,False
,L640_sub03942,parallel,38.22956970723055,1052,0.03039834744772631,,B,True,0,,False
,L640_sub03942,parallel,40.7308237088326,1081,0.02554156921326564,,B,True,0,,False
,L640_sub03942,parallel,43.23193264243457,1088,0.02668027556770153,,B,True,0,,False
,L640_sub03942,parallel,45.97553697348189,1044,0.038125954877291,,B,True,0,,False
,L640_sub03942,parallel,48.977035434987286,1032,0.03564656785100375,,B,True,0,,False
,L640_sub03942,parallel,52.22068555658763,1093,0.040783247346672956,,B,True,0,,False
,L640_sub03942,parallel,55.72252686302013,1030,0.04075953947967933,,B,True,0,,False
,L640_sub03942,parallel,59.22415047934415,997,0.05600269331556581,,B,True,0,,False
,L640_sub03942,parallel,62.96824596572466,1062,0.050314567882341676,,B,True,0,,False
,L640_sub03942,parallel,66.97014260101288,1044,0.0575033654634741,,B,True,0,,False
,L640_sub03942,parallel,71.21446482281532,1045,0.062354000377322034,,B,True,0,,False
,L640_sub03942,parallel,75.95887044973747,1030,0.05913481372539199,,B,True,0,,False
,L640_sub03942,parallel,80.96141056083448,1071,0.06765977216204717,,B,True,0,,False
,L640_sub03942,parallel,86.20614827261453,1009,0.06766282772296223,,B,True,0,,False
,L640_sub03942,parallel,91.95107394696377,994,0.07587728072291759,,B,True,0,,False
,L640_sub03942,parallel,97.95407086997457,1075,0.08903202884048464,,B,True,0,,False
,L640_sub03942,parallel,104.19932821280567,1095,0.09799957290620727,,B,True,0,,False
,L640_sub03942,parallel,110.94480609744649,1158,0.10719010702089862,,B,True,0,,False
,L640_sub03942,parallel,117.94808179873041,1062,0.10040446819495635,,B,True,0,,False
,L640_sub03942,parallel,125.193849689192,1049,0.11443973221657765,,B,True,0,,False
,L640_sub03942,parallel,133.18220601867202,1036,0.1218269726767265,,B,True,0,,False
,L640_sub03942,parallel,141.92867927237256,1076,0.12209699436950801,,B,True,0,,False
,L640_sub03942,parallel,151.17539482336403,1062,0.1310598972591401,,B,True,0,,False
,L640_sub03942,parallel,160.92234151913152,1066,0.15069396705366922,,B,True,0,,False
,L640_sub03942,parallel,171.1695066301238,1073,0.15064162524004365,,B,True,0,,False
,L640_sub03942,parallel,182.15927096911648,1034,0.15200404575145154,,B,True,0,,False
,L640_sub03942,parallel,194.14942698859556,1045,0.16426126791741025,,B,True,0,,False
,L640_sub03942,parallel,206.89792169086667,1035,0.1764681278722464,,B,True,0,,False
,L640_sub03942,parallel,220.14654210320907,1048,0.1777556954494265,,B,True,0,,False
,L640_sub03942,parallel,234.13777995018233,1064,0.1738051927522409,,B,True,0,,False
,L640_sub03942,parallel,249.1294844051984,1015,0.20930492119004943,,B,True,0,,False
,L640_sub03942,parallel,265.12167018182424,1015,0.2049641288252774,,B,True,0,,False
,L640_sub03942,parallel,282.35660077285246,1028,0.22204587980353072,,B,True,0,,False
,L640_sub03942,parallel,300.85004570383563,945,0.19711687073596632,,B,True,0,,False
,L640_sub03942,parallel,315.46037786067524,284,0.19624340239215715,,B,True,0,,False
1.1841942124681726,L640_sub03942,xi,33.98529093593286,1510,0.030294609705415743,0.8444560777878964,B,True,2242,0.03587470148213546,True
1.1480269602348856,L640_sub03942,xi,35.98610843089316,1537,0.032631560953814344,0.8710596829497808,B,True,1786,0.03746191172952686,True
1.2235081447392666,L640_sub03942,xi,38.22956970723055,1510,0.032265497998648945,0.8173218987545874,B,True,2205,0.039477099595415496,True
1.0228146787969132,L640_sub03942,xi,40.7308237088326,1589,0.041622351296833116,0.977694220399976,B,True,2259,0.04257195187244265,True
1.322202909045366,L640_sub03942,xi,43.23193264243457,1556,0.03390652687287801,0.7563135681814546,B,True,2260,0.044831308466944185,True
1.1467503210199734,L640_sub03942,xi,45.97553697348189,1537,0.04111070456319324,0.8720294048930836,B,True,2333,0.047143713655199135,True
1.0458458589131192,L640_sub03942,xi,48.977035434987286,1486,0.04992662758790712,1.0458458589131192,B,True,2275,0.04773803631042979,True
1.0970223133234396,L640_sub03942,xi,52.22068555658763,1613,0.052761763134008884,0.9115584868738817,B,True,2322,0.0578808314482938,True
1.0008767627306805,L640_sub03942,xi,55.72252686302013,1634,0.057732314578460134,0.9991240053088171,B,True,2358,0.057782932120238446,True
1.1740993813876233,L640_sub03942,xi,59.22415047934415,1599,0.053176129500683046,0.8517166569137768,B,True,2281,0.062434060751340115,True
1.0149465047658688,L640_sub03942,xi,62.96824596572466,1523,0.06409588252981235,0.9852736033912284,B,True,2325,0.06505389194351675,True
1.113891131036431,L640_sub03942,xi,66.97014260101288,1594,0.06628681334108172,0.897753803883455,B,True,2349,0.0738362934852983,True
1.0956988787787842,L640_sub03942,xi,71.21446482281532,1631,0.06778970848961148,0.9126595083446231,B,True,2403,0.07427710758480793,True
1.0262203232252545,L640_sub03942,xi,75.95887044973747,1590,0.07764328211577225,1.0262203232252545,B,True,2281,0.07565946645039265,True
1.1259867919928805,L640_sub03942,xi,80.96141056083448,1593,0.08129844219672545,0.8881098846906571,B,True,2439,0.09154097212310952,True
1.0937114027561243,L640_sub03942,xi,86.20614827261453,1594,0.08662737164172307,0.9143179795694055,B,True,2388,0.09474534415534505,True
1.034868871177482,L640_sub03942,xi,91.95107394696377,1652,0.09502237119522762,0.9663060005488349,B,True,2450,0.09833569401541288,True
1.0704744224669407,L640_sub03942,xi,97.95407086997457,1702,0.09583671060983308,0.9341652439443342,B,True,2372,0.1025907474411924,True
1.234348160474173,L640_sub03942,xi,104.19932821280567,1633,0.0932857476090583,0.8101441975786244,B,True,2414,0.11514709095969909,True
1.0322670850035929,L640_sub03942,xi,110.94480609744649,1757,0.1153080707383447,0.9687415345579089,B,True,2450,0.11902872605845918,True
1.142023624891143,L640_sub03942,xi,117.94808179873041,1697,0.11082450243908366,0.8756386279621137,B,True,2498,0.12656420000223964,True
1.1757855524779726,L640_sub03942,xi,125.193849689192,1744,0.11086155830880469,0.85049522669546,B,True,2585,0.1303494185846869,True
1.1011560343875206,L640_sub03942,xi,133.18220601867202,1730,0.12090879518491397,0.9081365117852848,B,True,2519,0.13313944942839281,True
1.1458145918947114,L640_sub03942,xi,141.92867927237256,1747,0.11747011167802839,0.8727415474316894,B,True,2594,0.13459896807218624,True
1.074111776675565,L640_sub03942,xi,151.17539482336403,1730,0.13819432186244815,0.9310018023403999,B,True,2566,0.14843614858214904,True
1.1266829739547772,L640_sub03942,xi,160.92234151913152,1792,0.13596002921946237,0.887561118004556,B,True,2631,0.15318385005996227,True
1.12805227264937,L640_sub03942,xi,171.1695066301238,1741,0.15186570364116997,0.8864837421508638,B,True,2552,0.1713124521299175,True
1.0951402547189546,L640_sub03942,xi,182.15927096911648,1802,0.1591588885581505,0.9131250501394723,B,True,2674,0.17430130575635866,True
1.090455429160226,L640_sub03942,xi,194.14942698859556,1661,0.16499380861922622,0.9170480271441384,B,True,2623,0.17991839438665852,True
1.1469976096534424,L640_sub03942,xi,206.89792169086667,1710,0.16921931646513397,0.8718413984333788,B,True,2724,0.19409415149269807,True
1.0710604712095932,L640_sub03942,xi,220.14654210320907,1759,0.17485705452436487,0.9336540997266554,B,True,2831,0.18728247921318777,True
1.0823137542493546,L640_sub03942,xi,234.13777995018233,1733,0.18405897261486734,0.9239464952504056,B,True,2807,0.19920955765407622,True
1.0344793395175924,L640_sub03942,xi,249.1294844051984,1731,0.18198441535883844,0.9666698616391207,B,True,2776,0.18825911780290638,True
1.0280956501881424,L640_sub03942,xi,265.12167018182424,1741,0.20194858591313458,0.9726721437027762,B,True,2809,0.20762246273894003,True
1.1309414501389126,L640_sub03942,xi,282.35660077285246,1682,0.1959342313913521,0.8842190724172069,B,True,2726,0.22159014378158898,True
1.1313644631096973,L640_sub03942,xi,300.85004570383563,1807,0.1895801241483802,0.8838884661900855,B,True,2879,0.21448421537340195,True
1.3218674675241797,L640_sub03942,xi,315.46037786067524,595,0.21613310433760408,1.3218674675241797,B,True,934,0.16350588061783172,True
1.2556150019903138,L640_sub03942,lambda,33.98529093593286,2693,0.0766305289132765,1.2556150019903138,B,True,2886,0.06103027503797509,True
1.614521609969115,L640_sub03942,lambda,35.98610843089316,2447,0.07832571426069697,1.614521609969115,B,True,2037,0.04851326472006485,True
1.3418621820552792,L640_sub03942,lambda,38.22956970723055,2494,0.08481780858124888,1.3418621820552792,B,True,2856,0.06320903123697597,True
1.3354625782041074,L640_sub03942,lambda,40.7308237088326,2360,0.08705644066943655,1.3354625782041074,B,True,2803,0.0651882292250432,True
1.3277699902342046,L640_sub03942,lambda,43.23193264243457,2607,0.08748236162587104,1.3277699902342046,B,True,2877,0.06588668389051336,True
1.4346121185235734,L640_sub03942,lambda,45.97553697348189,2452,0.09597748721717879,1.4346121185235734,B,True,2692,0.0669013498338169,True
1.3559191207347492,L640_sub03942,lambda,48.977035434987286,2364,0.10790025823361477,1.3559191207347492,B,True,2664,0.07957720824465214,True
1.3082908073330397,L640_sub03942,lambda,52.22068555658763,2575,0.10364522478740629,1.3082908073330397,B,True,2745,0.07922185511544473,True
1.337862188408384,L640_sub03942,lambda,55.72252686302013,2417,0.11183940414955645,1.337862188408384,B,True,2735,0.08359560881424459,True
1.3847297184588148,L640_sub03942,lambda,59.22415047934415,2347,0.11693952627476238,1.3847297184588148,B,True,2686,0.08444935117368209,True
1.4199293430113233,L640_sub03942,lambda,62.96824596572466,2441,0.12442133113649714,1.4199293430113233,B,True,2713,0.08762501581425867,True
1.3467245934050533,L640_sub03942,lambda,66.97014260101288,2425,0.12895247138104368,1.3467245934050533,B,True,2677,0.09575266688714783,True
1.3652940367017508,L640_sub03942,lambda,71.21446482281532,2388,0.1337728996082748,1.3652940367017508,B,True,2656,0.09798101801677872,True
1.4797920539659377,L640_sub03942,lambda,75.95887044973747,2435,0.14170901743008113,1.4797920539659377,B,True,2732,0.09576279116399623,True
1.5756384633957037,L640_sub03942,lambda,80.96141056083448,2397,0.15489312139080696,1.5756384633957037,B,True,2648,0.09830498873262611,True
1.4800589033703087,L640_sub03942,lambda,86.20614827261453,2471,0.1540920111324493,1.4800589033703087,B,True,2675,0.10411208012164885,True
1.508372457171284,L640_sub03942,lambda,91.95107394696377,2446,0.1697389152234572,1.508372457171284,B,True,2700,0.11253116855619064,True
1.5482008511738108,L640_sub03942,lambda,97.95407086997457,2435,0.17483634828035935,1.5482008511738108,B,True,2650,0.11292872507323737,True
1.4753843635611221,L640_sub03942,lambda,104.19932821280567,2300,0.178546966929006,1.4753843635611221,B,True,2631,0.12101725580041311,True
1.586139341673108,L640_sub03942,lambda,110.94480609744649,2326,0.1902488989183751,1.586139341673108,B,True,2652,0.11994463154649122,True
1.5134205486836931,L640_sub03942,lambda,117.94808179873041,2273,0.1840400111542525,1.5134205486836931,B,True,2519,0.12160533390029786,True
1.5117168917115513,L640_sub03942,lambda,125.193849689192,2254,0.19048622203879978,1.5117168917115513,B,True,2560,0.1260065446666625,True
1.6813447950362452,L640_sub03942,lambda,133.18220601867202,2285,0.2138259045042888,1.6813447950362452,B,True,2540,0.12717552350687195,True
1.6967191073459815,L640_sub03942,lambda,141.92867927237256,2179,0.2102262138266149,1.6967191073459815,B,True,2442,0.12390160098771566,True
1.6753606614989216,L640_sub03942,lambda,151.17539482336403,2289,0.21364907394889052,1.6753606614989216,B,True,2409,0.12752422738501076,True
1.7460019786920593,L640_sub03942,lambda,160.92234151913152,2211,0.22275982117605095,1.7460019786920593,B,True,2467,0.1275827999593229,True
1.7661427255644357,L640_sub03942,lambda,171.1695066301238,2207,0.22994670214284058,1.7661427255644357,B,True,2424,0.13019712326440247,True
1.8052700594755835,L640_sub03942,lambda,182.15927096911648,2231,0.2382718753104687,1.8052700594755835,B,True,2371,0.13198683158778182,True
2.0903370010604294,L640_sub03942,lambda,194.14942698859556,2212,0.27793557720441675,2.0903370010604294,B,True,2367,0.13296209035357448,True
2.033469343099001,L640_sub03942,lambda,206.89792169086667,2257,0.2690479067873141,2.033469343099001,B,True,2363,0.13230979247382502,True
1.9648251394158802,L640_sub03942,lambda,220.14654210320907,2227,0.28553550035785075,1.9648251394158802,B,True,2250,0.1453236192014202,True
1.9695651297299763,L640_sub03942,lambda,234.13777995018233,2173,0.30256645158274786,1.9695651297299763,B,True,2294,0.15362094251954447,True
2.10230394450001,L640_sub03942,lambda,249.1294844051984,2173,0.31078335363319304,2.10230394450001,B,True,2227,0.14782988656148222,True
2.259323744219638,L640_sub03942,lambda,265.12167018182424,2167,0.32745044403500845,2.259323744219638,B,True,2247,0.14493294503400556,True
2.2752953992438614,L640_sub03942,lambda,282.35660077285246,2191,0.32455934604363557,2.2752953992438614,B,True,2217,0.1426449269626682,True
2.0940118948752864,L640_sub03942,lambda,300.85004570383563,2199,0.3194080260414445,2.0940118948752864,B,True,2211,0.1525340074825447,True
5.90696273030131,L640_sub03942,lambda,315.46037786067524,902,0.4400623781559857,5.90696273030131,B,True,539,0.0744989258013379,True
,L640_sub03942,parallel,33.98529093593286,1016,0.006292361102585628,,u,True,0,,False
,L640_sub03942,parallel,35.98610843089316,1020,0.006715363253436724,,u,True,0,,False
,L640_sub03942,parallel,38.22956970723055,1052,0.007427251484128934,,u,True,0,,False
,L640_sub03942,parallel,40.7308237088326,1081,0.007611199058384206,,u,True,0,,False
,L640_sub03942,parallel,43.23193264243457,1088,0.008214584775003043,,u,True,0,,False
,L640_sub03942,parallel,45.97553697348189,1044,0.0091980606064518,,u,True,0,,False
,L640_sub03942,parallel,48.977035434987286,1032,0.009505463467258828,,u,True,0,,False
,L640_sub03942,parallel,52.22068555658763,1093,0.009930804507497348,,u,True,0,,False
,L640_sub03942,parallel,55.72252686302013,1030,0.011243399776167172,,u,True,0,,False
,L640_sub03942,parallel,59.22415047934415,997,0.011760734641661816,,u,True,0,,False
,L640_sub03942,parallel,62.96824596572466,1062,0.01272111598379233,,u,True,0,,False
,L640_sub03942,parallel,66.97014260101288,1044,0.013588053492904305,,u,True,0,,False
,L640_sub03942,parallel,71.21446482281532,1045,0.014223490797197202,,u,True,0,,False
,L640_sub03942,parallel,75.95887044973747,1030,0.014072743686354047,,u,True,0,,False
,L640_sub03942,parallel,80.96141056083448,1071,0.0150428281329391,,u,True,0,,False
,L640_sub03942,parallel,86.20614827261453,1009,0.015587665904912744,,u,True,0,,False
,L640_sub03942,parallel,91.95107394696377,994,0.018103117843685908,,u,True,0,,False
,L640_sub03942,parallel,97.95407086997457,1075,0.020239818740294277,,u,True,0,,False
,L640_sub03942,parallel,104.19932821280567,1095,0.020757403085362485,,u,True,0,,False
,L640_sub03942,parallel,110.94480609744649,1158,0.02401022409768041,,u,True,0,,False
,L640_sub03942,parallel,117.94808179873041,1062,0.02275933226637885,,u,True,0,,False
,L640_sub03942,parallel,125.193849689192,1049,0.022917320687358227,,u,True,0,,False
,L640_sub03942,parallel,133.18220601867202,1036,0.02513940403395935,,u,True,0,,False
,L640_sub03942,parallel,141.92867927237256,1076,0.025656530933386375,,u,True,0,,False
,L640_sub03942,parallel,151.17539482336403,1062,0.02760202066984464,,u,True,0,,False
,L640_sub03942,parallel,160.92234151913152,1066,0.028746885811232192,,u,True,0,,False
,L640_sub03942,parallel,171.1695066301238,1073,0.02861385456545154,,u,True,0,,False
,L640_sub03942,parallel,182.15927096911648,1034,0.02943912561209945,,u,True,0,,False
,L640_sub03942,parallel,194.14942698859556,1045,0.029611786423153357,,u,True,0,,False
,L640_sub03942,parallel,206.89792169086667,1035,0.03265601794155885,,u,True,0,,False
,L640_sub03942,parallel,220.14654210320907,1048,0.03635017911469174,,u,True,0,,False
,L640_sub03942,parallel,234.13777995018233,1064,0.03519608694350409,,u,True,0,,False
,L640_sub03942,parallel,249.1294844051984,1015,0.03616545056178773,,u,True,0,,False
,L640_sub03942,parallel,265.12167018182424,1015,0.04088193877749715,,u,True,0,,False
,L640_sub03942,parallel,282.35660077285246,1028,0.04172851855242106,,u,True,0,,False
,L640_sub03942,parallel,300.85004570383563,945,0.04263038324703636,,u,True,0,,False
,L640_sub03942,parallel,315.46037786067524,284,0.049112514003599284,,u,True,0,,False
1.296458207114461,L640_sub03942,xi,33.98529093593286,1671,0.011415351367364749,0.7713322300035488,u,True,2270,0.014799525967315314,True
1.3051553118509531,L640_sub03942,xi,35.98610843089316,1624,0.012270084476184278,0.7661923381224369,u,True,1917,0.01601436593095183,True
1.25933899615968,L640_sub03942,xi,38.22956970723055,1665,0.01295623720936678,0.7940673663322368,u,True,2317,0.016316294761250655,True
1.2154102401383748,L640_sub03942,xi,40.7308237088326,1623,0.013069432436391498,0.8227674631786464,u,True,2421,0.015884722015986855,True
1.2598658848179962,L640_sub03942,xi,43.23193264243457,1699,0.013711891506506098,0.7937352793265474,u,True,2331,0.017275144325372672,True
1.2996817571156012,L640_sub03942,xi,45.97553697348189,1667,0.014064482256819723,0.7694191247396683,u,True,2363,0.018279351012464654,True
1.3298326615869742,L640_sub03942,xi,48.977035434987286,1622,0.014671465770895573,0.7519743114194806,u,True,2379,0.019510594375492248,True
1.2871929770855055,L640_sub03942,xi,52.22068555658763,1717,0.016634274174225635,0.7768842883716045,u,True,2415,0.021411520895978035,True
1.2973749828844865,L640_sub03942,xi,55.72252686302013,1763,0.01687376503648571,0.7707871765622263,u,True,2413,0.021891600625407494,True
1.2693911333416943,L640_sub03942,xi,59.22415047934415,1828,0.01721020652915025,0.7877792539542029,u,True,2441,0.021846483571082664,True
1.2850770351655623,L640_sub03942,xi,62.96824596572466,1696,0.019322604573687986,0.7781634661856404,u,True,2477,0.024831035397231492,True
1.2347355990881559,L640_sub03942,xi,66.97014260101288,1786,0.019297816410582796,0.8098899883817179,u,True,2458,0.023827700906814193,True
1.2225889719544913,L640_sub03942,xi,71.21446482281532,1816,0.0202403110410373,0.8179363816780961,u,True,2419,0.02474558106770093,True
1.2129336345076864,L640_sub03942,xi,75.95887044973747,1680,0.021269709255097045,0.8244474153821999,u,True,2454,0.025798745751706636,True
1.220501705750504,L640_sub03942,xi,80.96141056083448,1840,0.021924009350554493,0.819335192477331,u,True,2544,0.026758290809241757,True
1.1988651260471266,L640_sub03942,xi,86.20614827261453,1758,0.023179345219519164,0.8341221862856077,u,True,2415,0.027788908628288703,True
1.2738594425741676,L640_sub03942,xi,91.95107394696377,1835,0.02440479512511386,0.7850159653244296,u,True,2501,0.031088278714214303,True
1.1977127563663674,L640_sub03942,xi,97.95407086997457,1831,0.025561540422160824,0.8349247302281473,u,True,2427,0.03061538303599656,True
1.2285845329042557,L640_sub03942,xi,104.19932821280567,1846,0.025787594632380458,0.8139448065784258,u,True,2492,0.031682239906147436,True
1.2295103394163822,L640_sub03942,xi,110.94480609744649,1777,0.027752947704871207,0.8133319159192065,u,True,2535,0.0341225361524213,True
1.207935780595128,L640_sub03942,xi,117.94808179873041,1820,0.02770505945926791,0.8278585799547374,u,True,2569,0.033465932624365216,True
1.1959193719714427,L640_sub03942,xi,125.193849689192,1926,0.030324675833563842,0.836176771977132,u,True,2601,0.036265867278113255,True
1.2147167528628893,L640_sub03942,xi,133.18220601867202,1834,0.02924101304660313,0.8232371848360229,u,True,2589,0.03551954841839114,True
1.2918188439637648,L640_sub03942,xi,141.92867927237256,1879,0.03066098484758011,0.7741023477654501,u,True,2583,0.039608438000591446,True
1.2056559269723575,L640_sub03942,xi,151.17539482336403,1815,0.03323399242928158,0.8294240318721772,u,True,2524,0.04006875994931779,True
1.1667553661360373,L640_sub03942,xi,160.92234151913152,1947,0.0350302965618589,0.8570776951399128,u,True,2716,0.04087178649088565,True
1.1716662680320602,L640_sub03942,xi,171.1695066301238,1920,0.03570753412823373,0.8534853543915776,u,True,2646,0.04183731325265504,True
1.1434428594404744,L640_sub03942,xi,182.15927096911648,1953,0.03789179273310809,0.8745517904491826,u,True,2634,0.043327099832070906,True
1.1784641872550359,L640_sub03942,xi,194.14942698859556,1927,0.04016074991829418,0.8485620613803059,u,True,2645,0.0473280055120153,True
1.190940521952412,L640_sub03942,xi,206.89792169086667,1895,0.03955780749002211,0.8396724954497419,u,True,2566,0.04711099589945997,True
1.1263644621879008,L640_sub03942,xi,220.14654210320907,2041,0.04372646273406033,0.887812101295841,u,True,2619,0.04925193368082915,True
1.1213041434395856,L640_sub03942,xi,234.13777995018233,1981,0.04440847908380129,0.8918186968724767,u,True,2644,0.049795411600516565,True
1.063604635622673,L640_sub03942,xi,249.1294844051984,1999,0.04551121341851777,0.9401989860777201,u,True,2689,0.04840593756474829,True
1.0800095762636084,L640_sub03942,xi,265.12167018182424,2033,0.04641909462030229,0.9259177158961786,u,True,2718,0.05013306671141302,True
1.1151726879415123,L640_sub03942,xi,282.35660077285246,1986,0.04900268108208474,0.8967221048480765,u,True,2730,0.054646451578649134,True
1.0661808415502818,L640_sub03942,xi,300.85004570383563,1999,0.05204547725705748,0.937927189299283,u,True,2695,0.055489890740815596,True
1.1035134352646856,L640_sub03942,xi,315.46037786067524,760,0.05388683923096163,0.9061964884552065,u,True,749,0.0594648510753143,True
1.002918113929918,L640_sub03942,lambda,33.98529093593286,2452,0.022659176762254894,1.002918113929918,u,True,2959,0.022593247093190178,True
1.145925823748083,L640_sub03942,lambda,35.98610843089316,2246,0.023898261240165593,1.145925823748083,u,True,2026,0.02085498096377599,True
1.0522842379658335,L640_sub03942,lambda,38.22956970723055,2409,0.02304589431724871,0.950313578708635,u,True,2915,0.02425083133986719,True
1.0833640441937555,L640_sub03942,lambda,40.7308237088326,2330,0.02331624504826557,0.9230507559849881,u,True,2840,0.025259981530901615,True
1.054281197201591,L640_sub03942,lambda,43.23193264243457,2418,0.025627034865305272,0.9485135489984349,u,True,2841,0.02701810099852096,True
1.0782505041427481,L640_sub03942,lambda,45.97553697348189,2350,0.025112564086579286,0.9274282702933115,u,True,2902,0.027077634886671184,True
1.0315768236245135,L640_sub03942,lambda,48.977035434987286,2245,0.026425799639580656,0.9693897508151005,u,True,2769,0.027260242453936427,True
1.1017721241432763,L640_sub03942,lambda,52.22068555658763,2338,0.026506780636796155,0.9076286993352523,u,True,2784,0.029204432006402766,True
1.0872208705725583,L640_sub03942,lambda,55.72252686302013,2268,0.02851904897197341,0.9197763095491116,u,True,2873,0.031006505251210355,True
1.118927601327327,L640_sub03942,lambda,59.22415047934415,2343,0.027809646111161886,0.89371287187281,u,True,2823,0.031116980616924195,True
1.0880384158322907,L640_sub03942,lambda,62.96824596572466,2390,0.029492455448403627,0.9190851953835233,u,True,2874,0.03208892450508549,True
1.1188934513273725,L640_sub03942,lambda,66.97014260101288,2381,0.030299452641344444,0.8937401490853968,u,True,2789,0.033901859139204155,True
1.0963989877257754,L640_sub03942,lambda,71.21446482281532,2310,0.03177681246420627,0.9120767268075168,u,True,2814,0.03484006501890756,True
1.1089476352823977,L640_sub03942,lambda,75.95887044973747,2271,0.03231260527663858,0.9017558342557321,u,True,2756,0.035832987211341885,True
1.0841613286150042,L640_sub03942,lambda,80.96141056083448,2266,0.03466078200459918,0.9223719511167966,u,True,2801,0.03757787946894128,True
1.1164741622250423,L640_sub03942,lambda,86.20614827261453,2227,0.03450236042609448,0.8956767956072367,u,True,2800,0.03852099395151029,True
1.1377386840761914,L640_sub03942,lambda,91.95107394696377,2202,0.034194440613004376,0.878936449991563,u,True,2757,0.03890433786576107,True
1.1076228409110191,L640_sub03942,lambda,97.95407086997457,2144,0.03516591057486174,0.9028343972913203,u,True,2652,0.038950565774151215,True
1.125853016029281,L640_sub03942,lambda,104.19932821280567,2167,0.03685736521912361,0.8882154115702011,u,True,2652,0.041495975794843036,True
1.0807391734730254,L640_sub03942,lambda,110.94480609744649,2146,0.03742305167459134,0.9252926372479264,u,True,2624,0.040444557935636165,True
1.1160036628947931,L640_sub03942,lambda,117.94808179873041,2149,0.03737405896775453,0.8960544066729207,u,True,2696,0.041709586705260045,True
1.1002779305066537,L640_sub03942,lambda,125.193849689192,2055,0.03808291358975221,0.9088612724782384,u,True,2612,0.041901789352196274,True
1.0645173848863865,L640_sub03942,lambda,133.18220601867202,2161,0.04104661598460693,0.9393928311529902,u,True,2629,0.04369483630636952,True
1.0356834807145519,L640_sub03942,lambda,141.92867927237256,2059,0.04090656455370104,0.9655459593794692,u,True,2575,0.04236625316105161,True
1.0565034155470345,L640_sub03942,lambda,151.17539482336403,2020,0.041779451690341224,0.946518473375897,u,True,2482,0.044140133410527825,True
1.0712668604779612,L640_sub03942,lambda,160.92234151913152,2044,0.04187690882541777,0.9334742228036771,u,True,2510,0.044861344643927124,True
1.0629379508129388,L640_sub03942,lambda,171.1695066301238,1973,0.04310284692190664,0.9407886878393948,u,True,2526,0.045815651781375234,True
1.0135903127933772,L640_sub03942,lambda,182.15927096911648,1931,0.047364784233778684,1.0135903127933772,u,True,2467,0.04672971281981274,True
1.0156841096077014,L640_sub03942,lambda,194.14942698859556,1946,0.045191566262681615,0.9845580831093643,u,True,2531,0.045900355741289214,True
1.0463744145882736,L640_sub03942,lambda,206.89792169086667,1910,0.048954099418405894,1.0463744145882736,u,True,2469,0.0467844958132585,True
1.1406229697960055,L640_sub03942,lambda,220.14654210320907,1879,0.05500695047109356,1.1406229697960055,u,True,2445,0.048225357482438974,True
1.1114424242543448,L640_sub03942,lambda,234.13777995018233,1948,0.05755585672456259,1.1114424242543448,u,True,2443,0.05178482975685963,True
1.0660118178673006,L640_sub03942,lambda,249.1294844051984,2019,0.05714671770761399,1.0660118178673006,u,True,2472,0.053607958889183474,True
1.1095573843408033,L640_sub03942,lambda,265.12167018182424,1986,0.05877427548842201,1.1095573843408033,u,True,2546,0.052970920042445815,True
1.186755765192016,L640_sub03942,lambda,282.35660077285246,2089,0.06705399980812823,1.186755765192016,u,True,2531,0.05650193727711022,True
1.1920395162007775,L640_sub03942,lambda,300.85004570383563,2137,0.06808690463929722,1.1920395162007775,u,True,2508,0.0571179929137762,True
1.6839055832451657,L640_sub03942,lambda,315.46037786067524,604,0.07177899977191278,1.6839055832451657,u,True,518,0.04262649906628537,True
1.659476369794784,L640_sub00957,parallel,33.98529093593286,1529,0.011882299045214378,0.602599722539986,B,False,4096,0.019718394484368386,True
1.51367791304612,L640_sub00957,parallel,35.98610843089316,1478,0.012505173674714536,0.6606425259833537,B,False,4096,0.01892880519022118,True
1.2337219918405267,L640_sub00957,parallel,38.22956970723055,1496,0.01684767831486172,0.8105553816935298,B,False,4096,0.020785351248499652,True
1.5213284250547046,L640_sub00957,parallel,40.7308237088326,1483,0.014647533834430612,0.6573202626934691,B,False,4096,0.022283709579269822,True
1.4165300256645552,L640_sub00957,parallel,43.23193264243457,1459,0.017107857733548112,0.7059504436066274,B,False,4096,0.024233794154368465,True
1.3786884887142994,L640_sub00957,parallel,45.97553697348189,1563,0.017729006367958232,0.7253270105508413,B,False,4096,0.024442776995846523,True
1.4843233619701026,L640_sub00957,parallel,48.977035434987286,1503,0.017111342585492583,0.6737076472829524,B,False,4096,0.025398765554320538,True
1.4288528238439389,L640_sub00957,parallel,52.22068555658763,1505,0.019093428799825313,0.6998621434709928,B,False,4096,0.027281699657493587,True
1.414425598636656,L640_sub00957,parallel,55.72252686302013,1459,0.02081989829042318,0.7070007789479243,B,False,4096,0.029448197102986094,True
1.271847492359181,L640_sub00957,parallel,59.22415047934415,1393,0.023275091781735365,0.7862577911327053,B,False,4096,0.029602367117029908,True
1.3073037261067788,L640_sub00957,parallel,62.96824596572466,1479,0.024247723249549505,0.7649331827256808,B,False,4096,0.03169913895374204,True
1.280338786820109,L640_sub00957,parallel,66.97014260101288,1493,0.02668864479223471,0.7810432756502148,B,False,4096,0.03417050709516261,True
1.264561492145198,L640_sub00957,parallel,71.21446482281532,1455,0.02712178841785411,0.7907879578901326,B,False,4096,0.03429716923132794,True
1.1572726691354898,L640_sub00957,parallel,75.95887044973747,1496,0.03185728886574293,0.8641005932914875,B,False,4096,0.03686756971707864,True
1.1447737460913603,L640_sub00957,parallel,80.96141056083448,1471,0.034674463065215926,0.8735350573983146,B,False,4096,0.039694414976873746,True
1.2671592227211277,L640_sub00957,parallel,86.20614827261453,1475,0.03336403256973234,0.7891668087713368,B,False,4096,0.04227754157790442,True
1.138835571127378,L640_sub00957,parallel,91.95107394696377,1421,0.036200535877976545,0.8780898887888273,B,False,4096,0.04122645795171256,True
1.0924515672651771,L640_sub00957,parallel,97.95407086997457,1429,0.040786752958792014,0.9153723880898276,B,False,4096,0.04455755219348993,True
1.1767324313195138,L640_sub00957,parallel,104.19932821280567,1455,0.039507860232746835,0.849810860467798,B,False,4096,0.04649018042791171,True
1.0349455478241785,L640_sub00957,parallel,110.94480609744649,1436,0.04614701760038977,0.9662344092424512,B,False,4096,0.047759650410887394,True
1.1077599376557035,L640_sub00957,parallel,117.94808179873041,1470,0.04659891408447382,0.9027226622008462,B,False,4096,0.0516204101610402,True
1.1206301269867533,L640_sub00957,parallel,125.193849689192,1395,0.046120861505025756,0.8923550919417863,B,False,4096,0.05168442688511548,True
1.0020466818396356,L640_sub00957,parallel,133.18220601867202,1436,0.05474910920376435,1.0020466818396356,B,False,4096,0.05463728406669803,True
1.0366761071825696,L640_sub00957,parallel,141.92867927237256,1403,0.05541896231778632,0.9646214406520409,B,False,4096,0.057451514119700245,True
1.008303509821856,L640_sub00957,parallel,151.17539482336403,1426,0.06222271068809034,1.008303509821856,B,False,4096,0.06171029861741101,True
1.0105511587097271,L640_sub00957,parallel,160.92234151913152,1456,0.06252823470018677,0.9895590058763587,B,False,4096,0.06318798002834751,True
1.0228978326683549,L640_sub00957,parallel,171.1695066301238,1460,0.06831017607854277,0.9776147412409478,B,False,4096,0.0698743310599351,True
1.0549039119350798,L640_sub00957,parallel,182.15927096911648,1480,0.07586003481905373,1.0549039119350798,B,False,4096,0.07191179590935318,True
1.065575736300321,L640_sub00957,parallel,194.14942698859556,1478,0.07651499723317834,1.065575736300321,B,False,4096,0.07180624954809726,True
1.0298425206640591,L640_sub00957,parallel,206.89792169086667,1433,0.07747622606774231,0.9710222484843447,B,False,4096,0.07978831194514223,True
1.0422355417663773,L640_sub00957,parallel,220.14654210320907,1387,0.09082565943796234,1.0422355417663773,B,False,4096,0.08714504140209162,True
1.0014421860394187,L640_sub00957,parallel,234.13777995018233,1458,0.0864566253965137,0.9985598908658698,B,False,4096,0.0865813119346758,True
1.0530313659090946,L640_sub00957,parallel,249.1294844051984,1549,0.10247998899036778,1.0530313659090946,B,False,4096,0.09731902800625086,True
1.0388883965173845,L640_sub00957,parallel,265.12167018182424,1532,0.1050655114013273,1.0388883965173845,B,False,4096,0.10113262575030518,True
1.0041519434597164,L640_sub00957,parallel,282.35660077285246,1593,0.10521485331826616,1.0041519434597164,B,False,4096,0.10477981345707277,True
1.072101028691222,L640_sub00957,parallel,300.85004570383563,1484,0.10926670302697654,0.9327479157638342,B,False,4096,0.11714494471691982,True
1.097841758329935,L640_sub00957,parallel,315.46037786067524,1328,0.11083154151862465,0.9108780864022021,B,False,4096,0.12167549441922407,True
1.1986966268408386,L640_sub00957,xi,33.98529093593286,1451,0.02219657002227398,0.83423943774289,B,False,2031,0.026606953613136298,True
1.2371108280440317,L640_sub00957,xi,35.98610843089316,1535,0.022865496210904872,0.808335015207229,B,False,2108,0.028287152951110197,True
1.2197514719218667,L640_sub00957,xi,38.22956970723055,1419,0.024207008391090308,0.8198391418412296,B,False,2060,0.029526534115857386,True
1.175419730124565,L640_sub00957,xi,40.7308237088326,1460,0.02721393842141866,0.8507599237712515,B,False,2120,0.031987800154930454,True
1.1746459967056564,L640_sub00957,xi,43.23193264243457,1460,0.027018204066694144,0.8513203150604877,B,False,2067,0.03173682524511876,True
1.1756564001511955,L640_sub00957,xi,45.97553697348189,1537,0.028786136254566653,0.850588658277533,B,False,2098,0.03384260532330565,True
1.1200663938976245,L640_sub00957,xi,48.977035434987286,1500,0.030317040673799648,0.8928042171858976,B,False,2072,0.03395709842115038,True
1.1340627255417883,L640_sub00957,xi,52.22068555658763,1480,0.03223013519973941,0.8817854405030894,B,False,1987,0.03655099496919681,True
1.1330565994352493,L640_sub00957,xi,55.72252686302013,1503,0.03599220360096366,0.8825684440639868,B,False,2006,0.04078120381828902,True
1.1191803690464348,L640_sub00957,xi,59.22415047934415,1509,0.03597818752394402,0.8935110261557044,B,False,2162,0.04026608119066951,True
1.148533257503454,L640_sub00957,xi,62.96824596572466,1501,0.038573057496613314,0.8706757017847981,B,False,2139,0.04430243937845331,True
1.123951312930369,L640_sub00957,xi,66.97014260101288,1557,0.04301449681090071,0.8897182542478617,B,False,2140,0.04834620016565102,True
1.133905573396458,L640_sub00957,xi,71.21446482281532,1520,0.04679470220350469,0.881907650391591,B,False,2200,0.053060773633981484,True
1.1492361234043162,L640_sub00957,xi,75.95887044973747,1490,0.048096936018778944,0.8701432017623649,B,False,2128,0.05527473629784694,True
1.0778220779191598,L640_sub00957,xi,80.96141056083448,1562,0.05351762326903022,0.9277969161019572,B,False,2204,0.05768247591712094,True
1.186891510692507,L640_sub00957,xi,86.20614827261453,1509,0.050545655101263715,0.8425369892624281,B,False,2168,0.05999220894208132,True
1.1473862809331763,L640_sub00957,xi,91.95107394696377,1558,0.05343495132302765,0.8715460665842142,B,False,2139,0.061310530070374,True
1.127269805348533,L640_sub00957,xi,97.95407086997457,1573,0.058812973600179216,0.8870990735805405,B,False,2134,0.06629808930224244,True
1.076744160345757,L640_sub00957,xi,104.19932821280567,1552,0.06263018350579104,0.9287257241115536,B,False,2226,0.06743668435124366,True
1.062996610805862,L640_sub00957,xi,110.94480609744649,1668,0.06216960919989888,0.9407367717211215,B,False,2223,0.06608608387461745,True
1.1238917273279212,L640_sub00957,xi,117.94808179873041,1518,0.06688513283146778,0.889765424626377,B,False,2182,0.07517164747051577,True
1.1257791222317826,L640_sub00957,xi,125.193849689192,1617,0.06980055156126769,0.8882737121803842,B,False,2252,0.07858000366793821,True
1.12510271245664,L640_sub00957,xi,133.18220601867202,1620,0.07638554877598891,0.8888077407764127,B,False,2244,0.0859415881203541,True
1.086569008454969,L640_sub00957,xi,141.92867927237256,1579,0.07949864826334734,0.9203281082183039,B,False,2227,0.08638076741701567,True
1.0693387247483868,L640_sub00957,xi,151.17539482336403,1601,0.08502257521732398,0.9351573798426667,B,False,2221,0.09091793215771703,True
1.1026883894938513,L640_sub00957,xi,160.92234151913152,1696,0.08268445673652554,0.9068745164343422,B,False,2420,0.09117519043497337,True
1.162945054897524,L640_sub00957,xi,171.1695066301238,1709,0.08549228620097611,0.859885852550547,B,False,2293,0.099422831469309,True
1.1240085485088172,L640_sub00957,xi,182.15927096911648,1678,0.09092074436139633,0.8896729489528038,B,False,2304,0.10219569389899431,True
1.135289451566203,L640_sub00957,xi,194.14942698859556,1662,0.08937699335395631,0.8808326357832684,B,False,2371,0.10146875776744925,True
1.0898771447884081,L640_sub00957,xi,206.89792169086667,1753,0.10079509976058944,0.9175346090904061,B,False,2419,0.10985427553573399,True
1.1531572403931338,L640_sub00957,xi,220.14654210320907,1693,0.09953600054080212,0.8671844263485529,B,False,2327,0.11478065970340086,True
1.1107587274358288,L640_sub00957,xi,234.13777995018233,1765,0.10327044073996765,0.9002855213287284,B,False,2459,0.11470854333806363,True
1.139212624448031,L640_sub00957,xi,249.1294844051984,1858,0.10499056393918428,0.8777992611208272,B,False,2515,0.11960657588743692,True
1.1524255248142106,L640_sub00957,xi,265.12167018182424,1934,0.10381749351396795,0.8677350323017324,B,False,2444,0.11964192944773042,True
1.1507134927423268,L640_sub00957,xi,282.35660077285246,2029,0.10991816165183163,0.8690260488880222,B,False,2625,0.12648431171019486,True
1.1145506322161154,L640_sub00957,xi,300.85004570383563,2015,0.11140742949243784,0.8972225855829009,B,False,2637,0.12416922097436892,True
1.2363260475036477,L640_sub00957,xi,315.46037786067524,785,0.09726673062005367,0.808848120622525,B,False,1318,0.12025339262109298,True
1.051047658441583,L640_sub00957,lambda,33.98529093593286,2765,0.05882426535068467,1.051047658441583,B,False,3378,0.055967267400514456,True
1.030032328966404,L640_sub00957,lambda,35.98610843089316,2661,0.059440787238732806,1.030032328966404,B,False,3337,0.05770769088226507,True
1.0250557846754682,L640_sub00957,lambda,38.22956970723055,2751,0.061548885249490176,1.0250557846754682,B,False,3393,0.06004442506412126,True
1.071751428539697,L640_sub00957,lambda,40.7308237088326,2749,0.06595442309890283,1.071751428539697,B,False,3390,0.06153891783355801,True
1.028407136558418,L640_sub00957,lambda,43.23193264243457,2768,0.06896429026861786,1.028407136558418,B,False,3404,0.06705932681428878,True
1.0573044241045866,L640_sub00957,lambda,45.97553697348189,2676,0.07533366021957075,1.0573044241045866,B,False,3366,0.07125068097900901,True
1.1042598688597232,L640_sub00957,lambda,48.977035434987286,2787,0.07638103531858824,1.1042598688597232,B,False,3445,0.06916943870962236,True
1.021952740866947,L640_sub00957,lambda,52.22068555658763,2873,0.07624554732694334,1.021952740866947,B,False,3419,0.07460770374005986,True
1.1055453025524902,L640_sub00957,lambda,55.72252686302013,2712,0.0840612440206999,1.1055453025524902,B,False,3408,0.07603600126256133,True
1.0068891933414559,L640_sub00957,lambda,59.22415047934415,2796,0.08025411414001307,1.0068891933414559,B,False,3417,0.07970501090957416,True
1.0876919495654211,L640_sub00957,lambda,62.96824596572466,2746,0.08827797900093065,1.0876919495654211,B,False,3383,0.0811608277841915,True
1.0508950886314876,L640_sub00957,lambda,66.97014260101288,2784,0.09153943713003418,1.0508950886314876,B,False,3442,0.08710616132885352,True
1.0697169502823791,L640_sub00957,lambda,71.21446482281532,2667,0.09354929657337027,1.0697169502823791,B,False,3468,0.08745238312684074,True
1.0778600302312997,L640_sub00957,lambda,75.95887044973747,2764,0.10138282293049447,1.0778600302312997,B,False,3404,0.09405935843890469,True
1.048640108358947,L640_sub00957,lambda,80.96141056083448,2659,0.10593409164532962,1.048640108358947,B,False,3409,0.10102044619589225,True
1.038591020429253,L640_sub00957,lambda,86.20614827261453,2785,0.10668849592223173,1.038591020429253,B,False,3450,0.10272426183517072,True
1.0541616758188543,L640_sub00957,lambda,91.95107394696377,2697,0.10982659160336435,1.0541616758188543,B,False,3416,0.10418382125118804,True
1.0744839732568539,L640_sub00957,lambda,97.95407086997457,2812,0.11699981252576001,1.0744839732568539,B,False,3549,0.10888930448271227,True
1.018458155660014,L640_sub00957,lambda,104.19932821280567,2697,0.11561539079716159,1.018458155660014,B,False,3430,0.11352002058664527,True
1.037668494164378,L640_sub00957,lambda,110.94480609744649,2849,0.11714075791204466,1.037668494164378,B,False,3480,0.11288842108131723,True
1.0495273654988226,L640_sub00957,lambda,117.94808179873041,2717,0.11824994177455907,1.0495273654988226,B,False,3485,0.11266970796741148,True
1.0334056855135836,L640_sub00957,lambda,125.193849689192,2794,0.12301018642570796,1.0334056855135836,B,False,3549,0.1190337813600998,True
1.0288768821107117,L640_sub00957,lambda,133.18220601867202,2815,0.12364806248300811,1.0288768821107117,B,False,3584,0.12017770506160817,True
1.0278990708670623,L640_sub00957,lambda,141.92867927237256,2730,0.13172326880864743,1.0278990708670623,B,False,3560,0.12814805708262297,True
1.0301830395932312,L640_sub00957,lambda,151.17539482336403,2878,0.1352790026105719,1.0301830395932312,B,False,3649,0.1313155016257955,True
1.0373120752842717,L640_sub00957,lambda,160.92234151913152,2793,0.13691118998802865,1.0373120752842717,B,False,3527,0.13198649977202725,True
1.0078482479997242,L640_sub00957,lambda,171.1695066301238,2657,0.13413131264528116,0.9922128673485313,B,False,3511,0.13518400845144987,True
1.0182376520568974,L640_sub00957,lambda,182.15927096911648,2752,0.13395160783464724,0.982089002483795,B,False,3407,0.13639457065079752,True
1.0217971926392821,L640_sub00957,lambda,194.14942698859556,2596,0.1432010952273258,1.0217971926392821,B,False,3302,0.14014629934286682,True
1.0560158420914103,L640_sub00957,lambda,206.89792169086667,2647,0.14684854998105137,1.0560158420914103,B,False,3359,0.13905904071497815,True
1.0239911194360132,L640_sub00957,lambda,220.14654210320907,2634,0.14657886160558697,1.0239911194360132,B,False,3411,0.14314466094815223,True
1.0117657860872211,L640_sub00957,lambda,234.13777995018233,2518,0.1476457113313523,0.9883710377945051,B,False,3142,0.1493828791875726,True
1.0124982632850705,L640_sub00957,lambda,249.1294844051984,2415,0.1417207057239168,0.9876560150883422,B,False,2954,0.14349196841700032,True
1.0381385299473291,L640_sub00957,lambda,265.12167018182424,2333,0.1440531321670819,0.963262581199771,B,False,2893,0.1495471068622427,True
1.0248738273364695,L640_sub00957,lambda,282.35660077285246,2306,0.15060704900314675,0.9757298638398116,B,False,2814,0.15435322273570623,True
1.0188338794167269,L640_sub00957,lambda,300.85004570383563,2299,0.14334223471760726,0.9815142784341752,B,False,2836,0.14604192508160282,True
1.0396302352024087,L640_sub00957,lambda,315.46037786067524,1107,0.141701194405039,0.9618804514715821,B,False,1515,0.14731684606777296,True
1.7593857753420803,L640_sub00957,parallel,33.98529093593286,1529,0.008476609611457138,0.5683801779092867,u,False,4096,0.014913626373525645,True
1.6264120934221233,L640_sub00957,parallel,35.98610843089316,1478,0.008526929685130705,0.6148503224025508,u,False,4096,0.013868301559656675,True
1.3265857093376023,L640_sub00957,parallel,38.22956970723055,1496,0.011394961981531707,0.7538148443490509,u,False,4096,0.01511639372314525,True
1.6772295957710255,L640_sub00957,parallel,40.7308237088326,1483,0.010023667880222702,0.5962212940443006,u,False,4096,0.016811992426888935,True
1.6118901567661146,L640_sub00957,parallel,43.23193264243457,1459,0.01127957591533656,0.6203896684909778,u,False,4096,0.018181437390427137,True
1.6235030361248866,L640_sub00957,parallel,45.97553697348189,1563,0.011209315571015468,0.6159520356591904,u,False,4096,0.018198357862425577,True
1.6932265180127184,L640_sub00957,parallel,48.977035434987286,1503,0.011323970739604904,0.5905884353699264,u,False,4096,0.01917404754549912,True
1.597455227518524,L640_sub00957,parallel,52.22068555658763,1505,0.012912919121009569,0.6259956352913835,u,False,4096,0.02062781015238064,True
1.5536738797224385,L640_sub00957,parallel,55.72252686302013,1459,0.014291549701404864,0.6436357159963637,u,False,4096,0.022204407471827753,True
1.4117133469111576,L640_sub00957,parallel,59.22415047934415,1393,0.01609942051982359,0.7083591029212903,u,False,4096,0.02272776682537033,True
1.4857620125843163,L640_sub00957,parallel,62.96824596572466,1479,0.01573688471377076,0.673055301946112,u,False,4096,0.02338126550413941,True
1.35853798751804,L640_sub00957,parallel,66.97014260101288,1493,0.018158739130581684,0.736085416225228,u,False,4096,0.02466933691432552,True
1.4570574396412792,L640_sub00957,parallel,71.21446482281532,1455,0.017841050286660717,0.6863147414738814,u,False,4096,0.025995435051193172,True
1.3193226642980604,L640_sub00957,parallel,75.95887044973747,1496,0.020488841318751578,0.7579646943547699,u,False,4096,0.027031392717035516,True
1.3218844707885207,L640_sub00957,parallel,80.96141056083448,1471,0.02252968352993609,0.7564957619961201,u,False,4096,0.02978163879000242,True
1.3342363186168105,L640_sub00957,parallel,86.20614827261453,1475,0.022351945420561285,0.7494924145346981,u,False,4096,0.029822777371853564,True
1.33168099744157,L640_sub00957,parallel,91.95107394696377,1421,0.02386972812820296,0.7509305921772582,u,False,4096,0.031786863362424415,True
1.2677292626401448,L640_sub00957,parallel,97.95407086997457,1429,0.026061971065108037,0.7888119565193457,u,False,4096,0.0330395233613182,True
1.262010460832802,L640_sub00957,parallel,104.19932821280567,1455,0.028381463689609254,0.792386458777924,u,False,4096,0.035817704070033214,True
1.1170642222902532,L640_sub00957,parallel,110.94480609744649,1436,0.03215844565120248,0.8952036776809098,u,False,4096,0.03592304908142387,True
1.289354971442662,L640_sub00957,parallel,117.94808179873041,1470,0.03034659841585743,0.7755816064222391,u,False,4096,0.039127537533859794,True
1.28850508455431,L640_sub00957,parallel,125.193849689192,1395,0.03159910695703854,0.7760931733892978,u,False,4096,0.04071560998151963,True
1.103535037889874,L640_sub00957,parallel,133.18220601867202,1436,0.03535520753069165,0.9061787488978612,u,False,4096,0.03901571028198617,True
1.1738605577630425,L640_sub00957,parallel,141.92867927237256,1403,0.038070449692448494,0.8518899398968149,u,False,4096,0.04468939931026744,True
1.162453705825319,L640_sub00957,parallel,151.17539482336403,1426,0.04145906633863712,0.8602493114252837,u,False,4096,0.04819424530540646,True
1.120936351715813,L640_sub00957,parallel,160.92234151913152,1456,0.04180387131932395,0.8921113125373298,u,False,4096,0.0468594790042803,True
1.155708037766144,L640_sub00957,parallel,171.1695066301238,1460,0.04596742681812431,0.8652704379670921,u,False,4096,0.053124924649133265,True
1.05608934686783,L640_sub00957,parallel,182.15927096911648,1480,0.05133907659970628,0.9468895818008382,u,False,4096,0.05421865187498131,True
1.1117970476868895,L640_sub00957,parallel,194.14942698859556,1478,0.0517224959471214,0.8994447341630517,u,False,4096,0.05750491829300668,True
1.1827337838405765,L640_sub00957,parallel,206.89792169086667,1433,0.051561345007507114,0.8454988042641323,u,False,4096,0.0609833446806383,True
1.0258575114206439,L640_sub00957,parallel,220.14654210320907,1387,0.06536491299757098,0.9747942466348611,u,False,4096,0.06705508698191506,True
1.171344902057415,L640_sub00957,parallel,234.13777995018233,1458,0.05891255927605138,0.8537195135638912,u,False,4096,0.06900692597515805,True
1.0950751708452526,L640_sub00957,parallel,249.1294844051984,1549,0.06850710159118471,0.9131793201266108,u,False,4096,0.07502042597907968,True
1.0926408893140018,L640_sub00957,parallel,265.12167018182424,1532,0.0715474055903706,0.9152137813804818,u,False,4096,0.0781756208723721,True
1.0790511365048354,L640_sub00957,parallel,282.35660077285246,1593,0.07442250621813931,0.9267401387844411,u,False,4096,0.0803056899162214,True
1.1792180176300924,L640_sub00957,parallel,300.85004570383563,1484,0.0732851474317112,0.8480196071034669,u,False,4096,0.08641916627615154,True
1.1722011441039126,L640_sub00957,parallel,315.46037786067524,1328,0.07804172649155329,0.8530959085221235,u,False,4096,0.0914806010812434,True
1.409169041726841,L640_sub00957,xi,33.98529093593286,1442,0.013356873963123371,0.7096380706565678,u,False,2175,0.018822093283080755,True
1.4824712167594654,L640_sub00957,xi,35.98610843089316,1551,0.013996941871958426,0.6745493529283493,u,False,2200,0.020750063447833717,True
1.536480326035148,L640_sub00957,xi,38.22956970723055,1532,0.014336277418964689,0.650838141598908,u,False,2151,0.022027408202821196,True
1.3896656222540593,L640_sub00957,xi,40.7308237088326,1560,0.016787603581522714,0.719597566483644,u,False,2288,0.023329155577271235,True
1.4121948481208555,L640_sub00957,xi,43.23193264243457,1640,0.016695709561848935,0.7081175811756113,u,False,2216,0.023577595028965174,True
1.2770029423359741,L640_sub00957,xi,45.97553697348189,1478,0.019427837671946786,0.7830835520008569,u,False,2245,0.024809405870301726,True
1.2417715780295804,L640_sub00957,xi,48.977035434987286,1527,0.01934393155968881,0.8053010857172147,u,False,2276,0.024020744418170974,True
1.3975264125931333,L640_sub00957,xi,52.22068555658763,1557,0.019725814872438154,0.7155499824468315,u,False,2191,0.02756734729415477,True
1.354243202265805,L640_sub00957,xi,55.72252686302013,1574,0.021622704419128745,0.7384198040107454,u,False,2288,0.02928240047420789,True
1.3513461939452227,L640_sub00957,xi,59.22415047934415,1486,0.020958970750097377,0.7400028242063745,u,False,2165,0.02832282535215334,True
1.3228378280294102,L640_sub00957,xi,62.96824596572466,1564,0.023132712466030658,0.7559505623525058,u,False,2321,0.030600827114992856,True
1.359942994702565,L640_sub00957,xi,66.97014260101288,1619,0.025256742849663304,0.7353249392771138,u,False,2279,0.03434773050740371,True
1.2625940017059383,L640_sub00957,xi,71.21446482281532,1615,0.026221230886349672,0.7920202366309854,u,False,2256,0.03310676883445158,True
1.34148416481748,L640_sub00957,xi,75.95887044973747,1551,0.027630833293767924,0.7454430147045815,u,False,2221,0.037066325324301284,True
1.3433392781624511,L640_sub00957,xi,80.96141056083448,1569,0.02943774932503461,0.7444135790981236,u,False,2270,0.039544884929019176,True
1.346633854347963,L640_sub00957,xi,86.20614827261453,1571,0.02810241471875518,0.7425923511214544,u,False,2295,0.03784366304920221,True
1.2571778034050556,L640_sub00957,xi,91.95107394696377,1599,0.030001299544714196,0.7954324338940032,u,False,2309,0.03771696786092089,True
1.1947276898281896,L640_sub00957,xi,97.95407086997457,1500,0.033394141119834624,0.8370108172045525,u,False,2236,0.039896905073896566,True
1.322400838410051,L640_sub00957,xi,104.19932821280567,1667,0.03280564295931457,0.7562003675090829,u,False,2267,0.04338220975397837,True
1.2505267752651679,L640_sub00957,xi,110.94480609744649,1613,0.03431427608304592,0.7996630058464402,u,False,2279,0.04291092101569009,True
1.327147694885585,L640_sub00957,xi,117.94808179873041,1526,0.03724779227162998,0.7534956386946905,u,False,2299,0.04943332165287083,True
1.3050103330890772,L640_sub00957,xi,125.193849689192,1508,0.036827645273305426,0.7662774574611296,u,False,2243,0.048060457625002696,True
1.3163966611331457,L640_sub00957,xi,133.18220601867202,1577,0.037828633823738946,0.7596494502950247,u,False,2325,0.04979748726079833,True
1.2541317471909195,L640_sub00957,xi,141.92867927237256,1534,0.04101548446981716,0.7973643935255293,u,False,2286,0.05143882120001382,True
1.32865940017008,L640_sub00957,xi,151.17539482336403,1574,0.042717345024225854,0.7526383359587802,u,False,2268,0.05675680201674627,True
1.3518081297729176,L640_sub00957,xi,160.92234151913152,1601,0.04283335466780352,0.7397499526563612,u,False,2309,0.05790247706538355,True
1.36647949721267,L640_sub00957,xi,171.1695066301238,1497,0.04185086185458247,0.7318075405008192,u,False,2238,0.057188344664966764,True
1.3856260659362891,L640_sub00957,xi,182.15927096911648,1550,0.04424908703059929,0.721695430378819,u,False,2235,0.06131268838348177,True
1.3052990770591881,L640_sub00957,xi,194.14942698859556,1548,0.046362030213600657,0.76610794995196,u,False,2303,0.060516315248403126,True
1.3221257234586345,L640_sub00957,xi,206.89792169086667,1507,0.05013344282153048,0.7563577217029218,u,False,2194,0.06628271435988807,True
1.3257690035279135,L640_sub00957,xi,220.14654210320907,1492,0.049212198233401824,0.7542792125468073,u,False,2104,0.06524400701331529,True
1.3911495926036537,L640_sub00957,xi,234.13777995018233,1502,0.05198917999542138,0.71882995568321,u,False,2079,0.07232472657042847,True
1.3971966599589896,L640_sub00957,xi,249.1294844051984,1547,0.050728659267164855,0.7157188595264405,u,False,2194,0.07087791329228038,True
1.3593065212693618,L640_sub00957,xi,265.12167018182424,1600,0.05437817856723926,0.7356692433625417,u,False,2150,0.07391661274119816,True
1.3536865968952945,L640_sub00957,xi,282.35660077285246,1610,0.056117624422288154,0.7387234255650597,u,False,2233,0.07596567603005552,True
1.320449670899419,L640_sub00957,xi,300.85004570383563,1644,0.055672672421028156,0.7573177698767224,u,False,2196,0.0735129619764378,True
1.3880358887748943,L640_sub00957,xi,315.46037786067524,652,0.048150636299171705,0.7204424670046667,u,False,1084,0.06683481125059748,True
1.2348240979595724,L640_sub00957,lambda,33.98529093593286,2751,0.027192757935207125,0.8098319442035538,u,False,3298,0.03357827278837514,True
1.2340788064033128,L640_sub00957,lambda,35.98610843089316,2708,0.027272472730163387,0.810321022297167,u,False,3346,0.03365638059450693,True
1.1571282206810887,L640_sub00957,lambda,38.22956970723055,2586,0.030375433940029076,0.8642084620591116,u,False,3252,0.0351482718274418,True
1.2644082386869857,L640_sub00957,lambda,40.7308237088326,2596,0.029657114841535333,0.7908838058809564,u,False,3136,0.037498700341323354,True
1.1979419672237521,L640_sub00957,lambda,43.23193264243457,2575,0.03234177918611279,0.8347649780711118,u,False,3142,0.03874357458172816,True
1.1608244717391292,L640_sub00957,lambda,45.97553697348189,2585,0.033194114229482485,0.8614566838876299,u,False,3176,0.03853254011528732,True
1.2335794014834427,L640_sub00957,lambda,48.977035434987286,2682,0.0355226766675097,0.810649074390711,u,False,3209,0.04382004222259647,True
1.243343457345858,L640_sub00957,lambda,52.22068555658763,2738,0.03548777478371443,0.8042829952511121,u,False,3313,0.04412349259309466,True
1.183378171277509,L640_sub00957,lambda,55.72252686302013,2655,0.038043723080555036,0.8450384029988112,u,False,3141,0.045020111447655185,True
1.2445490771665673,L640_sub00957,lambda,59.22415047934415,2669,0.03704138229056822,0.803503870073709,u,False,3264,0.04609981814670071,True
1.2177337421107912,L640_sub00957,lambda,62.96824596572466,2635,0.03905341878207739,0.821197578270783,u,False,3326,0.04755666579571896,True
1.190642022138826,L640_sub00957,lambda,66.97014260101288,2803,0.04316556633959879,0.8398830054760172,u,False,3323,0.05139473719334755,True
1.245683915964893,L640_sub00957,lambda,71.21446482281532,2711,0.0420156084305698,0.8027718646631246,u,False,3311,0.05233816764143975,True
1.203982659010591,L640_sub00957,lambda,75.95887044973747,2724,0.045260540545108294,0.8305767466964848,u,False,3247,0.05449290595375615,True
1.2751927926364606,L640_sub00957,lambda,80.96141056083448,2599,0.04671582962616933,0.784195147411789,u,False,3179,0.05957168924132397,True
1.2376907060238203,L640_sub00957,lambda,86.20614827261453,2617,0.04694835086680066,0.8079562972663659,u,False,3190,0.05810753753098454,True
1.2702855706798954,L640_sub00957,lambda,91.95107394696377,2699,0.04756199517859056,0.787224560430746,u,False,3282,0.06041731618811035,True
1.2399511897507405,L640_sub00957,lambda,97.95407086997457,2722,0.05111349114755314,0.8064833585917391,u,False,3418,0.06337823416072245,True
1.270643620343129,L640_sub00957,lambda,104.19932821280567,2639,0.05105218516993069,0.7870027315211771,u,False,3251,0.06486913339074853,True
1.2482093704736927,L640_sub00957,lambda,110.94480609744649,2768,0.052620172355890005,0.801147646905184,u,False,3290,0.06568099221056267,True
1.2429656870710712,L640_sub00957,lambda,117.94808179873041,2806,0.055006585483262725,0.8045274382082128,u,False,3442,0.06837129831863727,True
1.2542262328963742,L640_sub00957,lambda,125.193849689192,2763,0.05861213550244918,0.7973043249866559,u,False,3395,0.07351287791324868,True
1.2540583661305178,L640_sub00957,lambda,133.18220601867202,2807,0.06032330069762617,0.7974110511981733,u,False,3436,0.075648939912465,True
1.280717523838105,L640_sub00957,lambda,141.92867927237256,2778,0.06148767295923832,0.7808123035618036,u,False,3340,0.07874834025892291,True
1.2396438203441607,L640_sub00957,lambda,151.17539482336403,2907,0.06564801574091272,0.8066833259592028,u,False,3513,0.08138015703107865,True
1.2187295629701294,L640_sub00957,lambda,160.92234151913152,2828,0.0671597473130187,0.8205265797958736,u,False,3415,0.08184956949197959,True
1.2226580224366148,L640_sub00957,lambda,171.1695066301238,2875,0.06974744352079826,0.8178901881387214,u,False,3546,0.08527727136514869,True
1.1541408620242348,L640_sub00957,lambda,182.15927096911648,2837,0.07549989393871535,0.8664453646031657,u,False,3489,0.08713751267316723,True
1.1358245137884615,L640_sub00957,lambda,194.14942698859556,2863,0.07934856671004958,0.8804176946882151,u,False,3480,0.09012604720325337,True
1.1576559442432282,L640_sub00957,lambda,206.89792169086667,3012,0.08022528511613772,0.8638145080779683,u,False,3561,0.0928732781933046,True
1.1447246323700635,L640_sub00957,lambda,220.14654210320907,2957,0.08363038107871931,0.8735725358941369,u,False,3599,0.09573375723530529,True
1.1268917344932152,L640_sub00957,lambda,234.13777995018233,2949,0.09177100422756991,0.8873966942793481,u,False,3555,0.10341598613019044,True
1.0776461160128472,L640_sub00957,lambda,249.1294844051984,2855,0.09613406400668484,0.9279484100957669,u,False,3459,0.10359850069333437,True
1.0642470805466713,L640_sub00957,lambda,265.12167018182424,2903,0.10421553063974635,0.939631424204923,u,False,3447,0.11091107423097221,True
1.0952937846470774,L640_sub00957,lambda,282.35660077285246,2914,0.10792096802013694,0.9129970552350184,u,False,3408,0.11820516550555199,True
1.0828658078233049,L640_sub00957,lambda,300.85004570383563,2989,0.11052819785220168,0.923475460001941,u,False,3367,0.11968720625447844,True
1.1350819725770815,L640_sub00957,lambda,315.46037786067524,1496,0.13282247407656,0.8809936411284972,u,False,1644,0.15076439587739,True
,L640_sub03356,parallel,33.98529093593286,1408,0.012461262731806099,,B,False,0,,False
,L640_sub03356,parallel,35.98610843089316,1431,0.011196876832207521,,B,False,0,,False
,L640_sub03356,parallel,38.22956970723055,1376,0.01258841255189398,,B,False,0,,False
,L640_sub03356,parallel,40.7308237088326,1297,0.015267935649671854,,B,False,0,,False
,L640_sub03356,parallel,43.23193264243457,1369,0.011319027481767453,,B,False,0,,False
,L640_sub03356,parallel,45.97553697348189,1411,0.01619481370976413,,B,False,0,,False
,L640_sub03356,parallel,48.977035434987286,1358,0.018578325619702796,,B,False,0,,False
,L640_sub03356,parallel,52.22068555658763,1399,0.017483425122321015,,B,False,0,,False
,L640_sub03356,parallel,55.72252686302013,1417,0.019154959346061887,,B,False,0,,False
,L640_sub03356,parallel,59.22415047934415,1331,0.023838875509904947,,B,False,0,,False
,L640_sub03356,parallel,62.96824596572466,1361,0.021011455746154113,,B,False,0,,False
,L640_sub03356,parallel,66.97014260101288,1353,0.02387645746668728,,B,False,0,,False
,L640_sub03356,parallel,71.21446482281532,1443,0.02425694833751587,,B,False,0,,False
,L640_sub03356,parallel,75.95887044973747,1351,0.025772086285267067,,B,False,0,,False
,L640_sub03356,parallel,80.96141056083448,1349,0.02980903370593574,,B,False,0,,False
,L640_sub03356,parallel,86.20614827261453,1371,0.03231074197956673,,B,False,0,,False
,L640_sub03356,parallel,91.95107394696377,1339,0.03687581317299312,,B,False,0,,False
,L640_sub03356,parallel,97.95407086997457,1333,0.03492220021355779,,B,False,0,,False
,L640_sub03356,parallel,104.19932821280567,1374,0.03446801945169908,,B,False,0,,False
,L640_sub03356,parallel,110.94480609744649,1309,0.04289932527110529,,B,False,0,,False
,L640_sub03356,parallel,117.94808179873041,1403,0.04386914015818414,,B,False,0,,False
,L640_sub03356,parallel,125.193849689192,1328,0.047984015511923175,,B,False,0,,False
,L640_sub03356,parallel,133.18220601867202,1378,0.05031645943588611,,B,False,0,,False
,L640_sub03356,parallel,141.92867927237256,1389,0.05473839634589711,,B,False,0,,False
,L640_sub03356,parallel,151.17539482336403,1375,0.054445349450261575,,B,False,0,,False
,L640_sub03356,parallel,160.92234151913152,1434,0.05713142795098938,,B,False,0,,False
,L640_sub03356,parallel,171.1695066301238,1389,0.0632158008778139,,B,False,0,,False
,L640_sub03356,parallel,182.15927096911648,1393,0.068337562172586,,B,False,0,,False
,L640_sub03356,parallel,194.14942698859556,1429,0.07372989994088272,,B,False,0,,False
,L640_sub03356,parallel,206.89792169086667,1332,0.08101494266252322,,B,False,0,,False
,L640_sub03356,parallel,220.14654210320907,1419,0.07833827442381974,,B,False,0,,False
,L640_sub03356,parallel,234.13777995018233,1428,0.08848207326151576,,B,False,0,,False
,L640_sub03356,parallel,249.1294844051984,1448,0.08723948344265424,,B,False,0,,False
,L640_sub03356,parallel,265.12167018182424,1432,0.08818778251099936,,B,False,0,,False
,L640_sub03356,parallel,282.35660077285246,1345,0.0968752756629143,,B,False,0,,False
,L640_sub03356,parallel,300.85004570383563,1397,0.10029037754812065,,B,False,0,,False
,L640_sub03356,parallel,315.46037786067524,746,0.09899423019968434,,B,False,0,,False
1.1833839074519865,L640_sub03356,xi,33.98529093593286,1571,0.01926399353017801,0.8450343068743928,B,False,1016,0.022796699936871837,True
1.1208919773804211,L640_sub03356,xi,35.98610843089316,1466,0.022391899082572806,0.8921466298090994,B,False,1020,0.02509890003996787,True
1.045445855758641,L640_sub03356,xi,38.22956970723055,1573,0.023487797502979926,0.956529689693339,B,False,1023,0.02455522056038852,True
1.0707988942111202,L640_sub03356,xi,40.7308237088326,1525,0.024057984876695446,0.9338821747072505,B,False,1067,0.025761263602913337,True
1.027092130761121,L640_sub03356,xi,43.23193264243457,1544,0.026936334598366408,0.9736224921312127,B,False,1108,0.02766609729753066,True
1.0568366935789097,L640_sub03356,xi,45.97553697348189,1589,0.028362690849732627,0.9462199846729055,B,False,1074,0.029974732418632227,True
1.0121817402570483,L640_sub03356,xi,48.977035434987286,1609,0.029601980887760296,0.9879648685877749,B,False,1066,0.0299625845300291,True
1.036791801198833,L640_sub03356,xi,52.22068555658763,1632,0.031656837348523335,0.9645138000162704,B,False,1041,0.032821549414834,True
1.0088994330960237,L640_sub03356,xi,55.72252686302013,1540,0.0369476468180659,0.9911790681964069,B,False,1057,0.037276459928978795,True
1.03431742943726,L640_sub03356,xi,59.22415047934415,1511,0.039308698556929325,1.03431742943726,B,False,1075,0.03800448241340763,True
1.0242749232592148,L640_sub03356,xi,62.96824596572466,1576,0.037644444461996655,1.0242749232592148,B,False,1087,0.03675228555065379,True
1.0129696383968327,L640_sub03356,xi,66.97014260101288,1636,0.03920868585237741,1.0129696383968327,B,False,1015,0.03870667428337801,True
1.0999322908896356,L640_sub03356,xi,71.21446482281532,1523,0.040051217297455054,0.9091468704779915,B,False,1070,0.04405362719490834,True
1.0276137071570919,L640_sub03356,xi,75.95887044973747,1489,0.0516579296162679,0.9731283195574671,B,False,1051,0.05308439655703319,True
1.1156999442759556,L640_sub03356,xi,80.96141056083448,1560,0.04867160196947453,0.8962983328362177,B,False,1066,0.054302903605164224,True
1.0022559434004137,L640_sub03356,xi,86.20614827261453,1557,0.052855691973325736,1.0022559434004137,B,False,1038,0.052736720915816236,True
1.0201658975003562,L640_sub03356,xi,91.95107394696377,1563,0.05771729656565644,0.9802327272948768,B,False,1059,0.058881217652197136,True
1.0232217133270465,L640_sub03356,xi,97.95407086997457,1647,0.06056875576802186,0.9773052965700463,B,False,1009,0.061975266051042754,True
1.045772434602686,L640_sub03356,xi,104.19932821280567,1578,0.06607180060370807,1.045772434602686,B,False,1042,0.0631799026418308,True
1.016737697285057,L640_sub03356,xi,110.94480609744649,1626,0.06632044226771162,0.9835378413431991,B,False,1035,0.06743049375419968,True
1.0316157280148106,L640_sub03356,xi,117.94808179873041,1614,0.07125927564546784,1.0316157280148106,B,False,1042,0.06907540638469675,True
1.003394465803706,L640_sub03356,xi,125.193849689192,1617,0.06874513349711701,0.9966170176143169,B,False,1086,0.06897848650194417,True
1.0798325804115365,L640_sub03356,xi,133.18220601867202,1674,0.06972665931381929,0.9260694834924211,B,False,1071,0.07529311845031758,True
1.0179550411510034,L640_sub03356,xi,141.92867927237256,1707,0.07763013920240454,1.0179550411510034,B,False,1140,0.07626087210553818,True
1.0295949440784724,L640_sub03356,xi,151.17539482336403,1720,0.07913515830498632,0.9712557406690056,B,False,1114,0.08147715888966345,True
1.0776432650228422,L640_sub03356,xi,160.92234151913152,1705,0.08336912976435924,0.927950865056261,B,False,1130,0.08984218120137712,True
1.0046190414218454,L640_sub03356,xi,171.1695066301238,1665,0.08649061241694453,1.0046190414218454,B,False,1111,0.08609294553538789,True
1.0128057666963017,L640_sub03356,xi,182.15927096911648,1705,0.08611889272613082,1.0128057666963017,B,False,1220,0.08503001815150041,True
1.0265394248269815,L640_sub03356,xi,194.14942698859556,1709,0.09530044901700051,0.9741467067069007,B,False,1129,0.09782966811966476,True
1.005357176322187,L640_sub03356,xi,206.89792169086667,1676,0.10060052701848218,1.005357176322187,B,False,1106,0.10006446404102926,True
1.0407640975734032,L640_sub03356,xi,220.14654210320907,1743,0.10626390315927053,1.0407640975734032,B,False,1206,0.10210181481762338,True
1.0431329646520036,L640_sub03356,xi,234.13777995018233,1757,0.10684570720343976,1.0431329646520036,B,False,1199,0.10242769697061989,True
1.0032959175256182,L640_sub03356,xi,249.1294844051984,1809,0.1110934112441708,0.9967149098605456,B,False,1176,0.11145956596527118,True
1.0195303685737158,L640_sub03356,xi,265.12167018182424,1889,0.11430726742350185,1.0195303685737158,B,False,1225,0.11211756995862063,True
1.0370804057388268,L640_sub03356,xi,282.35660077285246,1933,0.11563600852663944,1.0370804057388268,B,False,1294,0.11150148810714358,True
1.0549481311972486,L640_sub03356,xi,300.85004570383563,1970,0.11617503175186676,0.947913902520602,B,False,1383,0.12255863263841286,True
,L640_sub03356,xi,315.46037786067524,468,0.12122056504306433,,B,False,0,,False
1.0307562875725373,L640_sub03356,lambda,33.98529093593286,2393,0.058823893318043205,1.0307562875725373,B,False,1564,0.057068672805843636,True
1.004521848654122,L640_sub03356,lambda,35.98610843089316,2372,0.058785074420883245,0.9954985064185706,B,False,1581,0.059050891630535784,True
1.007076483075844,L640_sub03356,lambda,38.22956970723055,2361,0.06215809855175962,1.007076483075844,B,False,1603,0.061721328614401196,True
1.0528822880947177,L640_sub03356,lambda,40.7308237088326,2405,0.06843464152373668,0.9497737888720562,B,False,1592,0.07205362195245367,True
1.018502341162899,L640_sub03356,lambda,43.23193264243457,2390,0.06679854508911338,1.018502341162899,B,False,1490,0.06558506778967692,True
1.065518390844715,L640_sub03356,lambda,45.97553697348189,2168,0.07452880792476124,1.065518390844715,B,False,1545,0.0699460549579785,True
1.0034553704207352,L640_sub03356,lambda,48.977035434987286,2277,0.0772577792849478,0.9965565280503842,B,False,1558,0.0775247335302607,True
1.0116482564676488,L640_sub03356,lambda,52.22068555658763,2275,0.08566356472357756,0.9884858631513677,B,False,1551,0.08666139589541082,True
1.002901335552147,L640_sub03356,lambda,55.72252686302013,2292,0.08552336547635743,0.9971070578437812,B,False,1587,0.08577149745715325,True
1.0320753923349628,L640_sub03356,lambda,59.22415047934415,2258,0.09101308339425448,1.0320753923349628,B,False,1537,0.08818452999673491,True
1.0063265771278949,L640_sub03356,lambda,62.96824596572466,2222,0.09183779592124847,0.9937131968173283,B,False,1506,0.09241881482040011,True
1.0270537645858084,L640_sub03356,lambda,66.97014260101288,2350,0.0937568570471467,0.9736588623510682,B,False,1525,0.0962933329860055,True
1.008996905470812,L640_sub03356,lambda,71.21446482281532,2250,0.09492930749112916,1.008996905470812,B,False,1462,0.09408285295665382,True
1.0273159571089183,L640_sub03356,lambda,75.95887044973747,2162,0.10013141848041054,1.0273159571089183,B,False,1428,0.09746896053498601,True
1.0339091295401182,L640_sub03356,lambda,80.96141056083448,2251,0.10622882114437443,1.0339091295401182,B,False,1490,0.10274483328300323,True
1.0143721237708918,L640_sub03356,lambda,86.20614827261453,2131,0.10754611374218322,1.0143721237708918,B,False,1446,0.10602234744226252,True
1.057665874601265,L640_sub03356,lambda,91.95107394696377,2174,0.12303196146529836,1.057665874601265,B,False,1493,0.11632403429077337,True
1.0233212048560296,L640_sub03356,lambda,97.95407086997457,2140,0.11936163291450591,1.0233212048560296,B,False,1453,0.1166414145901519,True
1.0014757736929012,L640_sub03356,lambda,104.19932821280567,2038,0.1184940562771044,1.0014757736929012,B,False,1422,0.11831944355494729,True
1.0114473705970606,L640_sub03356,lambda,110.94480609744649,2087,0.11965712232511,1.0114473705970606,B,False,1454,0.11830286558012011,True
1.003907008519488,L640_sub03356,lambda,117.94808179873041,2125,0.13246325096339565,1.003907008519488,B,False,1467,0.1319477300579322,True
1.0193098677845287,L640_sub03356,lambda,125.193849689192,2003,0.1251945530020091,1.0193098677845287,B,False,1391,0.12282285981800571,True
1.0468536315179968,L640_sub03356,lambda,133.18220601867202,2039,0.13196236723981422,1.0468536315179968,B,False,1446,0.12605617754648407,True
1.0003288808999362,L640_sub03356,lambda,141.92867927237256,2094,0.12960494818926627,1.0003288808999362,B,False,1486,0.12956233761107488,True
1.0328893893485933,L640_sub03356,lambda,151.17539482336403,2103,0.13063602553408307,0.9681578785804591,B,False,1462,0.1349325646408263,True
1.0387969259119394,L640_sub03356,lambda,160.92234151913152,2084,0.13147597899840388,0.96265205937351,B,False,1487,0.13657684281480467,True
1.0022383474722822,L640_sub03356,lambda,171.1695066301238,2029,0.1338709535780802,0.9977666515376032,B,False,1516,0.13417060328863373,True
1.0318203724077994,L640_sub03356,lambda,182.15927096911648,2089,0.1322283752904711,0.9691609380288303,B,False,1479,0.13643593143509217,True
1.0520223671474378,L640_sub03356,lambda,194.14942698859556,2131,0.1337068560923537,0.9505501320390205,B,False,1557,0.14066260325011976,True
1.0392949686549109,L640_sub03356,lambda,206.89792169086667,2079,0.1377258065969178,0.9621907448414113,B,False,1522,0.14313773785011602,True
1.0149962986156167,L640_sub03356,lambda,220.14654210320907,2023,0.13278592358558516,0.985225267682187,B,False,1530,0.13477722094762506,True
1.0035561778669135,L640_sub03356,lambda,234.13777995018233,1941,0.13403236022745682,1.0035561778669135,B,False,1460,0.13355740633508562,True
1.0487204868595463,L640_sub03356,lambda,249.1294844051984,1870,0.14743372024610246,1.0487204868595463,B,False,1472,0.14058438077013372,True
1.0277033119208632,L640_sub03356,lambda,265.12167018182424,1869,0.1345511192627048,0.9730434731507449,B,False,1464,0.13827863088894077,True
1.0414164860647683,L640_sub03356,lambda,282.35660077285246,1782,0.12789449132602404,0.9602306218319339,B,False,1376,0.13319143174378895,True
1.1183392342646685,L640_sub03356,lambda,300.85004570383563,1873,0.11674758344225605,0.8941830612403766,B,False,1390,0.13056340306906314,True
,L640_sub03356,lambda,315.46037786067524,310,0.1386939547351678,,B,False,0,,False
,L640_sub03356,parallel,33.98529093593286,1408,0.006389241215068686,,u,False,0,,False
,L640_sub03356,parallel,35.98610843089316,1431,0.005851736657208856,,u,False,0,,False
,L640_sub03356,parallel,38.22956970723055,1376,0.0069777078097351865,,u,False,0,,False
,L640_sub03356,parallel,40.7308237088326,1297,0.007398245094369449,,u,False,0,,False
,L640_sub03356,parallel,43.23193264243457,1369,0.0063630223279234,,u,False,0,,False
,L640_sub03356,parallel,45.97553697348189,1411,0.008165866849702968,,u,False,0,,False
,L640_sub03356,parallel,48.977035434987286,1358,0.009083707746015328,,u,False,0,,False
,L640_sub03356,parallel,52.22068555658763,1399,0.008681162954888159,,u,False,0,,False
,L640_sub03356,parallel,55.72252686302013,1417,0.010252836808486314,,u,False,0,,False
,L640_sub03356,parallel,59.22415047934415,1331,0.011096495494612892,,u,False,0,,False
,L640_sub03356,parallel,62.96824596572466,1361,0.010950384851917572,,u,False,0,,False
,L640_sub03356,parallel,66.97014260101288,1353,0.01176702347331679,,u,False,0,,False
,L640_sub03356,parallel,71.21446482281532,1443,0.012368455786989812,,u,False,0,,False
,L640_sub03356,parallel,75.95887044973747,1351,0.012597191574206062,,u,False,0,,False
,L640_sub03356,parallel,80.96141056083448,1349,0.013986949287817244,,u,False,0,,False
,L640_sub03356,parallel,86.20614827261453,1371,0.015536628408210731,,u,False,0,,False
,L640_sub03356,parallel,91.95107394696377,1339,0.017600269158118485,,u,False,0,,False
,L640_sub03356,parallel,97.95407086997457,1333,0.016754978906022257,,u,False,0,,False
,L640_sub03356,parallel,104.19932821280567,1374,0.018257711309733235,,u,False,0,,False
,L640_sub03356,parallel,110.94480609744649,1309,0.019762347339272235,,u,False,0,,False
,L640_sub03356,parallel,117.94808179873041,1403,0.021780067917750643,,u,False,0,,False
,L640_sub03356,parallel,125.193849689192,1328,0.0219813924710913,,u,False,0,,False
,L640_sub03356,parallel,133.18220601867202,1378,0.02395780816856034,,u,False,0,,False
,L640_sub03356,parallel,141.92867927237256,1389,0.023571309822826604,,u,False,0,,False
,L640_sub03356,parallel,151.17539482336403,1375,0.025039105677865565,,u,False,0,,False
,L640_sub03356,parallel,160.92234151913152,1434,0.02686753250858876,,u,False,0,,False
,L640_sub03356,parallel,171.1695066301238,1389,0.029056791608541667,,u,False,0,,False
,L640_sub03356,parallel,182.15927096911648,1393,0.03175544252055058,,u,False,0,,False
,L640_sub03356,parallel,194.14942698859556,1429,0.03337878563704375,,u,False,0,,False
,L640_sub03356,parallel,206.89792169086667,1332,0.03664549953161447,,u,False,0,,False
,L640_sub03356,parallel,220.14654210320907,1419,0.033312010611491895,,u,False,0,,False
,L640_sub03356,parallel,234.13777995018233,1428,0.03901651795730229,,u,False,0,,False
,L640_sub03356,parallel,249.1294844051984,1448,0.038363306281987315,,u,False,0,,False
,L640_sub03356,parallel,265.12167018182424,1432,0.041385679931851826,,u,False,0,,False
,L640_sub03356,parallel,282.35660077285246,1345,0.04582573817197937,,u,False,0,,False
,L640_sub03356,parallel,300.85004570383563,1397,0.04148993391083889,,u,False,0,,False
,L640_sub03356,parallel,315.46037786067524,746,0.043827726136026306,,u,False,0,,False
1.210794869328178,L640_sub03356,xi,33.98529093593286,1592,0.010573034683675327,0.8259037309555667,u,False,1180,0.01280177614822296,True
1.2766230200344741,L640_sub03356,xi,35.98610843089316,1657,0.012085581632696418,0.7833165972308692,u,False,1128,0.01542873172280607,True
1.2339341003125193,L640_sub03356,xi,38.22956970723055,1613,0.011871709973105838,0.810416050376377,u,False,1190,0.014648907764835515,True
1.259011080466732,L640_sub03356,xi,40.7308237088326,1638,0.012356320382968184,0.7942741851241586,u,False,1237,0.015556744275953877,True
1.0948677217349623,L640_sub03356,xi,43.23193264243457,1666,0.014858667600490223,0.913352343984868,u,False,1214,0.01626827554376583,True
1.0872464987421588,L640_sub03356,xi,45.97553697348189,1589,0.01570066658248678,0.9197546289244484,u,False,1161,0.017070494769726767,True
1.1325770120169554,L640_sub03356,xi,48.977035434987286,1626,0.01577729692034114,0.882942165865741,u,False,1199,0.01786900380374428,True
1.2890772795241399,L640_sub03356,xi,52.22068555658763,1699,0.015955629591254804,0.7757486815446378,u,False,1210,0.020568039586589607,True
1.0940212480389122,L640_sub03356,xi,55.72252686302013,1669,0.01817537102679946,0.9140590292853544,u,False,1224,0.01988424209430943,True
1.121163771000127,L640_sub03356,xi,59.22415047934415,1643,0.01992781228236715,0.8919303547491161,u,False,1216,0.0223423411662814,True
1.1365461437404292,L640_sub03356,xi,62.96824596572466,1638,0.01990228112948415,0.8798586889828783,u,False,1233,0.022619860869353123,True
1.0659579182723913,L640_sub03356,xi,66.97014260101288,1733,0.020077760870657917,0.9381233375710648,u,False,1230,0.021402048181257387,True
1.1286336200711458,L640_sub03356,xi,71.21446482281532,1739,0.020622556352012898,0.8860271236089555,u,False,1271,0.02327531043069352,True
1.03958090506915,L640_sub03356,xi,75.95887044973747,1617,0.02564176649696476,0.96192609456739,u,False,1194,0.026656690822486433,True
1.1296511548521495,L640_sub03356,xi,80.96141056083448,1724,0.022154927533364423,0.885229033498294,u,False,1286,0.025027339473730807,True
1.0011214607762178,L640_sub03356,xi,86.20614827261453,1750,0.026307034797467713,1.0011214607762178,u,False,1252,0.02627756553842188,True
1.004065839452178,L640_sub03356,xi,91.95107394696377,1769,0.028605400998212176,0.9959506246578449,u,False,1212,0.028721705966136078,True
1.0855581525734241,L640_sub03356,xi,97.95407086997457,1826,0.026986800141738387,0.9211851042980976,u,False,1259,0.029295740905733746,True
1.005380125322999,L640_sub03356,xi,104.19932821280567,1763,0.028561482041344424,1.005380125322999,u,False,1248,0.02840863999789976,True
1.0517803830281656,L640_sub03356,xi,110.94480609744649,1785,0.02863653035016442,0.9507688260175708,u,False,1278,0.030119340860293622,True
1.0527993627572754,L640_sub03356,xi,117.94808179873041,1742,0.030387619800439712,0.9498485992440249,u,False,1291,0.03199206676161329,True
1.000217954668184,L640_sub03356,xi,125.193849689192,1826,0.029245614478743163,0.9997820928257019,u,False,1307,0.029251988696942715,True
1.0899028391954115,L640_sub03356,xi,133.18220601867202,1792,0.03156667799105083,0.9175129782561355,u,False,1265,0.03440461196641361,True
1.0175025376013827,L640_sub03356,xi,141.92867927237256,1834,0.03418385892883619,1.0175025376013827,u,False,1312,0.03359584636458969,True
1.0134931783255485,L640_sub03356,xi,151.17539482336403,1903,0.0347728369157103,1.0134931783255485,u,False,1388,0.034309887485538426,True
1.051179242413433,L640_sub03356,xi,160.92234151913152,1896,0.03716919421457811,0.9513125446656184,u,False,1382,0.039071485415597976,True
1.0453769662495918,L640_sub03356,xi,171.1695066301238,1873,0.03600143595492439,0.9565927242376625,u,False,1368,0.037635071899187834,True
1.0239487168277281,L640_sub03356,xi,182.15927096911648,1911,0.039052197796368975,0.9766114098937269,u,False,1360,0.039987447822894644,True
1.0526764278148002,L640_sub03356,xi,194.14942698859556,1944,0.04332436890695139,1.0526764278148002,u,False,1419,0.041156396934703236,True
1.0171159808586803,L640_sub03356,xi,206.89792169086667,1951,0.04155145237655214,1.0171159808586803,u,False,1341,0.04085222645058938,True
1.041136721679983,L640_sub03356,xi,220.14654210320907,2013,0.04292276527114446,0.9604886458969534,u,False,1370,0.044688467119838766,True
1.0395220966845813,L640_sub03356,xi,234.13777995018233,2119,0.043821394047680054,1.0395220966845813,u,False,1431,0.04215532713296102,True
1.020790139234883,L640_sub03356,xi,249.1294844051984,2092,0.04398574850123032,1.020790139234883,u,False,1380,0.04308990340972449,True
1.0279904859523534,L640_sub03356,xi,265.12167018182424,2018,0.04179251293078353,1.0279904859523534,u,False,1470,0.040654571712369504,True
1.0437999622384584,L640_sub03356,xi,282.35660077285246,2085,0.045969511529908025,1.0437999622384584,u,False,1432,0.04404053764413357,True
1.0523025237666255,L640_sub03356,xi,300.85004570383563,2008,0.047505450483689246,1.0523025237666255,u,False,1442,0.045144290173939346,True
,L640_sub03356,xi,315.46037786067524,443,0.04978381703304907,,u,False,0,,False
1.0155246314387856,L640_sub03356,lambda,33.98529093593286,2340,0.02422372226972943,0.9847126982860176,u,False,1430,0.02459978663004248,True
1.0498113788042251,L640_sub03356,lambda,35.98610843089316,2347,0.024496690754870022,0.9525520681048797,u,False,1455,0.025716904697510815,True
1.1102715168713957,L640_sub03356,lambda,38.22956970723055,2370,0.026416043336181413,0.9006805856083503,u,False,1444,0.02932898050460266,True
1.0777485369617072,L640_sub03356,lambda,40.7308237088326,2282,0.029135395930589846,0.9278602250011965,u,False,1425,0.031400630337993285,True
1.058187187534932,L640_sub03356,lambda,43.23193264243457,2323,0.02712024491259799,0.9450123870139836,u,False,1370,0.028698295689320613,True
1.1108254373197899,L640_sub03356,lambda,45.97553697348189,2241,0.028847264295239178,0.9002314552796068,u,False,1391,0.032044274976238615,True
1.0991013300435573,L640_sub03356,lambda,48.977035434987286,2231,0.02993304201096926,0.9098342187979793,u,False,1384,0.03289944628650599,True
1.0918700159579442,L640_sub03356,lambda,52.22068555658763,2301,0.03287623774432996,0.9158599333114367,u,False,1399,0.03589657823053872,True
1.0763774607417098,L640_sub03356,lambda,55.72252686302013,2173,0.034252282501135274,0.9290421218137738,u,False,1381,0.036868384863179685,True
1.0939982588404222,L640_sub03356,lambda,59.22415047934415,2293,0.03465745322260291,0.9140782372541842,u,False,1378,0.03791519348137097,True
1.0962506034841781,L640_sub03356,lambda,62.96824596572466,2219,0.03467829917033981,0.9122001819855169,u,False,1326,0.03801610639328989,True
1.113296636359928,L640_sub03356,lambda,66.97014260101288,2257,0.032396179888442136,0.8982331997962677,u,False,1310,0.036066558100713776,True
1.0549774473463356,L640_sub03356,lambda,71.21446482281532,2211,0.03413855294855015,0.9478875614975235,u,False,1293,0.03601540344575915,True
1.028701891991858,L640_sub03356,lambda,75.95887044973747,2136,0.0347095361930498,0.9720989217427383,u,False,1302,0.0357057655519502,True
1.0897188133197433,L640_sub03356,lambda,80.96141056083448,2219,0.03506178456574309,0.9176679229328693,u,False,1312,0.038207486269854055,True
1.0646120520075752,L640_sub03356,lambda,86.20614827261453,2096,0.03479737491593343,0.9393092987386963,u,False,1272,0.03704570471372882,True
1.1092774160625687,L640_sub03356,lambda,91.95107394696377,2099,0.03931074754993018,0.9014877482582725,u,False,1242,0.04360652446567451,True
1.132865503691214,L640_sub03356,lambda,97.95407086997457,2142,0.03681184530028502,0.8827173188182547,u,False,1264,0.04170286966791044,True
1.1126583997304045,L640_sub03356,lambda,104.19932821280567,2051,0.035482337542673714,0.8987484390917271,u,False,1281,0.03947972090892539,True
1.1929554130638338,L640_sub03356,lambda,110.94480609744649,2026,0.03832575918467143,0.8382542960526312,u,False,1243,0.045720921879134735,True
1.0775294717978865,L640_sub03356,lambda,117.94808179873041,2039,0.0409575198386188,0.9280488619317979,u,False,1306,0.044132934717858376,True
1.0757582683131572,L640_sub03356,lambda,125.193849689192,1940,0.03771944753759741,0.9295768663419618,u,False,1292,0.04057700756477477,True
1.224946664975311,L640_sub03356,lambda,133.18220601867202,2024,0.03888110671920648,0.8163620740337746,u,False,1215,0.047627282006241126,True
1.1639478593207597,L640_sub03356,lambda,141.92867927237256,2015,0.039143522857825026,0.8591450140932996,u,False,1271,0.04556101963663867,True
1.2638907053221315,L640_sub03356,lambda,151.17539482336403,1986,0.03942366805152673,0.7912076541025966,u,False,1228,0.049827207620029706,True
1.2937650269603216,L640_sub03356,lambda,160.92234151913152,1951,0.03992115308376563,0.7729378821975754,u,False,1224,0.05164859169570516,True
1.3249157449610502,L640_sub03356,lambda,171.1695066301238,1984,0.038925624060128575,0.7547649756622056,u,False,1245,0.05157317219969903,True
1.290655811828451,L640_sub03356,lambda,182.15927096911648,1873,0.03886344218256583,0.7747999046959827,u,False,1224,0.05015932752058757,True
1.1948350271230197,L640_sub03356,lambda,194.14942698859556,1868,0.042510283696393016,0.836935624835043,u,False,1268,0.05079277597338701,True
1.3470021093406133,L640_sub03356,lambda,206.89792169086667,1900,0.04272258686230027,0.7423893348537678,u,False,1234,0.05754741462000604,True
1.3003929185695453,L640_sub03356,lambda,220.14654210320907,1861,0.042686744529584944,0.7689983432853643,u,False,1193,0.05550954030305954,True
1.2406937675116299,L640_sub03356,lambda,234.13777995018233,1854,0.044970924527822025,0.8060006636493613,u,False,1193,0.05579514578090467,True
1.2704912628832048,L640_sub03356,lambda,249.1294844051984,1816,0.04310960915456275,0.7870971089802207,u,False,1164,0.05477038177718179,True
1.3210854844244635,L640_sub03356,lambda,265.12167018182424,1754,0.044031716214434406,0.7569532871187774,u,False,1157,0.05816966114518658,True
1.4215121889741138,L640_sub03356,lambda,282.35660077285246,1677,0.041535416716894875,0.7034762049572622,u,False,1117,0.05904310113718523,True
1.3745945256317478,L640_sub03356,lambda,300.85004570383563,1688,0.04266290023948869,0.7274872563168484,u,False,1080,0.058644189116774534,True
,L640_sub03356,lambda,315.46037786067524,388,0.0444827293336935,,u,False,0,,False
1.5398281326915186,L640_sub01582,parallel,33.98529093593286,1756,0.009550114107113693,0.6494231263667495,B,False,4096,0.014705534372547808,True
1.49431040509684,L640_sub01582,parallel,35.98610843089316,1733,0.009169327593286961,0.6692050035850444,B,False,4096,0.013701821630390272,True
1.460198159539177,L640_sub01582,parallel,38.22956970723055,1735,0.009721858085893896,0.6848385566487697,B,False,4096,0.014195839284323334,True
1.448902055957345,L640_sub01582,parallel,40.7308237088326,1790,0.01162396015327548,0.6901777769507421,B,False,4096,0.016841979764447096,True
1.4862377316911595,L640_sub01582,parallel,43.23193264243457,1759,0.011540399373488995,0.6728398685330916,B,False,4096,0.01715177698766436,True
1.393333156441094,L640_sub01582,parallel,45.97553697348189,1729,0.012817302409225843,0.7177034403991641,B,False,4096,0.017858772422906684,True
1.4565891383111405,L640_sub01582,parallel,48.977035434987286,1784,0.013739635016971171,0.686535395396029,B,False,4096,0.020013003130079608,True
1.461591009480425,L640_sub01582,parallel,52.22068555658763,1718,0.014290367959300809,0.6841859271941512,B,False,4096,0.02088667333148119,True
1.7368495734931062,L640_sub01582,parallel,55.72252686302013,1762,0.014418556420836141,0.5757551000739957,B,False,4096,0.02504286356991554,True
1.4149901740037105,L640_sub01582,parallel,59.22415047934415,1774,0.016321914067878675,0.706718688491315,B,False,4096,0.02309534802698126,True
1.3679654265842627,L640_sub01582,parallel,62.96824596572466,1719,0.01787756002832914,0.7310126269031134,B,False,4096,0.024455884030439034,True
1.315174966094787,L640_sub01582,parallel,66.97014260101288,1806,0.019108255027266215,0.7603551054270359,B,False,4096,0.025130698657615386,True
1.2779226642099129,L640_sub01582,parallel,71.21446482281532,1747,0.021617371252951687,0.7825199661970617,B,False,4096,0.027625328664786803,True
1.225047981095422,L640_sub01582,parallel,75.95887044973747,1807,0.02308465192370341,0.8162945577901471,B,False,4096,0.02827980623342341,True
1.4311596353901965,L640_sub01582,parallel,80.96141056083448,1758,0.020900370372540895,0.6987340721968842,B,False,4096,0.029911766441885694,True
1.2068323531585343,L640_sub01582,parallel,86.20614827261453,1836,0.029005489335012073,0.8286155051965499,B,False,4096,0.03500476294868739,True
1.2888314189922014,L640_sub01582,parallel,91.95107394696377,1735,0.027116559786934606,0.7758966651991985,B,False,4096,0.03494867422838179,True
1.2811827305845318,L640_sub01582,parallel,97.95407086997457,1749,0.028397915235851674,0.7805287849483861,B,False,4096,0.036382918584776526,True
1.3023127954893656,L640_sub01582,parallel,104.19932821280567,1719,0.03022641500192564,0.7678646815600344,B,False,4096,0.03936424701877948,True
1.1822146468686394,L640_sub01582,parallel,110.94480609744649,1773,0.035318013935880174,0.8458700817560705,B,False,4096,0.041753473373308266,True
1.2604851408977924,L640_sub01582,parallel,117.94808179873041,1798,0.0313034689947191,0.7933453299479124,B,False,4096,0.03945755752639818,True
1.247216063076778,L640_sub01582,parallel,125.193849689192,1822,0.03518489635619351,0.8017856966443196,B,False,4096,0.04388316791313614,True
1.3322592160243534,L640_sub01582,parallel,133.18220601867202,1833,0.033926020146629016,0.7506046781077176,B,False,4096,0.04519825300337439,True
1.2486420838180134,L640_sub01582,parallel,141.92867927237256,1814,0.03946158996184314,0.8008700114786036,B,False,4096,0.04927340192072782,True
1.3013896032226313,L640_sub01582,parallel,151.17539482336403,1793,0.040589451080711735,0.7684093967891704,B,False,4096,0.05282268963695185,True
1.412717727566376,L640_sub01582,parallel,160.92234151913152,1794,0.03982350565074762,0.7078554905109417,B,False,4096,0.05625937240665091,True
1.2002808278933903,L640_sub01582,parallel,171.1695066301238,1759,0.046049636791107476,0.8331383595913111,B,False,4096,0.05527249617182041,True
1.1613265868513696,L640_sub01582,parallel,182.15927096911648,1828,0.05380307133810444,0.8610842215463576,B,False,4096,0.06248293719920158,True
1.1987818946731184,L640_sub01582,parallel,194.14942698859556,1814,0.051508877734144407,0.8341800993521663,B,False,4096,0.06174791004262363,True
1.230627793510814,L640_sub01582,parallel,206.89792169086667,1805,0.05484473514395361,0.8125933814213115,B,False,4096,0.06749345539588864,True
1.3103695976516032,L640_sub01582,parallel,220.14654210320907,1827,0.053390984592563605,0.7631434686764433,B,False,4096,0.06996192299878053,True
1.1880196551480076,L640_sub01582,parallel,234.13777995018233,1766,0.061059339813318,0.8417369154346328,B,False,4096,0.07253969582858305,True
1.2282538217487122,L640_sub01582,parallel,249.1294844051984,1832,0.06542239868269749,0.8141639637451008,B,False,4096,0.0803553112099911,True
1.2872996836160462,L640_sub01582,parallel,265.12167018182424,1780,0.06084814961672165,0.7768198910691746,B,False,4096,0.07832980375022763,True
1.227654152591376,L640_sub01582,parallel,282.35660077285246,1841,0.06737692898203765,0.814561656382756,B,False,4096,0.08271556665365276,True
1.217977129642265,L640_sub01582,parallel,300.85004570383563,1825,0.07093315631682351,0.8210334789239535,B,False,4096,0.0863949621272308,True
1.2775280475685085,L640_sub01582,parallel,315.46037786067524,1480,0.06619984976988656,0.7827616794036565,B,False,4096,0.08457216482585175,True
1.1953608593144587,L640_sub01582,xi,33.98529093593286,1460,0.01925789855754316,0.836567461790159,B,False,1684,0.023020138168335466,True
1.0164214838143568,L640_sub01582,xi,35.98610843089316,1482,0.02287734142297538,0.983843824559147,B,False,1656,0.023253021314868286,True
1.198088764210001,L640_sub01582,xi,38.22956970723055,1442,0.02200469603868292,0.8346626976836584,B,False,2028,0.026363579083802324,True
1.050115563310666,L640_sub01582,xi,40.7308237088326,1440,0.024966106990875654,0.9522761445867269,B,False,1975,0.026217297506397744,True
1.1251358197645083,L640_sub01582,xi,43.23193264243457,1461,0.024912529544451216,0.8887815874614149,B,False,1740,0.02802997935140365,True
1.1902747131945743,L640_sub01582,xi,45.97553697348189,1485,0.02619414042243118,0.8401421864336708,B,False,1754,0.031178222978687678,True
1.0283459746839432,L640_sub01582,xi,48.977035434987286,1491,0.03237564777717357,0.9724353715755487,B,False,1728,0.03329336706944159,True
1.1605105844939747,L640_sub01582,xi,52.22068555658763,1508,0.03052503349700682,0.861689685007084,B,False,1754,0.03542462446530954,True
1.188772959078912,L640_sub01582,xi,55.72252686302013,1485,0.034685423000871664,0.8412035219701014,B,False,1749,0.041233092937649964,True
1.173179388432851,L640_sub01582,xi,59.22415047934415,1422,0.03707695288331959,0.8523845627187617,B,False,1755,0.04349791690860651,True
1.1118109658544628,L640_sub01582,xi,62.96824596572466,1523,0.039649513934136016,0.8994334744948909,B,False,1724,0.04408276438277175,True
1.0435992054684975,L640_sub01582,xi,66.97014260101288,1556,0.04858390507262877,0.9582222703504986,B,False,1849,0.050702124732352284,True
1.2212020879102263,L640_sub01582,xi,71.21446482281532,1492,0.04691018942343888,0.8188652884726418,B,False,1792,0.057286821268167774,True
1.0787354900545176,L640_sub01582,xi,75.95887044973747,1570,0.04704844436583098,0.9270113102049341,B,False,1825,0.050752826689277386,True
1.1279095649170552,L640_sub01582,xi,80.96141056083448,1540,0.04875741485570265,0.8865959037004342,B,False,1800,0.05499395457637593,True
1.1946363001475555,L640_sub01582,xi,86.20614827261453,1503,0.05018570030464498,0.8370748485346419,B,False,1824,0.05995365933225513,True
1.1128431085954629,L640_sub01582,xi,91.95107394696377,1514,0.06045596142144851,0.8985992654994432,B,False,1881,0.06727800004137213,True
1.1266920933873936,L640_sub01582,xi,97.95407086997457,1642,0.060778143277280455,0.8875539340952553,B,False,1863,0.06847825348127806,True
1.1473796994376866,L640_sub01582,xi,104.19932821280567,1580,0.06627988595836964,0.8715510658678072,B,False,1920,0.07604819562967831,True
1.1401394678620653,L640_sub01582,xi,110.94480609744649,1579,0.067133994753333,0.877085679592473,B,False,1853,0.07654211705351976,True
1.1723272984810653,L640_sub01582,xi,117.94808179873041,1544,0.06814806081161177,0.8530041066992617,B,False,1869,0.0798918320280002,True
1.1292877651634718,L640_sub01582,xi,125.193849689192,1536,0.07789747553871842,0.8855138883535529,B,False,1972,0.08796866606299555,True
1.1768400936076047,L640_sub01582,xi,133.18220601867202,1545,0.0762186446205519,0.8497331161912566,B,False,1969,0.08969715686989506,True
1.0718909873392648,L640_sub01582,xi,141.92867927237256,1531,0.08474374033957309,0.9329306914710437,B,False,1891,0.09083605150340728,True
1.1507979991385513,L640_sub01582,xi,151.17539482336403,1582,0.08231483691525175,0.8689622338138983,B,False,1888,0.09472774962148786,True
1.1349709101725087,L640_sub01582,xi,160.92234151913152,1484,0.08761893462733407,0.8810798506263091,B,False,1898,0.09944494198233088,True
1.2110846385084473,L640_sub01582,xi,171.1695066301238,1521,0.09118093244828987,0.8257061217716247,B,False,1919,0.11042782661300028,True
1.1672657168581375,L640_sub01582,xi,182.15927096911648,1504,0.09218164048260591,0.85670296450721,B,False,1950,0.1076004686590881,True
1.2050535979067334,L640_sub01582,xi,194.14942698859556,1540,0.09013273650572773,0.829838607790619,B,False,2007,0.10861477841540676,True
1.162023391174444,L640_sub01582,xi,206.89792169086667,1523,0.0928025659003127,0.8605678746185232,B,False,1995,0.10783875233717118,True
1.1574374790439388,L640_sub01582,xi,220.14654210320907,1515,0.09867583767594766,0.8639775522268515,B,False,2092,0.11421111280219778,True
1.2030320531579073,L640_sub01582,xi,234.13777995018233,1492,0.10342822983009364,0.8312330476773608,B,False,2007,0.12442747568698546,True
1.1569490997407883,L640_sub01582,xi,249.1294844051984,1568,0.09815467198555677,0.864342260367416,B,False,2007,0.11355995938904229,True
1.234174970024457,L640_sub01582,xi,265.12167018182424,1502,0.09906126260898175,0.8102578842448761,B,False,1943,0.12225893081102493,True
1.0797613017008438,L640_sub01582,xi,282.35660077285246,1496,0.10947349547176208,0.9261306164842141,B,False,1954,0.11820524397233124,True
1.1376940650780296,L640_sub01582,xi,300.85004570383563,1512,0.11050512323594108,0.8789709208260783,B,False,1886,0.12572102286624645,True
1.3379783814257749,L640_sub01582,xi,315.46037786067524,820,0.088848936190585,0.747396231420706,B,False,1236,0.11887795583568085,True
1.1896963489943901,L640_sub01582,lambda,33.98529093593286,2390,0.053956079481368165,1.1896963489943901,B,False,2108,0.04535281589035337,True
1.1588560451385113,L640_sub01582,lambda,35.98610843089316,2505,0.052541603810608406,1.1588560451385113,B,False,2177,0.04533919810922539,True
1.0755358882349737,L640_sub01582,lambda,38.22956970723055,2439,0.054964413411513785,1.0755358882349737,B,False,3192,0.051104211410103725,True
1.0540682228777531,L640_sub01582,lambda,40.7308237088326,2401,0.05835862830127288,1.0540682228777531,B,False,3138,0.05536513390181301,True
1.1886803003199236,L640_sub01582,lambda,43.23193264243457,2397,0.06063057857613683,1.1886803003199236,B,False,2164,0.05100663194285175,True
1.1399957955506401,L640_sub01582,lambda,45.97553697348189,2444,0.06507530253578662,1.1399957955506401,B,False,2199,0.057083809247168306,True
1.1302567786707176,L640_sub01582,lambda,48.977035434987286,2556,0.07015323321390768,1.1302567786707176,B,False,2209,0.06206840298397866,True
1.152329624923554,L640_sub01582,lambda,52.22068555658763,2434,0.07086927047004946,1.152329624923554,B,False,2071,0.0615008665378632,True
1.1615354325113303,L640_sub01582,lambda,55.72252686302013,2456,0.07649774037159185,1.1615354325113303,B,False,2216,0.06585915352250406,True
1.1046039256053273,L640_sub01582,lambda,59.22415047934415,2320,0.07920603387951067,1.1046039256053273,B,False,2043,0.07170537062513647,True
1.0492463201847175,L640_sub01582,lambda,62.96824596572466,2343,0.08242993802730658,1.0492463201847175,B,False,2113,0.07856109327387965,True
1.0721782233437502,L640_sub01582,lambda,66.97014260101288,2395,0.08345192727612027,1.0721782233437502,B,False,2121,0.0778340069395019,True
1.1080889008922075,L640_sub01582,lambda,71.21446482281532,2399,0.08464619857351809,1.1080889008922075,B,False,2125,0.0763893569418148,True
1.0690927733175868,L640_sub01582,lambda,75.95887044973747,2311,0.08490580261459277,1.0690927733175868,B,False,2088,0.07941855443575287,True
1.0688415054974352,L640_sub01582,lambda,80.96141056083448,2320,0.09645329441195923,1.0688415054974352,B,False,2141,0.09024097016804207,True
1.053028163758363,L640_sub01582,lambda,86.20614827261453,2244,0.09505599261178097,1.053028163758363,B,False,2029,0.09026918356344488,True
1.0439540110105694,L640_sub01582,lambda,91.95107394696377,2240,0.08859724009401403,1.0439540110105694,B,False,2053,0.08486699525034636,True
1.012240631276198,L640_sub01582,lambda,97.95407086997457,2254,0.09700910677810277,0.98790738990514,B,False,2083,0.09819655948460684,True
1.1147171999807415,L640_sub01582,lambda,104.19932821280567,2226,0.09535590157552719,1.1147171999807415,B,False,2043,0.08554268434825857,True
1.0484000593867897,L640_sub01582,lambda,110.94480609744649,2202,0.09613648716428622,1.0484000593867897,B,False,2016,0.09169828473733256,True
1.0484010802705932,L640_sub01582,lambda,117.94808179873041,2191,0.10263044121342205,1.0484010802705932,B,False,2088,0.09789234592064044,True
1.013889779587825,L640_sub01582,lambda,125.193849689192,2159,0.10206234212168493,0.9863005034004075,B,False,1956,0.10347996555797231,True
1.0057341609016819,L640_sub01582,lambda,133.18220601867202,2039,0.10470435787612946,1.0057341609016819,B,False,1928,0.1041073893545166,True
1.0252064904703153,L640_sub01582,lambda,141.92867927237256,2108,0.1054752487613005,0.975413255081177,B,False,2030,0.10813390961405636,True
1.0389336773065259,L640_sub01582,lambda,151.17539482336403,2084,0.106003219087078,0.9625253486753237,B,False,1929,0.11013031421246725,True
1.0592657298944939,L640_sub01582,lambda,160.92234151913152,2048,0.110775139311057,0.9440501771917073,B,False,2024,0.11734030879649102,True
1.0833600965771175,L640_sub01582,lambda,171.1695066301238,1971,0.11679525712029104,0.9230541194562231,B,False,1925,0.12653132103358777,True
1.1477671872063409,L640_sub01582,lambda,182.15927096911648,2023,0.11466524898239311,0.8712568290386439,B,False,1913,0.13160901029483607,True
1.0721493770376356,L640_sub01582,lambda,194.14942698859556,1974,0.12656092335454164,0.9327058536964454,B,False,1808,0.13569221513187976,True
1.0993336027907001,L640_sub01582,lambda,206.89792169086667,1932,0.13512873497668995,0.909641984436264,B,False,1865,0.14855155906247425,True
1.175448610387016,L640_sub01582,lambda,220.14654210320907,1911,0.1253867981288033,0.8507390209689817,B,False,1839,0.14738573762137913,True
1.172388510053434,L640_sub01582,lambda,234.13777995018233,1832,0.12798690152131492,0.8529595705048517,B,False,1690,0.15005037278092997,True
1.2081777703852934,L640_sub01582,lambda,249.1294844051984,1862,0.1298892919789217,0.8276927655117305,B,False,1766,0.156929355180018,True
1.2924221440479569,L640_sub01582,lambda,265.12167018182424,1861,0.1358108675239128,0.7737409983304138,B,False,1635,0.17552497259026842,True
1.2625037068259113,L640_sub01582,lambda,282.35660077285246,1849,0.13517573998124516,0.7920768823040705,B,False,1645,0.17065987279925754,True
1.1586429600263877,L640_sub01582,lambda,300.85004570383563,1761,0.1431796371129922,0.8630786484709883,B,False,1533,0.16589407856010133,True
1.155199372514779,L640_sub01582,lambda,315.46037786067524,1275,0.1666615804716713,0.8656514397363962,B,False,1269,0.19252735318319603,True
1.6809004286275677,L640_sub01582,parallel,33.98529093593286,1756,0.005078540642259923,0.5949192367191473,u,False,4096,0.008536521142377226,True
1.664019129897873,L640_sub01582,parallel,35.98610843089316,1733,0.0047572038263078075,0.600954629687084,u,False,4096,0.00791607817179955,True
1.6175864551894814,L640_sub01582,parallel,38.22956970723055,1735,0.004792261068230782,0.6182049786531265,u,False,4096,0.007751896593701989,True
1.6048867701041196,L640_sub01582,parallel,40.7308237088326,1790,0.005625904079844099,0.623096917881081,u,False,4096,0.009028939027616586,True
1.453697575539657,L640_sub01582,parallel,43.23193264243457,1759,0.006033897064205424,0.6879009890545971,u,False,4096,0.00877146153329128,True
1.5724891619326922,L640_sub01582,parallel,45.97553697348189,1729,0.006561652999578094,0.6359344307155252,u,False,4096,0.010318128226199694,True
1.4631537292288992,L640_sub01582,parallel,48.977035434987286,1784,0.006932338696097425,0.6834551831590607,u,False,4096,0.010143077215472751,True
1.3941245588222417,L640_sub01582,parallel,52.22068555658763,1718,0.007396037240852454,0.71729602184528,u,False,4096,0.010310997155436296,True
1.6077877212417873,L640_sub01582,parallel,55.72252686302013,1762,0.00733412721146546,0.6219726564571859,u,False,4096,0.011791719676619437,True
1.569556818504921,L640_sub01582,parallel,59.22415047934415,1774,0.007283882767793589,0.6371225228740356,u,False,4096,0.011432467863380924,True
1.305930266551299,L640_sub01582,parallel,62.96824596572466,1719,0.009173136795458023,0.7657376703894001,u,False,4096,0.011979476980404025,True
1.427916327896306,L640_sub01582,parallel,66.97014260101288,1806,0.008435271034808456,0.7003211465991578,u,False,4096,0.012044861240833763,True
1.3423798933094615,L640_sub01582,parallel,71.21446482281532,1747,0.009750331144532163,0.7449456036879629,u,False,4096,0.013088648481529004,True
1.2277644760538264,L640_sub01582,parallel,75.95887044973747,1807,0.011703189245049164,0.814488462163454,u,False,4096,0.014368760011606564,True
1.4443890809470463,L640_sub01582,parallel,80.96141056083448,1758,0.009832034344627684,0.6923342284921784,u,False,4096,0.014201283050876576,True
1.1653907307664317,L640_sub01582,parallel,86.20614827261453,1836,0.013237474494856764,0.8580813057800274,u,False,4096,0.015426830075063125,True
1.1816178715686192,L640_sub01582,parallel,91.95107394696377,1735,0.013463301797190822,0.846297287863869,u,False,4096,0.015908478013882586,True
1.286202315599003,L640_sub01582,parallel,97.95407086997457,1749,0.012757332965333013,0.7774826618425776,u,False,4096,0.016408511200878818,True
1.2027549252885295,L640_sub01582,parallel,104.19932821280567,1719,0.014816731501539034,0.8314245728489613,u,False,4096,0.017820896790153782,True
1.0866412580023823,L640_sub01582,parallel,110.94480609744649,1773,0.016271175739594176,0.9202669166439911,u,False,4096,0.01768093087485046,True
1.204184381080055,L640_sub01582,parallel,117.94808179873041,1798,0.015381398762875722,0.8304376104787887,u,False,4096,0.018522040149419026,True
1.2475962539490668,L640_sub01582,parallel,125.193849689192,1822,0.015356838803703006,0.8015413615059035,u,False,4096,0.01915913456399954,True
1.1180663377267903,L640_sub01582,parallel,133.18220601867202,1833,0.01754211264687725,0.894401312567161,u,False,4096,0.019613245643084858,True
1.1181927079615743,L640_sub01582,parallel,141.92867927237256,1814,0.01835677588188999,0.89430023365379,u,False,4096,0.020526412932814285,True
1.2179404663695066,L640_sub01582,parallel,151.17539482336403,1793,0.0170132809578941,0.8210581942324705,u,False,4096,0.020721163344332983,True
1.2708944871118486,L640_sub01582,parallel,160.92234151913152,1794,0.017405980653088765,0.786847382014013,u,False,4096,0.022121164854786008,True
1.1682887987905417,L640_sub01582,parallel,171.1695066301238,1759,0.018882645279535013,0.8559527413386477,u,False,4096,0.022060382971615854,True
1.014074023138454,L640_sub01582,parallel,182.15927096911648,1828,0.022586533777495307,0.9861213059231155,u,False,4096,0.02290441717649725,True
1.0054394206997044,L640_sub01582,parallel,194.14942698859556,1814,0.02355642340319419,1.0054394206997044,u,False,4096,0.0234289833064242,True
1.0062973468644962,L640_sub01582,parallel,206.89792169086667,1805,0.023920391968402812,0.9937420615446141,u,False,4096,0.024071026973762552,True
1.0673712248117244,L640_sub01582,parallel,220.14654210320907,1827,0.02515892313391469,0.9368811681956217,u,False,4096,0.026853910600390555,True
1.0093582048713285,L640_sub01582,parallel,234.13777995018233,1766,0.025550438588866662,1.0093582048713285,u,False,4096,0.025313549209345153,True
1.0009098185696175,L640_sub01582,parallel,249.1294844051984,1832,0.027363202618170056,0.9990910084477763,u,False,4096,0.027388098168036275,True
1.0894561202374489,L640_sub01582,parallel,265.12167018182424,1780,0.02526644226366508,0.9178891939053481,u,False,4096,0.027526680160776064,True
1.0510771554083762,L640_sub01582,parallel,282.35660077285246,1841,0.0268750739379367,0.9514049419249996,u,False,4096,0.028247776266076295,True
1.0062954883792445,L640_sub01582,parallel,300.85004570383563,1825,0.03038492101467629,1.0062954883792445,u,False,4096,0.030194829814466053,True
1.3024237786882007,L640_sub01582,parallel,315.46037786067524,1480,0.02287670240967413,0.7677992496476059,u,False,4096,0.029795161196333245,True
1.2611079427256844,L640_sub01582,xi,33.98529093593286,1664,0.009662787740683633,0.792953534047735,u,False,1823,0.0121858183686485,True
1.235231032325296,L640_sub01582,xi,35.98610843089316,1573,0.009809176650814199,0.8095651532632899,u,False,1868,0.01211659940064641,True
1.3140961760685133,L640_sub01582,xi,38.22956970723055,1638,0.009346308333267583,0.7609793089816151,u,False,2291,0.01228194804110421,True
1.2993227462316372,L640_sub01582,xi,40.7308237088326,1597,0.011081895187370305,0.7696317199866249,u,False,2270,0.01439895848830515,True
1.2284973245624844,L640_sub01582,xi,43.23193264243457,1633,0.011890071597621213,0.8140025867424162,u,False,1926,0.014606921146534045,True
1.205503431964275,L640_sub01582,xi,45.97553697348189,1561,0.012430641408628939,0.8295289532030423,u,False,1792,0.014985180879619416,True
1.2652315517026158,L640_sub01582,xi,48.977035434987286,1658,0.013302999332950143,0.7903691610079633,u,False,1855,0.01683137448832737,True
1.223897820096356,L640_sub01582,xi,52.22068555658763,1704,0.014413175599150688,0.8170616726168131,u,False,1879,0.017640254196466518,True
1.2803640824547668,L640_sub01582,xi,55.72252686302013,1721,0.014211481695069651,0.781027844894523,u,False,1852,0.018195870720830568,True
1.287644144693992,L640_sub01582,xi,59.22415047934415,1649,0.014751113921576258,0.776612081933281,u,False,1888,0.018994185468831696,True
1.1981167416844993,L640_sub01582,xi,62.96824596572466,1786,0.01649945186161067,0.8346432073005207,u,False,1996,0.019768269504013225,True
1.1806695999283818,L640_sub01582,xi,66.97014260101288,1725,0.017822254566168375,0.8469770036093578,u,False,1966,0.02104219416845979,True
1.2924585244614233,L640_sub01582,xi,71.21446482281532,1640,0.01762066755702607,0.7737192188946312,u,False,2037,0.022773981990779187,True
1.1816376261275319,L640_sub01582,xi,75.95887044973747,1681,0.017867001444155768,0.8462831395080102,u,False,2049,0.021112321172489405,True
1.2116762417201508,L640_sub01582,xi,80.96141056083448,1688,0.01882196884157942,0.8253029691993915,u,False,1981,0.02280613246773873,True
1.2042265442820101,L640_sub01582,xi,86.20614827261453,1763,0.019251551802045342,0.8304085346301886,u,False,2015,0.023183229698643167,True
1.1847777844734872,L640_sub01582,xi,91.95107394696377,1723,0.021212262207037237,0.8440401340276631,u,False,2122,0.025131817021324266,True
1.190321071611236,L640_sub01582,xi,97.95407086997457,1753,0.022043833148646632,0.8401094661345324,u,False,1996,0.026239239095916345,True
1.1040973978664108,L640_sub01582,xi,104.19932821280567,1754,0.02400677639874321,0.9057171966281493,u,False,1988,0.026505819353013143,True
1.1572354022084566,L640_sub01582,xi,110.94480609744649,1734,0.0238841652123816,0.8641284202778535,u,False,2019,0.027639601535963648,True
1.192160605371212,L640_sub01582,xi,117.94808179873041,1722,0.023229196240013024,0.838813156125573,u,False,2055,0.02769293265178061,True
1.1218519740546773,L640_sub01582,xi,125.193849689192,1777,0.025486295497040304,0.8913831977187942,u,False,2033,0.0285918509146955,True
1.1169852537416416,L640_sub01582,xi,133.18220601867202,1814,0.026782511066307694,0.8952669667305202,u,False,2054,0.029915669919238025,True
1.1043892060149791,L640_sub01582,xi,141.92867927237256,1753,0.02884690448232968,0.9054778827550736,u,False,2120,0.031858209937230014,True
1.0037952004524409,L640_sub01582,xi,151.17539482336403,1755,0.031275201382525264,1.0037952004524409,u,False,2079,0.031156954494730184,True
1.0448135525550375,L640_sub01582,xi,160.92234151913152,1749,0.03199576851881862,0.957108565020574,u,False,1993,0.033429612572875515,True
1.0118200625087208,L640_sub01582,xi,171.1695066301238,1672,0.0338153392386581,0.9883180192341571,u,False,2058,0.03421503866221264,True
1.006872532115349,L640_sub01582,xi,182.15927096911648,1817,0.03586444614056497,0.9931743771965748,u,False,2121,0.03611092569846521,True
1.1570069362036126,L640_sub01582,xi,194.14942698859556,1788,0.03541275534917055,0.864299053626432,u,False,2101,0.04097280356907192,True
1.0699743499706478,L640_sub01582,xi,206.89792169086667,1692,0.03794789839973231,0.9346018435184288,u,False,2147,0.04060327792300577,True
1.0168280973839179,L640_sub01582,xi,220.14654210320907,1758,0.04297636818528587,1.0168280973839179,u,False,2232,0.042265126520259336,True
1.0168743630608645,L640_sub01582,xi,234.13777995018233,1726,0.04464734929974467,0.9834056559258004,u,False,2278,0.0454007448815338,True
1.0289184050922424,L640_sub01582,xi,249.1294844051984,1728,0.04890085801364146,1.0289184050922424,u,False,2327,0.04752646834931241,True
1.0074448415086128,L640_sub01582,xi,265.12167018182424,1626,0.04949775197793513,0.9926101745704862,u,False,2375,0.04986625489644349,True
1.0487871074785111,L640_sub01582,xi,282.35660077285246,1578,0.057595080478156306,1.0487871074785111,u,False,2286,0.05491589290854854,True
1.0063178380530515,L640_sub01582,xi,300.85004570383563,1652,0.05696318511002277,1.0063178380530515,u,False,2434,0.05660556034684914,True
1.0750596058562514,L640_sub01582,xi,315.46037786067524,1036,0.05241512472607371,0.9301809821079933,u,False,1930,0.056349383328919055,True
1.0419762796252106,L640_sub01582,lambda,33.98529093593286,2298,0.017996319809349258,1.0419762796252106,u,False,2099,0.017271333485463194,True
1.0031517604140778,L640_sub01582,lambda,35.98610843089316,2363,0.01832788364208233,1.0031517604140778,u,False,2138,0.018270300033682844,True
1.0368000904063914,L640_sub01582,lambda,38.22956970723055,2312,0.019353666709570574,0.9645060887369646,u,False,2925,0.02006588339417794,True
1.0958371110413914,L640_sub01582,lambda,40.7308237088326,2281,0.021064732391478155,0.9125443826680446,u,False,2966,0.023083515488737442,True
1.0606699740582275,L640_sub01582,lambda,43.23193264243457,2277,0.019731566660094763,1.0606699740582275,u,False,2062,0.018602927529474463,True
1.0816488838417846,L640_sub01582,lambda,45.97553697348189,2311,0.020975748300315348,1.0816488838417846,u,False,2136,0.019392381958380056,True
1.1354269692874843,L640_sub01582,lambda,48.977035434987286,2278,0.024029971700108337,1.1354269692874843,u,False,1975,0.02116381973486845,True
1.1428552010447388,L640_sub01582,lambda,52.22068555658763,2292,0.02374153408638791,1.1428552010447388,u,False,2005,0.02077387762219101,True
1.0120374970459605,L640_sub01582,lambda,55.72252686302013,2285,0.023755555603784367,1.0120374970459605,u,False,2122,0.023472999442337397,True
1.029040290666103,L640_sub01582,lambda,59.22415047934415,2246,0.02391665964110653,1.029040290666103,u,False,2099,0.023241713524768944,True
1.027315036006963,L640_sub01582,lambda,62.96824596572466,2287,0.024496634427601954,1.027315036006963,u,False,2055,0.023845299220789287,True
1.0320142831396328,L640_sub01582,lambda,66.97014260101288,2268,0.02654702833971299,1.0320142831396328,u,False,2159,0.025723508650433227,True
1.0096526620589854,L640_sub01582,lambda,71.21446482281532,2326,0.0273201458874625,1.0096526620589854,u,False,2054,0.027058954939759686,True
1.0392858097429936,L640_sub01582,lambda,75.95887044973747,2324,0.029018612155357514,1.0392858097429936,u,False,2097,0.027921686107244714,True
1.0085236987527515,L640_sub01582,lambda,80.96141056083448,2246,0.02891557011382435,1.0085236987527515,u,False,2037,0.028671185565182496,True
1.0414520025992091,L640_sub01582,lambda,86.20614827261453,2255,0.031439030981557696,1.0414520025992091,u,False,2078,0.030187690746278827,True
1.005136102248518,L640_sub01582,lambda,91.95107394696377,2308,0.03258515062810528,1.005136102248518,u,False,2062,0.032418645151846975,True
1.0489992847842644,L640_sub01582,lambda,97.95407086997457,2280,0.035105920135211174,1.0489992847842644,u,False,2080,0.03346610492916685,True
1.0954526694153455,L640_sub01582,lambda,104.19932821280567,2252,0.03834417091625094,1.0954526694153455,u,False,2049,0.03500303754494078,True
1.0220231402585154,L640_sub01582,lambda,110.94480609744649,2272,0.037587922751213906,0.9784514269873139,u,False,2030,0.03841572684599013,True
1.047449295862345,L640_sub01582,lambda,117.94808179873041,2228,0.04089374797324055,0.954700150117261,u,False,2052,0.04283412751974301,True
1.064645372746256,L640_sub01582,lambda,125.193849689192,2261,0.040575305257199504,0.9392799007058069,u,False,2106,0.04319831098984428,True
1.0387638841283007,L640_sub01582,lambda,133.18220601867202,2256,0.04398433873999332,0.9626826801349276,u,False,2030,0.045689342550370354,True
1.0285976093558136,L640_sub01582,lambda,141.92867927237256,2172,0.04732175905549181,0.972197476354506,u,False,2103,0.0486750482349907,True
1.0354012781077755,L640_sub01582,lambda,151.17539482336403,2217,0.046749029092672305,0.9658091226500393,u,False,2124,0.04840400447285049,True
1.0109095960960066,L640_sub01582,lambda,160.92234151913152,2164,0.05178838979695912,0.9892081387513405,u,False,2012,0.05235338021210649,True
1.0711325913684404,L640_sub01582,lambda,171.1695066301238,2101,0.05196602970796693,0.9335912360975182,u,False,2057,0.05566250806422397,True
1.0438104703136906,L640_sub01582,lambda,182.15927096911648,2066,0.053017808569621405,0.9580283283606797,u,False,2047,0.055340543698057736,True
1.0345449084823313,L640_sub01582,lambda,194.14942698859556,1995,0.056517224223604105,0.9666085945626002,u,False,2055,0.0584696065620839,True
1.0701597242016438,L640_sub01582,lambda,206.89792169086667,2055,0.05617972526831555,0.934439950770915,u,False,2091,0.06012127929886469,True
1.033027395242899,L640_sub01582,lambda,220.14654210320907,1949,0.05962047838706979,0.9680285388412829,u,False,1995,0.06158958749133026,True
1.0838390627528522,L640_sub01582,lambda,234.13777995018233,2005,0.05853982466271023,0.9226462067717797,u,False,2019,0.06344774869614817,True
1.0159228329095145,L640_sub01582,lambda,249.1294844051984,2047,0.06484321936624024,0.9843267299506274,u,False,1920,0.06587570711352388,True
1.0851018215653514,L640_sub01582,lambda,265.12167018182424,2074,0.06219300979034566,0.9215725014242582,u,False,1882,0.06748574821213581,True
1.012340744184189,L640_sub01582,lambda,282.35660077285246,2023,0.06726960726483124,0.9878096932726599,u,False,1889,0.06809976427945738,True
1.0104995047802539,L640_sub01582,lambda,300.85004570383563,2113,0.06746586513353789,1.0104995047802539,u,False,1976,0.06676486709234876,True
1.0710556375945153,L640_sub01582,lambda,315.46037786067524,1382,0.08789892148501337,1.0710556375945153,u,False,1371,0.08206755877073355,True
,L640_sub00579,parallel,33.98529093593286,1566,0.014061792741460266,,B,True,0,,False
,L640_sub00579,parallel,35.98610843089316,1610,0.013773125648623446,,B,True,0,,False
,L640_sub00579,parallel,38.22956970723055,1569,0.014376432832905805,,B,True,0,,False
,L640_sub00579,parallel,40.7308237088326,1652,0.015927398814248248,,B,True,0,,False
,L640_sub00579,parallel,43.23193264243457,1628,0.02011420036804097,,B,True,0,,False
,L640_sub00579,parallel,45.97553697348189,1669,0.01967141571091274,,B,True,0,,False
,L640_sub00579,parallel,48.977035434987286,1669,0.022246622647698496,,B,True,0,,False
,L640_sub00579,parallel,52.22068555658763,1592,0.02519666309686437,,B,True,0,,False
,L640_sub00579,parallel,55.72252686302013,1603,0.02375362088444367,,B,True,0,,False
,L640_sub00579,parallel,59.22415047934415,1605,0.029263204389893736,,B,True,0,,False
,L640_sub00579,parallel,62.96824596572466,1623,0.027399369872200353,,B,True,0,,False
,L640_sub00579,parallel,66.97014260101288,1661,0.03540910072091692,,B,True,0,,False
,L640_sub00579,parallel,71.21446482281532,1633,0.04075858632203736,,B,True,0,,False
,L640_sub00579,parallel,75.95887044973747,1724,0.042810081352870094,,B,True,0,,False
,L640_sub00579,parallel,80.96141056083448,1667,0.04715270161779544,,B,True,0,,False
,L640_sub00579,parallel,86.20614827261453,1601,0.04712229764260767,,B,True,0,,False
,L640_sub00579,parallel,91.95107394696377,1683,0.042450380554142235,,B,True,0,,False
,L640_sub00579,parallel,97.95407086997457,1656,0.05944861793954307,,B,True,0,,False
,L640_sub00579,parallel,104.19932821280567,1639,0.0577081960830895,,B,True,0,,False
,L640_sub00579,parallel,110.94480609744649,1609,0.05985029535648646,,B,True,0,,False
,L640_sub00579,parallel,117.94808179873041,1637,0.07380046799002285,,B,True,0,,False
,L640_sub00579,parallel,125.193849689192,1611,0.07569633587774895,,B,True,0,,False
,L640_sub00579,parallel,133.18220601867202,1632,0.0778200047091432,,B,True,0,,False
,L640_sub00579,parallel,141.92867927237256,1609,0.09712230008116264,,B,True,0,,False
,L640_sub00579,parallel,151.17539482336403,1552,0.10824189094894511,,B,True,0,,False
,L640_sub00579,parallel,160.92234151913152,1627,0.09684257193458912,,B,True,0,,False
,L640_sub00579,parallel,171.1695066301238,1645,0.10522842721605528,,B,True,0,,False
,L640_sub00579,parallel,182.15927096911648,1667,0.11713080895637816,,B,True,0,,False
,L640_sub00579,parallel,194.14942698859556,1644,0.1248193852972866,,B,True,0,,False
,L640_sub00579,parallel,206.89792169086667,1658,0.13881453536632254,,B,True,0,,False
,L640_sub00579,parallel,220.14654210320907,1648,0.14233685429393075,,B,True,0,,False
,L640_sub00579,parallel,234.13777995018233,1736,0.15111293576134677,,B,True,0,,False
,L640_sub00579,parallel,249.1294844051984,1687,0.1681347588827813,,B,True,0,,False
,L640_sub00579,parallel,265.12167018182424,1644,0.17400783106015652,,B,True,0,,False
,L640_sub00579,parallel,282.35660077285246,1602,0.15978999338425345,,B,True,0,,False
,L640_sub00579,parallel,300.85004570383563,1650,0.17920352830813074,,B,True,0,,False
,L640_sub00579,parallel,315.46037786067524,922,0.14376361926063777,,B,True,0,,False
1.002453271507381,L640_sub00579,xi,33.98529093593286,1428,0.0217216928961632,1.002453271507381,B,True,1587,0.02166853409885177,True
1.1568068040501593,L640_sub00579,xi,35.98610843089316,1404,0.019464876069221138,0.8644485807818951,B,True,1522,0.02251710107686813,True
1.1527927415387993,L640_sub00579,xi,38.22956970723055,1434,0.022385323658042963,0.8674586193743338,B,True,1593,0.02580563862998869,True
1.197556227551869,L640_sub00579,xi,40.7308237088326,1398,0.020861479343364055,0.8350338606181961,B,True,1500,0.024982794503590297,True
1.0232629041830457,L640_sub00579,xi,43.23193264243457,1407,0.026308858776081436,1.0232629041830457,B,True,1524,0.025710752015471475,True
1.3352136440028952,L640_sub00579,xi,45.97553697348189,1438,0.02258490023540735,0.7489438147157158,B,True,1582,0.030155666942760093,True
1.1093524007523288,L640_sub00579,xi,48.977035434987286,1405,0.028567377338619034,0.9014268138076149,B,True,1622,0.031691288633794695,True
1.0621825880001035,L640_sub00579,xi,52.22068555658763,1365,0.02981001713806849,0.9414577223326717,B,True,1562,0.031663681152041025,True
1.1161902053632722,L640_sub00579,xi,55.72252686302013,1462,0.03193502445191682,0.8959046542381571,B,True,1557,0.03564556150126616,True
1.157491366876808,L640_sub00579,xi,59.22415047934415,1441,0.03528811763634813,0.8639373291381361,B,True,1497,0.04084569151740619,True
1.1676069889721636,L640_sub00579,xi,62.96824596572466,1423,0.03217828262116167,0.856452564471452,B,True,1526,0.037571587681589885,True
1.0764755909846133,L640_sub00579,xi,66.97014260101288,1414,0.03987550876694438,0.9289574314317115,B,True,1469,0.04292501186570858,True
1.4197395189707285,L640_sub00579,xi,71.21446482281532,1391,0.033420058770739294,0.7043545570422468,B,True,1497,0.04744777816314288,True
1.0615943152154717,L640_sub00579,xi,75.95887044973747,1460,0.04404529892413585,0.9419794225226518,B,True,1560,0.04675823894982875,True
1.2079377626706622,L640_sub00579,xi,80.96141056083448,1446,0.04252679458293181,0.8278572215418392,B,True,1502,0.051369721102061484,True
1.1505012983611775,L640_sub00579,xi,86.20614827261453,1477,0.04569870210826295,0.8691863289719377,B,True,1546,0.05257641610897721,True
1.0714477345178501,L640_sub00579,xi,91.95107394696377,1424,0.049184309456444426,0.9333166404519008,B,True,1606,0.052698416940932254,True
1.0932048919875743,L640_sub00579,xi,97.95407086997457,1439,0.05529433535791432,0.9147416072954843,B,True,1534,0.06044803791247344,True
1.2489240880709256,L640_sub00579,xi,104.19932821280567,1478,0.05370148313457557,0.8006891768294653,B,True,1581,0.06706907585190598,True
1.171433602427169,L640_sub00579,xi,110.94480609744649,1453,0.05829639086616876,0.8536548703469282,B,True,1562,0.06829035116085838,True
1.410205080659237,L640_sub00579,xi,117.94808179873041,1474,0.057200453997586886,0.7091167190608362,B,True,1545,0.08066437084341199,True
1.3523792489318076,L640_sub00579,xi,125.193849689192,1389,0.06410963797690374,0.7394375511084347,B,True,1552,0.08670054405649516,True
1.3548691553244239,L640_sub00579,xi,133.18220601867202,1430,0.0626089921158666,0.7380786521489225,B,True,1531,0.08482699226373769,True
1.363478625331272,L640_sub00579,xi,141.92867927237256,1466,0.06981431905782114,0.7334181713021274,B,True,1523,0.09519033177739679,True
1.408838734456051,L640_sub00579,xi,151.17539482336403,1352,0.06718313504138006,0.7098044478356123,B,True,1582,0.09465020294848785,True
1.4970488577924976,L640_sub00579,xi,160.92234151913152,1437,0.06616595325560208,0.667980871028197,B,True,1513,0.09905366474605087,True
1.4633036325613893,L640_sub00579,xi,171.1695066301238,1408,0.07794978778040725,0.6833851688385305,B,True,1529,0.11406420761645931,True
1.4169513569594052,L640_sub00579,xi,182.15927096911648,1389,0.08375625680013188,0.7057405288392334,B,True,1528,0.11867854172678727,True
1.5038466741556775,L640_sub00579,xi,194.14942698859556,1410,0.08478806442968743,0.664961406761392,B,True,1522,0.12750824870068275,True
1.335191459467365,L640_sub00579,xi,206.89792169086667,1296,0.09584154140899481,0.7489562586019838,B,True,1536,0.12796680755147768,True
1.5113650529612737,L640_sub00579,xi,220.14654210320907,1328,0.09758243454665758,0.661653515172038,B,True,1522,0.14748268135669915,True
1.603146884366469,L640_sub00579,xi,234.13777995018233,1337,0.10135586246791445,0.6237731612441612,B,True,1585,0.16248833512771338,True
1.5033092498064402,L640_sub00579,xi,249.1294844051984,1349,0.11452860140379413,0.6651991266126752,B,True,1554,0.17217190585771858,True
1.5985491709559978,L640_sub00579,xi,265.12167018182424,1333,0.1125777620879539,0.6255672444545194,B,True,1559,0.1799610882537803,True
1.664142553872692,L640_sub00579,xi,282.35660077285246,1391,0.11859621514967701,0.6009100588605588,B,True,1645,0.19736100835881873,True
1.621667895528745,L640_sub00579,xi,300.85004570383563,1345,0.12281064566733879,0.6166490702302212,B,True,1678,0.19915808130787968,True
1.0305732253040867,L640_sub00579,xi,315.46037786067524,621,0.16877156538247304,0.970333767117746,B,True,1137,0.17393145647583477,True
1.2752486674086934,L640_sub00579,lambda,33.98529093593286,2533,0.05569454513343732,1.2752486674086934,B,True,2458,0.04367347840214465,True
1.093620346889008,L640_sub00579,lambda,35.98610843089316,2611,0.059539687442130326,1.093620346889008,B,True,2482,0.05444273930299601,True
1.0617168562793764,L640_sub00579,lambda,38.22956970723055,2683,0.06440336562361254,1.0617168562793764,B,True,2452,0.06065964314563512,True
1.2595255426225287,L640_sub00579,lambda,40.7308237088326,2637,0.06364741372747634,1.2595255426225287,B,True,2468,0.05053284873838485,True
1.1389037210502004,L640_sub00579,lambda,43.23193264243457,2599,0.07010746264911555,1.1389037210502004,B,True,2432,0.06155697040349327,True
1.2666452939259483,L640_sub00579,lambda,45.97553697348189,2590,0.07766800746017773,1.2666452939259483,B,True,2447,0.06131788262477721,True
1.147397753265089,L640_sub00579,lambda,48.977035434987286,2675,0.07928042134831075,1.147397753265089,B,True,2400,0.06909584851696515,True
1.1130076822690171,L640_sub00579,lambda,52.22068555658763,2501,0.09475588564239433,1.1130076822690171,B,True,2338,0.08513497898704671,True
1.239118961957523,L640_sub00579,lambda,55.72252686302013,2554,0.0957373429470014,1.239118961957523,B,True,2402,0.07726243071590029,True
1.1846394586456461,L640_sub00579,lambda,59.22415047934415,2547,0.09791660842963792,1.1846394586456461,B,True,2440,0.08265519750758793,True
1.288151549674306,L640_sub00579,lambda,62.96824596572466,2527,0.10155640710216096,1.288151549674306,B,True,2437,0.0788388657591091,True
1.1613400543449663,L640_sub00579,lambda,66.97014260101288,2639,0.10825080154776633,1.1613400543449663,B,True,2416,0.09321197623621387,True
1.286871911433602,L640_sub00579,lambda,71.21446482281532,2641,0.11975012131189253,1.286871911433602,B,True,2466,0.0930551986160677,True
1.328066810546603,L640_sub00579,lambda,75.95887044973747,2670,0.12859621389303252,1.328066810546603,B,True,2445,0.09682962699753424,True
1.2565716664819624,L640_sub00579,lambda,80.96141056083448,2687,0.13195232941499838,1.2565716664819624,B,True,2463,0.10500979206735321,True
1.2753881079650613,L640_sub00579,lambda,86.20614827261453,2738,0.14679911251174682,1.2753881079650613,B,True,2522,0.1151015221131169,True
1.2460018014679168,L640_sub00579,lambda,91.95107394696377,2810,0.1449239664818733,1.2460018014679168,B,True,2493,0.11631120140527737,True
1.2554382672345572,L640_sub00579,lambda,97.95407086997457,2787,0.15281230407214294,1.2554382672345572,B,True,2584,0.12172028530622492,True
1.2276011373728846,L640_sub00579,lambda,104.19932821280567,2678,0.1679609271665286,1.2276011373728846,B,True,2535,0.13682043951667533,True
1.2281433032753764,L640_sub00579,lambda,110.94480609744649,2690,0.17459725624072905,1.2281433032753764,B,True,2410,0.14216358610195554,True
1.3533769184063942,L640_sub00579,lambda,117.94808179873041,2648,0.1982342149931806,1.3533769184063942,B,True,2508,0.14647376669213633,True
1.2568338765136693,L640_sub00579,lambda,125.193849689192,2651,0.19849678771002707,1.2568338765136693,B,True,2335,0.15793398906515568,True
1.3851670618474277,L640_sub00579,lambda,133.18220601867202,2698,0.2205976336362675,1.3851670618474277,B,True,2504,0.15925705982500885,True
1.2611119035460507,L640_sub00579,lambda,141.92867927237256,2595,0.22698136333043617,1.2611119035460507,B,True,2468,0.1799851089282401,True
1.2475074441647829,L640_sub00579,lambda,151.17539482336403,2632,0.23827070823543342,1.2475074441647829,B,True,2478,0.1909974239832755,True
1.261987311792818,L640_sub00579,lambda,160.92234151913152,2689,0.25773490898255574,1.261987311792818,B,True,2556,0.204229398009089,True
1.3612691374947925,L640_sub00579,lambda,171.1695066301238,2648,0.27809319877649213,1.3612691374947925,B,True,2381,0.20428965229335921,True
1.2915811229479803,L640_sub00579,lambda,182.15927096911648,2611,0.30246146041794364,1.2915811229479803,B,True,2420,0.23417922037106575,True
1.2310941900577195,L640_sub00579,lambda,194.14942698859556,2596,0.2907335778437177,1.2310941900577195,B,True,2329,0.23615867915848646,True
1.2885010101375731,L640_sub00579,lambda,206.89792169086667,2574,0.3095616835485968,1.2885010101375731,B,True,2327,0.2402494690443005,True
1.3038366032150646,L640_sub00579,lambda,220.14654210320907,2572,0.3206376619674404,1.3038366032150646,B,True,2398,0.24591859223525117,True
1.2228212324929364,L640_sub00579,lambda,234.13777995018233,2614,0.31169766039045915,1.2228212324929364,B,True,2407,0.2549004319748428,True
1.1649792867725137,L640_sub00579,lambda,249.1294844051984,2562,0.30977767411507734,1.1649792867725137,B,True,2327,0.26590831067331056,True
1.0291484155292239,L640_sub00579,lambda,265.12167018182424,2510,0.2873285831639356,1.0291484155292239,B,True,2276,0.27919061898976083,True
1.0539793706131633,L640_sub00579,lambda,282.35660077285246,2661,0.2802952872590055,0.948785173488016,B,True,2245,0.29542545045108237,True
1.0999350549417497,L640_sub00579,lambda,300.85004570383563,2537,0.25506860257242286,0.9091445858618971,B,True,2224,0.28055889738441325,True
1.11695283545483,L640_sub00579,lambda,315.46037786067524,857,0.3006362471320962,0.8952929508369025,B,True,1529,0.33579650867469385,True
,L640_sub00579,parallel,33.98529093593286,1566,0.006498730858108733,,u,True,0,,False
,L640_sub00579,parallel,35.98610843089316,1610,0.00738884631448028,,u,True,0,,False
,L640_sub00579,parallel,38.22956970723055,1569,0.006308799304345805,,u,True,0,,False
,L640_sub00579,parallel,40.7308237088326,1652,0.007637302420681361,,u,True,0,,False
,L640_sub00579,parallel,43.23193264243457,1628,0.008703650506619472,,u,True,0,,False
,L640_sub00579,parallel,45.97553697348189,1669,0.008779079699459694,,u,True,0,,False
,L640_sub00579,parallel,48.977035434987286,1669,0.009963135774273844,,u,True,0,,False
,L640_sub00579,parallel,52.22068555658763,1592,0.012176652285339191,,u,True,0,,False
,L640_sub00579,parallel,55.72252686302013,1603,0.01100197251906252,,u,True,0,,False
,L640_sub00579,parallel,59.22415047934415,1605,0.012964631076144305,,u,True,0,,False
,L640_sub00579,parallel,62.96824596572466,1623,0.012579543538051942,,u,True,0,,False
,L640_sub00579,parallel,66.97014260101288,1661,0.015170510915123243,,u,True,0,,False
,L640_sub00579,parallel,71.21446482281532,1633,0.018406392919730265,,u,True,0,,False
,L640_sub00579,parallel,75.95887044973747,1724,0.018487577933634092,,u,True,0,,False
,L640_sub00579,parallel,80.96141056083448,1667,0.019822586090253325,,u,True,0,,False
,L640_sub00579,parallel,86.20614827261453,1601,0.020114200017094717,,u,True,0,,False
,L640_sub00579,parallel,91.95107394696377,1683,0.01928998918063613,,u,True,0,,False
,L640_sub00579,parallel,97.95407086997457,1656,0.024783411475977467,,u,True,0,,False
,L640_sub00579,parallel,104.19932821280567,1639,0.024384779408864302,,u,True,0,,False
,L640_sub00579,parallel,110.94480609744649,1609,0.026183815921129023,,u,True,0,,False
,L640_sub00579,parallel,117.94808179873041,1637,0.031516523015807874,,u,True,0,,False
,L640_sub00579,parallel,125.193849689192,1611,0.030905736882299136,,u,True,0,,False
,L640_sub00579,parallel,133.18220601867202,1632,0.033454247269295016,,u,True,0,,False
,L640_sub00579,parallel,141.92867927237256,1609,0.04092499884565075,,u,True,0,,False
,L640_sub00579,parallel,151.17539482336403,1552,0.04388518479071563,,u,True,0,,False
,L640_sub00579,parallel,160.92234151913152,1627,0.041511084785150046,,u,True,0,,False
,L640_sub00579,parallel,171.1695066301238,1645,0.046049869938789706,,u,True,0,,False
,L640_sub00579,parallel,182.15927096911648,1667,0.04831681326255593,,u,True,0,,False
,L640_sub00579,parallel,194.14942698859556,1644,0.05525285073784539,,u,True,0,,False
,L640_sub00579,parallel,206.89792169086667,1658,0.05779955227073672,,u,True,0,,False
,L640_sub00579,parallel,220.14654210320907,1648,0.057603220774539,,u,True,0,,False
,L640_sub00579,parallel,234.13777995018233,1736,0.06510015999322143,,u,True,0,,False
,L640_sub00579,parallel,249.1294844051984,1687,0.06872899988610547,,u,True,0,,False
,L640_sub00579,parallel,265.12167018182424,1644,0.07425891232074507,,u,True,0,,False
,L640_sub00579,parallel,282.35660077285246,1602,0.07068029484544787,,u,True,0,,False
,L640_sub00579,parallel,300.85004570383563,1650,0.08192213265697205,,u,True,0,,False
,L640_sub00579,parallel,315.46037786067524,922,0.08451023348756585,,u,True,0,,False
1.1959555107084558,L640_sub00579,xi,33.98529093593286,1470,0.0108668699162302,0.8361515048395267,u,True,1718,0.012996292960467443,True
1.331815524808458,L640_sub00579,xi,35.98610843089316,1540,0.009186668370082852,0.7508547402943213,u,True,1733,0.012234947556543155,True
1.3906198864547856,L640_sub00579,xi,38.22956970723055,1510,0.011206766127865983,0.7191037678523188,u,True,1709,0.015584351840258331,True
1.4209102557616273,L640_sub00579,xi,40.7308237088326,1571,0.010379220679850159,0.7037742151167642,u,True,1727,0.014747941110812261,True
1.3253398984975489,L640_sub00579,xi,43.23193264243457,1517,0.011574665035421601,0.7545234253746036,u,True,1693,0.015340365383188791,True
1.486145160296834,L640_sub00579,xi,45.97553697348189,1571,0.010777975540396,0.6728817794624219,u,True,1785,0.01601763618715717,True
1.3014098377023042,L640_sub00579,xi,48.977035434987286,1525,0.013333330869555368,0.7683974494656838,u,True,1788,0.017352127962979174,True
1.336973607801775,L640_sub00579,xi,52.22068555658763,1458,0.013633332913043477,0.7479579209077879,u,True,1708,0.018227406291114422,True
1.2428526628055787,L640_sub00579,xi,55.72252686302013,1510,0.014968387737193717,0.8046006014442851,u,True,1718,0.018603500557077584,True
1.2851020919630842,L640_sub00579,xi,59.22415047934415,1582,0.01608173127695294,0.7781482936288971,u,True,1770,0.020666666506400387,True
1.3149346466461374,L640_sub00579,xi,62.96824596572466,1516,0.014376012861337982,0.7604940690783323,u,True,1736,0.018903517392003785,True
1.210318523305687,L640_sub00579,xi,66.97014260101288,1507,0.0159383344160528,0.8262287825429179,u,True,1721,0.019290461374389233,True
1.5558891679708904,L640_sub00579,xi,71.21446482281532,1542,0.015289385681338752,0.6427193019822536,u,True,1727,0.023788589566524198,True
1.244763157818763,L640_sub00579,xi,75.95887044973747,1462,0.0174052499456988,0.8033656794215623,u,True,1669,0.021665413885032896,True
1.4513841333535196,L640_sub00579,xi,80.96141056083448,1449,0.017812746025409054,0.6889974728395531,u,True,1696,0.02585313695273467,True
1.3573474976639306,L640_sub00579,xi,86.20614827261453,1541,0.019290821922737716,0.7367310152492672,u,True,1720,0.026184348864708534,True
1.3209028287383324,L640_sub00579,xi,91.95107394696377,1509,0.02013125040792972,0.7570579593316152,u,True,1665,0.026591425609874077,True
1.297139159109161,L640_sub00579,xi,97.95407086997457,1459,0.0215799230366619,0.7709273079742439,u,True,1701,0.027992163221416032,True
1.3708943478867195,L640_sub00579,xi,104.19932821280567,1478,0.021959030487514315,0.7294508154778916,u,True,1721,0.030103510780405532,True
1.3477006314503173,L640_sub00579,xi,110.94480609744649,1493,0.022207150894146883,0.7420045495740831,u,True,1691,0.02992859128275423,True
1.5435184648376108,L640_sub00579,xi,117.94808179873041,1438,0.022532833341037083,0.6478704484466321,u,True,1618,0.034779844326999286,True
1.6345392694613217,L640_sub00579,xi,125.193849689192,1402,0.02265830692325578,0.6117931937661918,u,True,1600,0.037035892445568916,True
1.4325335929567296,L640_sub00579,xi,133.18220601867202,1354,0.023837948972413776,0.6980639092281347,u,True,1598,0.03414866269017108,True
1.5450810594916198,L640_sub00579,xi,141.92867927237256,1473,0.02493007219967521,0.6472152343444243,u,True,1636,0.03851898236747675,True
1.4487677286993845,L640_sub00579,xi,151.17539482336403,1319,0.028763091254460887,0.6902417690499906,u,True,1622,0.04167103838709843,True
1.433258220605704,L640_sub00579,xi,160.92234151913152,1407,0.026951678930919785,0.6977109816104132,u,True,1585,0.03862871538686634,True
1.5359031467812425,L640_sub00579,xi,171.1695066301238,1383,0.027583493134532462,0.6510827210007853,u,True,1614,0.042365573904547205,True
1.584127127603587,L640_sub00579,xi,182.15927096911648,1471,0.027044142641848946,0.631262467875773,u,True,1606,0.04284136000173386,True
1.6715652057690509,L640_sub00579,xi,194.14942698859556,1401,0.030061103002775494,0.5982416938021402,u,True,1664,0.05024909382647905,True
1.8010140213861818,L640_sub00579,xi,206.89792169086667,1367,0.028932072307325234,0.5552427622025577,u,True,1630,0.052107067893251605,True
1.7161917317369526,L640_sub00579,xi,220.14654210320907,1380,0.032011889426768164,0.5826854782640766,u,True,1696,0.0549385399514971,True
1.5436685336656915,L640_sub00579,xi,234.13777995018233,1331,0.03431936909871694,0.6478074652628552,u,True,1661,0.052977730172948025,True
1.7906109976035898,L640_sub00579,xi,249.1294844051984,1392,0.031580570234626994,0.5584685905192808,u,True,1746,0.05654851637271568,True
1.848217850988506,L640_sub00579,xi,265.12167018182424,1320,0.032441855399075264,0.541061758204076,u,True,1659,0.059959616267758746,True
1.8466757297202916,L640_sub00579,xi,282.35660077285246,1247,0.03378033314185241,0.5415135878519755,u,True,1651,0.06238132135492484,True
1.9942813001033426,L640_sub00579,xi,300.85004570383563,1283,0.03195623643782308,0.5014337746376003,u,True,1672,0.06372972474963162,True
1.5635361157215752,L640_sub00579,xi,315.46037786067524,486,0.03707258204975298,0.639575888234918,u,True,1123,0.057964320937840166,True
1.013906339409781,L640_sub00579,lambda,33.98529093593286,2602,0.023319204205553556,1.013906339409781,u,True,2285,0.022999367199073063,True
1.1312502406856448,L640_sub00579,lambda,35.98610843089316,2536,0.024922095666043836,0.8839777124766889,u,True,2251,0.028193126720602753,True
1.0494315260341414,L640_sub00579,lambda,38.22956970723055,2592,0.026178125961871065,0.9528968543369897,u,True,2223,0.027472150676880327,True
1.1155702278357658,L640_sub00579,lambda,40.7308237088326,2518,0.027741347821123342,1.1155702278357658,u,True,2258,0.02486741500348414,True
1.0742398929804065,L640_sub00579,lambda,43.23193264243457,2603,0.027666430504331752,0.9308907689376227,u,True,2300,0.02972038334412319,True
1.0282595194150743,L640_sub00579,lambda,45.97553697348189,2610,0.02928777952288287,0.9725171331930389,u,True,2195,0.030115438096934195,True
1.1104895734194278,L640_sub00579,lambda,48.977035434987286,2627,0.03203177860002617,0.9005037273072205,u,True,2221,0.03557095615340862,True
1.1017512193754786,L640_sub00579,lambda,52.22068555658763,2558,0.03760387693564764,0.9076459207976592,u,True,2266,0.041430117267095216,True
1.0166416658690376,L640_sub00579,lambda,55.72252686302013,2604,0.035838905114892405,0.9836307457900498,u,True,2309,0.03643532419892658,True
1.0042435445109719,L640_sub00579,lambda,59.22415047934415,2552,0.03709151029730217,1.0042435445109719,u,True,2269,0.03693477593163351,True
1.0104990461730838,L640_sub00579,lambda,62.96824596572466,2553,0.03812332545208637,1.0104990461730838,u,True,2263,0.03772722556885659,True
1.044646814205408,L640_sub00579,lambda,66.97014260101288,2652,0.04178810102407824,0.9572613311998966,u,True,2217,0.043653806606497085,True
1.0267297834723539,L640_sub00579,lambda,71.21446482281532,2635,0.04245706771889114,0.9739660971147102,u,True,2178,0.04359193594588817,True
1.0278400798140732,L640_sub00579,lambda,75.95887044973747,2659,0.04768356522776856,1.0278400798140732,u,True,2192,0.04639200802170905,True
1.0226919803731205,L640_sub00579,lambda,80.96141056083448,2639,0.046812525287005406,0.977811520175565,u,True,2243,0.04787479419203434,True
1.0255583780626383,L640_sub00579,lambda,86.20614827261453,2673,0.048911007380813463,0.9750785731857409,u,True,2304,0.05016109339887679,True
1.0224245629952569,L640_sub00579,lambda,91.95107394696377,2802,0.051380845911804814,1.0224245629952569,u,True,2293,0.05025392363548212,True
1.0145992708048837,L640_sub00579,lambda,97.95407086997457,2710,0.05289179471024057,0.9856108010078679,u,True,2337,0.05366397634457168,True
1.010454824057684,L640_sub00579,lambda,104.19932821280567,2776,0.056112543181641744,1.010454824057684,u,True,2312,0.0555319662449733,True
1.062500806783,L640_sub00579,lambda,110.94480609744649,2660,0.059126046158464306,1.062500806783,u,True,2263,0.0556480011883322,True
1.0618481270078022,L640_sub00579,lambda,117.94808179873041,2790,0.06176932077860893,1.0618481270078022,u,True,2294,0.05817152115026998,True
1.1734865895952855,L640_sub00579,lambda,125.193849689192,2692,0.0659864788750115,1.1734865895952855,u,True,2235,0.056231131621000505,True
1.0926285715504787,L640_sub00579,lambda,133.18220601867202,2827,0.06522498049685137,1.0926285715504787,u,True,2321,0.05969547401116814,True
1.0935801513345245,L640_sub00579,lambda,141.92867927237256,2773,0.06697363161807607,1.0935801513345245,u,True,2332,0.06124254498981752,True
1.0996893403983767,L640_sub00579,lambda,151.17539482336403,2745,0.06984595776494475,1.0996893403983767,u,True,2326,0.06351426280047613,True
1.1162985724250445,L640_sub00579,lambda,160.92234151913152,2768,0.07554498532382414,1.1162985724250445,u,True,2456,0.06767453366863167,True
1.173225639260474,L640_sub00579,lambda,171.1695066301238,2830,0.07724043979574617,1.173225639260474,u,True,2303,0.06583596301597498,True
1.0881056309479726,L640_sub00579,lambda,182.15927096911648,2862,0.08021055508624308,1.0881056309479726,u,True,2333,0.07371577979645463,True
1.1519861439426886,L640_sub00579,lambda,194.14942698859556,2852,0.0786212154656508,1.1519861439426886,u,True,2345,0.06824840374951785,True
1.1435016991321414,L640_sub00579,lambda,206.89792169086667,2860,0.08108752335390439,1.1435016991321414,u,True,2337,0.07091158973829739,True
1.1262041408222667,L640_sub00579,lambda,220.14654210320907,2821,0.0828944939143514,1.1262041408222667,u,True,2405,0.07360521144401785,True
1.073150682104197,L640_sub00579,lambda,234.13777995018233,2738,0.08162876902257317,1.073150682104197,u,True,2454,0.07606459221785918,True
1.0346820713173204,L640_sub00579,lambda,249.1294844051984,2853,0.08222848609110307,1.0346820713173204,u,True,2325,0.07947222472542961,True
1.1197633922770271,L640_sub00579,lambda,265.12167018182424,2863,0.07560797411904857,0.8930458049414443,u,True,2446,0.0846630415827395,True
1.1078310354212713,L640_sub00579,lambda,282.35660077285246,2984,0.07449592449091098,0.902664727766661,u,True,2370,0.08252889716343076,True
1.2559491803687535,L640_sub00579,lambda,300.85004570383563,2972,0.06937472661475733,0.7962105598145258,u,True,2353,0.0871311310301108,True
1.061946526362307,L640_sub00579,lambda,315.46037786067524,1041,0.08871249099352756,0.9416670003389864,u,True,1644,0.09420792165552404,True
,L640_sub00886,parallel,33.98529093593286,1541,0.028167933297485,,B,False,0,,False
,L640_sub00886,parallel,35.98610843089316,1552,0.029248219225931325,,B,False,0,,False
,L640_sub00886,parallel,38.22956970723055,1550,0.03064917514230774,,B,False,0,,False
,L640_sub00886,parallel,40.7308237088326,1567,0.03713303900411163,,B,False,0,,False
,L640_sub00886,parallel,43.23193264243457,1616,0.040589890797211405,,B,False,0,,False
,L640_sub00886,parallel,45.97553697348189,1678,0.04550594629706479,,B,False,0,,False
,L640_sub00886,parallel,48.977035434987286,1608,0.04742285704948059,,B,False,0,,False
,L640_sub00886,parallel,52.22068555658763,1638,0.0478582875682887,,B,False,0,,False
,L640_sub00886,parallel,55.72252686302013,1595,0.06374957818871572,,B,False,0,,False
,L640_sub00886,parallel,59.22415047934415,1568,0.05487779583668602,,B,False,0,,False
,L640_sub00886,parallel,62.96824596572466,1597,0.06510290762511292,,B,False,0,,False
,L640_sub00886,parallel,66.97014260101288,1597,0.08856234880006068,,B,False,0,,False
,L640_sub00886,parallel,71.21446482281532,1590,0.07472289978422371,,B,False,0,,False
,L640_sub00886,parallel,75.95887044973747,1609,0.08576680896062384,,B,False,0,,False
,L640_sub00886,parallel,80.96141056083448,1605,0.09152551393170812,,B,False,0,,False
,L640_sub00886,parallel,86.20614827261453,1566,0.09385215844192113,,B,False,0,,False
,L640_sub00886,parallel,91.95107394696377,1580,0.1116008866871405,,B,False,0,,False
,L640_sub00886,parallel,97.95407086997457,1541,0.12203064892964152,,B,False,0,,False
,L640_sub00886,parallel,104.19932821280567,1643,0.12093040609700405,,B,False,0,,False
,L640_sub00886,parallel,110.94480609744649,1599,0.1200263353897742,,B,False,0,,False
,L640_sub00886,parallel,117.94808179873041,1645,0.14736064109285035,,B,False,0,,False
,L640_sub00886,parallel,125.193849689192,1590,0.1476345330317085,,B,False,0,,False
,L640_sub00886,parallel,133.18220601867202,1582,0.1720346319930108,,B,False,0,,False
,L640_sub00886,parallel,141.92867927237256,1571,0.18728585136082176,,B,False,0,,False
,L640_sub00886,parallel,151.17539482336403,1622,0.19372510708589416,,B,False,0,,False
,L640_sub00886,parallel,160.92234151913152,1585,0.19349815273598392,,B,False,0,,False
,L640_sub00886,parallel,171.1695066301238,1479,0.2147420537659653,,B,False,0,,False
,L640_sub00886,parallel,182.15927096911648,1550,0.21385341697651655,,B,False,0,,False
,L640_sub00886,parallel,194.14942698859556,1528,0.26610268436184065,,B,False,0,,False
,L640_sub00886,parallel,206.89792169086667,1549,0.24205858788000642,,B,False,0,,False
,L640_sub00886,parallel,220.14654210320907,1524,0.30933727350486867,,B,False,0,,False
,L640_sub00886,parallel,234.13777995018233,1604,0.3015441288848596,,B,False,0,,False
,L640_sub00886,parallel,249.1294844051984,1533,0.32058287744581176,,B,False,0,,False
,L640_sub00886,parallel,265.12167018182424,1658,0.31117931305510815,,B,False,0,,False
,L640_sub00886,parallel,282.35660077285246,1640,0.32976996903058486,,B,False,0,,False
,L640_sub00886,parallel,300.85004570383563,1725,0.3764030729503586,,B,False,0,,False
,L640_sub00886,parallel,315.46037786067524,1115,0.20244534248759075,,B,False,0,,False
1.11851227377817,L640_sub00886,xi,33.98529093593286,1361,0.043622829281436015,0.8940447265921786,B,False,1852,0.04879266996821593,True
1.1128862131867365,L640_sub00886,xi,35.98610843089316,1282,0.05087878995641918,0.898564460724616,B,False,1887,0.05662230388612271,True
1.3664110002613,L640_sub00886,xi,38.22956970723055,1318,0.04736465779934647,0.7318442253529642,B,False,1822,0.06471958944063919,True
1.0913808126996831,L640_sub00886,xi,40.7308237088326,1355,0.060264377031124035,0.9162704606528312,B,False,1822,0.06577138478106827,True
1.1118215014339492,L640_sub00886,xi,43.23193264243457,1371,0.06463569633951757,0.899424951496504,B,False,1915,0.07186335695043124,True
1.0520495126944598,L640_sub00886,xi,45.97553697348189,1309,0.0667930476676881,0.950525605433576,B,False,1911,0.07026959325016909,True
1.191110980117508,L640_sub00886,xi,48.977035434987286,1396,0.0659849557181992,0.8395523311365545,B,False,1943,0.07859540527851462,True
1.2267074680248173,L640_sub00886,xi,52.22068555658763,1375,0.07052109275845118,0.8151902764643226,B,False,1878,0.08650875114006293,True
1.0737027313656526,L640_sub00886,xi,55.72252686302013,1361,0.08471387618848099,0.9313564833052911,B,False,2016,0.09095752024814377,True
1.0572412417612629,L640_sub00886,xi,59.22415047934415,1331,0.08870696627745059,0.9458579182307489,B,False,1874,0.09378466318004633,True
1.252219737807097,L640_sub00886,xi,62.96824596572466,1345,0.07985462797621663,0.7985818860763308,B,False,1919,0.09999554130706126,True
1.0483304198195385,L640_sub00886,xi,66.97014260101288,1455,0.09611613641703161,0.9538977226017555,B,False,1967,0.10076146964149878,True
1.076500306762772,L640_sub00886,xi,71.21446482281532,1364,0.11635988761802268,1.076500306762772,B,False,1909,0.10809090056642674,True
1.0766251133708158,L640_sub00886,xi,75.95887044973747,1448,0.11298037148744815,0.9288284172278785,B,False,1943,0.12163750526135074,True
1.0402894184289622,L640_sub00886,xi,80.96141056083448,1404,0.1263840774158388,1.0402894184289622,B,False,1975,0.12148934246269961,True
1.0177065634938784,L640_sub00886,xi,86.20614827261453,1377,0.13687604594900632,0.9826015040788475,B,False,1986,0.13929965034739342,True
1.0799302990726427,L640_sub00886,xi,91.95107394696377,1407,0.13501693969840378,0.9259856870936203,B,False,2053,0.14580888406837017,True
1.1048947698878806,L640_sub00886,xi,97.95407086997457,1431,0.1416681694083138,0.9050635655569944,B,False,2095,0.15652841943883616,True
1.1489236249212578,L640_sub00886,xi,104.19932821280567,1455,0.14620671807575064,0.8703798740917489,B,False,2066,0.1679803525194318,True
1.0660479763267687,L640_sub00886,xi,110.94480609744649,1446,0.15019370926721382,0.9380440863887316,B,False,2062,0.16011369982132434,True
1.0215280167291556,L640_sub00886,xi,117.94808179873041,1464,0.17530995842242095,0.9789256717617139,B,False,2176,0.1790840341401264,True
1.0500018511006108,L640_sub00886,xi,125.193849689192,1412,0.17530125809762792,0.9523792733810907,B,False,2161,0.18406664550277527,True
1.010553942790418,L640_sub00886,xi,133.18220601867202,1384,0.18336639065041124,0.9895562796368141,B,False,2109,0.18530162904702113,True
1.012020725810759,L640_sub00886,xi,141.92867927237256,1382,0.1969675111923033,1.012020725810759,B,False,2143,0.1946279420656202,True
1.0420758356306197,L640_sub00886,xi,151.17539482336403,1432,0.21288187557082552,1.0420758356306197,B,False,2250,0.20428635641665996,True
1.162934260432118,L640_sub00886,xi,160.92234151913152,1335,0.24009409659082243,1.162934260432118,B,False,2228,0.20645543326035412,True
1.097374822455878,L640_sub00886,xi,171.1695066301238,1311,0.23580612982766133,1.097374822455878,B,False,2175,0.2148820302801711,True
1.0553483831375259,L640_sub00886,xi,182.15927096911648,1391,0.24011590994540954,1.0553483831375259,B,False,2299,0.2275228860744076,True
1.0871874265081456,L640_sub00886,xi,194.14942698859556,1373,0.25005884016258245,1.0871874265081456,B,False,2324,0.2300052723804279,True
1.105651728984174,L640_sub00886,xi,206.89792169086667,1377,0.26339967554199667,1.105651728984174,B,False,2377,0.23823023890533518,True
1.1009301296295702,L640_sub00886,xi,220.14654210320907,1308,0.2860424401884066,1.1009301296295702,B,False,2403,0.2598188863126593,True
1.1433902720065803,L640_sub00886,xi,234.13777995018233,1400,0.3106669039893878,1.1433902720065803,B,False,2387,0.2717067930306826,True
1.0776755215576137,L640_sub00886,xi,249.1294844051984,1398,0.31468175743860094,1.0776755215576137,B,False,2335,0.29200046873457514,True
1.0271986948225202,L640_sub00886,xi,265.12167018182424,1338,0.3132951854718929,1.0271986948225202,B,False,2333,0.30499959457797415,True
1.0709093810029489,L640_sub00886,xi,282.35660077285246,1479,0.329212658867791,1.0709093810029489,B,False,2371,0.3074141143104661,True
1.0316829225415585,L640_sub00886,xi,300.85004570383563,1413,0.3426646755700807,1.0316829225415585,B,False,2212,0.3321414633150307,True
1.0659262479522031,L640_sub00886,xi,315.46037786067524,720,0.3953125711164586,1.0659262479522031,B,False,1207,0.3708629671854977,True
2.0736523962181033,L640_sub00886,lambda,33.98529093593286,2332,0.13878489203444616,2.0736523962181033,B,False,1786,0.06692775138569994,True
1.9905282885263722,L640_sub00886,lambda,35.98610843089316,2370,0.14479605896597508,1.9905282885263722,B,False,1738,0.0727425275996306,True
2.1931835391587304,L640_sub00886,lambda,38.22956970723055,2414,0.14878684632740014,2.1931835391587304,B,False,1662,0.06784058136077036,True
2.187420634262849,L640_sub00886,lambda,40.7308237088326,2273,0.16487251188226734,2.187420634262849,B,False,1621,0.07537302579109512,True
2.23696366315753,L640_sub00886,lambda,43.23193264243457,2249,0.17202627341776555,2.23696366315753,B,False,1674,0.07690168430136508,True
2.2100522086643997,L640_sub00886,lambda,45.97553697348189,2356,0.1944000698072287,2.2100522086643997,B,False,1656,0.08796175449841996,True
2.1111045751024156,L640_sub00886,lambda,48.977035434987286,2247,0.19155003454415154,2.1111045751024156,B,False,1630,0.09073450780374483,True
2.33252981562572,L640_sub00886,lambda,52.22068555658763,2364,0.20492412867353954,2.33252981562572,B,False,1675,0.08785488069680558,True
1.9604057676635642,L640_sub00886,lambda,55.72252686302013,2271,0.21385814432345035,1.9604057676635642,B,False,1507,0.10908871410755393,True
2.3745550738678767,L640_sub00886,lambda,59.22415047934415,2322,0.25820511348006664,2.3745550738678767,B,False,1604,0.10873831326197891,True
2.370491614788515,L640_sub00886,lambda,62.96824596572466,2203,0.25524322437068,2.370491614788515,B,False,1504,0.1076752276946787,True
2.3978610019397175,L640_sub00886,lambda,66.97014260101288,2277,0.28163867535612963,2.3978610019397175,B,False,1542,0.11745412896256363,True
2.214410948016906,L640_sub00886,lambda,71.21446482281532,2313,0.28781004795829435,2.214410948016906,B,False,1435,0.12997138052268023,True
2.2731275804775883,L640_sub00886,lambda,75.95887044973747,2178,0.32175919317800167,2.2731275804775883,B,False,1467,0.14154911318721472,True
2.6124202235620175,L640_sub00886,lambda,80.96141056083448,2238,0.3344971396506192,2.6124202235620175,B,False,1474,0.12804109255996135,True
2.39782281440828,L640_sub00886,lambda,86.20614827261453,2213,0.33926961863141675,2.39782281440828,B,False,1447,0.14149069588994614,True
2.338680289427921,L640_sub00886,lambda,91.95107394696377,2114,0.36663634960470637,2.338680289427921,B,False,1331,0.15677061600172446,True
2.6169606148630375,L640_sub00886,lambda,97.95407086997457,2087,0.38879259243288505,2.6169606148630375,B,False,1372,0.1485664668488842,True
2.2395805636117347,L640_sub00886,lambda,104.19932821280567,2057,0.39280724102272496,2.2395805636117347,B,False,1335,0.1753932175537598,True
2.287770075244227,L640_sub00886,lambda,110.94480609744649,2119,0.39210785804859394,2.287770075244227,B,False,1299,0.1713930356426815,True
2.0980942237384794,L640_sub00886,lambda,117.94808179873041,2084,0.40086949360627927,2.0980942237384794,B,False,1285,0.1910636276820742,True
2.1149155226465894,L640_sub00886,lambda,125.193849689192,2098,0.4406479689482022,2.1149155226465894,B,False,1282,0.20835251537459926,True
2.1217118822961445,L640_sub00886,lambda,133.18220601867202,2033,0.4252619485249309,2.1217118822961445,B,False,1302,0.20043341043304466,True
2.2868722073918493,L640_sub00886,lambda,141.92867927237256,2066,0.45810815547145045,2.2868722073918493,B,False,1150,0.20032083733874984,True
2.2331680440772326,L640_sub00886,lambda,151.17539482336403,2062,0.46430447291386995,2.2331680440772326,B,False,1173,0.20791291284383626,True
2.109755825423838,L640_sub00886,lambda,160.92234151913152,2052,0.4776402966376068,2.109755825423838,B,False,1136,0.22639600795587406,True
2.092836713274595,L640_sub00886,lambda,171.1695066301238,2043,0.49194975674777164,2.092836713274595,B,False,1083,0.23506361180850727,True
2.009088649790784,L640_sub00886,lambda,182.15927096911648,1988,0.46356633969912286,2.009088649790784,B,False,1050,0.2307346366957955,True
1.966381299925004,L640_sub00886,lambda,194.14942698859556,2151,0.46547659016354614,1.966381299925004,B,False,1015,0.23671736004675134,True
1.9675409124090593,L640_sub00886,lambda,206.89792169086667,2050,0.45105635582071346,1.9675409124090593,B,False,1076,0.22924878104234162,True
1.721409680438115,L640_sub00886,lambda,220.14654210320907,2008,0.40935806602484404,1.721409680438115,B,False,1061,0.23780397582094379,True
1.8599488780121147,L640_sub00886,lambda,234.13777995018233,1991,0.412269205416619,1.8599488780121147,B,False,1030,0.2216562026464115,True
1.8249945240340102,L640_sub00886,lambda,249.1294844051984,1921,0.3968348581418981,1.8249945240340102,B,False,981,0.21744441033429796,True
1.633101829377326,L640_sub00886,lambda,265.12167018182424,1971,0.38415118168367324,1.633101829377326,B,False,1000,0.23522794156084165,True
1.7399329007352191,L640_sub00886,lambda,282.35660077285246,2040,0.40084744926576454,1.7399329007352191,B,False,1040,0.23038098141392926,True
1.4977922176419527,L640_sub00886,lambda,300.85004570383563,2054,0.4306351339103091,1.4977922176419527,B,False,1022,0.2875132670860575,True
6.6755268226411415,L640_sub00886,lambda,315.46037786067524,933,0.3753188056225444,6.6755268226411415,B,False,178,0.056223099029366376,True
,L640_sub00886,parallel,33.98529093593286,1541,0.010704340124164255,,u,False,0,,False
,L640_sub00886,parallel,35.98610843089316,1552,0.010937589809833323,,u,False,0,,False
,L640_sub00886,parallel,38.22956970723055,1550,0.01230071096531335,,u,False,0,,False
,L640_sub00886,parallel,40.7308237088326,1567,0.012570943762076028,,u,False,0,,False
,L640_sub00886,parallel,43.23193264243457,1616,0.014245707045949052,,u,False,0,,False
,L640_sub00886,parallel,45.97553697348189,1678,0.015318644316730513,,u,False,0,,False
,L640_sub00886,parallel,48.977035434987286,1608,0.015823729885985266,,u,False,0,,False
,L640_sub00886,parallel,52.22068555658763,1638,0.01623150303289826,,u,False,0,,False
,L640_sub00886,parallel,55.72252686302013,1595,0.01843264160668779,,u,False,0,,False
,L640_sub00886,parallel,59.22415047934415,1568,0.01969140618407075,,u,False,0,,False
,L640_sub00886,parallel,62.96824596572466,1597,0.02165784242589056,,u,False,0,,False
,L640_sub00886,parallel,66.97014260101288,1597,0.0234512812735078,,u,False,0,,False
,L640_sub00886,parallel,71.21446482281532,1590,0.022508360956597185,,u,False,0,,False
,L640_sub00886,parallel,75.95887044973747,1609,0.023785182388260072,,u,False,0,,False
,L640_sub00886,parallel,80.96141056083448,1605,0.026162764964778762,,u,False,0,,False
,L640_sub00886,parallel,86.20614827261453,1566,0.027006926799403506,,u,False,0,,False
,L640_sub00886,parallel,91.95107394696377,1580,0.02960799491567638,,u,False,0,,False
,L640_sub00886,parallel,97.95407086997457,1541,0.030758173997825506,,u,False,0,,False
,L640_sub00886,parallel,104.19932821280567,1643,0.03418752779361569,,u,False,0,,False
,L640_sub00886,parallel,110.94480609744649,1599,0.03330729333602914,,u,False,0,,False
,L640_sub00886,parallel,117.94808179873041,1645,0.035013144780293236,,u,False,0,,False
,L640_sub00886,parallel,125.193849689192,1590,0.03819636126068902,,u,False,0,,False
,L640_sub00886,parallel,133.18220601867202,1582,0.03994270554585678,,u,False,0,,False
,L640_sub00886,parallel,141.92867927237256,1571,0.04309202527476001,,u,False,0,,False
,L640_sub00886,parallel,151.17539482336403,1622,0.0446386579518586,,u,False,0,,False
,L640_sub00886,parallel,160.92234151913152,1585,0.04749619993449105,,u,False,0,,False
,L640_sub00886,parallel,171.1695066301238,1479,0.04827550515523009,,u,False,0,,False
,L640_sub00886,parallel,182.15927096911648,1550,0.052204478520357,,u,False,0,,False
,L640_sub00886,parallel,194.14942698859556,1528,0.05599026016028052,,u,False,0,,False
,L640_sub00886,parallel,206.89792169086667,1549,0.056728811502712244,,u,False,0,,False
,L640_sub00886,parallel,220.14654210320907,1524,0.05805063139765795,,u,False,0,,False
,L640_sub00886,parallel,234.13777995018233,1604,0.06637487959151442,,u,False,0,,False
,L640_sub00886,parallel,249.1294844051984,1533,0.06993832391847883,,u,False,0,,False
,L640_sub00886,parallel,265.12167018182424,1658,0.06761567719057417,,u,False,0,,False
,L640_sub00886,parallel,282.35660077285246,1640,0.07365413530478053,,u,False,0,,False
,L640_sub00886,parallel,300.85004570383563,1725,0.08477786202855314,,u,False,0,,False
,L640_sub00886,parallel,315.46037786067524,1115,0.08378838828738126,,u,False,0,,False
1.5415359660134866,L640_sub00886,xi,33.98529093593286,1536,0.016467705562606575,0.6487036449665626,u,False,1814,0.025385560402478392,True
1.42969519709088,L640_sub00886,xi,35.98610843089316,1515,0.018079397549633662,0.6994497862444969,u,False,1818,0.025848027843007874,True
1.4656859033579188,L640_sub00886,xi,38.22956970723055,1639,0.01920564609356451,0.682274420262198,u,False,1865,0.028149444744218582,True
1.569082372145552,L640_sub00886,xi,40.7308237088326,1564,0.019906280643645045,0.6373151707979532,u,False,1899,0.031234594052925654,True
1.7528573009951363,L640_sub00886,xi,43.23193264243457,1615,0.019719433946451495,0.5704970960455695,u,False,1905,0.034565353764528836,True
1.5334714771264715,L640_sub00886,xi,45.97553697348189,1555,0.020520489347297905,0.6521151615247983,u,False,1949,0.03146758511075894,True
1.6926426357615831,L640_sub00886,xi,48.977035434987286,1632,0.02257933530249287,0.590792160655969,u,False,1940,0.0382187456201561,True
1.528321070452459,L640_sub00886,xi,52.22068555658763,1653,0.024801150806848603,0.6543127745428192,u,False,1994,0.03790412134957573,True
1.6029388610352728,L640_sub00886,xi,55.72252686302013,1648,0.02481692566777636,0.6238541121612965,u,False,1890,0.03978001456430247,True
1.6937401876019553,L640_sub00886,xi,59.22415047934415,1606,0.024282295266791248,0.5904093244760449,u,False,1862,0.04112789934058108,True
1.5930629868618742,L640_sub00886,xi,62.96824596572466,1636,0.028024686041304193,0.6277215704884772,u,False,2008,0.04464509005082633,True
1.6303837693430643,L640_sub00886,xi,66.97014260101288,1705,0.027591612308510705,0.6133525239906756,u,False,1983,0.04498491687780217,True
1.5955779286034097,L640_sub00886,xi,71.21446482281532,1674,0.0294255870159509,0.6267321589709429,u,False,1955,0.04695081717885033,True
1.7225856047976065,L640_sub00886,xi,75.95887044973747,1651,0.0280005332780831,0.5805226731344327,u,False,1961,0.04823331555148228,True
1.561432929791596,L640_sub00886,xi,80.96141056083448,1676,0.03135028266570649,0.6404373706486833,u,False,1951,0.04895136371250878,True
1.608709578369834,L640_sub00886,xi,86.20614827261453,1687,0.03293150012480792,0.6216162403989275,u,False,2079,0.05297721968086589,True
1.7029264270555993,L640_sub00886,xi,91.95107394696377,1656,0.03356389872561268,0.5872244297300759,u,False,2006,0.05715685013486358,True
1.6393540693601976,L640_sub00886,xi,97.95407086997457,1693,0.03543485459993721,0.609996350812901,u,False,1962,0.05809027308559399,True
1.6977152045927795,L640_sub00886,xi,104.19932821280567,1745,0.036296625744525454,0.5890269447400419,u,False,1999,0.061621333401894574,True
1.7618700816176907,L640_sub00886,xi,110.94480609744649,1725,0.036635951508122454,0.5675787394504328,u,False,2015,0.06454778687375747,True
1.6602143126896145,L640_sub00886,xi,117.94808179873041,1698,0.04027990249745978,0.6023318750818136,u,False,2031,0.06687327064002488,True
1.712020606923643,L640_sub00886,xi,125.193849689192,1746,0.039008283998979085,0.5841051188028139,u,False,2016,0.066782986046982,True
1.7622115588952474,L640_sub00886,xi,133.18220601867202,1724,0.042368062797016715,0.5674687553558624,u,False,2026,0.07466148998890255,True
1.7720356321805195,L640_sub00886,xi,141.92867927237256,1831,0.04590656520283053,0.5643227381209504,u,False,2060,0.08134806929043403,True
1.9012482733779061,L640_sub00886,xi,151.17539482336403,1778,0.04455350705173658,0.5259702343993833,u,False,2083,0.08470727835504453,True
1.7372050815028248,L640_sub00886,xi,160.92234151913152,1743,0.049023703733790315,0.5756372754418367,u,False,2016,0.08516422724042955,True
1.6944079586716243,L640_sub00886,xi,171.1695066301238,1792,0.052412783060612075,0.5901766424562691,u,False,2139,0.08880863675403039,True
1.73288136288601,L640_sub00886,xi,182.15927096911648,1806,0.05258944143861882,0.577073550109951,u,False,2025,0.0911312629535678,True
1.7064618070517177,L640_sub00886,xi,194.14942698859556,1829,0.059373554941865817,0.5860078414105948,u,False,2136,0.10131870385718078,True
1.732386117272088,L640_sub00886,xi,206.89792169086667,1873,0.062347555382515074,0.5772385209220309,u,False,2142,0.10801003939052177,True
1.750262183160407,L640_sub00886,xi,220.14654210320907,1885,0.06341011374771782,0.5713429734248864,u,False,2217,0.11098432412253033,True
1.7318225895584702,L640_sub00886,xi,234.13777995018233,1809,0.06469666947927956,0.5774263518845489,u,False,2124,0.11204315367341437,True
1.624406927832987,L640_sub00886,xi,249.1294844051984,1825,0.07496025536311968,0.6156092927614101,u,False,2219,0.12176595812398142,True
1.6863133669890484,L640_sub00886,xi,265.12167018182424,1746,0.07767246577168632,0.5930095909667864,u,False,2258,0.130980117277794,True
1.634880313548977,L640_sub00886,xi,282.35660077285246,1875,0.08124803507437987,0.6116655706919689,u,False,2286,0.13283081305764044,True
1.656069180249276,L640_sub00886,xi,300.85004570383563,1740,0.08705174318201844,0.6038395085943676,u,False,2371,0.1441637089707158,True
1.6412439997323003,L640_sub00886,xi,315.46037786067524,781,0.10202515909987558,0.6092939259263752,u,False,1006,0.1674481801944041,True
1.0452658721696613,L640_sub00886,lambda,33.98529093593286,2422,0.029850954696242018,0.9566943938620106,u,False,1739,0.03120218419566446,True
1.067851895838543,L640_sub00886,lambda,35.98610843089316,2333,0.030864349621772754,0.9364594508817522,u,False,1735,0.03295855425743365,True
1.0439130645682833,L640_sub00886,lambda,38.22956970723055,2347,0.03177199580196763,0.9579341747327937,u,False,1655,0.03316720150508266,True
1.1000296309372193,L640_sub00886,lambda,40.7308237088326,2277,0.031242924522275922,0.9090664213726729,u,False,1694,0.03436814273163858,True
1.0410502883159223,L640_sub00886,lambda,43.23193264243457,2258,0.03363760527543625,0.9605683906179708,u,False,1722,0.0350184386702501,True
1.0376749290465763,L640_sub00886,lambda,45.97553697348189,2333,0.036321240727573076,0.9636929369767155,u,False,1670,0.03768964089486801,True
1.0958053013879585,L640_sub00886,lambda,48.977035434987286,2339,0.03683274109629894,0.9125708725203187,u,False,1700,0.04036151295797451,True
1.0015307187394495,L640_sub00886,lambda,52.22068555658763,2308,0.03910419356509811,0.9984716207792645,u,False,1639,0.03916405108697927,True
1.1282090336773454,L640_sub00886,lambda,55.72252686302013,2365,0.038166682587005826,0.8863605680771285,u,False,1665,0.04305999608015581,True
1.0546365809471596,L640_sub00886,lambda,59.22415047934415,2347,0.041674697193008745,0.948193925818417,u,False,1693,0.043951660159642934,True
1.1934795102459734,L640_sub00886,lambda,62.96824596572466,2419,0.0407356053304921,0.8378861902655558,u,False,1662,0.048617110299408975,True
1.0905195613915633,L640_sub00886,lambda,66.97014260101288,2349,0.042995755906016425,0.9169940965790149,u,False,1670,0.04688771287232774,True
1.0859804028651192,L640_sub00886,lambda,71.21446482281532,2458,0.04432976662907001,0.9208269296220458,u,False,1737,0.04814125782275416,True
1.2200229024624667,L640_sub00886,lambda,75.95887044973747,2330,0.04632666236312729,0.819656744132936,u,False,1642,0.056519589077661275,True
1.1925589952692597,L640_sub00886,lambda,80.96141056083448,2353,0.04798056717821287,0.8385329396423,u,False,1664,0.05721965698649875,True
1.199852338557101,L640_sub00886,lambda,86.20614827261453,2316,0.05012929930609528,0.8334358886215648,u,False,1714,0.06014775700264728,True
1.2958186015708137,L640_sub00886,lambda,91.95107394696377,2305,0.05407090991807025,0.7717129533314174,u,False,1646,0.07006609087569524,True
1.1396691539745727,L640_sub00886,lambda,97.95407086997457,2222,0.055455907191216985,0.8774476316328477,u,False,1682,0.06320138683150668,True
1.2584114310425796,L640_sub00886,lambda,104.19932821280567,2267,0.05847372900219801,0.7946526671102402,u,False,1667,0.07358400899205199,True
1.2204696817150855,L640_sub00886,lambda,110.94480609744649,2268,0.06049815824522264,0.8193566911016857,u,False,1612,0.07383616793789574,True
1.278981454315294,L640_sub00886,lambda,117.94808179873041,2263,0.05977290451827949,0.7818721660317995,u,False,1708,0.0764484363494383,True
1.3407143617137278,L640_sub00886,lambda,125.193849689192,2298,0.06529130693149506,0.7458710285774668,u,False,1741,0.08753699289811448,True
1.3179498064219075,L640_sub00886,lambda,133.18220601867202,2221,0.06939729764637234,0.7587542371699972,u,False,1698,0.09146215499923993,True
1.182437861372267,L640_sub00886,lambda,141.92867927237256,2217,0.07923046927328968,0.8457104027770723,u,False,1671,0.09368510664302977,True
1.3468270218674565,L640_sub00886,lambda,151.17539482336403,2159,0.07655450335290256,0.7424858454454233,u,False,1665,0.10310567376133196,True
1.401272826091974,L640_sub00886,lambda,160.92234151913152,2171,0.07632240679536162,0.7136369030925345,u,False,1711,0.10694851466427767,True
1.292309851691138,L640_sub00886,lambda,171.1695066301238,2159,0.08565544664437412,0.7738082308135185,u,False,1724,0.1106933775495293,True
1.3957288933105236,L640_sub00886,lambda,182.15927096911648,2129,0.09180438594364586,0.7164715187833535,u,False,1775,0.12813403399417703,True
1.3440233485531705,L640_sub00886,lambda,194.14942698859556,2196,0.09689787460131627,0.7440346933529773,u,False,1677,0.1302330058893463,True
1.4050861600637172,L640_sub00886,lambda,206.89792169086667,2124,0.10398764277542215,0.7117001280225068,u,False,1748,0.14611159768139545,True
1.3791903927297078,L640_sub00886,lambda,220.14654210320907,2073,0.11043595955000098,0.7250630553050691,u,False,1699,0.15231221442324797,True
1.412612118354509,L640_sub00886,lambda,234.13777995018233,2123,0.10976920771552791,0.7079084109549173,u,False,1735,0.155061313041128,True
1.437213870308524,L640_sub00886,lambda,249.1294844051984,2101,0.1205945827053322,0.6957906687787058,u,False,1704,0.17332020694817188,True
1.4300896043892402,L640_sub00886,lambda,265.12167018182424,2057,0.12378786595612498,0.6992568835762414,u,False,1656,0.17702774025338305,True
1.4495783788618561,L640_sub00886,lambda,282.35660077285246,2071,0.13837665017273237,0.6898557639809412,u,False,1667,0.20058780022972358,True
1.4303554701625785,L640_sub00886,lambda,300.85004570383563,2070,0.1407317328177631,0.6991269099605967,u,False,1686,0.20129640386134592,True
3.1504684927596185,L640_sub00886,lambda,315.46037786067524,702,0.15467348830020325,3.1504684927596185,u,False,356,0.049095392845753774,True
2.5743661122758112,L640_sub00032,parallel,33.98529093593286,1966,0.010929434791600546,0.3884451380988589,B,False,4096,0.028136366553824687,True
,L640_sub00032,parallel,35.98610843089316,2031,0.010560478914532878,,B,False,0,,False
2.2458974498005415,L640_sub00032,parallel,38.22956970723055,1903,0.013926222515277214,0.4452563050413589,B,False,4096,0.03127686763241598,True
2.2132318320165782,L640_sub00032,parallel,40.7308237088326,1958,0.014725622664472615,0.45182794930653675,B,False,4096,0.032591216827275574,True
,L640_sub00032,parallel,43.23193264243457,2005,0.01451093780545775,,B,False,0,,False
,L640_sub00032,parallel,45.97553697348189,1962,0.015576173362479356,,B,False,0,,False
2.488748412188981,L640_sub00032,parallel,48.977035434987286,1948,0.015721732143419404,0.40180839296666754,B,False,4096,0.039127435908795506,True
2.479539768860539,L640_sub00032,parallel,52.22068555658763,1906,0.01598314122848823,0.403300649805486,B,False,4096,0.03963083430735106,True
2.2883441144783876,L640_sub00032,parallel,55.72252686302013,2019,0.01943508626274702,0.4369972128199535,B,False,4096,0.0444741652637369,True
2.070729963268388,L640_sub00032,parallel,59.22415047934415,1997,0.02068602124970043,0.4829214903625701,B,False,4096,0.04283516402256127,True
2.4695779052586504,L640_sub00032,parallel,62.96824596572466,2054,0.020500505216270348,0.4049274970717173,B,False,4096,0.05062759472874096,True
2.1237459509239764,L640_sub00032,parallel,66.97014260101288,2015,0.02362767780898804,0.470866112571012,B,False,4096,0.05017918507657464,True
2.224996818760677,L640_sub00032,parallel,71.21446482281532,1966,0.024324840972068683,0.4494388448415849,B,False,4096,0.0541226937797122,True
1.9314027813836878,L640_sub00032,parallel,75.95887044973747,2048,0.029099520789941755,0.5177583928317552,B,False,4096,0.05620289539062595,True
2.0290479317712267,L640_sub00032,parallel,80.96141056083448,2014,0.029779603711362897,0.49284197989697814,B,False,4096,0.06042424331950763,True
1.9928437059733588,L640_sub00032,parallel,86.20614827261453,1878,0.031244426409503687,0.5017954980626907,B,False,4096,0.062265258516927206,True
2.044798858281116,L640_sub00032,parallel,91.95107394696377,1940,0.03243301564697509,0.48904565647137177,B,False,4096,0.06631899336554824,True
1.9347716767398941,L640_sub00032,parallel,97.95407086997457,2031,0.03616632802656314,0.5168568529414324,B,False,4096,0.06997358711747859,True
1.8112893827092589,L640_sub00032,parallel,104.19932821280567,2000,0.038453570764478265,0.5520928955616343,B,False,4096,0.06965054445295864,True
1.9263573104827338,L640_sub00032,parallel,110.94480609744649,2014,0.03686186722073499,0.5191144937433263,B,False,4096,0.07100912739870671,True
1.9754631572663328,L640_sub00032,parallel,117.94808179873041,2022,0.03923933894589764,0.5062104025183698,B,False,4096,0.07751586840310672,True
2.0242216463306884,L640_sub00032,parallel,125.193849689192,1948,0.04065856588079885,0.4940170469042768,B,False,4096,0.0823019491646754,True
1.7257443841276463,L640_sub00032,parallel,133.18220601867202,2108,0.04720701723392621,0.5794600922346296,B,False,4096,0.08146724488286518,True
1.6828472550078553,L640_sub00032,parallel,141.92867927237256,2117,0.049865749311144146,0.5942309957271388,B,False,4096,0.08391643934716878,True
1.7665108722704428,L640_sub00032,parallel,151.17539482336403,1945,0.04945937456689548,0.5660876565762261,B,False,4096,0.0873705229081171,True
1.6415739320438505,L640_sub00032,parallel,160.92234151913152,2061,0.0573786642423266,0.6091714667733208,B,False,4096,0.09419131947569995,True
1.6596079196903064,L640_sub00032,parallel,171.1695066301238,2000,0.05940715359322576,0.6025519570830962,B,False,4096,0.0985925825895759,True
1.559603999788465,L640_sub00032,parallel,182.15927096911648,2041,0.06415818383568275,0.6411884043229139,B,False,4096,0.10006136012929447,True
1.6773023323132215,L640_sub00032,parallel,194.14942698859556,1945,0.0636928147036575,0.5961954387918056,B,False,4096,0.10683210665403857,True
1.5633762363510215,L640_sub00032,parallel,206.89792169086667,2014,0.0690543950675061,0.6396412947493927,B,False,4096,0.10795800026413424,True
1.5307858112605253,L640_sub00032,parallel,220.14654210320907,1953,0.07325191064892872,0.6532592558958658,B,False,4096,0.11213298546910387,True
1.436073960470482,L640_sub00032,parallel,234.13777995018233,1993,0.08220779781873414,0.696342965283197,B,False,4096,0.11805647779510618,True
1.3468957009944817,L640_sub00032,parallel,249.1294844051984,1915,0.08778826666224596,0.7424479855876361,B,False,4096,0.11824163896513626,True
1.2926957267985373,L640_sub00032,parallel,265.12167018182424,1904,0.09795349958448926,0.7735772458044544,B,False,4096,0.12662407033783157,True
1.291102084701782,L640_sub00032,parallel,282.35660077285246,1957,0.10005732796581093,0.774532093045903,B,False,4096,0.1291842247263484,True
1.2271699573319974,L640_sub00032,parallel,300.85004570383563,1896,0.10835920313894853,0.8148830518749905,B,False,4096,0.13297515869255272,True
,L640_sub00032,parallel,315.46037786067524,1116,0.07487865775367318,,B,False,0,,False
1.2799012999168309,L640_sub00032,xi,33.98529093593286,1535,0.01876828225292626,0.7813102463955469,B,False,1645,0.02402154885272631,True
1.3341118356673165,L640_sub00032,xi,35.98610843089316,1592,0.017639248303128033,0.7495623479719784,B,False,1530,0.02353272993347774,True
1.2416905780741025,L640_sub00032,xi,38.22956970723055,1610,0.01878060859004796,0.8053536184119464,B,False,1642,0.023319704736760108,True
1.2658314008789473,L640_sub00032,xi,40.7308237088326,1587,0.021508729328364378,0.7899946227480503,B,False,1558,0.02722642497684958,True
1.1428924815527077,L640_sub00032,xi,43.23193264243457,1613,0.02313656101359439,0.8749729446477964,B,False,1647,0.02644260163142252,True
1.2007184963297897,L640_sub00032,xi,45.97553697348189,1650,0.025397277609919344,0.8328346761182396,B,False,1574,0.03049498098265259,True
1.1479571244067328,L640_sub00032,xi,48.977035434987286,1606,0.02521187663527428,0.8711126737566984,B,False,1586,0.02894215340312676,True
1.207944047582222,L640_sub00032,xi,52.22068555658763,1655,0.028555016246144618,0.8278529142153268,B,False,1603,0.03449286190314404,True
1.1004051352641973,L640_sub00032,xi,55.72252686302013,1595,0.029850899553997418,0.9087562098298543,B,False,1573,0.032848083161474494,True
1.1815700168790915,L640_sub00032,xi,59.22415047934415,1594,0.03090988872209581,0.8463315636946538,B,False,1608,0.03652219773909759,True
1.1837786950561298,L640_sub00032,xi,62.96824596572466,1600,0.032483034472609355,0.8447524897823779,B,False,1647,0.03845272415944878,True
1.1170380318970703,L640_sub00032,xi,66.97014260101288,1617,0.033873775386548476,0.8952246668823762,B,False,1546,0.03783829539071353,True
1.1792844062599073,L640_sub00032,xi,71.21446482281532,1667,0.035897565484554715,0.8479718672542219,B,False,1640,0.042333439198629245,True
1.1606411703000252,L640_sub00032,xi,75.95887044973747,1624,0.03794820618867787,0.8615927347653026,B,False,1577,0.04404425044161374,True
1.1245693405255994,L640_sub00032,xi,80.96141056083448,1733,0.040280325101156,0.8892292933511966,B,False,1621,0.04529801863516375,True
1.1084266376201555,L640_sub00032,xi,86.20614827261453,1709,0.04513806480147325,0.9021796897150066,B,False,1603,0.05003223339657768,True
1.1757719951165433,L640_sub00032,xi,91.95107394696377,1706,0.04580246987924079,0.8505050334192382,B,False,1524,0.053853261391180324,True
1.1166971328084594,L640_sub00032,xi,97.95407086997457,1707,0.04957841241323748,0.8954979560886221,B,False,1526,0.055364070991057626,True
1.1266664931915653,L640_sub00032,xi,104.19932821280567,1721,0.05202200857199967,0.8875741011585863,B,False,1620,0.05861145396659642,True
1.1135873718414169,L640_sub00032,xi,110.94480609744649,1787,0.0551323019171992,0.8979986889995081,B,False,1630,0.061394635195541364,True
1.0725468716331659,L640_sub00032,xi,117.94808179873041,1740,0.05739588592246692,0.9323601853197345,B,False,1543,0.06155977789075596,True
1.079518443316824,L640_sub00032,xi,125.193849689192,1790,0.06136498831121857,0.9263389673338945,B,False,1607,0.06624463665588176,True
1.1329764500439092,L640_sub00032,xi,133.18220601867202,1667,0.06299514257940939,0.8826308790101015,B,False,1558,0.07137201300962916,True
1.1838109017796823,L640_sub00032,xi,141.92867927237256,1783,0.06515919695231151,0.8447295074717169,B,False,1588,0.07713616770335581,True
1.1174915088649888,L640_sub00032,xi,151.17539482336403,1745,0.06919422788309779,0.8948613855828557,B,False,1611,0.07732396212183083,True
1.1833983586485914,L640_sub00032,xi,160.92234151913152,1766,0.0722946785720031,0.8450239876468755,B,False,1505,0.08555340396113596,True
1.1396589296731183,L640_sub00032,xi,171.1695066301238,1874,0.07829719787456413,0.877455503539839,B,False,1571,0.08923210072613011,True
1.1039304963277803,L640_sub00032,xi,182.15927096911648,1788,0.07994984442168514,0.9058541306055911,B,False,1549,0.08825907143375969,True
1.1804120131849787,L640_sub00032,xi,194.14942698859556,1833,0.08162903280353417,0.847161828946325,B,False,1489,0.09635589094596243,True
1.1661954648909563,L640_sub00032,xi,206.89792169086667,1830,0.08642723499395705,0.8574891860804003,B,False,1564,0.10079104949301765,True
1.1264778901891805,L640_sub00032,xi,220.14654210320907,1941,0.09129124169248906,0.887722705176273,B,False,1467,0.10283756533450564,True
1.1673783310904973,L640_sub00032,xi,234.13777995018233,1957,0.09477744196674316,0.8566203203942101,B,False,1483,0.11064113202816309,True
1.152768448353798,L640_sub00032,xi,249.1294844051984,1946,0.09830609101452428,0.8674769000036756,B,False,1485,0.1133241600025404,True
1.2585485404915457,L640_sub00032,xi,265.12167018182424,2016,0.09862046317613893,0.794566095646525,B,False,1456,0.12411863999292988,True
1.272264474256122,L640_sub00032,xi,282.35660077285246,2001,0.10418793952580827,0.7860000968624767,B,False,1436,0.1325546141046311,True
1.225602806140314,L640_sub00032,xi,300.85004570383563,2119,0.1159163061655881,0.8159250248040917,B,False,1460,0.14206735011396454,True
1.7973067018100675,L640_sub00032,xi,315.46037786067524,771,0.09143300290807262,0.5563880660951745,B,False,539,0.1643331488932983,True
1.1609613042157632,L640_sub00032,lambda,33.98529093593286,2649,0.054111726434277876,1.1609613042157632,B,False,2303,0.046609414317069504,True
1.1577499269779503,L640_sub00032,lambda,35.98610843089316,2629,0.05763792412978892,1.1577499269779503,B,False,2209,0.0497844333968044,True
1.0985770194171725,L640_sub00032,lambda,38.22956970723055,2568,0.057015205033965725,1.0985770194171725,B,False,2250,0.05189914227790235,True
1.1154549674702006,L640_sub00032,lambda,40.7308237088326,2698,0.060560693945285765,1.1154549674702006,B,False,2276,0.05429237011928377,True
1.1661056735402275,L640_sub00032,lambda,43.23193264243457,2591,0.06528677692597258,1.1661056735402275,B,False,2231,0.055987015934641504,True
1.0814072089252007,L640_sub00032,lambda,45.97553697348189,2726,0.06595782149160512,1.0814072089252007,B,False,2239,0.060992585352893945,True
1.2196139511433297,L640_sub00032,lambda,48.977035434987286,2661,0.07738321709088504,1.2196139511433297,B,False,2208,0.06344894383861548,True
1.160328964483813,L640_sub00032,lambda,52.22068555658763,2575,0.07623288757910425,1.160328964483813,B,False,2151,0.0656993748432518,True
1.1296747340580477,L640_sub00032,lambda,55.72252686302013,2556,0.07990575831220376,1.1296747340580477,B,False,2260,0.07073342078313477,True
1.1184404638973693,L640_sub00032,lambda,59.22415047934415,2588,0.07968740445621235,1.1184404638973693,B,False,2161,0.07124867798374349,True
1.08773242710982,L640_sub00032,lambda,62.96824596572466,2643,0.08450888009888446,1.08773242710982,B,False,2221,0.07769271007524375,True
1.102239392740603,L640_sub00032,lambda,66.97014260101288,2602,0.08534767549820374,1.102239392740603,B,False,2229,0.07743116065376295,True
1.1165081022342551,L640_sub00032,lambda,71.21446482281532,2598,0.09606382744838377,1.1165081022342551,B,False,2304,0.08603952560321732,True
1.1211520435056506,L640_sub00032,lambda,75.95887044973747,2596,0.09801558596236522,1.1211520435056506,B,False,2269,0.08742399082276768,True
1.1164654106055143,L640_sub00032,lambda,80.96141056083448,2583,0.10176132481039221,1.1164654106055143,B,False,2194,0.09114597178178768,True
1.0801377899323732,L640_sub00032,lambda,86.20614827261453,2602,0.10011145739314768,1.0801377899323732,B,False,2182,0.09268396895864148,True
1.102229797605964,L640_sub00032,lambda,91.95107394696377,2592,0.11351639920664056,1.102229797605964,B,False,2173,0.10298796081651705,True
1.0754459970466859,L640_sub00032,lambda,97.95407086997457,2552,0.1161118941778608,1.0754459970466859,B,False,2185,0.10796627119978049,True
1.0096479961905882,L640_sub00032,lambda,104.19932821280567,2540,0.109989521923796,1.0096479961905882,B,False,2170,0.10893848384663521,True
1.0083930088234647,L640_sub00032,lambda,110.94480609744649,2530,0.11246295984071107,0.9916768474691656,B,False,2137,0.11340686245496712,True
1.0304943773922626,L640_sub00032,lambda,117.94808179873041,2668,0.12030061448479779,1.0304943773922626,B,False,2121,0.11674068012794678,True
1.0253478537347835,L640_sub00032,lambda,125.193849689192,2578,0.12026822527886281,1.0253478537347835,B,False,2143,0.11729504756926268,True
1.0675745132479004,L640_sub00032,lambda,133.18220601867202,2482,0.12237231027540496,0.9367027664960667,B,False,2112,0.1306415595772865,True
1.017657439012382,L640_sub00032,lambda,141.92867927237256,2478,0.12791913981134728,1.017657439012382,B,False,2075,0.12569960667264465,True
1.0476033760583765,L640_sub00032,lambda,151.17539482336403,2306,0.12669522374256853,0.9545597340116591,B,False,2103,0.13272634412318618,True
1.1213720658962,L640_sub00032,lambda,160.92234151913152,2365,0.1284659151943198,0.8917646786580156,B,False,2158,0.14405808871870043,True
1.1905660441239183,L640_sub00032,lambda,171.1695066301238,2326,0.13171297907488771,0.8399366040511033,B,False,2187,0.1568130004569655,True
1.2490696063785363,L640_sub00032,lambda,182.15927096911648,2284,0.13671393440171992,0.8005958954515986,B,False,2201,0.17076522022961732,True
1.2604988028111235,L640_sub00032,lambda,194.14942698859556,2297,0.1318933961163359,0.7933367312764062,B,False,2145,0.1662514679033347,True
1.2496434324810088,L640_sub00032,lambda,206.89792169086667,2284,0.13880170312661536,0.800228268326611,B,False,2282,0.1734526367293536,True
1.3478158523927217,L640_sub00032,lambda,220.14654210320907,2372,0.12689647878657295,0.7419411177162973,B,False,2257,0.17103308572135975,True
1.4977535460326876,L640_sub00032,lambda,234.13777995018233,2198,0.1368428204187864,0.6676665881705585,B,False,2272,0.2049568195313516,True
1.4950939977173259,L640_sub00032,lambda,249.1294844051984,2270,0.13361334523931467,0.6688542670405849,B,False,2362,0.19976451048223223,True
1.506429578539437,L640_sub00032,lambda,265.12167018182424,2180,0.13797668528790477,0.663821272660852,B,False,2430,0.20785215986652694,True
1.5463098131229103,L640_sub00032,lambda,282.35660077285246,2189,0.1320221869490485,0.646700933741351,B,False,2526,0.2041472032292611,True
1.6472477054295824,L640_sub00032,lambda,300.85004570383563,2161,0.13531348408680108,0.6070732390179363,B,False,2491,0.2228948261756654,True
2.2951099034181364,L640_sub00032,lambda,315.46037786067524,950,0.13617664395989357,0.43570898217583715,B,False,850,0.31254036416659725,True
3.416531229064588,L640_sub00032,parallel,33.98529093593286,1966,0.005377848794947227,0.2926945293205442,u,False,4096,0.018373588353124564,True
,L640_sub00032,parallel,35.98610843089316,2031,0.005306892533503041,,u,False,0,,False
2.9376818110790266,L640_sub00032,parallel,38.22956970723055,1903,0.006616783341131555,0.34040446321608075,u,False,4096,0.01943800406909288,True
3.1010858236150343,L640_sub00032,parallel,40.7308237088326,1958,0.006780893337360712,0.32246769579381335,u,False,4096,0.02102813219993494,True
,L640_sub00032,parallel,43.23193264243457,2005,0.006803568379564149,,u,False,0,,False
,L640_sub00032,parallel,45.97553697348189,1962,0.007473992702719491,,u,False,0,,False
3.193126394219825,L640_sub00032,parallel,48.977035434987286,1948,0.007579155041163923,0.3131726955156529,u,False,4096,0.024201200007824768,True
3.0851670087160175,L640_sub00032,parallel,52.22068555658763,1906,0.008064527076964579,0.3241315614924131,u,False,4096,0.024880412878748134,True
2.827296946196114,L640_sub00032,parallel,55.72252686302013,2019,0.009707932236794888,0.35369471938397357,u,False,4096,0.027447207166969,True
2.7844551871687746,L640_sub00032,parallel,59.22415047934415,1997,0.009397944386571107,0.35913668304240043,u,False,4096,0.02616815499591159,True
3.16850080602983,L640_sub00032,parallel,62.96824596572466,2054,0.009612734393842458,0.3156066736978401,u,False,4096,0.030457956675040497,True
2.879896781137837,L640_sub00032,parallel,66.97014260101288,2015,0.010784913599046278,0.3472346670719579,u,False,4096,0.03105943795874306,True
2.6541788139673925,L640_sub00032,parallel,71.21446482281532,1966,0.012060533344306021,0.3767643667177148,u,False,4096,0.03201081208760435,True
2.613152683930268,L640_sub00032,parallel,75.95887044973747,2048,0.013429674578905896,0.38267951434661945,u,False,4096,0.03509379017017803,True
2.537668594678553,L640_sub00032,parallel,80.96141056083448,2014,0.01351069208260361,0.39406248794542464,u,False,4096,0.03428565899039535,True
2.890590486245787,L640_sub00032,parallel,86.20614827261453,1878,0.013690534088586927,0.34595007655296417,u,False,4096,0.03957372758809301,True
2.600192679021873,L640_sub00032,parallel,91.95107394696377,1940,0.015124841984615275,0.3845868839136086,u,False,4096,0.03932750339975929,True
2.844215719630092,L640_sub00032,parallel,97.95407086997457,2031,0.015943748729154123,0.3515907717892988,u,False,4096,0.04534746076529246,True
2.4902770291292162,L640_sub00032,parallel,104.19932821280567,2000,0.017289667274635795,0.40156174927641425,u,False,4096,0.04305606125531266,True
2.4264254390011057,L640_sub00032,parallel,110.94480609744649,2014,0.017841771860567544,0.41212888058562114,u,False,4096,0.043291729119335175,True
2.614179957573573,L640_sub00032,parallel,117.94808179873041,2022,0.018589278900917588,0.38252913580141557,u,False,4096,0.04859572032852405,True
2.428080825363026,L640_sub00032,parallel,125.193849689192,1948,0.020890765658506078,0.41184790454843634,u,False,4096,0.050724467522570996,True
2.5096779203817943,L640_sub00032,parallel,133.18220601867202,2108,0.020575674660399793,0.39845750400030266,u,False,4096,0.05163831639216453,True
2.510459135184485,L640_sub00032,parallel,141.92867927237256,2117,0.022879147286551306,0.3983335103865427,u,False,4096,0.057437164310754046,True
2.4193440723751727,L640_sub00032,parallel,151.17539482336403,1945,0.02414791279061426,0.41333517270995584,u,False,4096,0.058422109670205224,True
2.4678347321489875,L640_sub00032,parallel,160.92234151913152,2061,0.025474084043056972,0.40521352057039944,u,False,4096,0.0628658293711383,True
2.343020080016172,L640_sub00032,parallel,171.1695066301238,2000,0.028513891492106053,0.4267995859399966,u,False,4096,0.06680862032540677,True
2.2079716742253224,L640_sub00032,parallel,182.15927096911648,2041,0.030187901591243748,0.4529043608998539,u,False,4096,0.06665403161776773,True
2.3483616875820923,L640_sub00032,parallel,194.14942698859556,1945,0.030690507257795766,0.4258287832270057,u,False,4096,0.07207241141666772,True
2.3312633150913995,L640_sub00032,parallel,206.89792169086667,2014,0.032029285468737505,0.4289519736044034,u,False,4096,0.07466869822185779,True
2.3661012137942006,L640_sub00032,parallel,220.14654210320907,1953,0.03412854015161967,0.4226361890903363,u,False,4096,0.0807515802777714,True
2.452768307432968,L640_sub00032,parallel,234.13777995018233,1993,0.03718353180266889,0.40770259342048726,u,False,4096,0.0912025883640121,True
2.211354127467632,L640_sub00032,parallel,249.1294844051984,1915,0.03957525676349367,0.4522116053592765,u,False,4096,0.08751490738954304,True
2.258185538512637,L640_sub00032,parallel,265.12167018182424,1904,0.04096515225218183,0.4428334089229241,u,False,4096,0.09250691439884537,True
2.1850907991004895,L640_sub00032,parallel,282.35660077285246,1957,0.0441946457538343,0.45764688607524145,u,False,4096,0.09656931380620884,True
2.232933873766253,L640_sub00032,parallel,300.85004570383563,1896,0.04583219259444514,0.4478412960404046,u,False,4096,0.10234025535311536,True
,L640_sub00032,parallel,315.46037786067524,1116,0.04441405152008955,,u,False,0,,False
1.3947746554316305,L640_sub00032,xi,33.98529093593286,1658,0.009938880216407882,0.7169616942104081,u,False,1672,0.013862498229216553,True
1.2616848204860038,L640_sub00032,xi,35.98610843089316,1643,0.010059091856568414,0.7925909734055433,u,False,1550,0.012691403503306744,True
1.4200789084820387,L640_sub00032,xi,38.22956970723055,1610,0.010400126927976781,0.7041862209396008,u,False,1671,0.014769000895955925,True
1.432799816018116,L640_sub00032,xi,40.7308237088326,1708,0.011253803839668942,0.6979342046393425,u,False,1649,0.016124448070981626,True
1.2776345939176303,L640_sub00032,xi,43.23193264243457,1705,0.01193151481754283,0.7826964022112808,u,False,1642,0.015244116088733523,True
1.2560287569860475,L640_sub00032,xi,45.97553697348189,1647,0.012935411309863564,0.7961601153142295,u,False,1646,0.016247248588631195,True
1.3327592881889656,L640_sub00032,xi,48.977035434987286,1621,0.012766489262050531,0.7503230394731376,u,False,1580,0.01701465714156254,True
1.4226168400659858,L640_sub00032,xi,52.22068555658763,1709,0.012774310356784314,0.7029299610664081,u,False,1622,0.018172949033790697,True
1.3334419419013004,L640_sub00032,xi,55.72252686302013,1685,0.013563087429568015,0.7499389126564752,u,False,1609,0.018085589640260292,True
1.354637271561386,L640_sub00032,xi,59.22415047934415,1721,0.014714807710892895,0.7382049947934602,u,False,1616,0.019933226969034393,True
1.3599448298169299,L640_sub00032,xi,62.96824596572466,1634,0.015511184131302909,0.7353239470270392,u,False,1578,0.0210943546637038,True
1.2897138277106013,L640_sub00032,xi,66.97014260101288,1686,0.015823582728652336,0.7753658048120035,u,False,1616,0.020407893449065566,True
1.1912697710812845,L640_sub00032,xi,71.21446482281532,1715,0.017128205502978198,0.8394404225436914,u,False,1603,0.020404313448566035,True
1.2093199249554847,L640_sub00032,xi,75.95887044973747,1662,0.018471111487878788,0.8269110426149724,u,False,1602,0.022337483158365968,True
1.3424952130493133,L640_sub00032,xi,80.96141056083448,1683,0.017843159291810955,0.7448816131929608,u,False,1628,0.023954355934932583,True
1.272812044294855,L640_sub00032,xi,86.20614827261453,1624,0.019467703337834874,0.7856619557320466,u,False,1576,0.024778727283155378,True
1.2611383722760525,L640_sub00032,xi,91.95107394696377,1692,0.020412831399719625,0.7929344011595172,u,False,1573,0.025743404964987903,True
1.247376784007124,L640_sub00032,xi,97.95407086997457,1662,0.021969228831072458,0.8016823888509127,u,False,1548,0.027403906006419745,True
1.270944526588059,L640_sub00032,xi,104.19932821280567,1613,0.022203676388487345,0.7868164023528007,u,False,1557,0.028219640976080512,True
1.2191598675312676,L640_sub00032,xi,110.94480609744649,1630,0.02339099522302935,0.8202369735356738,u,False,1611,0.028517362637532975,True
1.1361176894523037,L640_sub00032,xi,117.94808179873041,1637,0.024405750061876785,0.8801905025192214,u,False,1532,0.027727804369649875,True
1.0939932382761464,L640_sub00032,xi,125.193849689192,1644,0.02559972076057732,0.9140824321508095,u,False,1500,0.028005921413829075,True
1.1262273415410076,L640_sub00032,xi,133.18220601867202,1603,0.02688627351700556,0.8879201943647614,u,False,1600,0.030280056347001566,True
1.2767789531221125,L640_sub00032,xi,141.92867927237256,1504,0.02725609649790557,0.7832209307293923,u,False,1410,0.03480001035279115,True
1.106802813034365,L640_sub00032,xi,151.17539482336403,1506,0.030814167499598873,0.9035033053976806,u,False,1443,0.03410520726986814,True
1.1653253208747447,L640_sub00032,xi,160.92234151913152,1419,0.02965467353028281,0.8581294700173131,u,False,1437,0.034557341947112616,True
1.105391283120046,L640_sub00032,xi,171.1695066301238,1514,0.03310474708949532,0.9046570343647259,u,False,1411,0.03659369886262184,True
1.0320805806396338,L640_sub00032,xi,182.15927096911648,1448,0.032300774783190836,0.9689165931019148,u,False,1387,0.03333700239334564,True
1.0090857024324835,L640_sub00032,xi,194.14942698859556,1366,0.035443663383118024,1.0090857024324835,u,False,1373,0.03512453233424889,True
1.1052330312194614,L640_sub00032,xi,206.89792169086667,1409,0.0348093086332131,0.9047865669528965,u,False,1373,0.03847239769533988,True
1.1263015861928658,L640_sub00032,xi,220.14654210320907,1428,0.03738469351459448,0.8878616635711297,u,False,1256,0.04210643960482191,True
1.0151786424403766,L640_sub00032,xi,234.13777995018233,1398,0.04025391267732145,0.9850483040069786,u,False,1247,0.04086491242467666,True
1.004238934596002,L640_sub00032,xi,249.1294844051984,1332,0.039453602306803864,0.9957789581244354,u,False,1253,0.039620843546559086,True
1.029619362204267,L640_sub00032,xi,265.12167018182424,1340,0.04107169868322008,1.029619362204267,u,False,1221,0.03989017707989822,True
1.053528043013506,L640_sub00032,xi,282.35660077285246,1326,0.04558033940929891,1.053528043013506,u,False,1228,0.04326447664261612,True
1.0535530781851745,L640_sub00032,xi,300.85004570383563,1325,0.04610171050267625,1.0535530781851745,u,False,1109,0.04375831788379373,True
1.229475667342278,L640_sub00032,xi,315.46037786067524,595,0.04867295176767811,1.229475667342278,u,False,303,0.039588381503224884,True
1.4091111587958018,L640_sub00032,lambda,33.98529093593286,2679,0.022889102217491682,0.7096672208987259,u,False,2410,0.032253289349485265,True
1.4222860153538837,L640_sub00032,lambda,35.98610843089316,2707,0.02436148750287276,0.70309346306213,u,False,2406,0.034649002988554334,True
1.3375658393238923,L640_sub00032,lambda,38.22956970723055,2602,0.02396030956726754,0.7476267489796811,u,False,2383,0.03204849157680249,True
1.3905351483688775,L640_sub00032,lambda,40.7308237088326,2622,0.027061475664992188,0.7191475894536128,u,False,2347,0.037629933078900675,True
1.282890605104537,L640_sub00032,lambda,43.23193264243457,2711,0.026711900419829217,0.7794896899400978,u,False,2314,0.03426844609308684,True
1.4497403098073793,L640_sub00032,lambda,45.97553697348189,2681,0.029136311935626723,0.6897787094937476,u,False,2428,0.04224008589219993,True
1.3913274897658903,L640_sub00032,lambda,48.977035434987286,2634,0.032533911153887374,0.7187380450365884,u,False,2378,0.04526532493800462,True
1.3749478257162318,L640_sub00032,lambda,52.22068555658763,2614,0.03182167837926046,0.7273003246352889,u,False,2367,0.04375314749820539,True
1.2550275234984616,L640_sub00032,lambda,55.72252686302013,2516,0.032693462300294206,0.7967952744274821,u,False,2385,0.04103119502532856,True
1.3071706220126156,L640_sub00032,lambda,59.22415047934415,2667,0.0345504679834101,0.7650110728929379,u,False,2455,0.045163356724701134,True
1.3425312366917335,L640_sub00032,lambda,62.96824596572466,2593,0.03686211639665364,0.7448616260610821,u,False,2350,0.049488542713074034,True
1.4300498489688795,L640_sub00032,lambda,66.97014260101288,2507,0.03731438274580848,0.6992763229345034,u,False,2365,0.053361427410010376,True
1.451843274627706,L640_sub00032,lambda,71.21446482281532,2586,0.040173826228487315,0.6887795793636393,u,False,2465,0.058326099425891446,True
1.3032216906204124,L640_sub00032,lambda,75.95887044973747,2622,0.042339813758129105,0.7673291560424684,u,False,2408,0.05517816366642241,True
1.2300823356813875,L640_sub00032,lambda,80.96141056083448,2600,0.04371717745864608,0.8129537113026369,u,False,2359,0.053775727757729076,True
1.4171392197868862,L640_sub00032,lambda,86.20614827261453,2537,0.043375318124192264,0.7056469724621574,u,False,2359,0.061468864484525806,True
1.3368197514842597,L640_sub00032,lambda,91.95107394696377,2564,0.04822857094034923,0.7480440043541461,u,False,2423,0.06447290621891864,True
1.325381268797288,L640_sub00032,lambda,97.95407086997457,2632,0.05071537905574171,0.7544998737664719,u,False,2449,0.06721721344043434,True
1.3061206353916424,L640_sub00032,lambda,104.19932821280567,2656,0.051108162235894504,0.7656260630934357,u,False,2369,0.06675342533324567,True
1.1886631470961249,L640_sub00032,lambda,110.94480609744649,2637,0.05300099211165616,0.8412812346735706,u,False,2358,0.0630003260826581,True
1.1166499918568602,L640_sub00032,lambda,117.94808179873041,2773,0.058034323437522836,0.8955357607956592,u,False,2551,0.06480402679392827,True
1.2582724295517136,L640_sub00032,lambda,125.193849689192,2722,0.058412211754184595,0.7947404524759963,u,False,2484,0.073498475599427,True
1.261472598554658,L640_sub00032,lambda,133.18220601867202,2595,0.062480765499228604,0.7927243137470903,u,False,2431,0.07881777361399613,True
1.1054266708813254,L640_sub00032,lambda,141.92867927237256,2686,0.07035861146651337,0.9046280737941019,u,False,2509,0.07777628564126052,True
1.1074129582728887,L640_sub00032,lambda,151.17539482336403,2783,0.07010288377679567,0.9030055071412485,u,False,2469,0.07763284190672179,True
1.1066768455442755,L640_sub00032,lambda,160.92234151913152,2698,0.07770276701392091,0.9036061466599035,u,False,2501,0.08599185308902778,True
1.123652812986541,L640_sub00032,lambda,171.1695066301238,2731,0.08622006615930025,0.8899546091484557,u,False,2428,0.09688141987578341,True
1.1478201549337774,L640_sub00032,lambda,182.15927096911648,2830,0.09446242239312702,0.8712166237032963,u,False,2488,0.10842587230669898,True
1.1567732105463362,L640_sub00032,lambda,194.14942698859556,2789,0.09964319981520078,0.8644736849738305,u,False,2489,0.11526458415933992,True
1.1072482393566672,L640_sub00032,lambda,206.89792169086667,2855,0.11046990947427761,0.9031398420475426,u,False,2551,0.12231761276728428,True
1.0196215025984543,L640_sub00032,lambda,220.14654210320907,2968,0.11574063002925732,0.9807560917963677,u,False,2559,0.11801163510212312,True
1.2134054971681223,L640_sub00032,lambda,234.13777995018233,2950,0.12157128600739904,0.8241268086668688,u,False,2604,0.14751526673917603,True
1.1189266409277507,L640_sub00032,lambda,249.1294844051984,3028,0.13525402177173015,0.8937136389664085,u,False,2667,0.15133932825301089,True
1.0641135849903853,L640_sub00032,lambda,265.12167018182424,3083,0.13492289797935528,0.9397493031808587,u,False,2796,0.14357328866610375,True
1.0659188522445493,L640_sub00032,lambda,282.35660077285246,3130,0.14171317370030947,1.0659188522445493,u,False,2834,0.1329493079157932,True
1.0494731758473435,L640_sub00032,lambda,300.85004570383563,3229,0.15212730566790364,1.0494731758473435,u,False,2947,0.14495587802430132,True
1.0415240243450294,L640_sub00032,lambda,315.46037786067524,1573,0.21069640033391504,0.9601314771676609,u,False,1395,0.2194453627907906,True
,L640_sub02279,parallel,33.98529093593286,1704,0.015115459029652606,,B,False,0,,False
,L640_sub02279,parallel,35.98610843089316,1703,0.018368421154512458,,B,False,0,,False
,L640_sub02279,parallel,38.22956970723055,1755,0.020624113402215705,,B,False,0,,False
,L640_sub02279,parallel,40.7308237088326,1765,0.02549620465306129,,B,False,0,,False
,L640_sub02279,parallel,43.23193264243457,1797,0.0229971427377155,,B,False,0,,False
,L640_sub02279,parallel,45.97553697348189,1824,0.029594868115229524,,B,False,0,,False
,L640_sub02279,parallel,48.977035434987286,1722,0.02847126503249841,,B,False,0,,False
,L640_sub02279,parallel,52.22068555658763,1702,0.035517239135834544,,B,False,0,,False
,L640_sub02279,parallel,55.72252686302013,1766,0.044731207434954345,,B,False,0,,False
,L640_sub02279,parallel,59.22415047934415,1763,0.03922333950457258,,B,False,0,,False
,L640_sub02279,parallel,62.96824596572466,1784,0.04080607932080746,,B,False,0,,False
,L640_sub02279,parallel,66.97014260101288,1828,0.04310534300844818,,B,False,0,,False
,L640_sub02279,parallel,71.21446482281532,1798,0.054974443401598495,,B,False,0,,False
,L640_sub02279,parallel,75.95887044973747,1850,0.06146326801447585,,B,False,0,,False
,L640_sub02279,parallel,80.96141056083448,1782,0.05659142053123318,,B,False,0,,False
,L640_sub02279,parallel,86.20614827261453,1839,0.060541619393310396,,B,False,0,,False
,L640_sub02279,parallel,91.95107394696377,1844,0.07933312690447991,,B,False,0,,False
,L640_sub02279,parallel,97.95407086997457,1812,0.07798237568467184,,B,False,0,,False
,L640_sub02279,parallel,104.19932821280567,1810,0.08709500631791997,,B,False,0,,False
,L640_sub02279,parallel,110.94480609744649,1893,0.09296710905602734,,B,False,0,,False
,L640_sub02279,parallel,117.94808179873041,1828,0.08012430676348763,,B,False,0,,False
,L640_sub02279,parallel,125.193849689192,1850,0.10069253160420252,,B,False,0,,False
,L640_sub02279,parallel,133.18220601867202,1871,0.11965290591689198,,B,False,0,,False
,L640_sub02279,parallel,141.92867927237256,1810,0.12338442780741246,,B,False,0,,False
,L640_sub02279,parallel,151.17539482336403,1862,0.12491422752117934,,B,False,0,,False
,L640_sub02279,parallel,160.92234151913152,1907,0.13451917547643102,,B,False,0,,False
,L640_sub02279,parallel,171.1695066301238,1871,0.13071073931140287,,B,False,0,,False
,L640_sub02279,parallel,182.15927096911648,1959,0.14797121478501776,,B,False,0,,False
,L640_sub02279,parallel,194.14942698859556,2016,0.17473375828493215,,B,False,0,,False
,L640_sub02279,parallel,206.89792169086667,1971,0.17337165707489,,B,False,0,,False
,L640_sub02279,parallel,220.14654210320907,1939,0.1738735859890138,,B,False,0,,False
,L640_sub02279,parallel,234.13777995018233,1968,0.20292272332934064,,B,False,0,,False
,L640_sub02279,parallel,249.1294844051984,1920,0.1967203865578927,,B,False,0,,False
,L640_sub02279,parallel,265.12167018182424,2012,0.19813815684662006,,B,False,0,,False
,L640_sub02279,parallel,282.35660077285246,1962,0.2073044591157561,,B,False,0,,False
,L640_sub02279,parallel,300.85004570383563,1953,0.2263578558669397,,B,False,0,,False
,L640_sub02279,parallel,315.46037786067524,1563,0.22490441890223367,,B,False,0,,False
1.0016491095316047,L640_sub02279,xi,33.98529093593286,1505,0.03039672254096999,0.9983536055531703,B,False,985,0.030446850065841847,True
1.0121488114397499,L640_sub02279,xi,35.98610843089316,1520,0.03384966776438612,0.9879970106150018,B,False,1016,0.034260900995353824,True
1.0770098368485148,L640_sub02279,xi,38.22956970723055,1450,0.03897267139425056,1.0770098368485148,B,False,1021,0.03618599390725175,True
1.0183359606437783,L640_sub02279,xi,40.7308237088326,1483,0.040213137953651806,0.9819941931224871,B,False,1030,0.0409504844685328,True
1.0023064261766081,L640_sub02279,xi,43.23193264243457,1537,0.0412108967960485,1.0023064261766081,B,False,1012,0.041116065626009536,True
1.029710201406434,L640_sub02279,xi,45.97553697348189,1467,0.04510562599098172,1.029710201406434,B,False,1006,0.04380419454849918,True
1.0063340762217663,L640_sub02279,xi,48.977035434987286,1400,0.05101831009741412,0.9937057917728997,B,False,991,0.05134146396227686,True
1.0053772958183924,L640_sub02279,xi,52.22068555658763,1474,0.04956933149672926,0.9946514648373721,B,False,1072,0.04983588045570713,True
1.02079564814571,L640_sub02279,xi,55.72252686302013,1506,0.05653751994847625,0.979628000782051,B,False,1045,0.05771325432035583,True
1.1403633260635704,L640_sub02279,xi,59.22415047934415,1515,0.0639154866559683,1.1403633260635704,B,False,1012,0.056048353358221975,True
1.04460984809101,L640_sub02279,xi,62.96824596572466,1486,0.059392848235177494,1.04460984809101,B,False,1021,0.0568564889022595,True
1.0396652786545773,L640_sub02279,xi,66.97014260101288,1456,0.0703936148904518,1.0396652786545773,B,False,990,0.06770795979793384,True
1.0969448627833474,L640_sub02279,xi,71.21446482281532,1584,0.07457483608869998,1.0969448627833474,B,False,1009,0.06798412447046477,True
1.0913006923650075,L640_sub02279,xi,75.95887044973747,1472,0.0798975677138113,1.0913006923650075,B,False,1002,0.07321315589075789,True
1.0167674554942159,L640_sub02279,xi,80.96141056083448,1438,0.07601833898935784,1.0167674554942159,B,False,1036,0.07476472479383983,True
1.106852507466198,L640_sub02279,xi,86.20614827261453,1508,0.08210788878910541,0.9034627407487161,B,False,1005,0.09088132258897705,True
1.0976569960557896,L640_sub02279,xi,91.95107394696377,1451,0.1032968496744568,1.0976569960557896,B,False,947,0.09410667453096307,True
1.175577551519706,L640_sub02279,xi,97.95407086997457,1436,0.11364261210068266,1.175577551519706,B,False,1015,0.09666960036262456,True
1.0584555291160536,L640_sub02279,xi,104.19932821280567,1381,0.11613290905485714,1.0584555291160536,B,False,973,0.10971921432716503,True
1.0093003200984012,L640_sub02279,xi,110.94480609744649,1418,0.11524932785865256,0.990785378828083,B,False,991,0.11632118349886363,True
1.0419310818830745,L640_sub02279,xi,117.94808179873041,1426,0.13524404813397534,1.0419310818830745,B,False,923,0.12980133761779114,True
1.054405945330596,L640_sub02279,xi,125.193849689192,1363,0.13756907945180344,0.9484013291355847,B,False,906,0.1450536552676387,True
1.0080623799264565,L640_sub02279,xi,133.18220601867202,1327,0.14016881650562796,0.9920021021645061,B,False,878,0.1412989107581381,True
1.0709111256549473,L640_sub02279,xi,141.92867927237256,1267,0.16904225968970518,1.0709111256549473,B,False,937,0.15784900879269734,True
1.1104739695631898,L640_sub02279,xi,151.17539482336403,1235,0.17910034601166633,0.9005163807606897,B,False,849,0.19888627218571592,True
1.0711385642122027,L640_sub02279,xi,160.92234151913152,1292,0.179407413569313,0.933586030240146,B,False,850,0.1921701993796588,True
1.0510530698090907,L640_sub02279,xi,171.1695066301238,1202,0.20904663633170092,0.9514267440193446,B,False,850,0.21971910884969884,True
1.0170720949231675,L640_sub02279,xi,182.15927096911648,1184,0.22911479201009569,0.9832144692511132,B,False,831,0.2330262614875938,True
1.0909970913487732,L640_sub02279,xi,194.14942698859556,1144,0.23178617658342723,0.9165927278171974,B,False,754,0.2528780444673722,True
1.0571538139921746,L640_sub02279,xi,206.89792169086667,1141,0.3025701829301798,1.0571538139921746,B,False,774,0.286212071436957,True
1.0081789276109479,L640_sub02279,xi,220.14654210320907,1144,0.34061801129017233,1.0081789276109479,B,False,727,0.3378547219761128,True
1.0326313851512419,L640_sub02279,xi,234.13777995018233,1094,0.3590294664030791,1.0326313851512419,B,False,727,0.3476840541220764,True
1.0058591776359231,L640_sub02279,xi,249.1294844051984,1095,0.3688627222045342,0.9941749523529784,B,False,623,0.37102395441720076,True
1.0268700796518462,L640_sub02279,xi,265.12167018182424,1075,0.43215728936394704,0.9738330289446585,B,False,641,0.4437693901512822,True
1.0528284150204543,L640_sub02279,xi,282.35660077285246,1091,0.4332734687454377,0.9498223886563434,B,False,623,0.45616261936967356,True
1.0698594667966614,L640_sub02279,xi,300.85004570383563,1023,0.4566876967935293,0.9347022025183995,B,False,572,0.4885916557841206,True
3.36569748012085,L640_sub02279,xi,315.46037786067524,466,0.33707704859956894,3.36569748012085,B,False,70,0.10015072673360581,True
1.1302095975375603,L640_sub02279,lambda,33.98529093593286,2615,0.09446108463838519,0.8847916370368346,B,False,1663,0.10676082445211076,True
1.2132953044110464,L640_sub02279,lambda,35.98610843089316,2577,0.09754697704848378,0.8242016567313896,B,False,1705,0.11835328921241747,True
1.0443939923846974,L640_sub02279,lambda,38.22956970723055,2670,0.1042418349366617,0.9574930603695534,B,False,1699,0.10886954616300674,True
1.2126772232291885,L640_sub02279,lambda,40.7308237088326,2620,0.11169336311031665,0.8246217384516723,B,False,1646,0.13544799742974825,True
1.0936767790625757,L640_sub02279,lambda,43.23193264243457,2584,0.12421147126436001,0.9143469251099315,B,False,1732,0.13584720181502893,True
1.1396875751108,L640_sub02279,lambda,45.97553697348189,2547,0.12985221069505534,0.8774334491650313,B,False,1666,0.14799095112982433,True
1.1738397596636525,L640_sub02279,lambda,48.977035434987286,2694,0.13653562712360098,0.8519050336875078,B,False,1716,0.16027094772829387,True
1.132437453131782,L640_sub02279,lambda,52.22068555658763,2585,0.15702089525377882,0.883050977548011,B,False,1652,0.17781634270966162,True
1.1926066290214514,L640_sub02279,lambda,55.72252686302013,2633,0.1539961119726866,0.8384994479030461,B,False,1687,0.18365678398215574,True
1.1697866537608907,L640_sub02279,lambda,59.22415047934415,2523,0.15555628493307022,0.8548567354440035,B,False,1677,0.1819676660233319,True
1.216426417992027,L640_sub02279,lambda,62.96824596572466,2636,0.17156958961071242,0.8220801399978757,B,False,1653,0.208701781326521,True
1.2539832710847232,L640_sub02279,lambda,66.97014260101288,2622,0.18867856202865899,0.7974588043227865,B,False,1662,0.23659976039625966,True
1.314860337471596,L640_sub02279,lambda,71.21446482281532,2633,0.19050455133096844,0.7605370483095908,B,False,1666,0.25048687865291214,True
1.1796308243038998,L640_sub02279,lambda,75.95887044973747,2563,0.20313555027283298,0.8477228463321143,B,False,1710,0.2396249566137682,True
1.27950829830568,L640_sub02279,lambda,80.96141056083448,2622,0.21015021397322584,0.7815502262269,B,False,1606,0.26888894266945673,True
1.2599547708481744,L640_sub02279,lambda,86.20614827261453,2641,0.22423922787353404,0.7936792836831925,B,False,1650,0.2825312849705701,True
1.296272510060094,L640_sub02279,lambda,91.95107394696377,2642,0.26400374316292063,0.7714427269260233,B,False,1668,0.3422207948150595,True
1.3531562996214288,L640_sub02279,lambda,97.95407086997457,2640,0.272198852020379,0.7390129287206282,B,False,1651,0.368327591361097,True
1.3391059299633277,L640_sub02279,lambda,104.19932821280567,2637,0.2860352568487758,0.7467669118808141,B,False,1690,0.3830315086247792,True
1.3322006570594618,L640_sub02279,lambda,110.94480609744649,2707,0.2975154421719494,0.7506376721111058,B,False,1775,0.39635026754680736,True
1.3320544309730842,L640_sub02279,lambda,117.94808179873041,2673,0.3149880678334616,0.7507200732551793,B,False,1755,0.419581251461213,True
1.3331073407335141,L640_sub02279,lambda,125.193849689192,2715,0.3251635136097996,0.7501271423873273,B,False,1761,0.4334778669319258,True
1.357341734768845,L640_sub02279,lambda,133.18220601867202,2740,0.34790620397548777,0.7367341432040324,B,False,1701,0.4722276104409322,True
1.3278880431300948,L640_sub02279,lambda,141.92867927237256,2814,0.3767595057218781,0.7530755361293879,B,False,1799,0.5002944427836865,True
1.312289729289073,L640_sub02279,lambda,151.17539482336403,2768,0.3970158154248874,0.7620268433722678,B,False,1834,0.520999776947406,True
1.2967619748828865,L640_sub02279,lambda,160.92234151913152,2835,0.4182226984915601,0.7711515446698013,B,False,1845,0.5423352924367655,True
1.3172073780357552,L640_sub02279,lambda,171.1695066301238,2872,0.4457341877216331,0.7591819000370459,B,False,1899,0.5871243607097094,True
1.2947584795241271,L640_sub02279,lambda,182.15927096911648,2910,0.4617322696010086,0.7723448162838353,B,False,1903,0.5978317713358263,True
1.2933283432513538,L640_sub02279,lambda,194.14942698859556,2841,0.49284146190385997,0.773198859530177,B,False,1907,0.6374058314096944,True
1.2882363333752123,L640_sub02279,lambda,206.89792169086667,2913,0.5123706392565672,0.7762550815345926,B,False,1927,0.6600544736449938,True
1.2071737702314311,L640_sub02279,lambda,220.14654210320907,2876,0.5388114006405889,0.8283811532852365,B,False,1908,0.6504389899549777,True
1.1781805503361908,L640_sub02279,lambda,234.13777995018233,2925,0.5693129720510002,0.8487663454592359,B,False,2008,0.6707534707245798,True
1.1353647666139195,L640_sub02279,lambda,249.1294844051984,2904,0.5977847524345316,0.8807742052647735,B,False,1998,0.6787037459331916,True
1.1655928232221728,L640_sub02279,lambda,265.12167018182424,2951,0.6002749053409709,0.8579325301914549,B,False,2080,0.699676121625805,True
1.0871970268616273,L640_sub02279,lambda,282.35660077285246,2839,0.6418749262419865,0.919796481495782,B,False,2116,0.6978445114273141,True
1.0787225481917007,L640_sub02279,lambda,300.85004570383563,2810,0.6516097822295736,0.9270224319277779,B,False,2152,0.7029061647133248,True
1.316405354079899,L640_sub02279,lambda,315.46037786067524,1687,0.6295101611017192,0.7596444339129489,B,False,1818,0.828690546522003,True
,L640_sub02279,parallel,33.98529093593286,1704,0.007061479020511938,,u,False,0,,False
,L640_sub02279,parallel,35.98610843089316,1703,0.007806106621146788,,u,False,0,,False
,L640_sub02279,parallel,38.22956970723055,1755,0.008469035079360334,,u,False,0,,False
,L640_sub02279,parallel,40.7308237088326,1765,0.008820741876594956,,u,False,0,,False
,L640_sub02279,parallel,43.23193264243457,1797,0.008880352890024427,,u,False,0,,False
,L640_sub02279,parallel,45.97553697348189,1824,0.012545424058918297,,u,False,0,,False
,L640_sub02279,parallel,48.977035434987286,1722,0.011375006510812795,,u,False,0,,False
,L640_sub02279,parallel,52.22068555658763,1702,0.011035038293709847,,u,False,0,,False
,L640_sub02279,parallel,55.72252686302013,1766,0.015075265521063214,,u,False,0,,False
,L640_sub02279,parallel,59.22415047934415,1763,0.013171389277343683,,u,False,0,,False
,L640_sub02279,parallel,62.96824596572466,1784,0.014034447577976901,,u,False,0,,False
,L640_sub02279,parallel,66.97014260101288,1828,0.014234919497693885,,u,False,0,,False
,L640_sub02279,parallel,71.21446482281532,1798,0.01721511732339722,,u,False,0,,False
,L640_sub02279,parallel,75.95887044973747,1850,0.018281859839037812,,u,False,0,,False
,L640_sub02279,parallel,80.96141056083448,1782,0.016890433760932463,,u,False,0,,False
,L640_sub02279,parallel,86.20614827261453,1839,0.020143292521665187,,u,False,0,,False
,L640_sub02279,parallel,91.95107394696377,1844,0.023863198986758018,,u,False,0,,False
,L640_sub02279,parallel,97.95407086997457,1812,0.021533272054227167,,u,False,0,,False
,L640_sub02279,parallel,104.19932821280567,1810,0.02407142267958609,,u,False,0,,False
,L640_sub02279,parallel,110.94480609744649,1893,0.024676629010896588,,u,False,0,,False
,L640_sub02279,parallel,117.94808179873041,1828,0.02258881328346729,,u,False,0,,False
,L640_sub02279,parallel,125.193849689192,1850,0.026035353248678752,,u,False,0,,False
,L640_sub02279,parallel,133.18220601867202,1871,0.031091833280947095,,u,False,0,,False
,L640_sub02279,parallel,141.92867927237256,1810,0.030115251702299287,,u,False,0,,False
,L640_sub02279,parallel,151.17539482336403,1862,0.030006620160327728,,u,False,0,,False
,L640_sub02279,parallel,160.92234151913152,1907,0.03263037814538474,,u,False,0,,False
,L640_sub02279,parallel,171.1695066301238,1871,0.03112305542169412,,u,False,0,,False
,L640_sub02279,parallel,182.15927096911648,1959,0.03262638382602281,,u,False,0,,False
,L640_sub02279,parallel,194.14942698859556,2016,0.04058120237725293,,u,False,0,,False
,L640_sub02279,parallel,206.89792169086667,1971,0.04133327801886405,,u,False,0,,False
,L640_sub02279,parallel,220.14654210320907,1939,0.040804958252642326,,u,False,0,,False
,L640_sub02279,parallel,234.13777995018233,1968,0.04475956792744355,,u,False,0,,False
,L640_sub02279,parallel,249.1294844051984,1920,0.045886492225362153,,u,False,0,,False
,L640_sub02279,parallel,265.12167018182424,2012,0.04677430542308571,,u,False,0,,False
,L640_sub02279,parallel,282.35660077285246,1962,0.04945489835259361,,u,False,0,,False
,L640_sub02279,parallel,300.85004570383563,1953,0.0556489565576671,,u,False,0,,False
,L640_sub02279,parallel,315.46037786067524,1563,0.04976691344533706,,u,False,0,,False
1.1318758749117748,L640_sub02279,xi,33.98529093593286,1636,0.01380024548460377,0.8834891017338328,u,False,1032,0.015620164931883162,True
1.2418017715101097,L640_sub02279,xi,35.98610843089316,1654,0.014585923112326723,0.8052815054241198,u,False,1075,0.018112825159997577,True
1.1828110446189544,L640_sub02279,xi,38.22956970723055,1622,0.014758969118905112,0.8454435765960847,u,False,1074,0.017457071681031045,True
1.514595442046006,L640_sub02279,xi,40.7308237088326,1695,0.013221666656857305,0.6602423143761349,u,False,1055,0.020025476054727726,True
1.3028231181441947,L640_sub02279,xi,43.23193264243457,1750,0.015149142916683577,0.7675639049331955,u,False,1102,0.01973665361192574,True
1.3362717061324632,L640_sub02279,xi,45.97553697348189,1724,0.015081137856044112,0.7483507997743021,u,False,1040,0.020152497813314945,True
1.1473310984800027,L640_sub02279,xi,48.977035434987286,1608,0.018144498592665925,0.8715879847803405,u,False,1084,0.02081774750169226,True
1.1467892225735627,L640_sub02279,xi,52.22068555658763,1662,0.01920847600048796,0.8719998237826597,u,False,1034,0.022028073259422524,True
1.246637820279629,L640_sub02279,xi,55.72252686302013,1719,0.01947174010524102,0.8021575984079268,u,False,1049,0.0242742076418491,True
1.0329865111445333,L640_sub02279,xi,59.22415047934415,1680,0.02267517897318107,0.9680668519979174,u,False,1019,0.023423154017084197,True
1.1361601605109144,L640_sub02279,xi,62.96824596572466,1658,0.021757408727386424,0.8801575999199927,u,False,1101,0.02471990099200893,True
1.0573977526421958,L640_sub02279,xi,66.97014260101288,1735,0.02713335980969913,0.9457179169345009,u,False,1069,0.028690753684407936,True
1.1641657865721573,L640_sub02279,xi,71.21446482281532,1780,0.024795138997629293,0.858984185529505,u,False,1037,0.028865652494341077,True
1.2977950467459751,L640_sub02279,xi,75.95887044973747,1673,0.02400192593098161,0.770537691993315,u,False,992,0.03114958058559171,True
1.278838342027419,L640_sub02279,xi,80.96141056083448,1660,0.0251200784076617,0.781959663810705,u,False,991,0.032124519422452855,True
1.2268477453694746,L640_sub02279,xi,86.20614827261453,1747,0.026092358894933908,0.8150970678915356,u,False,1075,0.03201135168162082,True
1.2056671034792177,L640_sub02279,xi,91.95107394696377,1647,0.02749190608807405,0.8294163431301061,u,False,1061,0.033146086782330914,True
1.1485624037493196,L640_sub02279,xi,97.95407086997457,1750,0.031949374366720185,0.8706536072708294,u,False,1012,0.036695850220927036,True
1.2082548387913274,L640_sub02279,xi,104.19932821280567,1754,0.029239988048995785,0.8276399712169543,u,False,1010,0.035329357046399744,True
1.1122667908260793,L640_sub02279,xi,110.94480609744649,1731,0.034303456444575386,0.8990648720684191,u,False,1008,0.03815459541385005,True
1.2975570202745668,L640_sub02279,xi,117.94808179873041,1734,0.03367687037994919,0.7706790409784051,u,False,1041,0.04369765958237968,True
1.2323141472345098,L640_sub02279,xi,125.193849689192,1659,0.03668743819478386,0.8114813923415095,u,False,1007,0.045210449113223854,True
1.2147935916163848,L640_sub02279,xi,133.18220601867202,1745,0.035120289175044936,0.8231851130111875,u,False,927,0.042663902225558874,True
1.2589154840415027,L640_sub02279,xi,141.92867927237256,1745,0.03774218783486407,0.7943344987621369,u,False,994,0.04751422466691321,True
1.3061122603473379,L640_sub02279,xi,151.17539482336403,1709,0.03805418808814022,0.7656309724357594,u,False,958,0.04970304161948356,True
1.2489577179426048,L640_sub02279,xi,160.92234151913152,1657,0.04223089510116188,0.8006676171930701,u,False,990,0.05274460237222067,True
1.2944444537205697,L640_sub02279,xi,171.1695066301238,1710,0.045875448129368564,0.7725321833051547,u,False,984,0.05938321939300682,True
1.2057769723058027,L640_sub02279,xi,182.15927096911648,1582,0.04867271264915614,0.8293407677936524,u,False,936,0.058688436092009834,True
1.229026214696655,L640_sub02279,xi,194.14942698859556,1652,0.04929391904166089,0.8136522948347504,u,False,949,0.06058351872733584,True
1.3124802858041966,L640_sub02279,xi,206.89792169086667,1592,0.05335550978299699,0.7619162061449705,u,False,948,0.0700280547292165,True
1.3625570631857777,L640_sub02279,xi,220.14654210320907,1536,0.05513151160075983,0.7339142168929883,u,False,900,0.07511983053572395,True
1.4327414939607526,L640_sub02279,xi,234.13777995018233,1502,0.05232797317551776,0.6979626151787807,u,False,881,0.0749724584634295,True
1.264905772859823,L640_sub02279,xi,249.1294844051984,1541,0.06273421842862019,0.7905727220606338,u,False,886,0.07935287504621077,True
1.2739409850980017,L640_sub02279,xi,265.12167018182424,1457,0.06432927319392112,0.784965717955194,u,False,784,0.08195169766330235,True
1.3076696204255027,L640_sub02279,xi,282.35660077285246,1328,0.07026494149819365,0.7647191495315231,u,False,809,0.09188332937816304,True
1.4687410972647132,L640_sub02279,xi,300.85004570383563,1355,0.06769656328519442,0.6808551907904901,u,False,754,0.09942872464054656,True
2.7746867206071815,L640_sub02279,xi,315.46037786067524,548,0.05606049417955837,2.7746867206071815,u,False,69,0.020204260813736375,True
1.2443066059413528,L640_sub02279,lambda,33.98529093593286,2411,0.02985603980905488,0.803660444479817,u,False,1616,0.03715006756165499,True
1.2692689615655859,L640_sub02279,lambda,35.98610843089316,2367,0.031301446116616616,0.7878550805863441,u,False,1614,0.03972995400793911,True
1.4145973144460717,L640_sub02279,lambda,38.22956970723055,2476,0.03096377175832757,0.7069149572022058,u,False,1597,0.0438012683744513,True
1.4174166188822575,L640_sub02279,lambda,40.7308237088326,2457,0.03270204146952773,0.7055088720411485,u,False,1603,0.046352417050285366,True
1.3397132077888323,L640_sub02279,lambda,43.23193264243457,2422,0.034605555550811976,0.7464284103390145,u,False,1581,0.046361519834292944,True
1.4265203875587433,L640_sub02279,lambda,45.97553697348189,2585,0.035607298375536695,0.7010064550926866,u,False,1627,0.05079453707859041,True
1.3844690896626137,L640_sub02279,lambda,48.977035434987286,2401,0.036722396811777476,0.7222985384554116,u,False,1704,0.050841023284230825,True
1.2840520614633315,L640_sub02279,lambda,52.22068555658763,2381,0.03965236931000536,0.7787846225334352,u,False,1672,0.05091570655441773,True
1.4188149969409911,L640_sub02279,lambda,55.72252686302013,2511,0.03933381959896066,0.7048135254814974,u,False,1643,0.055807413133976864,True
1.3493061834345654,L640_sub02279,lambda,59.22415047934415,2489,0.0407661634030259,0.7411216314554857,u,False,1671,0.055006036354606734,True
1.4649995462032008,L640_sub02279,lambda,62.96824596572466,2599,0.041069735467319554,0.6825940680948828,u,False,1701,0.060167143822308644,True
1.3864035380989341,L640_sub02279,lambda,66.97014260101288,2537,0.046179233376091956,0.721290715523722,u,False,1698,0.06402305253931027,True
1.4969803094620613,L640_sub02279,lambda,71.21446482281532,2426,0.044377397203652476,0.6680114585871535,u,False,1650,0.0664320897990445,True
1.504170022543989,L640_sub02279,lambda,75.95887044973747,2438,0.048586265157354896,0.6648184613523338,u,False,1639,0.07308200355706675,True
1.4370927049151556,L640_sub02279,lambda,80.96141056083448,2552,0.049249777750423065,0.69584933287866,u,False,1727,0.07077649632382572,True
1.4596157178354119,L640_sub02279,lambda,86.20614827261453,2475,0.053262369778159006,0.6851118330535553,u,False,1648,0.07774259209736271,True
1.4178062183857902,L640_sub02279,lambda,91.95107394696377,2495,0.0586900563914329,0.7053150049930845,u,False,1771,0.08321112690918626,True
1.4139292921781779,L640_sub02279,lambda,97.95407086997457,2510,0.06098206246218456,0.7072489448602384,u,False,1778,0.08622432441272204,True
1.4077004139425615,L640_sub02279,lambda,104.19932821280567,2491,0.06327086294160328,0.7103784229197527,u,False,1803,0.08906641995339802,True
1.3790839052480448,L640_sub02279,lambda,110.94480609744649,2569,0.07024942217235848,0.7251190418469411,u,False,1904,0.09687984747087473,True
1.3487032718671537,L640_sub02279,lambda,117.94808179873041,2507,0.07632447916834093,0.7414529354671123,u,False,1817,0.10293907477789782,True
1.3061476266068834,L640_sub02279,lambda,125.193849689192,2481,0.08229297501522374,0.7656102416216188,u,False,1900,0.10748677400255405,True
1.2904465702291792,L640_sub02279,lambda,133.18220601867202,2480,0.08537194673339703,0.774925535911497,u,False,1873,0.11016793585590037,True
1.3676166830668208,L640_sub02279,lambda,141.92867927237256,2515,0.08789894006306487,0.731199035798206,u,False,1897,0.12021205685413806,True
1.3025266405312539,L640_sub02279,lambda,151.17539482336403,2443,0.1018069271406557,0.7677386157661511,u,False,1926,0.1326062347913284,True
1.363919720810158,L640_sub02279,lambda,160.92234151913152,2572,0.09965288567995188,0.7331809818000193,u,False,1907,0.13591853601452658,True
1.3286685822791269,L640_sub02279,lambda,171.1695066301238,2595,0.11025113999525413,0.7526331346562388,u,False,2025,0.14648722587215185,True
1.3141717359675937,L640_sub02279,lambda,182.15927096911648,2578,0.11288814408542538,0.7609355555525804,u,False,2060,0.14835440828290333,True
1.2473473191239994,L640_sub02279,lambda,194.14942698859556,2760,0.12081706137462575,0.8017013262210647,u,False,2195,0.15070083761007913,True
1.3164776204207773,L640_sub02279,lambda,206.89792169086667,2754,0.12809449388376004,0.7596027342115974,u,False,2160,0.16863353449709625,True
1.2203274444255083,L640_sub02279,lambda,220.14654210320907,2816,0.134584972279472,0.8194521925799747,u,False,2257,0.16423773527988594,True
1.3022611671074311,L640_sub02279,lambda,234.13777995018233,2867,0.1396324049983275,0.7678951236956482,u,False,2228,0.18183785869913946,True
1.2332641681915302,L640_sub02279,lambda,249.1294844051984,2804,0.1540021329628861,0.8108562835052681,u,False,2333,0.18992531240819516,True
1.2333444241420692,L640_sub02279,lambda,265.12167018182424,2906,0.16147354015854018,0.8108035196215472,u,False,2360,0.199152490401016,True
1.1678236417184078,L640_sub02279,lambda,282.35660077285246,2895,0.16849040090444742,0.8562936767819995,u,False,2379,0.1967670735788263,True
1.1352067085650082,L640_sub02279,lambda,300.85004570383563,2911,0.1775965331796702,0.8808968379548071,u,False,2411,0.2016087758834497,True
1.2218634101179011,L640_sub02279,lambda,315.46037786067524,1959,0.19459562149005546,0.8184220852505167,u,False,2088,0.2377692696678515,True
1.668158741754963,L640_sub01088,parallel,33.98529093593286,2029,0.0045584143560058734,0.5994633334163174,B,False,4096,0.007604158756512519,True
1.5423924136961233,L640_sub01088,parallel,35.98610843089316,2080,0.004476919100600303,0.6483434378438381,B,False,4096,0.006905166057497179,True
1.900366332589316,L640_sub01088,parallel,38.22956970723055,2090,0.004238209590070352,0.5262143318638279,B,False,4096,0.008054150815426863,True
1.4483670825543895,L640_sub01088,parallel,40.7308237088326,2098,0.005312936342380119,0.6904327031765772,B,False,4096,0.007695082110010282,True
1.8836638458932795,L640_sub01088,parallel,43.23193264243457,2023,0.005356984984105687,0.5308802853439997,B,False,4096,0.010090758937553066,True
1.5423398186191375,L640_sub01088,parallel,45.97553697348189,2008,0.005826718157184917,0.6483655468969891,B,False,4096,0.008986779425697419,True
1.5913949344269014,L640_sub01088,parallel,48.977035434987286,2071,0.005868131274217991,0.6283795294096015,B,False,4096,0.00933851438434259,True
1.610205478628927,L640_sub01088,parallel,52.22068555658763,2067,0.006999550651142268,0.6210387514340651,B,False,4096,0.011270714806409954,True
1.6407399896309125,L640_sub01088,parallel,55.72252686302013,2053,0.007198165214233205,0.6094810916536214,B,False,4096,0.011810317518962584,True
1.6047164595799608,L640_sub01088,parallel,59.22415047934415,2100,0.0075595279885941735,0.6231630479204737,B,False,4096,0.012130898989952465,True
1.488596057197609,L640_sub01088,parallel,62.96824596572466,2088,0.00873223210047905,0.6717739141957512,B,False,4096,0.012998766275307508,True
1.4896001304098565,L640_sub01088,parallel,66.97014260101288,2103,0.008984692156228258,0.6713211012708858,B,False,4096,0.013383598607610028,True
1.4701294215871281,L640_sub01088,parallel,71.21446482281532,2088,0.009695083286244764,0.6802122216698555,B,False,4096,0.014253027183846047,True
1.2869488197289787,L640_sub01088,parallel,75.95887044973747,2005,0.011581089954285896,0.7770316773052344,B,False,4096,0.014904270047843365,True
1.51045413434425,L640_sub01088,parallel,80.96141056083448,2112,0.010547731302727936,0.6620525425183738,B,False,4096,0.015931864354157672,True
1.4233619881053914,L640_sub01088,parallel,86.20614827261453,2068,0.011894670184082247,0.7025619683233778,B,False,4096,0.016930421401073228,True
1.3952621370658103,L640_sub01088,parallel,91.95107394696377,2043,0.012895254515117797,0.7167111995907569,B,False,4096,0.017992260372770796,True
1.3585988772980733,L640_sub01088,parallel,97.95407086997457,2041,0.013637928628060519,0.7360524262972745,B,False,4096,0.018528474522754274,True
1.3637229262179997,L640_sub01088,parallel,104.19932821280567,2052,0.01335663127874625,0.7332867848554038,B,False,4096,0.0182147442918667,True
1.3266070709146223,L640_sub01088,parallel,110.94480609744649,2114,0.014028467621964203,0.7538027061099224,B,False,4096,0.01861026434139455,True
1.3944498208939684,L640_sub01088,parallel,117.94808179873041,2106,0.015213601464632522,0.7171287091269513,B,False,4096,0.021214603837509036,True
1.4787913540942637,L640_sub01088,parallel,125.193849689192,2134,0.014625235008190705,0.676227918990292,B,False,4096,0.021627671081709165,True
1.236410936708955,L640_sub01088,parallel,133.18220601867202,2124,0.01812360065579798,0.8087925869224133,B,False,4096,0.022408218063374213,True
1.3341889969250775,L640_sub01088,parallel,141.92867927237256,2161,0.018709376012736992,0.7495189979116248,B,False,4096,0.024961843615527675,True
1.4558739607016176,L640_sub01088,parallel,151.17539482336403,2103,0.016654987421765962,0.6868726462544038,B,False,4096,0.024247562503162033,True
1.2874377029805197,L640_sub01088,parallel,160.92234151913152,2123,0.019997077270733115,0.7767366123307724,B,False,4096,0.0257449912277566,True
1.2676835791626286,L640_sub01088,parallel,171.1695066301238,2182,0.021205148932986608,0.7888403829136545,B,False,4096,0.026881419096045057,True
1.2926957629428835,L640_sub01088,parallel,182.15927096911648,2134,0.02158800936962148,0.7735772241748919,B,False,4096,0.027906728242480958,True
1.35844444084585,L640_sub01088,parallel,194.14942698859556,2127,0.022061200295043826,0.7361361053362913,B,False,4096,0.029968914899189115,True
1.2979145112378687,L640_sub01088,parallel,206.89792169086667,2131,0.023010165304563648,0.770466769068067,B,False,4096,0.02986522745477529,True
1.3802152071382552,L640_sub01088,parallel,220.14654210320907,2151,0.024411406068556227,0.7245246935609446,B,False,4096,0.03369299388344839,True
1.3337690027609965,L640_sub01088,parallel,234.13777995018233,2098,0.0253174773258225,0.74975501599597,B,False,4096,0.03376766648528642,True
1.407220419477835,L640_sub01088,parallel,249.1294844051984,2135,0.02630729102002012,0.7106207287491332,B,False,4096,0.0370201571045182,True
1.2818452941226863,L640_sub01088,parallel,265.12167018182424,2201,0.029243279164590807,0.7801253431947219,B,False,4096,0.03748535978184673,True
1.2580516053928952,L640_sub01088,parallel,282.35660077285246,2142,0.031177861342090097,0.7948799522319241,B,False,4096,0.039223358514133534,True
1.3024201198124197,L640_sub01088,parallel,300.85004570383563,2191,0.031836917882999846,0.767801406618338,B,False,4096,0.04146504240363482,True
,L640_sub01088,parallel,315.46037786067524,100,0.15211209169997225,,B,False,0,,False
1.1334847482865404,L640_sub01088,xi,33.98529093593286,1719,0.009385219450836663,0.8822350733096975,B,False,2529,0.010638003106845538,True
1.106543476354301,L640_sub01088,xi,35.98610843089316,1647,0.01019954205964614,0.9037150562711491,B,False,2588,0.011286236727902745,True
1.033691189011476,L640_sub01088,xi,38.22956970723055,1692,0.01149211896253142,0.9674069109134084,B,False,2580,0.011879302114640432,True
1.1189651001908367,L640_sub01088,xi,40.7308237088326,1708,0.011762852649014732,0.893682921683127,B,False,2560,0.01316222159293482,True
1.067855469153828,L640_sub01088,xi,43.23193264243457,1693,0.012673013977785532,0.9364563172508757,B,False,2548,0.01353294728684119,True
1.154245308820591,L640_sub01088,xi,45.97553697348189,1718,0.012387438370071098,0.8663669606089203,B,False,2553,0.014298142626958754,True
1.0645833655300507,L640_sub01088,xi,48.977035434987286,1799,0.014016182520311355,0.9393346095560162,B,False,2634,0.014921394759356532,True
1.0430967127559787,L640_sub01088,xi,52.22068555658763,1779,0.014242494594917065,0.9586838763568601,B,False,2635,0.014856299293402786,True
1.0205437979878922,L640_sub01088,xi,55.72252686302013,1816,0.0165278865822949,0.9798697537250273,B,False,2699,0.01686743214540836,True
1.068604175393088,L640_sub01088,xi,59.22415047934415,1852,0.01735204325287332,0.9358001990139597,B,False,2680,0.01854246587162189,True
1.070964982090748,L640_sub01088,xi,62.96824596572466,1760,0.01656918494406439,0.9337373459660562,B,False,2644,0.017745016856878213,True
1.0669573477830698,L640_sub01088,xi,66.97014260101288,1832,0.017818464039028346,0.9372445881532245,B,False,2588,0.01901154113264969,True
1.017919432036228,L640_sub01088,xi,71.21446482281532,1788,0.019086032036543105,0.9823960212642937,B,False,2591,0.01942804289046321,True
1.0389651506585416,L640_sub01088,xi,75.95887044973747,1875,0.019069515103246212,0.9624961909128099,B,False,2705,0.019812561632229535,True
1.0768901683470868,L640_sub01088,xi,80.96141056083448,1803,0.01926184858363591,0.9285998046902916,B,False,2649,0.02074289536390777,True
1.0272807893549296,L640_sub01088,xi,86.20614827261453,1782,0.02253865940533463,0.9734436878041296,B,False,2661,0.02315353182491407,True
1.0805432032343052,L640_sub01088,xi,91.95107394696377,1924,0.022075240577559205,0.925460450823973,B,False,2686,0.023853251165843737,True
1.0144500287452471,L640_sub01088,xi,97.95407086997457,1791,0.022377119227397328,0.9857558003491604,B,False,2707,0.022700469243469044,True
1.078368080549338,L640_sub01088,xi,104.19932821280567,1816,0.02320020432516925,0.9273271511250444,B,False,2659,0.025018359806485216,True
1.0835493721571117,L640_sub01088,xi,110.94480609744649,1875,0.02342830034622312,0.9228928793611102,B,False,2752,0.025385720130858304,True
1.0793909811137252,L640_sub01088,xi,117.94808179873041,1909,0.024944496071212772,0.9264483560611105,B,False,2795,0.02692486408769382,True
1.0354736601325123,L640_sub01088,xi,125.193849689192,1889,0.027075098075772235,0.965741610339009,B,False,2807,0.028035550902966614,True
1.0379021347091968,L640_sub01088,xi,133.18220601867202,1861,0.02693165938213855,0.963481976342773,B,False,2817,0.02795242676398257,True
1.0385976460882957,L640_sub01088,xi,141.92867927237256,1936,0.02810154402975964,0.9628367672181163,B,False,2832,0.029186197480754964,True
1.0339762793130636,L640_sub01088,xi,151.17539482336403,2025,0.02798838077667656,0.9671401752701366,B,False,2770,0.0289393218194653,True
1.0907060628184548,L640_sub01088,xi,160.92234151913152,1944,0.028955173919750447,0.9168372984156112,B,False,2877,0.031581583744234615,True
1.0152132072737627,L640_sub01088,xi,171.1695066301238,2016,0.032099216513203986,0.985014766194171,B,False,2927,0.03258754854734475,True
1.0825465157939473,L640_sub01088,xi,182.15927096911648,2106,0.030812073280148518,0.9237478347677216,B,False,2987,0.03335550257381256,True
1.1177277298402606,L640_sub01088,xi,194.14942698859556,2065,0.0322662080649309,0.8946722652599076,B,False,2895,0.03606483549096872,True
1.0087488267521418,L640_sub01088,xi,206.89792169086667,2085,0.03605635464355536,0.9913270513728276,B,False,2908,0.036371805443645606,True
1.072249896265355,L640_sub01088,xi,220.14654210320907,2312,0.03434792499949026,0.932618416176116,B,False,3091,0.03682955901763363,True
1.014118136509983,L640_sub01088,xi,234.13777995018233,2331,0.0352413558900873,0.9860784103925312,B,False,3138,0.03573889816334044,True
1.0140891198034123,L640_sub01088,xi,249.1294844051984,2417,0.038359459665176524,0.9861066256128025,B,False,3256,0.03889991068799336,True
1.0231391632310518,L640_sub01088,xi,265.12167018182424,2352,0.04022754458847562,0.9773841486450594,B,False,3182,0.04115837630909277,True
1.0032933218720241,L640_sub01088,xi,282.35660077285246,2503,0.042736315925764566,1.0032933218720241,B,False,3360,0.04259603347705311,True
1.0736962454630496,L640_sub01088,xi,300.85004570383563,2618,0.04271074812367505,0.9313621093726868,B,False,3466,0.04585836990130789,True
1.1146127266262469,L640_sub01088,xi,315.46037786067524,1056,0.04054756969521365,0.8971726018478534,B,False,1576,0.04519483721604986,True
1.0447297391598074,L640_sub01088,lambda,33.98529093593286,3022,0.026001655193394212,1.0447297391598074,B,False,4066,0.024888403401156424,True
1.0336390429248214,L640_sub01088,lambda,35.98610843089316,2980,0.023886566912635975,0.9674557156532756,B,False,4061,0.024690088162336758,True
1.0300790485251614,L640_sub01088,lambda,38.22956970723055,2965,0.02717963704170181,1.0300790485251614,B,False,3914,0.0263859721063319,True
1.0279489729612983,L640_sub01088,lambda,40.7308237088326,3032,0.027651349472942365,1.0279489729612983,B,False,4038,0.026899535093930605,True
1.004482952616868,L640_sub01088,lambda,43.23193264243457,2938,0.027861233902736093,1.004482952616868,B,False,3950,0.027736890735828135,True
1.000049340773018,L640_sub01088,lambda,45.97553697348189,2973,0.027173059157502476,1.000049340773018,B,False,4005,0.02717171848390825,True
1.016643940723604,L640_sub01088,lambda,48.977035434987286,2903,0.029257592719750758,0.9836285448062007,B,False,4000,0.02974455435869364,True
1.005184035296819,L640_sub01088,lambda,52.22068555658763,2893,0.029278408992818396,0.9948427003267234,B,False,3908,0.029430189298471875,True
1.0185800522665687,L640_sub01088,lambda,55.72252686302013,2951,0.031356994133219344,1.0185800522665687,B,False,4034,0.03078500709241558,True
1.0003299541632267,L640_sub01088,lambda,59.22415047934415,2893,0.03054576072517676,1.0003299541632267,B,False,3941,0.03053568534866899,True
1.0266426359413585,L640_sub01088,lambda,62.96824596572466,2918,0.03308533973758212,1.0266426359413585,B,False,3972,0.03222673458057312,True
1.015867703597547,L640_sub01088,lambda,66.97014260101288,2984,0.03126657174639567,0.984380147590721,B,False,3953,0.031762700439378906,True
1.0446173503576903,L640_sub01088,lambda,71.21446482281532,2968,0.03382471095759903,1.0446173503576903,B,False,3982,0.032380001103769734,True
1.043490941386525,L640_sub01088,lambda,75.95887044973747,2900,0.03555822823632939,1.043490941386525,B,False,3958,0.03407622129338455,True
1.0491789939178917,L640_sub01088,lambda,80.96141056083448,2926,0.03409691968402564,1.0491789939178917,B,False,3958,0.032498667893358577,True
1.052611716805499,L640_sub01088,lambda,86.20614827261453,2913,0.035493968312416524,1.052611716805499,B,False,3809,0.033719906158877655,True
1.0870212334074512,L640_sub01088,lambda,91.95107394696377,2994,0.03599367883138177,1.0870212334074512,B,False,3962,0.03311221319803802,True
1.0436859196679638,L640_sub01088,lambda,97.95407086997457,3084,0.03600612953381463,1.0436859196679638,B,False,4039,0.034499008614842244,True
1.0986021352198363,L640_sub01088,lambda,104.19932821280567,3071,0.03775710139863004,1.0986021352198363,B,False,4054,0.034368312411002765,True
1.0479922144347726,L640_sub01088,lambda,110.94480609744649,3015,0.03761453725483705,1.0479922144347726,B,False,3934,0.03589200066254709,True
1.0836680337026408,L640_sub01088,lambda,117.94808179873041,2969,0.04067814132638348,1.0836680337026408,B,False,3921,0.037537456177788836,True
1.0783056708889747,L640_sub01088,lambda,125.193849689192,2931,0.04067449930640913,1.0783056708889747,B,False,3850,0.03772075062248011,True
1.1433723285297277,L640_sub01088,lambda,133.18220601867202,3076,0.04333429113048297,1.1433723285297277,B,False,3934,0.0379004197051077,True
1.145769548909438,L640_sub01088,lambda,141.92867927237256,2985,0.045374671289909706,1.145769548909438,B,False,3897,0.03960191762217634,True
1.1081846670816875,L640_sub01088,lambda,151.17539482336403,3019,0.04490590668874472,1.1081846670816875,B,False,3954,0.04052204296148647,True
1.1507856971886876,L640_sub01088,lambda,160.92234151913152,3062,0.04727364265349188,1.1507856971886876,B,False,3904,0.041079449257128454,True
1.1516644629346346,L640_sub01088,lambda,171.1695066301238,2895,0.05080851325185102,1.1516644629346346,B,False,3777,0.04411746206215514,True
1.1722486966430186,L640_sub01088,lambda,182.15927096911648,2917,0.05307664574926256,1.1722486966430186,B,False,3861,0.045277632554643676,True
1.1393812718580785,L640_sub01088,lambda,194.14942698859556,2938,0.05462305886024638,1.1393812718580785,B,False,3891,0.04794098359293573,True
1.1041527838880567,L640_sub01088,lambda,206.89792169086667,2843,0.053853646990199275,1.1041527838880567,B,False,3690,0.04877372749137511,True
1.0923116932069594,L640_sub01088,lambda,220.14654210320907,2800,0.05293470039249526,1.0923116932069594,B,False,3638,0.04846116792642058,True
1.0879441435198698,L640_sub01088,lambda,234.13777995018233,2847,0.05260702042014237,1.0879441435198698,B,False,3657,0.048354523284569316,True
1.0615957166974113,L640_sub01088,lambda,249.1294844051984,2712,0.052804588043973394,1.0615957166974113,B,False,3523,0.04974076968607852,True
1.083211922828953,L640_sub01088,lambda,265.12167018182424,2755,0.05550728323899129,1.083211922828953,B,False,3443,0.05124323511324228,True
1.0862699961959292,L640_sub01088,lambda,282.35660077285246,2731,0.0543420699580346,1.0862699961959292,B,False,3417,0.05002630114827639,True
1.0688694420857507,L640_sub01088,lambda,300.85004570383563,2785,0.05639921208182583,1.0688694420857507,B,False,3369,0.05276529561156746,True
1.2824022764289233,L640_sub01088,lambda,315.46037786067524,712,0.051023414938385594,1.2824022764289233,B,False,1016,0.0397873708400373,True
1.9395177046871543,L640_sub01088,parallel,33.98529093593286,2029,0.0028877554136691737,0.5155920967276247,u,False,4096,0.00560085275161754,True
1.7079282423554805,L640_sub01088,parallel,35.98610843089316,2080,0.00265684645589226,0.5855046922936616,u,False,4096,0.004537703097620456,True
2.0562869925500156,L640_sub01088,parallel,38.22956970723055,2090,0.002628531278032728,0.486313439526208,u,False,4096,0.005405014676529566,True
1.5661394953252112,L640_sub01088,parallel,40.7308237088326,2098,0.0033090897731807953,0.6385127269856307,u,False,4096,0.005182496187355189,True
2.023023260430039,L640_sub01088,parallel,43.23193264243457,2023,0.0035816004452634983,0.49430968964115,u,False,4096,0.007245661010334642,True
1.6252905779464113,L640_sub01088,parallel,45.97553697348189,2008,0.0037166627327597577,0.6152745937058965,u,False,4096,0.006040656920958995,True
1.6482006254924884,L640_sub01088,parallel,48.977035434987286,2071,0.003940578054961856,0.6067222548839868,u,False,4096,0.006494863214990106,True
1.790687550295206,L640_sub01088,parallel,52.22068555658763,2067,0.004511129329097233,0.5584447157378984,u,False,4096,0.00807802312738598,True
1.7268676085478436,L640_sub01088,parallel,55.72252686302013,2053,0.004772700802582321,0.5790831879931545,u,False,4096,0.008241822421269706,True
1.6501559788909723,L640_sub01088,parallel,59.22415047934415,2100,0.00480868056950885,0.6060033189541721,u,False,4096,0.007935072992351874,True
1.5512900959956666,L640_sub01088,parallel,62.96824596572466,2088,0.005553134987666145,0.6446247562472631,u,False,4096,0.00861452330809351,True
1.574004953987346,L640_sub01088,parallel,66.97014260101288,2103,0.005718348674856568,0.6353220156434396,u,False,4096,0.009000709142851213,True
1.5984184193821043,L640_sub01088,parallel,71.21446482281532,2088,0.006156324082255651,0.6256184162258134,u,False,4096,0.009840381808763062,True
1.3872804338188591,L640_sub01088,parallel,75.95887044973747,2005,0.0072003945237713585,0.7208347898681404,u,False,4096,0.009988966438604467,True
1.7843967107418672,L640_sub01088,parallel,80.96141056083448,2112,0.006384895057068213,0.5604134966065072,u,False,4096,0.011393185738264526,True
1.509220439591011,L640_sub01088,parallel,86.20614827261453,2068,0.007677237262257089,0.6625937296946453,u,False,4096,0.011586643395788134,True
1.551007450699153,L640_sub01088,parallel,91.95107394696377,2043,0.008346898399844812,0.6447422283814476,u,False,4096,0.01294610160838814,True
1.5448524887883668,L640_sub01088,parallel,97.95407086997457,2041,0.008599182889267552,0.64731099393464,u,False,4096,0.013284469088031317,True
1.5304038158166653,L640_sub01088,parallel,104.19932821280567,2052,0.008394618958703765,0.653422312245329,u,False,4096,0.012847156886727164,True
1.4911233281548402,L640_sub01088,parallel,110.94480609744649,2114,0.008909776093613543,0.6706353398933336,u,False,4096,0.013285574981823457,True
1.5016513306480497,L640_sub01088,parallel,117.94808179873041,2106,0.010108849210083955,0.6659335490139658,u,False,4096,0.015179966867643056,True
1.6772701438581774,L640_sub01088,parallel,125.193849689192,2134,0.009045710110727766,0.5962068803655731,u,False,4096,0.015172099498719728,True
1.289072483473617,L640_sub01088,parallel,133.18220601867202,2124,0.0118829430352954,0.7757515677515171,u,False,4096,0.015317974889483763,True
1.4970204358288082,L640_sub01088,parallel,141.92867927237256,2161,0.012147670862726907,0.6679935531049458,u,False,4096,0.018185311529224348,True
1.5298067892830238,L640_sub01088,parallel,151.17539482336403,2103,0.011591644155360426,0.6536773186035284,u,False,4096,0.01773297592782326,True
1.35706546910309,L640_sub01088,parallel,160.92234151913152,2123,0.013061208174775294,0.736884124434261,u,False,4096,0.017724914598754547,True
1.3848794558487239,L640_sub01088,parallel,171.1695066301238,2182,0.014167226298141534,0.7220845076275246,u,False,4096,0.019619900646655978,True
1.3744941794345589,L640_sub01088,parallel,182.15927096911648,2134,0.014406634637183452,0.7275403671853898,u,False,4096,0.019801835454048962,True
1.4190038707764645,L640_sub01088,parallel,194.14942698859556,2127,0.014743377597312583,0.704719712605724,u,False,4096,0.020920909878905568,True
1.3163554999166858,L640_sub01088,parallel,206.89792169086667,2131,0.0158138915332268,0.7596732038292784,u,False,4096,0.020816703094849006,True
1.4182290011071437,L640_sub01088,parallel,220.14654210320907,2151,0.017389471844938113,0.7051047462852246,u,False,4096,0.02466225328442738,True
1.3726548787647574,L640_sub01088,parallel,234.13777995018233,2098,0.01789361456711939,0.7285152411361354,u,False,4096,0.024561757334292562,True
1.3965370844110407,L640_sub01088,parallel,249.1294844051984,2135,0.01903868036255641,0.7160568889738638,u,False,4096,0.026588223164558264,True
1.2692724301990066,L640_sub01088,parallel,265.12167018182424,2201,0.021550726857236868,0.7878529275572558,u,False,4096,0.02735374345064004,True
1.2585684796181704,L640_sub01088,parallel,282.35660077285246,2142,0.022962578520151572,0.7945535075718597,u,False,4096,0.028899977536220024,True
1.3314510392356604,L640_sub01088,parallel,300.85004570383563,2191,0.024636198427575473,0.7510602872592784,u,False,4096,0.03280189199921131,True
,L640_sub01088,parallel,315.46037786067524,100,0.11505041100193257,,u,False,0,,False
1.2716492775812125,L640_sub01088,xi,33.98529093593286,1775,0.005866647601928231,0.7863803468689786,u,False,2685,0.007460318184815588,True
1.270411769650914,L640_sub01088,xi,35.98610843089316,1722,0.006364806459138401,0.7871463598568373,u,False,2621,0.008085925037239584,True
1.1546698338800885,L640_sub01088,xi,38.22956970723055,1748,0.007238539517941102,0.8660484327711718,u,False,2609,0.008358123222715508,True
1.2898594060485669,L640_sub01088,xi,40.7308237088326,1760,0.00763065380560226,0.7752782941386305,u,False,2747,0.009842470585456366,True
1.326371009050398,L640_sub01088,xi,43.23193264243457,1809,0.007328579873969555,0.7539368647057055,u,False,2712,0.009720415882343436,True
1.2292356745828092,L640_sub01088,xi,45.97553697348189,1720,0.008093666272103842,0.8135136497233456,u,False,2683,0.009949023319837698,True
1.2408315625763353,L640_sub01088,xi,48.977035434987286,1801,0.00840807767613639,0.8059111568081833,u,False,2607,0.01043300816114352,True
1.1427738737031152,L640_sub01088,xi,52.22068555658763,1773,0.009487296155042658,0.875063757591463,u,False,2669,0.01084183417806677,True
1.1342815724135928,L640_sub01088,xi,55.72252686302013,1817,0.010472918429724047,0.8816153099200401,u,False,2783,0.011879238384226687,True
1.2122493205791978,L640_sub01088,xi,59.22415047934415,1877,0.010781836809031347,0.8249128153952789,u,False,2835,0.013070274346344035,True
1.2606567914955196,L640_sub01088,xi,62.96824596572466,1788,0.010075350341908984,0.7932373083190216,u,False,2767,0.012701558835224266,True
1.2281113718842838,L640_sub01088,xi,66.97014260101288,1930,0.01102498754499961,0.8142583994362873,u,False,2824,0.013539912578896614,True
1.10944962702244,L640_sub01088,xi,71.21446482281532,1844,0.012149999580376828,0.9013478175514981,u,False,2822,0.013479812502771877,True
1.1419972623132186,L640_sub01088,xi,75.95887044973747,1833,0.012297813026495123,0.8756588417509948,u,False,2808,0.014044068808697267,True
1.119361063192177,L640_sub01088,xi,80.96141056083448,1912,0.013009092215979602,0.8933667901116865,u,False,2822,0.014561871294044003,True
1.1908946693768634,L640_sub01088,xi,86.20614827261453,1915,0.01424705455592684,0.8397048250482562,u,False,2768,0.01696674132497463,True
1.1782218584009752,L640_sub01088,xi,91.95107394696377,1949,0.014586536744766905,0.8487365879946845,u,False,2859,0.017186176431053374,True
1.129785500661222,L640_sub01088,xi,97.95407086997457,1832,0.014912926089941304,0.885123768551408,u,False,2744,0.016848407668848136,True
1.1833040039751017,L640_sub01088,xi,104.19932821280567,1906,0.015107969413681933,0.8450913684401269,u,False,2823,0.0178773206991432,True
1.147016643709541,L640_sub01088,xi,110.94480609744649,1943,0.016190518061354117,0.8718269307461156,u,False,2941,0.018570793686653105,True
1.1842043613891133,L640_sub01088,xi,117.94808179873041,1945,0.017649284863274443,0.8444488405928221,u,False,2799,0.020900360110488455,True
1.1720265556145928,L640_sub01088,xi,125.193849689192,1990,0.018278805193858865,0.8532229881733484,u,False,2853,0.021423245092108537,True
1.085298767966704,L640_sub01088,xi,133.18220601867202,1878,0.01980904401479106,0.9214052660112105,u,False,2782,0.02149873106385095,True
1.1428304588015348,L640_sub01088,xi,141.92867927237256,1916,0.020001175143990167,0.8750204304570964,u,False,2842,0.022857952166376136,True
1.155186080659629,L640_sub01088,xi,151.17539482336403,1941,0.019652143632651962,0.8656614001347598,u,False,2807,0.022701882779563306,True
1.2265834546305305,L640_sub01088,xi,160.92234151913152,1937,0.02056736915160728,0.8152726960606348,u,False,2849,0.025227594706639864,True
1.1372660395015786,L640_sub01088,xi,171.1695066301238,1964,0.023411304453317495,0.8793017335137018,u,False,2828,0.026624881495190055,True
1.1895685423463602,L640_sub01088,xi,182.15927096911648,1946,0.023588576714933328,0.8406409251774206,u,False,2768,0.028060228818808534,True
1.1935149893119077,L640_sub01088,xi,194.14942698859556,1978,0.025025026767475013,0.8378612828118112,u,False,2826,0.02986774455491314,True
1.137373675947727,L640_sub01088,xi,206.89792169086667,2039,0.02687956137010931,0.8792185199527682,u,False,2808,0.030572105523383748,True
1.1506792335168008,L640_sub01088,xi,220.14654210320907,2069,0.027330656021427025,0.8690519224403811,u,False,2787,0.03144881832224699,True
1.096939227745217,L640_sub01088,xi,234.13777995018233,1988,0.029288606735752586,0.9116275311400088,u,False,2760,0.0321278216544498,True
1.1024100183845533,L640_sub01088,xi,249.1294844051984,2058,0.03240118300445512,0.9071035125981324,u,False,2803,0.035719388751622644,True
1.1213713036776323,L640_sub01088,xi,265.12167018182424,2097,0.034248930219792445,0.8917652848083549,u,False,2783,0.03840576753013291,True
1.1093079499886749,L640_sub01088,xi,282.35660077285246,2109,0.03568135623358093,0.9014629346253303,u,False,2772,0.03958161213628929,True
1.1081892376121376,L640_sub01088,xi,300.85004570383563,2248,0.03656303273172554,0.9023729576680807,u,False,2784,0.040518759367758554,True
1.3356820669400764,L640_sub01088,xi,315.46037786067524,742,0.02745479922982413,0.748681160548114,u,False,1155,0.03667088298271631,True
1.0377066130288422,L640_sub01088,lambda,33.98529093593286,3115,0.017093848409909504,0.9636635128316426,u,False,4037,0.01773839953707565,True
1.1047542491802946,L640_sub01088,lambda,35.98610843089316,3069,0.01591431637156556,0.9051786863385951,u,False,3949,0.01758140863428658,True
1.054257120873316,L640_sub01088,lambda,38.22956970723055,3104,0.01794321320728894,0.9485352104348406,u,False,4056,0.018916760295132496,True
1.0557045441051898,L640_sub01088,lambda,40.7308237088326,2974,0.019084915198816093,0.9472347216688314,u,False,3951,0.02014803169925235,True
1.0597974235869516,L640_sub01088,lambda,43.23193264243457,3042,0.019568160633210305,0.9435765531637513,u,False,3951,0.020738286223411895,True
1.0397393942780253,L640_sub01088,lambda,45.97553697348189,3163,0.019523693444025336,0.9617794665694863,u,False,4102,0.020299553195560757,True
1.120334629262079,L640_sub01088,lambda,48.977035434987286,2984,0.020625999837601598,0.8925904581371917,u,False,3918,0.02310802188121909,True
1.0881132466839867,L640_sub01088,lambda,52.22068555658763,2971,0.020432612053872857,0.919021988793436,u,False,3908,0.022232995840173953,True
1.0418923234519677,L640_sub01088,lambda,55.72252686302013,3052,0.023065929300071925,0.9597920797485375,u,False,3964,0.024032214671030755,True
1.0516771832232685,L640_sub01088,lambda,59.22415047934415,2997,0.02282577238003489,0.9508621238079122,u,False,3898,0.024005344001530576,True
1.0875845302017695,L640_sub01088,lambda,62.96824596572466,3014,0.024133538697618466,0.9194687605702513,u,False,3865,0.026247263346555604,True
1.0294986010276528,L640_sub01088,lambda,66.97014260101288,3009,0.02383641857529312,0.9713466332074593,u,False,3898,0.024539559576773826,True
1.0445446899825712,L640_sub01088,lambda,71.21446482281532,2990,0.02531783785844179,0.9573549218049114,u,False,3858,0.026445613096875084,True
1.0046261832321646,L640_sub01088,lambda,75.95887044973747,2980,0.028144157020808115,0.9953951197874609,u,False,3892,0.028274357048101183,True
1.015052394423644,L640_sub01088,lambda,80.96141056083448,2971,0.027039277269834645,0.9851708202390962,u,False,3896,0.02744628313623047,True
1.018956128318507,L640_sub01088,lambda,86.20614827261453,2991,0.02683629075759209,0.981396521605117,u,False,3927,0.027345002928785767,True
1.007325614359179,L640_sub01088,lambda,91.95107394696377,3092,0.027627202193004612,0.992727659999156,u,False,4045,0.02782958842209363,True
1.032641779027119,L640_sub01088,lambda,97.95407086997457,3077,0.02861985564349909,0.9683900267352423,u,False,3908,0.029554058647202234,True
1.016131677526453,L640_sub01088,lambda,104.19932821280567,3052,0.030159917875338015,0.984124422175557,u,False,3984,0.030646447944727276,True
1.0190367337161634,L640_sub01088,lambda,110.94480609744649,3077,0.029716659963076528,0.981318893533169,u,False,3927,0.030282368105727386,True
1.0189021953505708,L640_sub01088,lambda,117.94808179873041,3132,0.03254906478230636,0.9814484693066471,u,False,3968,0.0331643135632999,True
1.0485051298128214,L640_sub01088,lambda,125.193849689192,3065,0.030833068679914748,0.9537387768226938,u,False,3973,0.03232863067876165,True
1.0361145439817325,L640_sub01088,lambda,133.18220601867202,3207,0.03528101443795255,1.0361145439817325,u,False,4101,0.03405126840741903,True
1.007769883798645,L640_sub01088,lambda,141.92867927237256,3247,0.035498442780336245,1.007769883798645,u,False,4097,0.03522475056163608,True
1.0032113631067385,L640_sub01088,lambda,151.17539482336403,3176,0.036724509060380904,0.9967989167339636,u,False,4094,0.0368424447938905,True
1.0000430891236949,L640_sub01088,lambda,160.92234151913152,3225,0.03751872972726289,1.0000430891236949,u,False,4092,0.037517113147733795,True
1.0030494810118888,L640_sub01088,lambda,171.1695066301238,3179,0.03919957680955364,0.996959790050624,u,False,4046,0.03931911517470845,True
1.0099348802313537,L640_sub01088,lambda,182.15927096911648,3199,0.041866929842807044,1.0099348802313537,u,False,4046,0.041455078601915656,True
1.0174102518156676,L640_sub01088,lambda,194.14942698859556,3170,0.04483124414348736,0.9828876780191694,u,False,4067,0.04561176739323515,True
1.01088525564271,L640_sub01088,lambda,206.89792169086667,3103,0.044313386289895416,0.9892319572553373,u,False,3957,0.044795748828055086,True
1.0057549301601125,L640_sub01088,lambda,220.14654210320907,3087,0.04402080367280444,1.0057549301601125,u,False,3996,0.04376891661450418,True
1.0014926443907943,L640_sub01088,lambda,234.13777995018233,3104,0.04600729793491752,0.9985095802758468,u,False,4003,0.04607597047011568,True
1.004038547245382,L640_sub01088,lambda,249.1294844051984,3093,0.047183398489345246,0.9959776970152571,u,False,3935,0.047373950873342154,True
1.023818894341423,L640_sub01088,lambda,265.12167018182424,3050,0.04868143054217119,0.9767352463672351,u,False,3900,0.049840968392644486,True
1.0219032417701805,L640_sub01088,lambda,282.35660077285246,3062,0.05037510651588155,0.9785662273345578,u,False,3927,0.0514784846530975,True
1.0174365056022654,L640_sub01088,lambda,300.85004570383563,3085,0.05390906109310704,0.982862315725595,u,False,3931,0.054849046738869874,True
1.02138343038796,L640_sub01088,lambda,315.46037786067524,856,0.051077891306727616,1.02138343038796,u,False,1222,0.05000853723202294,True
,L640_sub02297,parallel,33.98529093593286,1378,0.0038895422129871164,,B,False,0,,False
,L640_sub02297,parallel,35.98610843089316,1363,0.004405708066674269,,B,False,0,,False
,L640_sub02297,parallel,38.22956970723055,1322,0.004664087333896341,,B,False,0,,False
,L640_sub02297,parallel,40.7308237088326,1367,0.005487439283660523,,B,False,0,,False
,L640_sub02297,parallel,43.23193264243457,1405,0.0054939924901002335,,B,False,0,,False
,L640_sub02297,parallel,45.97553697348189,1424,0.006624103096859913,,B,False,0,,False
,L640_sub02297,parallel,48.977035434987286,1346,0.006643832180128099,,B,False,0,,False
,L640_sub02297,parallel,52.22068555658763,1352,0.006817751912910559,,B,False,0,,False
,L640_sub02297,parallel,55.72252686302013,1356,0.007557356810977534,,B,False,0,,False
,L640_sub02297,parallel,59.22415047934415,1356,0.00833973260826487,,B,False,0,,False
,L640_sub02297,parallel,62.96824596572466,1479,0.010012416326571173,,B,False,0,,False
,L640_sub02297,parallel,66.97014260101288,1401,0.009687913570254761,,B,False,0,,False
,L640_sub02297,parallel,71.21446482281532,1407,0.011201184046190771,,B,False,0,,False
,L640_sub02297,parallel,75.95887044973747,1395,0.012234039710594015,,B,False,0,,False
,L640_sub02297,parallel,80.96141056083448,1386,0.011559961804236688,,B,False,0,,False
,L640_sub02297,parallel,86.20614827261453,1405,0.013819162361249701,,B,False,0,,False
,L640_sub02297,parallel,91.95107394696377,1415,0.012995736891754078,,B,False,0,,False
,L640_sub02297,parallel,97.95407086997457,1363,0.014408641003929051,,B,False,0,,False
,L640_sub02297,parallel,104.19932821280567,1322,0.016082498293657054,,B,False,0,,False
,L640_sub02297,parallel,110.94480609744649,1375,0.018808309844132867,,B,False,0,,False
,L640_sub02297,parallel,117.94808179873041,1433,0.018883714099191682,,B,False,0,,False
,L640_sub02297,parallel,125.193849689192,1483,0.02203192230808329,,B,False,0,,False
,L640_sub02297,parallel,133.18220601867202,1331,0.024561086407795397,,B,False,0,,False
,L640_sub02297,parallel,141.92867927237256,1461,0.024730407730002055,,B,False,0,,False
,L640_sub02297,parallel,151.17539482336403,1447,0.027015558781095933,,B,False,0,,False
,L640_sub02297,parallel,160.92234151913152,1389,0.03185217659127661,,B,False,0,,False
,L640_sub02297,parallel,171.1695066301238,1436,0.03247637291945287,,B,False,0,,False
,L640_sub02297,parallel,182.15927096911648,1432,0.03792084767658059,,B,False,0,,False
,L640_sub02297,parallel,194.14942698859556,1463,0.04082457809932846,,B,False,0,,False
,L640_sub02297,parallel,206.89792169086667,1458,0.04439433299198224,,B,False,0,,False
,L640_sub02297,parallel,220.14654210320907,1453,0.04724348953207774,,B,False,0,,False
,L640_sub02297,parallel,234.13777995018233,1536,0.055498970249644806,,B,False,0,,False
,L640_sub02297,parallel,249.1294844051984,1511,0.06119949343431057,,B,False,0,,False
,L640_sub02297,parallel,265.12167018182424,1451,0.07034641917283456,,B,False,0,,False
,L640_sub02297,parallel,282.35660077285246,1484,0.07547432019202972,,B,False,0,,False
,L640_sub02297,parallel,300.85004570383563,1494,0.08995035645857853,,B,False,0,,False
,L640_sub02297,parallel,315.46037786067524,966,0.10505525826039688,,B,False,0,,False
1.1949050097178981,L640_sub02297,xi,33.98529093593286,1612,0.006090960273327517,0.836886607610832,B,False,1702,0.007278118944591749,True
1.0883752947709244,L640_sub02297,xi,35.98610843089316,1586,0.00612517882367849,0.9188007158968772,B,False,1618,0.0066664933077457,True
1.1153003335352298,L640_sub02297,xi,38.22956970723055,1627,0.006376808019230849,0.8966194754288687,B,False,1658,0.007112056110738294,True
1.2500993998411019,L640_sub02297,xi,40.7308237088326,1596,0.006724700812594635,0.7999363891600207,B,False,1615,0.008406544449935523,True
1.112542741383194,L640_sub02297,xi,43.23193264243457,1599,0.0075052549478295165,0.8988418716900056,B,False,1619,0.008349916914438031,True
1.1442070475584707,L640_sub02297,xi,45.97553697348189,1674,0.008147785531539572,0.8739676985330738,B,False,1670,0.009322753627182519,True
1.266803429420673,L640_sub02297,xi,48.977035434987286,1677,0.008417445458622838,0.7893884534693075,B,False,2230,0.01066324877394488,True
1.1928278991632344,L640_sub02297,xi,52.22068555658763,1584,0.008707762162311151,0.8383439058572468,B,False,1578,0.010386861646482714,True
1.0753425710766227,L640_sub02297,xi,55.72252686302013,1623,0.010241533909201477,0.9299362146509365,B,False,1681,0.011013157405689129,True
1.1846181222257872,L640_sub02297,xi,59.22415047934415,1648,0.009948608373865743,0.8441538933416729,B,False,1671,0.011785301770608578,True
1.2029395971740504,L640_sub02297,xi,62.96824596572466,1584,0.010449988527367426,0.8312969348994772,B,False,1658,0.01257070498958482,True
1.200887208950933,L640_sub02297,xi,66.97014260101288,1579,0.011319681406370097,0.832717671190433,B,False,2295,0.013593660610309559,True
1.2141371363851343,L640_sub02297,xi,71.21446482281532,1703,0.011274852048950325,0.823630189730719,B,False,1651,0.013689216579878611,True
1.12448670392697,L640_sub02297,xi,75.95887044973747,1617,0.012363383254295812,0.8892946412863458,B,False,1659,0.013902460085008991,True
1.0504334532130017,L640_sub02297,xi,80.96141056083448,1700,0.013763674677880167,0.951987959771522,B,False,1703,0.014457824320786013,True
1.0692171010115645,L640_sub02297,xi,86.20614827261453,1666,0.014488534332087829,0.9352637542496471,B,False,1651,0.015491388676461472,True
1.1617034523822007,L640_sub02297,xi,91.95107394696377,1626,0.014792887194132343,0.8608048792050931,B,False,1650,0.01718494812412399,True
1.0679662695435017,L640_sub02297,xi,97.95407086997457,1708,0.01701720586833487,0.936359160881969,B,False,1696,0.018173801869259376,True
1.0084395882023052,L640_sub02297,xi,104.19932821280567,1614,0.01777425246950679,1.0084395882023052,B,False,1711,0.017625500503398582,True
1.0692713966704819,L640_sub02297,xi,110.94480609744649,1663,0.01814101713375241,0.9352162632553527,B,False,1613,0.019397670727630583,True
1.0633137280063945,L640_sub02297,xi,117.94808179873041,1616,0.020535090007077643,0.9404562112396487,B,False,1642,0.021835243110372583,True
1.0902293926513802,L640_sub02297,xi,125.193849689192,1616,0.02112223261617714,0.9172381580797899,B,False,1725,0.023028078836575976,True
1.0913808382865595,L640_sub02297,xi,133.18220601867202,1635,0.022587524155923838,0.9162704391713299,B,False,1706,0.02465159104811007,True
1.0764371191325948,L640_sub02297,xi,141.92867927237256,1591,0.023572668986324683,0.9289906323611464,B,False,1679,0.025374495893905606,True
1.0996982616137931,L640_sub02297,xi,151.17539482336403,1554,0.025836586908302425,0.9093403480810388,B,False,1688,0.028412449709093863,True
1.0825632837235315,L640_sub02297,xi,160.92234151913152,1609,0.02743602317043663,0.9237335267463063,B,False,1674,0.029701231335702776,True
1.0681795322401926,L640_sub02297,xi,171.1695066301238,1556,0.029425682614290988,0.9361722162030142,B,False,1688,0.03143191189078171,True
1.1438284239591303,L640_sub02297,xi,182.15927096911648,1503,0.029687670056286225,0.8742569943652062,B,False,1636,0.033957600851500534,True
1.1552520110003035,L640_sub02297,xi,194.14942698859556,1604,0.03079796537835703,0.8656119967574221,B,False,1693,0.03557941143806468,True
1.00816120964673,L640_sub02297,xi,206.89792169086667,1589,0.036305250790594976,0.9919048565163602,B,False,1699,0.03660154555357414,True
1.0314912102916065,L640_sub02297,xi,220.14654210320907,1491,0.035376237824663516,0.9694702097532137,B,False,1696,0.036490278369325876,True
1.0341341730130125,L640_sub02297,xi,234.13777995018233,1588,0.03978601398093818,1.0341341730130125,B,False,1741,0.038472777536225515,True
1.0396599793079424,L640_sub02297,xi,249.1294844051984,1621,0.041783647767285305,1.0396599793079424,B,False,1790,0.040189724139520024,True
1.0634872488551246,L640_sub02297,xi,265.12167018182424,1680,0.045775820542681,1.0634872488551246,B,False,1705,0.04304313059884829,True
1.0704943484075253,L640_sub02297,xi,282.35660077285246,1653,0.047028442621712546,1.0704943484075253,B,False,1780,0.0439315188274206,True
1.0112238328252126,L640_sub02297,xi,300.85004570383563,1700,0.04881406070732834,1.0112238328252126,B,False,1828,0.04827226092065981,True
1.0522107334829423,L640_sub02297,xi,315.46037786067524,934,0.05143361632571097,0.9503799649428414,B,False,1362,0.05411900315975657,True
1.379170794928337,L640_sub02297,lambda,33.98529093593286,2820,0.020840697857592398,1.379170794928337,B,False,2392,0.015111034785706365,True
1.3514154216846448,L640_sub02297,lambda,35.98610843089316,2672,0.02213705713475637,1.3514154216846448,B,False,2436,0.016380645639784693,True
1.3441673550213544,L640_sub02297,lambda,38.22956970723055,2811,0.02327657523170082,1.3441673550213544,B,False,2456,0.017316724100423515,True
1.376870792974551,L640_sub02297,lambda,40.7308237088326,2746,0.025268247243445424,1.376870792974551,B,False,2497,0.018351937866919705,True
1.4640119668338432,L640_sub02297,lambda,43.23193264243457,2725,0.02682378490007064,1.4640119668338432,B,False,2492,0.018322107679270755,True
1.4575495302920718,L640_sub02297,lambda,45.97553697348189,2662,0.02799353448476205,1.4575495302920718,B,False,2484,0.01920588899586318,True
1.5111108895991343,L640_sub02297,lambda,48.977035434987286,2691,0.029085278922652762,1.5111108895991343,B,False,3191,0.019247613873240282,True
1.4141062621840694,L640_sub02297,lambda,52.22068555658763,2743,0.0311708003328057,1.4141062621840694,B,False,2456,0.02204275673361547,True
1.4454731644415182,L640_sub02297,lambda,55.72252686302013,2722,0.03365297140725096,1.4454731644415182,B,False,2419,0.023281630012310414,True
1.47766702579281,L640_sub02297,lambda,59.22415047934415,2720,0.03456075502231669,1.47766702579281,B,False,2446,0.023388729950019605,True
1.5864896526776864,L640_sub02297,lambda,62.96824596572466,2682,0.03664080473275826,1.5864896526776864,B,False,2441,0.023095520775011487,True
1.878926821424925,L640_sub02297,lambda,66.97014260101288,2657,0.04023413498382635,1.878926821424925,B,False,3058,0.021413359224556665,True
1.5374939129841951,L640_sub02297,lambda,71.21446482281532,2640,0.04007439488342049,1.5374939129841951,B,False,2379,0.026064750269897453,True
1.5453702577231716,L640_sub02297,lambda,75.95887044973747,2768,0.04305704741513907,1.5453702577231716,B,False,2464,0.027861962011987974,True
1.63042620836785,L640_sub02297,lambda,80.96141056083448,2701,0.04514529926952092,1.63042620836785,B,False,2388,0.027689262499474877,True
1.6398393424799969,L640_sub02297,lambda,86.20614827261453,2711,0.04667010010330892,1.6398393424799969,B,False,2499,0.028460166123791007,True
1.6311867842140526,L640_sub02297,lambda,91.95107394696377,2800,0.04856925780619487,1.6311867842140526,B,False,2563,0.029775411544666713,True
1.58033303275914,L640_sub02297,lambda,97.95407086997457,2708,0.05104190544410544,1.58033303275914,B,False,2435,0.03229819562462109,True
1.7585233022577709,L640_sub02297,lambda,104.19932821280567,2685,0.05745334971693373,1.7585233022577709,B,False,2406,0.03267136104660614,True
1.5892908100131309,L640_sub02297,lambda,110.94480609744649,2750,0.0543534038155692,1.5892908100131309,B,False,2518,0.034199784880855205,True
1.6081050800027954,L640_sub02297,lambda,117.94808179873041,2747,0.058719470793187366,1.6081050800027954,B,False,2471,0.036514697654636656,True
1.6536737337451042,L640_sub02297,lambda,125.193849689192,2678,0.06060707923499505,1.6536737337451042,B,False,2433,0.036649961838443865,True
1.6573989367176412,L640_sub02297,lambda,133.18220601867202,2763,0.06574520468923706,1.6573989367176412,B,False,2361,0.03966770053529821,True
1.5913767437081765,L640_sub02297,lambda,141.92867927237256,2766,0.06805151495614348,1.5913767437081765,B,False,2446,0.04276266774992071,True
1.6164179697388006,L640_sub02297,lambda,151.17539482336403,2689,0.07228012892031759,1.6164179697388006,B,False,2463,0.04471623693468184,True
1.6226862741400947,L640_sub02297,lambda,160.92234151913152,2687,0.07195225266656344,1.6226862741400947,B,False,2396,0.044341444069151865,True
1.6579823395200282,L640_sub02297,lambda,171.1695066301238,2682,0.0767718514395235,1.6579823395200282,B,False,2424,0.046304384316752316,True
1.6388469917987152,L640_sub02297,lambda,182.15927096911648,2731,0.08162149362653283,1.6388469917987152,B,False,2489,0.04980421847493476,True
1.5199953582236623,L640_sub02297,lambda,194.14942698859556,2728,0.08083487531344788,1.5199953582236623,B,False,2369,0.053181001426159155,True
1.6034177854759306,L640_sub02297,lambda,206.89792169086667,2722,0.08587272584967394,1.6034177854759306,B,False,2354,0.053556051721220604,True
1.5453229617871789,L640_sub02297,lambda,220.14654210320907,2722,0.09116206968770314,1.5453229617871789,B,False,2240,0.05899224430230005,True
1.6266003620445049,L640_sub02297,lambda,234.13777995018233,2725,0.0937260707928264,1.6266003620445049,B,False,2217,0.057620834828181346,True
1.605067177773217,L640_sub02297,lambda,249.1294844051984,2678,0.09557167600941209,1.605067177773217,B,False,2139,0.059543723361163634,True
1.5839667814149099,L640_sub02297,lambda,265.12167018182424,2625,0.09860478879241547,1.5839667814149099,B,False,2149,0.062251803478059545,True
1.6128514640778204,L640_sub02297,lambda,282.35660077285246,2528,0.10145859971059681,1.6128514640778204,B,False,2098,0.06290635062826927,True
1.5411686634908939,L640_sub02297,lambda,300.85004570383563,2495,0.10208063061190548,1.5411686634908939,B,False,1980,0.06623585920874041,True
1.361289744950282,L640_sub02297,lambda,315.46037786067524,723,0.056099862716044155,0.734597468106632,B,False,1230,0.07636816780846958,True
,L640_sub02297,parallel,33.98529093593286,1378,0.001759434927473761,,u,False,0,,False
,L640_sub02297,parallel,35.98610843089316,1363,0.0019327930554717072,,u,False,0,,False
,L640_sub02297,parallel,38.22956970723055,1322,0.002180433755185845,,u,False,0,,False
,L640_sub02297,parallel,40.7308237088326,1367,0.0023168136320873903,,u,False,0,,False
,L640_sub02297,parallel,43.23193264243457,1405,0.0023530985688815114,,u,False,0,,False
,L640_sub02297,parallel,45.97553697348189,1424,0.0029493330315556216,,u,False,0,,False
,L640_sub02297,parallel,48.977035434987286,1346,0.0027791371339768345,,u,False,0,,False
,L640_sub02297,parallel,52.22068555658763,1352,0.0031317413366076636,,u,False,0,,False
,L640_sub02297,parallel,55.72252686302013,1356,0.0034018606267745216,,u,False,0,,False
,L640_sub02297,parallel,59.22415047934415,1356,0.003704109593374807,,u,False,0,,False
,L640_sub02297,parallel,62.96824596572466,1479,0.003710338858933583,,u,False,0,,False
,L640_sub02297,parallel,66.97014260101288,1401,0.004279638151740149,,u,False,0,,False
,L640_sub02297,parallel,71.21446482281532,1407,0.0049931398433855235,,u,False,0,,False
,L640_sub02297,parallel,75.95887044973747,1395,0.0052720110616246586,,u,False,0,,False
,L640_sub02297,parallel,80.96141056083448,1386,0.005172290327119949,,u,False,0,,False
,L640_sub02297,parallel,86.20614827261453,1405,0.00565494501869654,,u,False,0,,False
,L640_sub02297,parallel,91.95107394696377,1415,0.006399715452372804,,u,False,0,,False
,L640_sub02297,parallel,97.95407086997457,1363,0.006352390490348398,,u,False,0,,False
,L640_sub02297,parallel,104.19932821280567,1322,0.0070716322718760655,,u,False,0,,False
,L640_sub02297,parallel,110.94480609744649,1375,0.00746422226869634,,u,False,0,,False
,L640_sub02297,parallel,117.94808179873041,1433,0.00827387107284902,,u,False,0,,False
,L640_sub02297,parallel,125.193849689192,1483,0.00906548212889434,,u,False,0,,False
,L640_sub02297,parallel,133.18220601867202,1331,0.009864096604385779,,u,False,0,,False
,L640_sub02297,parallel,141.92867927237256,1461,0.009615072912830876,,u,False,0,,False
,L640_sub02297,parallel,151.17539482336403,1447,0.010616255161008965,,u,False,0,,False
,L640_sub02297,parallel,160.92234151913152,1389,0.01251801753045502,,u,False,0,,False
,L640_sub02297,parallel,171.1695066301238,1436,0.012577509354047884,,u,False,0,,False
,L640_sub02297,parallel,182.15927096911648,1432,0.013183649757339096,,u,False,0,,False
,L640_sub02297,parallel,194.14942698859556,1463,0.015321932555092175,,u,False,0,,False
,L640_sub02297,parallel,206.89792169086667,1458,0.016275812317580716,,u,False,0,,False
,L640_sub02297,parallel,220.14654210320907,1453,0.017600154911209843,,u,False,0,,False
,L640_sub02297,parallel,234.13777995018233,1536,0.01855866079675686,,u,False,0,,False
,L640_sub02297,parallel,249.1294844051984,1511,0.02110973494472341,,u,False,0,,False
,L640_sub02297,parallel,265.12167018182424,1451,0.023664550261563465,,u,False,0,,False
,L640_sub02297,parallel,282.35660077285246,1484,0.024200266258893828,,u,False,0,,False
,L640_sub02297,parallel,300.85004570383563,1494,0.027566567163747335,,u,False,0,,False
,L640_sub02297,parallel,315.46037786067524,966,0.027689628076215507,,u,False,0,,False
1.5440037266579012,L640_sub02297,xi,33.98529093593286,1677,0.0032287331583321084,0.6476668305487621,u,False,1693,0.004985176028848711,True
1.4952809599168209,L640_sub02297,xi,35.98610843089316,1630,0.003683933899814591,0.6687706369615164,u,False,1714,0.005508516217984879,True
1.635667599455524,L640_sub02297,xi,38.22956970723055,1725,0.0037157531380655035,0.6113711614345585,u,False,1744,0.006077737015508932,True
1.7581111227630133,L640_sub02297,xi,40.7308237088326,1677,0.003799118438981958,0.5687922606555263,u,False,1784,0.006679272384268238,True
1.7279045011090357,L640_sub02297,xi,43.23193264243457,1689,0.0037434966385855688,0.578735687856685,u,False,1706,0.00646840469169855,True
1.5570298198450951,L640_sub02297,xi,45.97553697348189,1709,0.004286678829415028,0.642248457450537,u,False,1779,0.006674486765497865,True
1.4417187157814941,L640_sub02297,xi,48.977035434987286,1779,0.004566317554187743,0.6936165765580304,u,False,2267,0.006583345480074046,True
1.5260256539482309,L640_sub02297,xi,52.22068555658763,1744,0.004569303100317582,0.6552969784044824,u,False,1706,0.006972873751749816,True
1.6800597155939432,L640_sub02297,xi,55.72252686302013,1757,0.004990025796788816,0.5952169382541709,u,False,1725,0.008383541320959458,True
1.5450284735679969,L640_sub02297,xi,59.22415047934415,1713,0.005048722637098061,0.6472372626833598,u,False,1761,0.00780042022946381,True
1.5078141815831294,L640_sub02297,xi,62.96824596572466,1804,0.005460175051512671,0.6632116955884113,u,False,1827,0.0082329293765972,True
1.431173681169973,L640_sub02297,xi,66.97014260101288,1686,0.005884520128432547,0.698727214702906,u,False,2342,0.00842177033412761,True
1.4436399804583822,L640_sub02297,xi,71.21446482281532,1746,0.006181319102926575,0.6926934786625136,u,False,1757,0.008923599388955945,True
1.5268767468527187,L640_sub02297,xi,75.95887044973747,1781,0.006020030370722465,0.6549317108019717,u,False,1771,0.009191844388403283,True
1.533724837746393,L640_sub02297,xi,80.96141056083448,1896,0.0066423081676429,0.6520074366594784,u,False,1787,0.010187473016679648,True
1.4932689554745053,L640_sub02297,xi,86.20614827261453,1796,0.006796027212270953,0.6696717268070689,u,False,1851,0.01014829645664416,True
1.4612835438539749,L640_sub02297,xi,91.95107394696377,1734,0.0073725253701546764,0.6843298853298586,u,False,1799,0.010773350000052964,True
1.5785138868259128,L640_sub02297,xi,97.95407086997457,1828,0.007362384484343856,0.6335072553658728,u,False,1850,0.011621626148688413,True
1.4314922321398766,L640_sub02297,xi,104.19932821280567,1821,0.00819648181275068,0.6985717264460057,u,False,1807,0.011733200045828372,True
1.373374505745331,L640_sub02297,xi,110.94480609744649,1887,0.0083790989178069,0.7281335104275141,u,False,1861,0.01150764083483429,True
1.4937065625947674,L640_sub02297,xi,117.94808179873041,1841,0.008555630537418365,0.6694755349155505,u,False,1927,0.012779601480878007,True
1.3722286759141091,L640_sub02297,xi,125.193849689192,1839,0.00902422057563342,0.7287415119304738,u,False,1847,0.012383294251658308,True
1.3777114366018604,L640_sub02297,xi,133.18220601867202,1874,0.009672433863712264,0.7258414014958825,u,False,1965,0.013325822753811507,True
1.484043343902877,L640_sub02297,xi,141.92867927237256,1781,0.009300844132653162,0.6738347664227284,u,False,1907,0.013802855827742053,True
1.3941763203806818,L640_sub02297,xi,151.17539482336403,1829,0.01020383311076501,0.7172693908091543,u,False,1937,0.014225942500144929,True
1.5110230349476743,L640_sub02297,xi,160.92234151913152,1873,0.00988293426097181,0.6618032795473758,u,False,1993,0.014933341321201974,True
1.4656741259252801,L640_sub02297,xi,171.1695066301238,1827,0.010423833783651623,0.682279902682119,u,False,1895,0.015277943469644,True
1.4214569810173063,L640_sub02297,xi,182.15927096911648,1823,0.011391722078440324,0.7035035272642028,u,False,2025,0.016192842874207976,True
1.4165557286231973,L640_sub02297,xi,194.14942698859556,1862,0.011457530898402552,0.7059376343576238,u,False,2067,0.016230231030009423,True
1.3305944778841283,L640_sub02297,xi,206.89792169086667,1780,0.01279001492646418,0.751543777327387,u,False,1967,0.017018323233208812,True
1.4443523373532627,L640_sub02297,xi,220.14654210320907,1770,0.012895665159532152,0.6923518411251879,u,False,2031,0.0186258841148953,True
1.329774280187787,L640_sub02297,xi,234.13777995018233,1741,0.013339360560751566,0.7520073255280458,u,False,1967,0.01773833858783877,True
1.3501612997469523,L640_sub02297,xi,249.1294844051984,1755,0.014158575861283152,0.7406522466518781,u,False,2037,0.019116361187435885,True
1.3253233678527547,L640_sub02297,xi,265.12167018182424,1752,0.014976148666385228,0.7545328364806296,u,False,2087,0.019848239787997213,True
1.323216736983238,L640_sub02297,xi,282.35660077285246,1719,0.015858344471725627,0.7557340925719168,u,False,2137,0.020984026825832953,True
1.305183554180849,L640_sub02297,xi,300.85004570383563,1679,0.0159968879581862,0.7661757588016911,u,False,2238,0.020878875081098286,True
1.0610602734195795,L640_sub02297,xi,315.46037786067524,990,0.021818924037711934,0.9424535297860178,u,False,1582,0.023151193505175662,True
1.1326545519979614,L640_sub02297,lambda,33.98529093593286,2776,0.0073940314562075116,0.8828817208530495,u,False,2411,0.008374883386489554,True
1.1850659994106514,L640_sub02297,lambda,35.98610843089316,2702,0.00762717294728541,0.8438348585625719,u,False,2374,0.009038703331452668,True
1.1460857487326095,L640_sub02297,lambda,38.22956970723055,2872,0.008170203206218266,0.8725350621503171,u,False,2365,0.009363753458896227,True
1.1303664339131456,L640_sub02297,lambda,40.7308237088326,2875,0.008556064321998888,0.8846688737369544,u,False,2468,0.00967148791598938,True
1.1341596934285194,L640_sub02297,lambda,43.23193264243457,2718,0.008535618692052266,0.8817100499992554,u,False,2458,0.009680754679000737,True
1.0766223263244925,L640_sub02297,lambda,45.97553697348189,2741,0.009561772406662087,0.9288308216809181,u,False,2394,0.010294417652245879,True
1.094820698196669,L640_sub02297,lambda,48.977035434987286,2761,0.009249176705712164,0.9133915732933688,u,False,3071,0.010126190098692157,True
1.1804562552658404,L640_sub02297,lambda,52.22068555658763,2638,0.009725916902004018,0.8471300783397506,u,False,2322,0.011481019445166406,True
1.189922088451275,L640_sub02297,lambda,55.72252686302013,2648,0.010079275778632402,0.8403911564508689,u,False,2318,0.011993552884586617,True
1.230207297921139,L640_sub02297,lambda,59.22415047934415,2772,0.010109536678486514,0.812871132930073,u,False,2389,0.01243682580047554,True
1.2076691204680536,L640_sub02297,lambda,62.96824596572466,2734,0.010729157998388342,0.8280413757805054,u,False,2327,0.01295727280327643,True
1.0660565423242752,L640_sub02297,lambda,66.97014260101288,2634,0.011382468481826905,0.9380365489993101,u,False,3043,0.012134354992851431,True
1.1622214661993635,L640_sub02297,lambda,71.21446482281532,2714,0.010922368617347687,0.8604212097976027,u,False,2274,0.012694211268823743,True
1.1814879937214753,L640_sub02297,lambda,75.95887044973747,2735,0.011975334762188638,0.8463903190841402,u,False,2336,0.014148714242321293,True
1.1166515314541732,L640_sub02297,lambda,80.96141056083448,2730,0.012359432212436619,0.8955345260644901,u,False,2319,0.01380117890792139,True
1.1670785599312776,L640_sub02297,lambda,86.20614827261453,2630,0.012462714574156208,0.8568403484842393,u,False,2225,0.014544966978040773,True
1.1272879650546435,L640_sub02297,lambda,91.95107394696377,2662,0.012845092052548211,0.8870847831250701,u,False,2320,0.014480117680856646,True
1.1278279781568232,L640_sub02297,lambda,97.95407086997457,2594,0.013102112247572814,0.8866600397999269,u,False,2223,0.014776928765763798,True
1.0964163828425655,L640_sub02297,lambda,104.19932821280567,2677,0.013832388560977639,0.9120622563185378,u,False,2384,0.015166057432099983,True
1.0544520348162958,L640_sub02297,lambda,110.94480609744649,2597,0.014548729696521528,0.9483598750646042,u,False,2313,0.015340937632489395,True
1.0823026871939314,L640_sub02297,lambda,117.94808179873041,2504,0.014304108874991131,0.9239559430390806,u,False,2212,0.015481375473317465,True
1.1183730562918932,L640_sub02297,lambda,125.193849689192,2612,0.013947735402961283,0.8941560192049207,u,False,2212,0.015598771470960452,True
1.047413520345187,L640_sub02297,lambda,133.18220601867202,2576,0.01516742564290871,0.9547327589111496,u,False,2202,0.015886566687212875,True
1.0346077149996673,L640_sub02297,lambda,141.92867927237256,2624,0.01589054586046918,0.9665499159749854,u,False,2182,0.01644048134279744,True
1.042431081735536,L640_sub02297,lambda,151.17539482336403,2540,0.015546536191779318,0.9592960316715683,u,False,2239,0.016206192539637176,True
1.0151912284597229,L640_sub02297,lambda,160.92234151913152,2544,0.016162335739308326,0.9850360916900637,u,False,2126,0.016407861473966903,True
1.0375598239191868,L640_sub02297,lambda,171.1695066301238,2515,0.016278396500554022,1.0375598239191868,u,False,2120,0.01568911606375182,True
1.0107622416762378,L640_sub02297,lambda,182.15927096911648,2627,0.01625343811460978,0.9893523508966957,u,False,2096,0.016428361543668984,True
1.0853518132669406,L640_sub02297,lambda,194.14942698859556,2621,0.01623975229497223,1.0853518132669406,u,False,2057,0.014962661964962405,True
1.0202340547351525,L640_sub02297,lambda,206.89792169086667,2663,0.017005648153369596,1.0202340547351525,u,False,2129,0.016668379255174122,True
1.0110592965747611,L640_sub02297,lambda,220.14654210320907,2666,0.016898425322571093,1.0110592965747611,u,False,2043,0.016713584831096567,True
1.0776895088581617,L640_sub02297,lambda,234.13777995018233,2678,0.016930602984787654,1.0776895088581617,u,False,2105,0.0157100935340143,True
1.0917141021248231,L640_sub02297,lambda,249.1294844051984,2619,0.01817398055979183,1.0917141021248231,u,False,2036,0.016647197763974542,True
1.0963213205797113,L640_sub02297,lambda,265.12167018182424,2531,0.018196345107886862,1.0963213205797113,u,False,2064,0.0165976386359658,True
1.0255512162908418,L640_sub02297,lambda,282.35660077285246,2587,0.017705311647231953,0.9750853824899608,u,False,1983,0.018157703894627137,True
1.0069366108207813,L640_sub02297,lambda,300.85004570383563,2517,0.018024202739952134,1.0069366108207813,u,False,1947,0.01790003714857494,True
1.2005325740346848,L640_sub02297,lambda,315.46037786067524,934,0.014404640507189564,0.83296365432156,u,False,1162,0.017293240146140577,True
,L640_sub00732,parallel,33.98529093593286,777,0.005025916424113414,,B,False,0,,False
,L640_sub00732,parallel,35.98610843089316,840,0.0062288127063150475,,B,False,0,,False
,L640_sub00732,parallel,38.22956970723055,762,0.005384384433329288,,B,False,0,,False
,L640_sub00732,parallel,40.7308237088326,735,0.00599616387053335,,B,False,0,,False
,L640_sub00732,parallel,43.23193264243457,737,0.007141377551476494,,B,False,0,,False
,L640_sub00732,parallel,45.97553697348189,744,0.006617154205883,,B,False,0,,False
,L640_sub00732,parallel,48.977035434987286,820,0.009942384388880024,,B,False,0,,False
,L640_sub00732,parallel,52.22068555658763,782,0.007392685992773506,,B,False,0,,False
,L640_sub00732,parallel,55.72252686302013,764,0.009484293787245242,,B,False,0,,False
,L640_sub00732,parallel,59.22415047934415,738,0.009481236531280945,,B,False,0,,False
,L640_sub00732,parallel,62.96824596572466,756,0.010005499592029846,,B,False,0,,False
,L640_sub00732,parallel,66.97014260101288,699,0.010840158910193146,,B,False,0,,False
,L640_sub00732,parallel,71.21446482281532,718,0.011973509916513449,,B,False,0,,False
,L640_sub00732,parallel,75.95887044973747,738,0.012385777236942817,,B,False,0,,False
,L640_sub00732,parallel,80.96141056083448,722,0.014228880391606547,,B,False,0,,False
,L640_sub00732,parallel,86.20614827261453,751,0.014856082848068197,,B,False,0,,False
,L640_sub00732,parallel,91.95107394696377,741,0.012814130148428308,,B,False,0,,False
,L640_sub00732,parallel,97.95407086997457,725,0.01504028838917127,,B,False,0,,False
,L640_sub00732,parallel,104.19932821280567,708,0.01616835281824301,,B,False,0,,False
,L640_sub00732,parallel,110.94480609744649,662,0.01639882925068586,,B,False,0,,False
,L640_sub00732,parallel,117.94808179873041,700,0.016636477905293025,,B,False,0,,False
,L640_sub00732,parallel,125.193849689192,686,0.017636773499627646,,B,False,0,,False
,L640_sub00732,parallel,133.18220601867202,712,0.019428746557333634,,B,False,0,,False
,L640_sub00732,parallel,141.92867927237256,683,0.018667342494841043,,B,False,0,,False
,L640_sub00732,parallel,151.17539482336403,697,0.019740332557218118,,B,False,0,,False
,L640_sub00732,parallel,160.92234151913152,688,0.021923991846883782,,B,False,0,,False
,L640_sub00732,parallel,171.1695066301238,692,0.02343423617234527,,B,False,0,,False
,L640_sub00732,parallel,182.15927096911648,696,0.024816845944179728,,B,False,0,,False
,L640_sub00732,parallel,194.14942698859556,651,0.02117997550112715,,B,False,0,,False
,L640_sub00732,parallel,206.89792169086667,667,0.027051219644557624,,B,False,0,,False
,L640_sub00732,parallel,220.14654210320907,655,0.026238266047717344,,B,False,0,,False
,L640_sub00732,parallel,234.13777995018233,624,0.027070272332553404,,B,False,0,,False
,L640_sub00732,parallel,249.1294844051984,580,0.027947362854909247,,B,False,0,,False
,L640_sub00732,parallel,265.12167018182424,577,0.027091462944399004,,B,False,0,,False
,L640_sub00732,parallel,282.35660077285246,611,0.031732437989378845,,B,False,0,,False
,L640_sub00732,parallel,300.85004570383563,674,0.030276151317296447,,B,False,0,,False
,L640_sub00732,parallel,315.46037786067524,636,0.029073232076926706,,B,False,0,,False
1.0171595662280764,L640_sub00732,xi,33.98529093593286,1621,0.009906524556621383,0.9831299170771121,B,False,1064,0.010076516220840792,True
1.0971441814024618,L640_sub00732,xi,35.98610843089316,1640,0.011518510732833413,0.9114572331976605,B,False,1115,0.012637467028949986,True
1.0570050139585176,L640_sub00732,xi,38.22956970723055,1659,0.012222516284946612,1.0570050139585176,B,False,1150,0.01156334749933957,True
1.0538297815390576,L640_sub00732,xi,40.7308237088326,1645,0.012396815112379984,0.9489198516856847,B,False,1110,0.013064132961659486,True
1.0757762799436672,L640_sub00732,xi,43.23193264243457,1653,0.012244529409203925,0.9295613025157654,B,False,1111,0.013172374297494228,True
1.0244368388523812,L640_sub00732,xi,45.97553697348189,1646,0.013698852246176311,0.976146075652886,B,False,1148,0.014033608890978704,True
1.0533386242991343,L640_sub00732,xi,48.977035434987286,1599,0.014516593313073419,1.0533386242991343,B,False,1096,0.01378150670467667,True
1.0614166829759788,L640_sub00732,xi,52.22068555658763,1764,0.01584657789468969,1.0614166829759788,B,False,1181,0.014929648411271786,True
1.0602000336581228,L640_sub00732,xi,55.72252686302013,1688,0.017203396712414883,1.0602000336581228,B,False,1129,0.016226557410167347,True
1.0087445861862574,L640_sub00732,xi,59.22415047934415,1726,0.01732766573012365,0.991331218718786,B,False,1119,0.017479188996507376,True
1.031727450513416,L640_sub00732,xi,62.96824596572466,1683,0.01777348524531042,1.031727450513416,B,False,1167,0.01722691902446314,True
1.078679061686492,L640_sub00732,xi,66.97014260101288,1777,0.01936224876605854,0.927059804457983,B,False,1110,0.02088565233111247,True
1.0301683445055934,L640_sub00732,xi,71.21446482281532,1659,0.018894829416735405,1.0301683445055934,B,False,1120,0.01834149682186513,True
1.0314794101487033,L640_sub00732,xi,75.95887044973747,1711,0.019885968896373465,0.9694813005097551,B,False,1112,0.020511967467466762,True
1.0566205287788784,L640_sub00732,xi,80.96141056083448,1701,0.020922126406173167,0.9464135635862443,B,False,1053,0.022106748266469224,True
1.0433972651330579,L640_sub00732,xi,86.20614827261453,1824,0.021518697610097358,0.9584077258171424,B,False,1170,0.022452550235600853,True
1.0303525398623554,L640_sub00732,xi,91.95107394696377,1881,0.023325361406655115,1.0303525398623554,B,False,1186,0.02263823352128694,True
1.047540634438358,L640_sub00732,xi,97.95407086997457,1753,0.02380472246186383,0.9546169066139882,B,False,1102,0.024936414070329867,True
1.0183732894576392,L640_sub00732,xi,104.19932821280567,1696,0.024927941179249836,1.0183732894576392,B,False,1124,0.024478196195155365,True
1.028291274235682,L640_sub00732,xi,110.94480609744649,1716,0.024792356884890312,0.972487100742238,B,False,1142,0.025493764252469645,True
1.0986044168842777,L640_sub00732,xi,117.94808179873041,1763,0.025399908025440635,0.9102457487255267,B,False,1127,0.027904451145203495,True
1.0245123465766077,L640_sub00732,xi,125.193849689192,1825,0.026779691667568564,1.0245123465766077,B,False,1203,0.026138964315122696,True
1.036656295421743,L640_sub00732,xi,133.18220601867202,1811,0.027376109756034817,0.9646398757393065,B,False,1164,0.02837961652275009,True
1.0508443138017989,L640_sub00732,xi,141.92867927237256,1847,0.028740626680776954,0.9516157501791568,B,False,1186,0.030201924122594728,True
1.0067192298497392,L640_sub00732,xi,151.17539482336403,1797,0.02835551524582043,0.9933256168646524,B,False,1188,0.028546042470264883,True
1.0622037447133303,L640_sub00732,xi,160.92234151913152,1817,0.029696769103472468,0.9414389706090539,B,False,1185,0.031544019347595584,True
1.070181676160584,L640_sub00732,xi,171.1695066301238,1831,0.030644946894056238,0.9344207831960177,B,False,1147,0.03279566063293319,True
1.0172607126721855,L640_sub00732,xi,182.15927096911648,1880,0.03217050089467156,0.9830321642651033,B,False,1204,0.03272578666713477,True
1.0405819385415387,L640_sub00732,xi,194.14942698859556,1868,0.033078036898125066,0.9610007275367305,B,False,1144,0.034420407758599524,True
1.033202217974715,L640_sub00732,xi,206.89792169086667,1803,0.03375880440262129,0.967864743806108,B,False,1210,0.034879671584962885,True
1.0382801045255925,L640_sub00732,xi,220.14654210320907,1809,0.036725878274969787,0.9631312356282861,B,False,1253,0.03813174873412982,True
1.0077236005032406,L640_sub00732,xi,234.13777995018233,1881,0.03671888697583245,0.9923355962891178,B,False,1318,0.03700248898975742,True
1.0907877371083745,L640_sub00732,xi,249.1294844051984,1859,0.039538679808193845,1.0907877371083745,B,False,1284,0.03624782206757198,True
1.0218606599815225,L640_sub00732,xi,265.12167018182424,1987,0.03762424273676503,1.0218606599815225,B,False,1407,0.03681934750031904,True
1.0523192584759482,L640_sub00732,xi,282.35660077285246,1995,0.03817051130648271,0.9502819528821309,B,False,1472,0.040167564153685685,True
1.004894893439936,L640_sub00732,xi,300.85004570383563,2026,0.04030802510465227,0.995128949831579,B,False,1532,0.04050532859231381,True
1.760966574351884,L640_sub00732,xi,315.46037786067524,571,0.04004545015540953,1.760966574351884,B,False,406,0.022740607765452947,True
1.1881544990326365,L640_sub00732,lambda,33.98529093593286,2373,0.023240243473660615,0.8416413865487806,B,False,1721,0.027612999841843726,True
1.201237100707857,L640_sub00732,lambda,35.98610843089316,2325,0.02163474588109346,0.8324751203661015,B,False,1744,0.025988459416755958,True
1.1060810650491246,L640_sub00732,lambda,38.22956970723055,2336,0.023503445778149,0.9040928658837377,B,False,1668,0.0259967163386194,True
1.1537677300121114,L640_sub00732,lambda,40.7308237088326,2240,0.02386925086095928,0.86672557568368,B,False,1705,0.027539571382938628,True
1.1385089518810114,L640_sub00732,lambda,43.23193264243457,2480,0.02482345324329465,0.8783417981455737,B,False,1726,0.028261723734090687,True
1.1792856905050704,L640_sub00732,lambda,45.97553697348189,2194,0.025253925198557157,0.8479709438106681,B,False,1666,0.029781592615743875,True
1.212021511175574,L640_sub00732,lambda,48.977035434987286,2334,0.025957312862626154,0.8250678645382057,B,False,1757,0.03146082156181732,True
1.1765872054872681,L640_sub00732,lambda,52.22068555658763,2341,0.025257546183827355,0.8499157523864652,B,False,1734,0.02971770568189504,True
1.118714304811304,L640_sub00732,lambda,55.72252686302013,2328,0.027476808095093307,0.8938832691235429,B,False,1779,0.030738698266535917,True
1.1949953950342407,L640_sub00732,lambda,59.22415047934415,2332,0.0263112536900084,0.8368233084039178,B,False,1783,0.03144182699713771,True
1.193599389214938,L640_sub00732,lambda,62.96824596572466,2289,0.028171661944521136,0.8378020372963885,B,False,1753,0.03362567849015014,True
1.1908168682150164,L640_sub00732,lambda,66.97014260101288,2376,0.02757537482168259,0.8397596865578141,B,False,1753,0.03283722148501128,True
1.1902426446284529,L640_sub00732,lambda,71.21446482281532,2402,0.02893559030122572,0.8401648222847543,B,False,1786,0.034440373524016306,True
1.1944423281977583,L640_sub00732,lambda,75.95887044973747,2336,0.02974333209305011,0.8372107856466007,B,False,1799,0.035526694833581875,True
1.152071443475799,L640_sub00732,lambda,80.96141056083448,2388,0.03190501675880955,0.8680017247741167,B,False,1796,0.036756858711441284,True
1.210170528530658,L640_sub00732,lambda,86.20614827261453,2260,0.031701735719172494,0.8263298241233498,B,False,1749,0.03836450627061022,True
1.1326538502186312,L640_sub00732,lambda,91.95107394696377,2424,0.033979533674074455,0.8828822678764341,B,False,1793,0.03848704964457406,True
1.1724679978576051,L640_sub00732,lambda,97.95407086997457,2396,0.03411342077172743,0.8529017438661458,B,False,1803,0.0399968941523013,True
1.1702673012808111,L640_sub00732,lambda,104.19932821280567,2256,0.034274232458057524,0.8545056320940863,B,False,1773,0.04011001352216216,True
1.1561513012872235,L640_sub00732,lambda,110.94480609744649,2342,0.036150344924663236,0.8649386969392592,B,False,1751,0.04179526832663138,True
1.1589200151868266,L640_sub00732,lambda,117.94808179873041,2332,0.036424387940669864,0.8628723181028092,B,False,1800,0.04221295222537199,True
1.1639418393351668,L640_sub00732,lambda,125.193849689192,2289,0.03692329362951614,0.8591494576491822,B,False,1727,0.04297656630145146,True
1.1287520630569172,L640_sub00732,lambda,133.18220601867202,2258,0.03987031973610276,0.8859341504030325,B,False,1725,0.045003705656864915,True
1.0704474655532334,L640_sub00732,lambda,141.92867927237256,2190,0.037906886564680865,0.9341887688838383,B,False,1730,0.040577330650176546,True
1.1114683558762428,L640_sub00732,lambda,151.17539482336403,2178,0.040617885953534896,0.8997107247481058,B,False,1678,0.04514549491994417,True
1.1309993954637703,L640_sub00732,lambda,160.92234151913152,2152,0.0414464066688832,0.8841737705703604,B,False,1630,0.04687586088665248,True
1.1492977985608577,L640_sub00732,lambda,171.1695066301238,2240,0.04340665479103867,0.8700965069733821,B,False,1639,0.04988717279423185,True
1.1477938984693576,L640_sub00732,lambda,182.15927096911648,2171,0.04252306473201917,0.8712365532989429,B,False,1640,0.04880771424362913,True
1.1615948880517926,L640_sub00732,lambda,194.14942698859556,2204,0.045245809590526376,0.860885331268273,B,False,1674,0.052557301126120205,True
1.1513257049160166,L640_sub00732,lambda,206.89792169086667,2211,0.047180454916833155,0.8685639482642707,B,False,1674,0.05432007051538127,True
1.1523806272358859,L640_sub00732,lambda,220.14654210320907,2132,0.04887956140603031,0.8677688398828884,B,False,1616,0.05632785963209621,True
1.1438399005743984,L640_sub00732,lambda,234.13777995018233,2017,0.05410651092565698,0.8742482225858996,B,False,1601,0.06188918607763108,True
1.1778988833975135,L640_sub00732,lambda,249.1294844051984,2018,0.0539474205662129,0.8489693080577642,B,False,1573,0.06354460644711822,True
1.2333970821945839,L640_sub00732,lambda,265.12167018182424,2000,0.0546919195277861,0.8107689035721567,B,False,1526,0.06745685396519235,True
1.125655411643779,L640_sub00732,lambda,282.35660077285246,1842,0.059246673755459445,0.8883713342964469,B,False,1440,0.06669133893472637,True
1.175707701236656,L640_sub00732,lambda,300.85004570383563,1915,0.05594222599578843,0.8505515435070812,B,False,1431,0.06577170592756991,True
1.1196365267470816,L640_sub00732,lambda,315.46037786067524,1007,0.06684967810782683,0.8931469955748357,B,False,1033,0.07484734141080764,True
,L640_sub00732,parallel,33.98529093593286,777,0.003150889407993664,,u,False,0,,False
,L640_sub00732,parallel,35.98610843089316,840,0.0034310141201571547,,u,False,0,,False
,L640_sub00732,parallel,38.22956970723055,762,0.0036580904279553263,,u,False,0,,False
,L640_sub00732,parallel,40.7308237088326,735,0.00396259705636055,,u,False,0,,False
,L640_sub00732,parallel,43.23193264243457,737,0.004557345013326326,,u,False,0,,False
,L640_sub00732,parallel,45.97553697348189,744,0.004208543630518498,,u,False,0,,False
,L640_sub00732,parallel,48.977035434987286,820,0.005350913410666413,,u,False,0,,False
,L640_sub00732,parallel,52.22068555658763,782,0.004794992494676622,,u,False,0,,False
,L640_sub00732,parallel,55.72252686302013,764,0.00576847384951826,,u,False,0,,False
,L640_sub00732,parallel,59.22415047934415,738,0.0057223199489304195,,u,False,0,,False
,L640_sub00732,parallel,62.96824596572466,756,0.006173395613837933,,u,False,0,,False
,L640_sub00732,parallel,66.97014260101288,699,0.006622398248966525,,u,False,0,,False
,L640_sub00732,parallel,71.21446482281532,718,0.007675918481363272,,u,False,0,,False
,L640_sub00732,parallel,75.95887044973747,738,0.008051108409658822,,u,False,0,,False
,L640_sub00732,parallel,80.96141056083448,722,0.008630178508602517,,u,False,0,,False
,L640_sub00732,parallel,86.20614827261453,751,0.009753815803982909,,u,False,0,,False
,L640_sub00732,parallel,91.95107394696377,741,0.009481060477560435,,u,False,0,,False
,L640_sub00732,parallel,97.95407086997457,725,0.009856021131974852,,u,False,0,,False
,L640_sub00732,parallel,104.19932821280567,708,0.010032352811426401,,u,False,0,,False
,L640_sub00732,parallel,110.94480609744649,662,0.010951310758089349,,u,False,0,,False
,L640_sub00732,parallel,117.94808179873041,700,0.012983576996905182,,u,False,0,,False
,L640_sub00732,parallel,125.193849689192,686,0.012610435783896751,,u,False,0,,False
,L640_sub00732,parallel,133.18220601867202,712,0.01409729060416998,,u,False,0,,False
,L640_sub00732,parallel,141.92867927237256,683,0.01461729403929088,,u,False,0,,False
,L640_sub00732,parallel,151.17539482336403,697,0.014071696677439387,,u,False,0,,False
,L640_sub00732,parallel,160.92234151913152,688,0.01585224541133563,,u,False,0,,False
,L640_sub00732,parallel,171.1695066301238,692,0.017174510775034745,,u,False,0,,False
,L640_sub00732,parallel,182.15927096911648,696,0.019717412293393705,,u,False,0,,False
,L640_sub00732,parallel,194.14942698859556,651,0.018180584912271813,,u,False,0,,False
,L640_sub00732,parallel,206.89792169086667,667,0.01966883054566435,,u,False,0,,False
,L640_sub00732,parallel,220.14654210320907,655,0.021825436104382492,,u,False,0,,False
,L640_sub00732,parallel,234.13777995018233,624,0.02249848153540788,,u,False,0,,False
,L640_sub00732,parallel,249.1294844051984,580,0.023733815473562177,,u,False,0,,False
,L640_sub00732,parallel,265.12167018182424,577,0.023621551564147046,,u,False,0,,False
,L640_sub00732,parallel,282.35660077285246,611,0.026382736906996315,,u,False,0,,False
,L640_sub00732,parallel,300.85004570383563,674,0.03251811069627233,,u,False,0,,False
,L640_sub00732,parallel,315.46037786067524,636,0.03367439600287693,,u,False,0,,False
1.1202484219866404,L640_sub00732,xi,33.98529093593286,1628,0.006055152684407985,0.8926591462870416,u,False,1105,0.006783275239596216,True
1.1854383891454512,L640_sub00732,xi,35.98610843089316,1608,0.006372788706368065,0.8435697790425629,u,False,1102,0.007554548378441282,True
1.0421696896188235,L640_sub00732,xi,38.22956970723055,1728,0.007033159811972782,0.9595366378058384,u,False,1164,0.007329745978283257,True
1.018207938451777,L640_sub00732,xi,40.7308237088326,1637,0.007764731546098991,0.9821176620568655,u,False,1100,0.007906111300184933,True
1.0715646866919033,L640_sub00732,xi,43.23193264243457,1674,0.008238265178905515,0.9332147768765736,u,False,1081,0.008827834045318705,True
1.0106240782311935,L640_sub00732,xi,45.97553697348189,1673,0.0085753298040843,0.9894876062622732,u,False,1150,0.008666434778781177,True
1.0346372149100616,L640_sub00732,xi,48.977035434987286,1631,0.00909352329683642,0.9665223573916463,u,False,1108,0.009408497617558593,True
1.075692239420717,L640_sub00732,xi,52.22068555658763,1765,0.00978840159872842,0.9296339262785063,u,False,1186,0.010529307636085498,True
1.0803530260643062,L640_sub00732,xi,55.72252686302013,1758,0.010294763906960862,0.9256233618773395,u,False,1102,0.011121979339502767,True
1.0889267145174906,L640_sub00732,xi,59.22415047934415,1785,0.011207319473588714,0.9183354459653472,u,False,1087,0.01220394957292285,True
1.036604137634926,L640_sub00732,xi,62.96824596572466,1723,0.011438092812338301,1.036604137634926,u,False,1097,0.011034195597979177,True
1.0959465308291374,L640_sub00732,xi,66.97014260101288,1768,0.012070477965846559,0.9124532738321193,u,False,1139,0.013228598452119078,True
1.0985908690540132,L640_sub00732,xi,71.21446482281532,1694,0.013438840561725505,0.9102569738824527,u,False,1083,0.014763787531784346,True
1.071040543882205,L640_sub00732,xi,75.95887044973747,1692,0.01407275883354128,1.071040543882205,u,False,1173,0.013139333439733003,True
1.0460292477026916,L640_sub00732,xi,80.96141056083448,1750,0.013962205524059525,0.9559962134865906,u,False,1109,0.014604875340602348,True
1.0153928145772073,L640_sub00732,xi,86.20614827261453,1703,0.015451704378247666,0.9848405322982154,u,False,1094,0.015689549598643854,True
1.005944150853696,L640_sub00732,xi,91.95107394696377,1748,0.015861922198992778,1.005944150853696,u,False,1151,0.015768193677085884,True
1.0496676264726252,L640_sub00732,xi,97.95407086997457,1751,0.016490050460056773,0.9526825204283649,u,False,1140,0.017309072126821614,True
1.0045219856504064,L640_sub00732,xi,104.19932821280567,1702,0.017913039213927225,0.9954983706529047,u,False,1124,0.01799404172020777,True
1.0787596501498493,L640_sub00732,xi,110.94480609744649,1702,0.019064167780058993,1.0787596501498493,u,False,1128,0.017672303350807394,True
1.0052610597118465,L640_sub00732,xi,117.94808179873041,1755,0.019378806283823925,0.994766474179996,u,False,1158,0.01948075934082743,True
1.011227008835453,L640_sub00732,xi,125.193849689192,1813,0.01963182160175357,1.011227008835453,u,False,1199,0.019413862001532108,True
1.121036161537458,L640_sub00732,xi,133.18220601867202,1813,0.021476518196913028,1.121036161537458,u,False,1161,0.019157739004118126,True
1.0221013272227244,L640_sub00732,xi,141.92867927237256,1787,0.0240576976421083,1.0221013272227244,u,False,1241,0.023537487919596378,True
1.0573872540899303,L640_sub00732,xi,151.17539482336403,1793,0.023462875274179507,1.0573872540899303,u,False,1249,0.022189481841611076,True
1.0253157206356616,L640_sub00732,xi,160.92234151913152,1778,0.024699362587112694,0.9753093411852043,u,False,1209,0.025324644750246948,True
1.0049441713517324,L640_sub00732,xi,171.1695066301238,1784,0.02497143724426737,0.9950801532138027,u,False,1215,0.025094900308902063,True
1.0024580634237197,L640_sub00732,xi,182.15927096911648,1771,0.02647679296883416,0.9975479638366871,u,False,1224,0.026541874605208248,True
1.0021747889942962,L640_sub00732,xi,194.14942698859556,1800,0.028647212660535597,0.99782993044908,u,False,1362,0.028709514303346992,True
1.034889044409433,L640_sub00732,xi,206.89792169086667,1828,0.028270644736194228,0.966287164215423,u,False,1329,0.029256980515878613,True
1.025189092405871,L640_sub00732,xi,220.14654210320907,1858,0.029469057915965532,0.975429808420261,u,False,1383,0.030211356738924753,True
1.0929852005418932,L640_sub00732,xi,234.13777995018233,1866,0.028860850174602277,0.9149254715472892,u,False,1279,0.0315444821158972,True
1.0847517873224761,L640_sub00732,xi,249.1294844051984,1915,0.030263453286602345,0.9218698799919276,u,False,1385,0.03282833504319216,True
1.0402186883606763,L640_sub00732,xi,265.12167018182424,1876,0.031093007084906612,0.9613363143628398,u,False,1370,0.03234352704705077,True
1.0672103020385566,L640_sub00732,xi,282.35660077285246,1993,0.03280083422887817,0.9370224388668539,u,False,1518,0.03500538820451769,True
1.0809651774292532,L640_sub00732,xi,300.85004570383563,2125,0.03239865138889093,0.9250991806953446,u,False,1556,0.035021813947061005,True
2.5847413763637817,L640_sub00732,xi,315.46037786067524,577,0.029888317570590912,2.5847413763637817,u,False,399,0.01156336871607551,True
1.2315095898927038,L640_sub00732,lambda,33.98529093593286,2467,0.014988092146204302,0.8120115411258193,u,False,1730,0.018457979212246112,True
1.2473391208030142,L640_sub00732,lambda,35.98610843089316,2394,0.014573805352314128,0.801706595521688,u,False,1765,0.018178477554909766,True
1.16318109278882,L640_sub00732,lambda,38.22956970723055,2360,0.015958411061274987,0.8597113606810954,u,False,1716,0.018562522017427033,True
1.3475120968932508,L640_sub00732,lambda,40.7308237088326,2438,0.015483226928327513,0.7421083657100701,u,False,1678,0.020863835584864654,True
1.2895408428928754,L640_sub00732,lambda,43.23193264243457,2485,0.01713892617792664,0.7754698158738907,u,False,1798,0.02210134530976229,True
1.2101342739247423,L640_sub00732,lambda,45.97553697348189,2256,0.01743580830711051,0.8263545802704779,u,False,1699,0.02109966922601617,True
1.3050529240860018,L640_sub00732,lambda,48.977035434987286,2400,0.018683873702848377,0.7662524496470926,u,False,1737,0.024383444009155826,True
1.2629681580496859,L640_sub00732,lambda,52.22068555658763,2362,0.01859036791952992,0.7917855993647779,u,False,1705,0.023479042728794672,True
1.1944402099011235,L640_sub00732,lambda,55.72252686302013,2355,0.02085074156314028,0.837212270409735,u,False,1732,0.024904964129271356,True
1.2531783884486618,L640_sub00732,lambda,59.22415047934415,2415,0.02103011072364864,0.7979709905769464,u,False,1762,0.02635448026555892,True
1.236909021229396,L640_sub00732,lambda,62.96824596572466,2287,0.022797401497000398,0.8084668984029836,u,False,1689,0.02819831157222833,True
1.2340994855979122,L640_sub00732,lambda,66.97014260101288,2410,0.02355989701493619,0.8103074441486436,u,False,1650,0.029075256786872537,True
1.1710811088673132,L640_sub00732,lambda,71.21446482281532,2354,0.025022999485865217,0.8539118191115,u,False,1673,0.029303961985093246,True
1.2292075138877412,L640_sub00732,lambda,75.95887044973747,2379,0.025472575816100417,0.813532287023854,u,False,1694,0.031311081591225795,True
1.2001748541369084,L640_sub00732,lambda,80.96141056083448,2453,0.02515267981702506,0.8332119245400607,u,False,1633,0.03018761383055041,True
1.195419809962641,L640_sub00732,lambda,86.20614827261453,2341,0.02668070897963132,0.8365262075013227,u,False,1741,0.031894648058099405,True
1.2239586537113185,L640_sub00732,lambda,91.95107394696377,2372,0.028129989886876188,0.8170210627358813,u,False,1683,0.034429944550853984,True
1.20594950741452,L640_sub00732,lambda,97.95407086997457,2253,0.028474079484418127,0.829222114070047,u,False,1555,0.03433830212831593,True
1.2033388010690207,L640_sub00732,lambda,104.19932821280567,2228,0.029895264939033956,0.8310211547334975,u,False,1608,0.03597413226937785,True
1.16965380638355,L640_sub00732,lambda,110.94480609744649,2224,0.03058701065441452,0.8549538286819224,u,False,1525,0.03577621343783014,True
1.2199340477011538,L640_sub00732,lambda,117.94808179873041,2149,0.03177799293782053,0.8197164444130418,u,False,1523,0.03876705555245408,True
1.1815954485228861,L640_sub00732,lambda,125.193849689192,2162,0.03354696028470036,0.8463133479822568,u,False,1537,0.03963893558417997,True
1.247393332910524,L640_sub00732,lambda,133.18220601867202,2190,0.032693295509499266,0.8016717531002953,u,False,1487,0.04078139884942296,True
1.208225981356255,L640_sub00732,lambda,141.92867927237256,2095,0.031403795060131176,0.8276597386835551,u,False,1498,0.037942881104837706,True
1.206573146340109,L640_sub00732,lambda,151.17539482336403,2023,0.034410684884448525,0.8287935157792081,u,False,1502,0.04151900832874709,True
1.1637228910861313,L640_sub00732,lambda,160.92234151913152,2154,0.03487577248160673,0.8593111020327832,u,False,1574,0.040585734781157526,True
1.2352943114942259,L640_sub00732,lambda,171.1695066301238,2173,0.033245733363310014,0.8095236824901985,u,False,1524,0.041068265305150654,True
1.2192460698964678,L640_sub00732,lambda,182.15927096911648,2045,0.03408081977966565,0.8201789816594733,u,False,1449,0.04155290557520715,True
1.2502750371513192,L640_sub00732,lambda,194.14942698859556,2079,0.032785911908278995,0.7998240149450982,u,False,1437,0.0409914072291634,True
1.1876782735409581,L640_sub00732,lambda,206.89792169086667,2055,0.03239456818015289,0.8419788610080304,u,False,1528,0.03847432480830885,True
1.1111345584836478,L640_sub00732,lambda,220.14654210320907,1992,0.032558276164424645,0.8999810080290258,u,False,1507,0.036176625810946654,True
1.2447913426594486,L640_sub00732,lambda,234.13777995018233,1903,0.030084477113432255,0.8033474894383011,u,False,1432,0.037448896659236786,True
1.1617420339452138,L640_sub00732,lambda,249.1294844051984,1809,0.030905356055265776,0.8607762917935003,u,False,1431,0.035904051203445496,True
1.187388363602082,L640_sub00732,lambda,265.12167018182424,1847,0.02688568911994476,0.842184436578427,u,False,1395,0.03192375440844551,True
1.1877837364894746,L640_sub00732,lambda,282.35660077285246,1733,0.02761635931609803,0.8419041019668494,u,False,1335,0.03280226245671083,True
1.1856295007137578,L640_sub00732,lambda,300.85004570383563,1670,0.02567742729411175,0.8434338040661037,u,False,1268,0.030443915302331537,True
1.4374863416861259,L640_sub00732,lambda,315.46037786067524,755,0.02640760207757399,0.6956587836702725,u,False,812,0.037960567303194775,True
,L640_sub02000,parallel,33.98529093593286,2155,0.008581220688793072,,B,False,0,,False
,L640_sub02000,parallel,35.98610843089316,2230,0.008734250721193779,,B,False,0,,False
,L640_sub02000,parallel,38.22956970723055,2296,0.009151507722081221,,B,False,0,,False
,L640_sub02000,parallel,40.7308237088326,2256,0.010770174295072637,,B,False,0,,False
,L640_sub02000,parallel,43.23193264243457,2126,0.009447294968862315,,B,False,0,,False
,L640_sub02000,parallel,45.97553697348189,2190,0.011912088424808821,,B,False,0,,False
,L640_sub02000,parallel,48.977035434987286,2216,0.01128322923615392,,B,False,0,,False
,L640_sub02000,parallel,52.22068555658763,2199,0.014151954543425056,,B,False,0,,False
,L640_sub02000,parallel,55.72252686302013,2214,0.013309701392395162,,B,False,0,,False
,L640_sub02000,parallel,59.22415047934415,2174,0.014248060548134878,,B,False,0,,False
,L640_sub02000,parallel,62.96824596572466,2120,0.016249293037562708,,B,False,0,,False
,L640_sub02000,parallel,66.97014260101288,2183,0.017909975863815188,,B,False,0,,False
,L640_sub02000,parallel,71.21446482281532,2194,0.019881579481907562,,B,False,0,,False
,L640_sub02000,parallel,75.95887044973747,2263,0.020414623383497574,,B,False,0,,False
,L640_sub02000,parallel,80.96141056083448,2269,0.02225951397648794,,B,False,0,,False
,L640_sub02000,parallel,86.20614827261453,2258,0.02279088463717256,,B,False,0,,False
,L640_sub02000,parallel,91.95107394696377,2247,0.024326751942892043,,B,False,0,,False
,L640_sub02000,parallel,97.95407086997457,2199,0.029666290066696778,,B,False,0,,False
,L640_sub02000,parallel,104.19932821280567,2195,0.03182044848558087,,B,False,0,,False
,L640_sub02000,parallel,110.94480609744649,2305,0.0333790825529885,,B,False,0,,False
,L640_sub02000,parallel,117.94808179873041,2269,0.034933061328615705,,B,False,0,,False
,L640_sub02000,parallel,125.193849689192,2210,0.03762173425494876,,B,False,0,,False
,L640_sub02000,parallel,133.18220601867202,2300,0.04067614932358781,,B,False,0,,False
,L640_sub02000,parallel,141.92867927237256,2290,0.04361306931094038,,B,False,0,,False
,L640_sub02000,parallel,151.17539482336403,2192,0.04548235570729207,,B,False,0,,False
,L640_sub02000,parallel,160.92234151913152,2213,0.047647021181944395,,B,False,0,,False
,L640_sub02000,parallel,171.1695066301238,2214,0.049443652073872954,,B,False,0,,False
,L640_sub02000,parallel,182.15927096911648,2215,0.06081839879009964,,B,False,0,,False
,L640_sub02000,parallel,194.14942698859556,2284,0.06195574454478621,,B,False,0,,False
,L640_sub02000,parallel,206.89792169086667,2218,0.0683044636652966,,B,False,0,,False
,L640_sub02000,parallel,220.14654210320907,2306,0.07663347824711148,,B,False,0,,False
,L640_sub02000,parallel,234.13777995018233,2223,0.07576972950867214,,B,False,0,,False
,L640_sub02000,parallel,249.1294844051984,2240,0.08757383512430096,,B,False,0,,False
,L640_sub02000,parallel,265.12167018182424,2250,0.09044357514109776,,B,False,0,,False
,L640_sub02000,parallel,282.35660077285246,2253,0.10063432669217373,,B,False,0,,False
,L640_sub02000,parallel,300.85004570383563,2243,0.1120288185107485,,B,False,0,,False
,L640_sub02000,parallel,315.46037786067524,800,0.17482724314116435,,B,False,0,,False
1.0694859132426358,L640_sub02000,xi,33.98529093593286,1433,0.01517286799940872,0.9350286783750547,B,False,1134,0.016227168588857598,True
1.1779314172968987,L640_sub02000,xi,35.98610843089316,1456,0.01793078949172354,0.8489458599336681,B,False,1165,0.021121240279238243,True
1.0429479449658268,L640_sub02000,xi,38.22956970723055,1409,0.019786257867980387,0.958820624583297,B,False,1129,0.020636036981974065,True
1.017010122970855,L640_sub02000,xi,40.7308237088326,1410,0.018701892602689976,1.017010122970855,B,False,1117,0.018389091888346844,True
1.3269092303122318,L640_sub02000,xi,43.23193264243457,1422,0.018583251827950648,0.7536310526415528,B,False,1110,0.02465828837972437,True
1.054516996614064,L640_sub02000,xi,45.97553697348189,1454,0.021537208395092093,0.9483014529029765,B,False,1121,0.022711352312243718,True
1.1697548211682738,L640_sub02000,xi,48.977035434987286,1468,0.021256052427670525,0.854879998700297,B,False,1157,0.024864369806273188,True
1.113101555980375,L640_sub02000,xi,52.22068555658763,1473,0.022856041105715146,0.8983906226950158,B,False,1206,0.025441094918322936,True
1.090569009133084,L640_sub02000,xi,55.72252686302013,1428,0.024419156009378655,0.9169525189377249,B,False,1173,0.02663077477301427,True
1.196007144221655,L640_sub02000,xi,59.22415047934415,1475,0.025369527144394628,0.8361154068613746,B,False,1220,0.03034213571022118,True
1.095581539113856,L640_sub02000,xi,62.96824596572466,1485,0.026857760257138912,0.9127572565788525,B,False,1107,0.0294248663196672,True
1.188414024547718,L640_sub02000,xi,66.97014260101288,1564,0.02893091774710048,0.8414575891432922,B,False,1158,0.03438190839369068,True
1.2305200436911414,L640_sub02000,xi,71.21446482281532,1522,0.03077122697352474,0.8126645357196624,B,False,1231,0.03786461155989169,True
1.2842147024752728,L640_sub02000,xi,75.95887044973747,1491,0.03171684656056117,0.7786859923597976,B,False,1190,0.040731240669224934,True
1.2095480608279123,L640_sub02000,xi,80.96141056083448,1432,0.03209549774500917,0.8267550768636008,B,False,1147,0.038821047058782476,True
1.2194378739612075,L640_sub02000,xi,86.20614827261453,1505,0.03690373937195654,0.8200499765942252,B,False,1189,0.04500181748095719,True
1.1948783369313223,L640_sub02000,xi,91.95107394696377,1527,0.03760412922333752,0.8369052890926055,B,False,1228,0.04493235938813207,True
1.2216100021051064,L640_sub02000,xi,97.95407086997457,1512,0.03863283005155283,0.8185918568747612,B,False,1253,0.04719425160060367,True
1.1542657419549622,L640_sub02000,xi,104.19932821280567,1496,0.0417051975168647,0.8663516239391419,B,False,1194,0.048138880755182085,True
1.1744959778911415,L640_sub02000,xi,110.94480609744649,1502,0.04753114290959772,0.8514290545256217,B,False,1201,0.05582513617189157,True
1.20678804448636,L640_sub02000,xi,117.94808179873041,1542,0.04699493408690816,0.8286459288098316,B,False,1256,0.05671292460750528,True
1.1717495285302337,L640_sub02000,xi,125.193849689192,1556,0.04849702090618916,0.8534247086528253,B,False,1245,0.056826361381948035,True
1.2007551271950463,L640_sub02000,xi,133.18220601867202,1530,0.05167268740719989,0.8328092692271,B,False,1222,0.062046244340142165,True
1.2636390769905381,L640_sub02000,xi,141.92867927237256,1572,0.05225263403967248,0.7913652072089947,B,False,1243,0.0660284702482161,True
1.2622066480130476,L640_sub02000,xi,151.17539482336403,1645,0.05660638224340722,0.7922632966433741,B,False,1278,0.07144895198759632,True
1.2509888740124364,L640_sub02000,xi,160.92234151913152,1653,0.06210737540526704,0.7993676209066418,B,False,1273,0.07769563562610271,True
1.1603883657051444,L640_sub02000,xi,171.1695066301238,1684,0.0653791315268094,0.8617804431297623,B,False,1297,0.07586518358361603,True
1.1903181917005243,L640_sub02000,xi,182.15927096911648,1610,0.06718415670821554,0.8401114987341073,B,False,1284,0.07997052392384778,True
1.2533765593432233,L640_sub02000,xi,194.14942698859556,1692,0.06663435532944985,0.7978448236849155,B,False,1328,0.08351793901687962,True
1.2066833934702297,L640_sub02000,xi,206.89792169086667,1751,0.07150695442494238,0.8287177940886042,B,False,1317,0.08628625442221054,True
1.2463040941196124,L640_sub02000,xi,220.14654210320907,1740,0.07813250227058503,0.8023723942802248,B,False,1349,0.09737685746364004,True
1.1462305807249487,L640_sub02000,xi,234.13777995018233,1724,0.08655909048893808,0.8724248129617488,B,False,1325,0.09921667655815887,True
1.1753181955877179,L640_sub02000,xi,249.1294844051984,1802,0.09280789715004925,0.8508334200509421,B,False,1332,0.10907881021468638,True
1.3308730204229087,L640_sub02000,xi,265.12167018182424,1876,0.08713940384733156,0.7513864844012181,B,False,1396,0.11597148159614978,True
1.1943772622524953,L640_sub02000,xi,282.35660077285246,1919,0.09716654708664213,0.8372563942770342,B,False,1496,0.1160535144918718,True
1.2877975505116677,L640_sub02000,xi,300.85004570383563,1978,0.09618288360911202,0.7765195698677017,B,False,1458,0.12386408191296329,True
,L640_sub02000,xi,315.46037786067524,692,0.11216129771899522,,B,False,0,,False
2.1649121031310163,L640_sub02000,lambda,33.98529093593286,2308,0.042998892299719906,2.1649121031310163,B,False,1363,0.019861726597367402,True
2.072320433619984,L640_sub02000,lambda,35.98610843089316,2346,0.04206998037018582,2.072320433619984,B,False,1365,0.02030090505679996,True
2.1188109235285744,L640_sub02000,lambda,38.22956970723055,2317,0.0467628538070637,2.1188109235285744,B,False,1315,0.0220703288282028,True
1.935297269862325,L640_sub02000,lambda,40.7308237088326,2297,0.04687509703653921,1.935297269862325,B,False,1377,0.02422113530903387,True
2.126347078920607,L640_sub02000,lambda,43.23193264243457,2298,0.05286398629473754,2.126347078920607,B,False,1413,0.024861409888724643,True
1.825744339782497,L640_sub02000,lambda,45.97553697348189,2336,0.046738046966596704,1.825744339782497,B,False,1344,0.025599447824203394,True
2.0414056950858375,L640_sub02000,lambda,48.977035434987286,2322,0.05654224633646382,2.0414056950858375,B,False,1403,0.02769770186914577,True
2.3354195717713813,L640_sub02000,lambda,52.22068555658763,2359,0.06167519450345318,2.3354195717713813,B,False,1341,0.02640861421602006,True
2.163249645561806,L640_sub02000,lambda,55.72252686302013,2282,0.06224239019076939,2.163249645561806,B,False,1392,0.028772633948406238,True
2.0579520848773885,L640_sub02000,lambda,59.22415047934415,2326,0.05941391065701369,2.0579520848773885,B,False,1345,0.02887040524102073,True
2.050512261921705,L640_sub02000,lambda,62.96824596572466,2369,0.06491891515550643,2.050512261921705,B,False,1287,0.03165985220428067,True
2.1776460258996786,L640_sub02000,lambda,66.97014260101288,2281,0.06750708321988529,2.1776460258996786,B,False,1298,0.031000025907330475,True
2.3028274574915053,L640_sub02000,lambda,71.21446482281532,2294,0.07237576727354461,2.3028274574915053,B,False,1319,0.03142908820115612,True
2.231760073267271,L640_sub02000,lambda,75.95887044973747,2281,0.07674460161084298,2.231760073267271,B,False,1287,0.03438747853325012,True
2.3369376034592135,L640_sub02000,lambda,80.96141056083448,2210,0.08498172314044017,2.3369376034592135,B,False,1286,0.03636456660830283,True
2.3260940453332903,L640_sub02000,lambda,86.20614827261453,2232,0.08503407644222803,2.3260940453332903,B,False,1333,0.036556594353021554,True
2.1473823671312813,L640_sub02000,lambda,91.95107394696377,2267,0.08982863376907788,2.1473823671312813,B,False,1301,0.041831690128424234,True
2.3616691696430125,L640_sub02000,lambda,97.95407086997457,2291,0.09343148591168778,2.3616691696430125,B,False,1246,0.03956163171059678,True
2.1491246089278997,L640_sub02000,lambda,104.19932821280567,2220,0.09364263485587761,2.1491246089278997,B,False,1246,0.04357245478780854,True
2.0064306096918636,L640_sub02000,lambda,110.94480609744649,2219,0.09067392756047739,2.0064306096918636,B,False,1253,0.045191658820637,True
2.1073448142723206,L640_sub02000,lambda,117.94808179873041,2262,0.10211859407407678,2.1073448142723206,B,False,1299,0.04845841714296716,True
2.3519811911029658,L640_sub02000,lambda,125.193849689192,2167,0.10898866933913506,2.3519811911029658,B,False,1168,0.0463390905298969,True
2.1121515693667328,L640_sub02000,lambda,133.18220601867202,2248,0.10685461839866227,2.1121515693667328,B,False,1204,0.05059041214106595,True
1.9281966393385306,L640_sub02000,lambda,141.92867927237256,2162,0.10012616216874054,1.9281966393385306,B,False,1165,0.05192736058449355,True
2.293837786433416,L640_sub02000,lambda,151.17539482336403,2183,0.10794943123331814,2.293837786433416,B,False,1249,0.04706062123127015,True
1.9061203045919803,L640_sub02000,lambda,160.92234151913152,2147,0.10110908370809633,1.9061203045919803,B,False,1102,0.05304443977881003,True
1.9165114088839426,L640_sub02000,lambda,171.1695066301238,2187,0.1037280090170809,1.9165114088839426,B,False,1191,0.054123345437054125,True
1.8672298045326778,L640_sub02000,lambda,182.15927096911648,2158,0.10140450695315982,1.8672298045326778,B,False,1206,0.05430745948195643,True
1.7126622888067797,L640_sub02000,lambda,194.14942698859556,2168,0.09562573265357979,1.7126622888067797,B,False,1171,0.05583455260184582,True
1.641178267236202,L640_sub02000,lambda,206.89792169086667,2095,0.09355719776404914,1.641178267236202,B,False,1101,0.057006115442658475,True
1.6298219205649778,L640_sub02000,lambda,220.14654210320907,2018,0.08742384381147429,1.6298219205649778,B,False,1114,0.053640120253854985,True
1.449479506777715,L640_sub02000,lambda,234.13777995018233,1978,0.07956345949936577,1.449479506777715,B,False,1042,0.0548910551182889,True
1.3540258246855328,L640_sub02000,lambda,249.1294844051984,1996,0.07710681490391177,1.3540258246855328,B,False,1054,0.05694633994282903,True
1.2672718119081705,L640_sub02000,lambda,265.12167018182424,1908,0.0721815772558321,1.2672718119081705,B,False,1026,0.05695824414112554,True
1.3089788052084323,L640_sub02000,lambda,282.35660077285246,1885,0.07151612635069193,1.3089788052084323,B,False,925,0.05463505296352313,True
1.3822086645241347,L640_sub02000,lambda,300.85004570383563,1849,0.07462083912220395,1.3822086645241347,B,False,863,0.05398666716352435,True
,L640_sub02000,lambda,315.46037786067524,692,0.07578845683208958,,B,False,0,,False
,L640_sub02000,parallel,33.98529093593286,2155,0.004163524458832985,,u,False,0,,False
,L640_sub02000,parallel,35.98610843089316,2230,0.004415395728264178,,u,False,0,,False
,L640_sub02000,parallel,38.22956970723055,2296,0.004609786108306508,,u,False,0,,False
,L640_sub02000,parallel,40.7308237088326,2256,0.004934150989190873,,u,False,0,,False
,L640_sub02000,parallel,43.23193264243457,2126,0.005169363476955076,,u,False,0,,False
,L640_sub02000,parallel,45.97553697348189,2190,0.0059391669282012685,,u,False,0,,False
,L640_sub02000,parallel,48.977035434987286,2216,0.006528772261286702,,u,False,0,,False
,L640_sub02000,parallel,52.22068555658763,2199,0.006821763229355079,,u,False,0,,False
,L640_sub02000,parallel,55.72252686302013,2214,0.006760518225785428,,u,False,0,,False
,L640_sub02000,parallel,59.22415047934415,2174,0.0074381713883726625,,u,False,0,,False
,L640_sub02000,parallel,62.96824596572466,2120,0.008399801319037638,,u,False,0,,False
,L640_sub02000,parallel,66.97014260101288,2183,0.008740270358690683,,u,False,0,,False
,L640_sub02000,parallel,71.21446482281532,2194,0.009257164691938,,u,False,0,,False
,L640_sub02000,parallel,75.95887044973747,2263,0.009227874623718605,,u,False,0,,False
,L640_sub02000,parallel,80.96141056083448,2269,0.010398222002249219,,u,False,0,,False
,L640_sub02000,parallel,86.20614827261453,2258,0.011408423712515617,,u,False,0,,False
,L640_sub02000,parallel,91.95107394696377,2247,0.012118624483991916,,u,False,0,,False
,L640_sub02000,parallel,97.95407086997457,2199,0.012959316875625005,,u,False,0,,False
,L640_sub02000,parallel,104.19932821280567,2195,0.013680381917403367,,u,False,0,,False
,L640_sub02000,parallel,110.94480609744649,2305,0.014155547802785867,,u,False,0,,False
,L640_sub02000,parallel,117.94808179873041,2269,0.015115709513191475,,u,False,0,,False
,L640_sub02000,parallel,125.193849689192,2210,0.016735518735214727,,u,False,0,,False
,L640_sub02000,parallel,133.18220601867202,2300,0.017715542393960337,,u,False,0,,False
,L640_sub02000,parallel,141.92867927237256,2290,0.019779525464649315,,u,False,0,,False
,L640_sub02000,parallel,151.17539482336403,2192,0.020843063044942507,,u,False,0,,False
,L640_sub02000,parallel,160.92234151913152,2213,0.021938171605730757,,u,False,0,,False
,L640_sub02000,parallel,171.1695066301238,2214,0.023406593423845056,,u,False,0,,False
,L640_sub02000,parallel,182.15927096911648,2215,0.02559854968487461,,u,False,0,,False
,L640_sub02000,parallel,194.14942698859556,2284,0.026160228094634395,,u,False,0,,False
,L640_sub02000,parallel,206.89792169086667,2218,0.029804579425395866,,u,False,0,,False
,L640_sub02000,parallel,220.14654210320907,2306,0.032425391525990964,,u,False,0,,False
,L640_sub02000,parallel,234.13777995018233,2223,0.03396727444273178,,u,False,0,,False
,L640_sub02000,parallel,249.1294844051984,2240,0.036321043793855916,,u,False,0,,False
,L640_sub02000,parallel,265.12167018182424,2250,0.039373962801758734,,u,False,0,,False
,L640_sub02000,parallel,282.35660077285246,2253,0.04109714363411125,,u,False,0,,False
,L640_sub02000,parallel,300.85004570383563,2243,0.04549662960466675,,u,False,0,,False
,L640_sub02000,parallel,315.46037786067524,800,0.05545512522472393,,u,False,0,,False
1.2386917007211553,L640_sub02000,xi,33.98529093593286,1630,0.008034789633202033,0.8073033826074792,u,False,1214,0.009952627235687734,True
1.3112104812741419,L640_sub02000,xi,35.98610843089316,1555,0.008494550557076973,0.7626540622435161,u,False,1183,0.011138143724152427,True
1.205810989575272,L640_sub02000,xi,38.22956970723055,1548,0.009361684771336394,0.8293173711679592,u,False,1260,0.011288422378216891,True
1.0825620832578322,L640_sub02000,xi,40.7308237088326,1508,0.009986219348568163,0.92373455108517,u,False,1253,0.010810702421855622,True
1.219491892402915,L640_sub02000,xi,43.23193264243457,1509,0.009850489762487279,0.8200136517755579,u,False,1220,0.012012592401551152,True
1.190095913252955,L640_sub02000,xi,45.97553697348189,1531,0.010719353731120717,0.8402684093474825,u,False,1190,0.01275705906811958,True
1.420957567676183,L640_sub02000,xi,48.977035434987286,1482,0.01048331506881532,0.7037507823934448,u,False,1132,0.014896345881366893,True
1.193960033888085,L640_sub02000,xi,52.22068555658763,1554,0.011189513360027104,0.8375489728442069,u,False,1159,0.01335983175052914,True
1.2101521314860362,L640_sub02000,xi,55.72252686302013,1492,0.012048592573316134,0.8263423862023243,u,False,1227,0.014580629984005345,True
1.3484554482257618,L640_sub02000,xi,59.22415047934415,1616,0.012906392068095586,0.7415892021614476,u,False,1203,0.01740369470116125,True
1.1668411380381727,L640_sub02000,xi,62.96824596572466,1573,0.012858847117867328,0.8570146932609136,u,False,1207,0.015004231804871192,True
1.2550697060406566,L640_sub02000,xi,66.97014260101288,1559,0.013876751877110672,0.7967684943609069,u,False,1206,0.01741629089920442,True
1.1203609260907206,L640_sub02000,xi,71.21446482281532,1570,0.015658040039909817,0.8925695074794366,u,False,1185,0.017542656239878947,True
1.2960135503770864,L640_sub02000,xi,75.95887044973747,1579,0.0148073920255748,0.7715968708112977,u,False,1173,0.019190580710890554,True
1.1897234497653384,L640_sub02000,xi,80.96141056083448,1619,0.016300850597333057,0.8405314698951597,u,False,1220,0.01939350420676846,True
1.1620574591853479,L640_sub02000,xi,86.20614827261453,1626,0.016404168823764807,0.8605426453706023,u,False,1170,0.01906258674339163,True
1.22385879157437,L640_sub02000,xi,91.95107394696377,1646,0.016480921883882223,0.8170877284899851,u,False,1170,0.020170321140839685,True
1.1430038500425268,L640_sub02000,xi,97.95407086997457,1635,0.018506920266149623,0.874887691728067,u,False,1207,0.021153481116639086,True
1.2302498527992283,L640_sub02000,xi,104.19932821280567,1677,0.01867823517738691,0.8128430153636409,u,False,1229,0.02297889607752961,True
1.1915980981614496,L640_sub02000,xi,110.94480609744649,1665,0.019291058636445625,0.8392091272576956,u,False,1165,0.022987188782709615,True
1.1232018114140139,L640_sub02000,xi,117.94808179873041,1648,0.020487822231851964,0.890311954484018,u,False,1189,0.023011959042744428,True
1.2194477610609442,L640_sub02000,xi,125.193849689192,1659,0.021110564202933266,0.8200433277518832,u,False,1178,0.025743230252000288,True
1.2104174647223176,L640_sub02000,xi,133.18220601867202,1733,0.021687447658823692,0.8261612453100307,u,False,1185,0.026250865411491336,True
1.215537639459114,L640_sub02000,xi,141.92867927237256,1698,0.02261482742385908,0.8226812297190376,u,False,1141,0.027489173943572903,True
1.1796229289072948,L640_sub02000,xi,151.17539482336403,1701,0.024101952457198247,0.8477285202707252,u,False,1134,0.02843121574994457,True
1.1413183107658684,L640_sub02000,xi,160.92234151913152,1676,0.024399595333130675,0.8761797568366021,u,False,1098,0.027847704928979467,True
1.155193301709489,L640_sub02000,xi,171.1695066301238,1725,0.02562008385663907,0.8656559889329088,u,False,1179,0.02959614926042487,True
1.0752856530100368,L640_sub02000,xi,182.15927096911648,1652,0.02737749019411094,0.9299854389396061,u,False,1137,0.029438622421150463,True
1.0726164601306882,L640_sub02000,xi,194.14942698859556,1661,0.02838800733744148,0.9322996962755534,u,False,1219,0.030449443940450488,True
1.153550556254092,L640_sub02000,xi,206.89792169086667,1745,0.02908477618148411,0.8668887501968578,u,False,1213,0.03355075974267676,True
1.1783268442907775,L640_sub02000,xi,220.14654210320907,1792,0.029055136605937344,0.8486609677486296,u,False,1168,0.0342364474273116,True
1.1583445292130194,L640_sub02000,xi,234.13777995018233,1644,0.030129926264184426,0.8633010082754922,u,False,1177,0.0349008352537097,True
1.1400683175464024,L640_sub02000,xi,249.1294844051984,1784,0.033044385223430624,0.8771404174726561,u,False,1239,0.03767285666603175,True
1.1385250735644572,L640_sub02000,xi,265.12167018182424,1784,0.03442275456774881,0.8783293606957926,u,False,1270,0.03919116917653748,True
1.1466236303071704,L640_sub02000,xi,282.35660077285246,1779,0.036698108005121126,0.872125755625766,u,False,1245,0.04207891782623662,True
1.091617743842108,L640_sub02000,xi,300.85004570383563,1646,0.0378928824136638,0.9160715879171715,u,False,1196,0.04136454280807797,True
,L640_sub02000,xi,315.46037786067524,576,0.0385985227296419,,u,False,0,,False
1.2722651118383463,L640_sub02000,lambda,33.98529093593286,2179,0.016153015138709946,1.2722651118383463,u,False,1342,0.012696265101044713,True
1.1921579854336042,L640_sub02000,lambda,35.98610843089316,2274,0.016079302792821687,1.1921579854336042,u,False,1355,0.013487560364722486,True
1.165510559001776,L640_sub02000,lambda,38.22956970723055,2279,0.015959534704094207,1.165510559001776,u,False,1365,0.013693170414314443,True
1.2184947976126046,L640_sub02000,lambda,40.7308237088326,2251,0.016950245969298894,1.2184947976126046,u,False,1350,0.013910807007555134,True
1.1700320509611426,L640_sub02000,lambda,43.23193264243457,2266,0.018367962418381956,1.1700320509611426,u,False,1341,0.01569868312863163,True
1.100017915532186,L640_sub02000,lambda,45.97553697348189,2247,0.016896567303885113,1.100017915532186,u,False,1382,0.015360265560502797,True
1.1628315142366668,L640_sub02000,lambda,48.977035434987286,2291,0.018791737362204006,1.1628315142366668,u,False,1372,0.016160326867766153,True
1.1618875154662636,L640_sub02000,lambda,52.22068555658763,2209,0.018666076200866934,1.1618875154662636,u,False,1335,0.016065304043977328,True
1.2166666327151539,L640_sub02000,lambda,55.72252686302013,2168,0.020501160710535593,1.2166666327151539,u,False,1301,0.016850269547365262,True
1.266541053300072,L640_sub02000,lambda,59.22415047934415,2247,0.020683368450479807,1.266541053300072,u,False,1334,0.016330594572191458,True
1.2298092766564255,L640_sub02000,lambda,62.96824596572466,2188,0.019684681694627035,1.2298092766564255,u,False,1300,0.016006288184900713,True
1.18601411632967,L640_sub02000,lambda,66.97014260101288,2236,0.020775871029663915,1.18601411632967,u,False,1301,0.017517389332564196,True
1.263522401500375,L640_sub02000,lambda,71.21446482281532,2182,0.021199071786410763,1.263522401500375,u,False,1285,0.016777756976241842,True
1.1328350506195952,L640_sub02000,lambda,75.95887044973747,2223,0.021926983226020033,1.1328350506195952,u,False,1297,0.01935584815638185,True
1.1374142737483812,L640_sub02000,lambda,80.96141056083448,2160,0.022120044463943316,1.1374142737483812,u,False,1280,0.0194476585835749,True
1.187732518151821,L640_sub02000,lambda,86.20614827261453,2142,0.024710045321477633,1.187732518151821,u,False,1386,0.02080438562036498,True
1.1931314107601934,L640_sub02000,lambda,91.95107394696377,2105,0.024257730924018773,1.1931314107601934,u,False,1286,0.020331147688554416,True
1.1535281499289707,L640_sub02000,lambda,97.95407086997457,2233,0.025032802759963352,1.1535281499289707,u,False,1395,0.02170107661568967,True
1.18484061416505,L640_sub02000,lambda,104.19932821280567,2144,0.025689894150777808,1.18484061416505,u,False,1388,0.02168215188072475,True
1.1845284294188485,L640_sub02000,lambda,110.94480609744649,2107,0.026998579086263623,1.1845284294188485,u,False,1375,0.022792681387570936,True
1.2002789708773516,L640_sub02000,lambda,117.94808179873041,2194,0.027712533316482827,1.2002789708773516,u,False,1360,0.023088410268677934,True
1.2366119950928731,L640_sub02000,lambda,125.193849689192,2111,0.028842856979963846,1.2366119950928731,u,False,1297,0.023324096074126843,True
1.1917009214060286,L640_sub02000,lambda,133.18220601867202,2120,0.028309132986987815,1.1917009214060286,u,False,1339,0.023755232943503374,True
1.2318033464493143,L640_sub02000,lambda,141.92867927237256,2190,0.030184091907005457,1.2318033464493143,u,False,1386,0.024503985960105897,True
1.2317702419033563,L640_sub02000,lambda,151.17539482336403,2181,0.031235573261683348,1.2317702419033563,u,False,1352,0.025358278840555127,True
1.1804116692711069,L640_sub02000,lambda,160.92234151913152,2135,0.03197671656314157,1.1804116692711069,u,False,1355,0.027089461579862976,True
1.1782669495826332,L640_sub02000,lambda,171.1695066301238,2212,0.031179629842115388,1.1782669495826332,u,False,1280,0.026462279921506637,True
1.2150612497515527,L640_sub02000,lambda,182.15927096911648,2125,0.03448935335759675,1.2150612497515527,u,False,1236,0.02838486814113189,True
1.257944505776982,L640_sub02000,lambda,194.14942698859556,2176,0.037830363430721825,1.257944505776982,u,False,1295,0.03007315764486409,True
1.26019229124183,L640_sub02000,lambda,206.89792169086667,2134,0.04044702637295621,1.26019229124183,u,False,1334,0.032095916356620895,True
1.3177117018790712,L640_sub02000,lambda,220.14654210320907,2123,0.042749801753874085,1.3177117018790712,u,False,1228,0.03244245436457186,True
1.4072308644208822,L640_sub02000,lambda,234.13777995018233,2144,0.04618994026556288,1.4072308644208822,u,False,1318,0.032823285385068235,True
1.3562662657704943,L640_sub02000,lambda,249.1294844051984,2168,0.0466950298256091,1.3562662657704943,u,False,1264,0.034429102163859894,True
1.4163050352190187,L640_sub02000,lambda,265.12167018182424,2114,0.05098849375375557,1.4163050352190187,u,False,1205,0.03600106790968985,True
1.567605800943843,L640_sub02000,lambda,282.35660077285246,2170,0.054633635831015,1.567605800943843,u,False,1197,0.03485164178272403,True
1.4789079954232947,L640_sub02000,lambda,300.85004570383563,2251,0.05563484916190835,1.4789079954232947,u,False,1250,0.03761887104138921,True
,L640_sub02000,lambda,315.46037786067524,1072,0.08208808045334205,,u,False,0,,False
,L640_sub02602,parallel,33.98529093593286,1606,0.008424687679438568,,B,False,0,,False
,L640_sub02602,parallel,35.98610843089316,1471,0.01024905935303138,,B,False,0,,False
,L640_sub02602,parallel,38.22956970723055,1591,0.007969296947368372,,B,False,0,,False
,L640_sub02602,parallel,40.7308237088326,1521,0.010315696597386504,,B,False,0,,False
,L640_sub02602,parallel,43.23193264243457,1580,0.009287402630742252,,B,False,0,,False
,L640_sub02602,parallel,45.97553697348189,1485,0.012073147834176326,,B,False,0,,False
,L640_sub02602,parallel,48.977035434987286,1630,0.012497661244598876,,B,False,0,,False
,L640_sub02602,parallel,52.22068555658763,1564,0.010230828884986007,,B,False,0,,False
,L640_sub02602,parallel,55.72252686302013,1450,0.012720252469355492,,B,False,0,,False
,L640_sub02602,parallel,59.22415047934415,1563,0.015802293018014925,,B,False,0,,False
,L640_sub02602,parallel,62.96824596572466,1553,0.014575744786458934,,B,False,0,,False
,L640_sub02602,parallel,66.97014260101288,1475,0.017961633401199942,,B,False,0,,False
,L640_sub02602,parallel,71.21446482281532,1514,0.01636048541004453,,B,False,0,,False
,L640_sub02602,parallel,75.95887044973747,1489,0.017527513549261797,,B,False,0,,False
,L640_sub02602,parallel,80.96141056083448,1598,0.017796506946067065,,B,False,0,,False
,L640_sub02602,parallel,86.20614827261453,1561,0.01908563935810068,,B,False,0,,False
,L640_sub02602,parallel,91.95107394696377,1520,0.01930853288470593,,B,False,0,,False
,L640_sub02602,parallel,97.95407086997457,1582,0.020495945491454937,,B,False,0,,False
,L640_sub02602,parallel,104.19932821280567,1523,0.02485157960159294,,B,False,0,,False
,L640_sub02602,parallel,110.94480609744649,1612,0.024751901627875116,,B,False,0,,False
,L640_sub02602,parallel,117.94808179873041,1573,0.026007589620110752,,B,False,0,,False
,L640_sub02602,parallel,125.193849689192,1597,0.026668921734984325,,B,False,0,,False
,L640_sub02602,parallel,133.18220601867202,1548,0.028599188284808334,,B,False,0,,False
,L640_sub02602,parallel,141.92867927237256,1542,0.02925955969834604,,B,False,0,,False
,L640_sub02602,parallel,151.17539482336403,1611,0.03211396510682093,,B,False,0,,False
,L640_sub02602,parallel,160.92234151913152,1557,0.031241213655128063,,B,False,0,,False
,L640_sub02602,parallel,171.1695066301238,1554,0.031430495775862224,,B,False,0,,False
,L640_sub02602,parallel,182.15927096911648,1563,0.030788382205431244,,B,False,0,,False
,L640_sub02602,parallel,194.14942698859556,1608,0.033509420618721586,,B,False,0,,False
,L640_sub02602,parallel,206.89792169086667,1555,0.033744396728944,,B,False,0,,False
,L640_sub02602,parallel,220.14654210320907,1591,0.035932402321228435,,B,False,0,,False
,L640_sub02602,parallel,234.13777995018233,1599,0.036721300755274765,,B,False,0,,False
,L640_sub02602,parallel,249.1294844051984,1596,0.03244498689663476,,B,False,0,,False
,L640_sub02602,parallel,265.12167018182424,1596,0.03794826727793474,,B,False,0,,False
,L640_sub02602,parallel,282.35660077285246,1579,0.03817808626615988,,B,False,0,,False
,L640_sub02602,parallel,300.85004570383563,1582,0.036248382990834556,,B,False,0,,False
,L640_sub02602,parallel,315.46037786067524,2,0.12499896020193937,,B,False,0,,False
1.194489063310787,L640_sub02602,xi,33.98529093593286,1658,0.0201798723926453,0.8371780292640619,B,False,1491,0.024104636872022096,True
1.2750441074512442,L640_sub02602,xi,35.98610843089316,1614,0.018925543768857037,0.7842865938174916,B,False,1485,0.024130903062791777,True
1.1866799439594313,L640_sub02602,xi,38.22956970723055,1587,0.018750534709810487,0.8426872006140408,B,False,1530,0.02225088347864728,True
1.0660497782257499,L640_sub02602,xi,40.7308237088326,1643,0.023412954846727334,0.9380425008523731,B,False,1591,0.024959375321963167,True
1.3184108388987072,L640_sub02602,xi,43.23193264243457,1600,0.020381084375281813,0.7584889099025599,B,False,1472,0.026870642548880632,True
1.0675061015197047,L640_sub02602,xi,45.97553697348189,1694,0.024849191622170367,0.9367627956190575,B,False,1558,0.026526663674499195,True
1.1138967182388997,L640_sub02602,xi,48.977035434987286,1721,0.022648367051220496,0.8977493008337672,B,False,1530,0.025227941731824535,True
1.2373283640896307,L640_sub02602,xi,52.22068555658763,1709,0.023430455182500625,0.808192900948936,B,False,1605,0.02899116678083891,True
1.0907807974838932,L640_sub02602,xi,55.72252686302013,1720,0.02790756786891395,0.9167744814601636,B,False,1598,0.030441039135889834,True
1.2156580461707898,L640_sub02602,xi,59.22415047934415,1725,0.025376668927475476,0.822599745997575,B,False,1581,0.030849351766697827,True
1.1236383700085812,L640_sub02602,xi,62.96824596572466,1676,0.030468152894819595,0.8899660484114323,B,False,1542,0.03423518565590733,True
1.0312015232171834,L640_sub02602,xi,66.97014260101288,1773,0.03017928521702316,0.9697425551507725,B,False,1592,0.031120924885400105,True
1.0955451016993125,L640_sub02602,xi,71.21446482281532,1761,0.03314165669736,0.9127876145389986,B,False,1627,0.03630817965699296,True
1.0668530227263455,L640_sub02602,xi,75.95887044973747,1788,0.033321692094719794,0.9373362391048933,B,False,1633,0.03554934793360839,True
1.0207738027871975,L640_sub02602,xi,80.96141056083448,1747,0.0349005594813284,0.9796489655881889,B,False,1585,0.03562557682115637,True
1.1103939658488249,L640_sub02602,xi,86.20614827261453,1830,0.03582135132866235,0.9005812628273463,B,False,1616,0.03977581236389746,True
1.125026704179293,L640_sub02602,xi,91.95107394696377,1787,0.038052499911387434,0.8888677897912656,B,False,1582,0.042810078561091036,True
1.0420573381113722,L640_sub02602,xi,97.95407086997457,1905,0.04003853694039855,0.9596400921780397,B,False,1717,0.041722451225985564,True
1.0844180745371055,L640_sub02602,xi,104.19932821280567,1801,0.03528051636258181,0.9221535711002049,B,False,1613,0.03825882962258581,True
1.0084703762138176,L640_sub02602,xi,110.94480609744649,1798,0.04214115360186632,0.9916007684374244,B,False,1716,0.0424981050269584,True
1.0702789685351037,L640_sub02602,xi,117.94808179873041,1814,0.04099540960029347,0.9343358408403607,B,False,1623,0.04387652470167618,True
1.0616362471560554,L640_sub02602,xi,125.193849689192,1896,0.04623756726138842,0.9419422167233188,B,False,1735,0.049087477385006094,True
1.0312442102541806,L640_sub02602,xi,133.18220601867202,1844,0.04924212936735402,0.9697024138962395,B,False,1726,0.05078066081067119,True
1.0748584207193503,L640_sub02602,xi,141.92867927237256,1935,0.05106606941429596,0.9303550874456086,B,False,1749,0.05488879472299488,True
1.1076234321675387,L640_sub02602,xi,151.17539482336403,1882,0.0487030326064109,0.9028339153525062,B,False,1707,0.053944620132480386,True
1.07423657036976,L640_sub02602,xi,160.92234151913152,1899,0.047076496678061325,0.9308936481801143,B,False,1683,0.050571294336464,True
1.05897273540385,L640_sub02602,xi,171.1695066301238,1924,0.05445251537722869,0.9443113751353001,B,False,1702,0.05766372915864408,True
1.1109627062427916,L640_sub02602,xi,182.15927096911648,2043,0.05242615655089994,0.9001202240009831,B,False,1802,0.05824350475969605,True
1.1623696245772464,L640_sub02602,xi,194.14942698859556,1926,0.050362488646078105,0.8603115384778743,B,False,1656,0.05853982702031764,True
1.1661870897399007,L640_sub02602,xi,206.89792169086667,2018,0.05176284999280915,0.8574953442702182,B,False,1700,0.060365167389757134,True
1.188621779295554,L640_sub02602,xi,220.14654210320907,2079,0.05025439091826884,0.8413105139236619,B,False,1794,0.059733463550687045,True
1.1645350002952606,L640_sub02602,xi,234.13777995018233,2075,0.05400523988227932,0.8587118461415555,B,False,1815,0.06289099204225576,True
1.1745771768267759,L640_sub02602,xi,249.1294844051984,2120,0.05066823595492843,0.8513701949339663,B,False,1861,0.05951375354273277,True
1.2254399813084684,L640_sub02602,xi,265.12167018182424,2133,0.051183682969316725,0.8160334371759651,B,False,1884,0.06272253150121807,True
1.1740386768261375,L640_sub02602,xi,282.35660077285246,2195,0.055734749968814924,0.8517606955704146,B,False,1951,0.06543475210662308,True
1.2523555608660528,L640_sub02602,xi,300.85004570383563,2194,0.05462944038827503,0.7984952766197333,B,False,1929,0.06841548345725677,True
1.3799114967297785,L640_sub02602,xi,315.46037786067524,985,0.07492044210982415,0.7246841571868035,B,False,732,0.10338357940742417,True
1.0220523165004052,L640_sub02602,lambda,33.98529093593286,2662,0.042090785174000264,1.0220523165004052,B,False,2513,0.041182613154405565,True
1.0326155835925468,L640_sub02602,lambda,35.98610843089316,2565,0.04148338528230807,0.968414592893248,B,False,2487,0.042836390102685015,True
1.006305558508635,L640_sub02602,lambda,38.22956970723055,2591,0.046828361997173724,0.9937339524209925,B,False,2431,0.04712364097361044,True
1.0294124930612418,L640_sub02602,lambda,40.7308237088326,2596,0.043825517234775783,0.9714278840994288,B,False,2456,0.045114534956348956,True
1.0494180036080778,L640_sub02602,lambda,43.23193264243457,2622,0.04839452905721973,1.0494180036080778,B,False,2466,0.04611558872711455,True
1.0545888686064238,L640_sub02602,lambda,45.97553697348189,2595,0.0441497991231022,1.0545888686064238,B,False,2450,0.0418644653261356,True
1.0153316714971872,L640_sub02602,lambda,48.977035434987286,2584,0.048282826812403694,0.9848998392076361,B,False,2375,0.049023083252047045,True
1.008537262833399,L640_sub02602,lambda,52.22068555658763,2595,0.049114381936055315,1.008537262833399,B,False,2444,0.04869862894115847,True
1.0194214378410413,L640_sub02602,lambda,55.72252686302013,2514,0.05072088476687477,0.9809485683544455,B,False,2393,0.05170595727761726,True
1.091386048613175,L640_sub02602,lambda,59.22415047934415,2461,0.05266367227984903,1.091386048613175,B,False,2354,0.048253935760649305,True
1.0183462190802928,L640_sub02602,lambda,62.96824596572466,2514,0.052419447157542924,1.0183462190802928,B,False,2377,0.05147507416965216,True
1.0439904132635742,L640_sub02602,lambda,66.97014260101288,2592,0.05114927193733367,1.0439904132635742,B,False,2433,0.048994005392672235,True
1.0966130450667855,L640_sub02602,lambda,71.21446482281532,2626,0.05437374417569528,1.0966130450667855,B,False,2420,0.049583346122226576,True
1.0002639598569503,L640_sub02602,lambda,75.95887044973747,2569,0.05199847845675259,0.9997361097994693,B,False,2361,0.052012203967687666,True
1.045679432361134,L640_sub02602,lambda,80.96141056083448,2532,0.05591838586609261,1.045679432361134,B,False,2468,0.05347564859321124,True
1.0589857669359815,L640_sub02602,lambda,86.20614827261453,2523,0.05850567045318311,1.0589857669359815,B,False,2370,0.05524689026034846,True
1.061812437838974,L640_sub02602,lambda,91.95107394696377,2504,0.056377363171899966,1.061812437838974,B,False,2368,0.05309540664888097,True
1.0115557724374102,L640_sub02602,lambda,97.95407086997457,2477,0.057735547027035566,1.0115557724374102,B,False,2380,0.05707598987638414,True
1.016072014401301,L640_sub02602,lambda,104.19932821280567,2524,0.05470408345369881,1.016072014401301,B,False,2380,0.05383878571434924,True
1.0295551440120672,L640_sub02602,lambda,110.94480609744649,2540,0.061891484974906937,1.0295551440120672,B,False,2241,0.060114783880076975,True
1.0215263995212782,L640_sub02602,lambda,117.94808179873041,2481,0.0647027018331238,1.0215263995212782,B,False,2260,0.06333923613079961,True
1.062464693403365,L640_sub02602,lambda,125.193849689192,2568,0.06317374382363045,1.062464693403365,B,False,2343,0.059459617073267315,True
1.034564698407771,L640_sub02602,lambda,133.18220601867202,2509,0.06970912068189591,1.034564698407771,B,False,2335,0.06738014624815687,True
1.0022094510312525,L640_sub02602,lambda,141.92867927237256,2461,0.06475057607412694,1.0022094510312525,B,False,2293,0.06460782824139202,True
1.043755891350663,L640_sub02602,lambda,151.17539482336403,2628,0.06735808191406203,1.043755891350663,B,False,2374,0.06453432500093284,True
1.0262407891897498,L640_sub02602,lambda,160.92234151913152,2547,0.06494262734131329,1.0262407891897498,B,False,2366,0.06328205624392262,True
1.0033457511360964,L640_sub02602,lambda,171.1695066301238,2656,0.06776743096748299,1.0033457511360964,B,False,2380,0.06754145407079203,True
1.0117732060087665,L640_sub02602,lambda,182.15927096911648,2531,0.06763501903519605,1.0117732060087665,B,False,2336,0.06684800371617078,True
1.0068517277534876,L640_sub02602,lambda,194.14942698859556,2402,0.06839407188363425,0.9931948989462676,B,False,2296,0.06886268944413337,True
1.0461028566765633,L640_sub02602,lambda,206.89792169086667,2479,0.06615794503672327,0.9559289448620467,B,False,2277,0.06920801529476728,True
1.0082786371268575,L640_sub02602,lambda,220.14654210320907,2499,0.06631814520606262,0.9917893359811253,B,False,2272,0.06686716906514986,True
1.0323786887990818,L640_sub02602,lambda,234.13777995018233,2480,0.06812142647911205,1.0323786887990818,B,False,2232,0.06598492124857261,True
1.0066591592685523,L640_sub02602,lambda,249.1294844051984,2559,0.06909743620281171,1.0066591592685523,B,False,2261,0.0686403491853375,True
1.0140073376159087,L640_sub02602,lambda,265.12167018182424,2522,0.06893833187696613,1.0140073376159087,B,False,2298,0.06798602862090825,True
1.0403514757975352,L640_sub02602,lambda,282.35660077285246,2475,0.06794572186470346,0.9612136121913976,B,False,2205,0.0706874320160731,True
1.0355920144936652,L640_sub02602,lambda,300.85004570383563,2502,0.07189373504237563,0.9656312389478328,B,False,2239,0.0744525779020076,True
1.0399123381347453,L640_sub02602,lambda,315.46037786067524,813,0.03756042967564455,1.0399123381347453,B,False,593,0.03611884223146673,True
,L640_sub02602,parallel,33.98529093593286,1606,0.003679339094441952,,u,False,0,,False
,L640_sub02602,parallel,35.98610843089316,1471,0.004017568727897729,,u,False,0,,False
,L640_sub02602,parallel,38.22956970723055,1591,0.004038529399291325,,u,False,0,,False
,L640_sub02602,parallel,40.7308237088326,1521,0.0045667923926380515,,u,False,0,,False
,L640_sub02602,parallel,43.23193264243457,1580,0.00419451331265863,,u,False,0,,False
,L640_sub02602,parallel,45.97553697348189,1485,0.0056696872396624215,,u,False,0,,False
,L640_sub02602,parallel,48.977035434987286,1630,0.005885826262557964,,u,False,0,,False
,L640_sub02602,parallel,52.22068555658763,1564,0.005017620441837229,,u,False,0,,False
,L640_sub02602,parallel,55.72252686302013,1450,0.005622872893015372,,u,False,0,,False
,L640_sub02602,parallel,59.22415047934415,1563,0.006518830805036178,,u,False,0,,False
,L640_sub02602,parallel,62.96824596572466,1553,0.00675789175801819,,u,False,0,,False
,L640_sub02602,parallel,66.97014260101288,1475,0.007642791123896081,,u,False,0,,False
,L640_sub02602,parallel,71.21446482281532,1514,0.008623498655458884,,u,False,0,,False
,L640_sub02602,parallel,75.95887044973747,1489,0.008875550369833968,,u,False,0,,False
,L640_sub02602,parallel,80.96141056083448,1598,0.009557870488369069,,u,False,0,,False
,L640_sub02602,parallel,86.20614827261453,1561,0.008505432667813343,,u,False,0,,False
,L640_sub02602,parallel,91.95107394696377,1520,0.009850098405755013,,u,False,0,,False
,L640_sub02602,parallel,97.95407086997457,1582,0.010138199407506942,,u,False,0,,False
,L640_sub02602,parallel,104.19932821280567,1523,0.010842162157036638,,u,False,0,,False
,L640_sub02602,parallel,110.94480609744649,1612,0.011352869040674132,,u,False,0,,False
,L640_sub02602,parallel,117.94808179873041,1573,0.012509223556671476,,u,False,0,,False
,L640_sub02602,parallel,125.193849689192,1597,0.012223826155610565,,u,False,0,,False
,L640_sub02602,parallel,133.18220601867202,1548,0.011562759069516744,,u,False,0,,False
,L640_sub02602,parallel,141.92867927237256,1542,0.012597285990451273,,u,False,0,,False
,L640_sub02602,parallel,151.17539482336403,1611,0.013589986524180565,,u,False,0,,False
,L640_sub02602,parallel,160.92234151913152,1557,0.014393954984813525,,u,False,0,,False
,L640_sub02602,parallel,171.1695066301238,1554,0.015721653540688576,,u,False,0,,False
,L640_sub02602,parallel,182.15927096911648,1563,0.01640314544779779,,u,False,0,,False
,L640_sub02602,parallel,194.14942698859556,1608,0.014381267854321533,,u,False,0,,False
,L640_sub02602,parallel,206.89792169086667,1555,0.016576612899109132,,u,False,0,,False
,L640_sub02602,parallel,220.14654210320907,1591,0.01688413080512605,,u,False,0,,False
,L640_sub02602,parallel,234.13777995018233,1599,0.017358681294758923,,u,False,0,,False
,L640_sub02602,parallel,249.1294844051984,1596,0.018202836966089386,,u,False,0,,False
,L640_sub02602,parallel,265.12167018182424,1596,0.016111221586591718,,u,False,0,,False
,L640_sub02602,parallel,282.35660077285246,1579,0.01910840441470949,,u,False,0,,False
,L640_sub02602,parallel,300.85004570383563,1582,0.018476792907166275,,u,False,0,,False
,L640_sub02602,parallel,315.46037786067524,2,0.05478756790887536,,u,False,0,,False
1.2072019459090966,L640_sub02602,xi,33.98529093593286,1636,0.00997961680565281,0.8283618191544077,u,False,1454,0.012047412827211194,True
1.1777471791305911,L640_sub02602,xi,35.98610843089316,1623,0.009207036534910555,0.8490786628232015,u,False,1469,0.0108435613071432,True
1.2009288423802904,L640_sub02602,xi,38.22956970723055,1573,0.010499583282722564,0.832688802791978,u,False,1456,0.012609252397195457,True
1.0416781214652702,L640_sub02602,xi,40.7308237088326,1537,0.012895730601031101,0.9599894433736941,u,False,1531,0.013433200427404276,True
1.2326285017278138,L640_sub02602,xi,43.23193264243457,1682,0.01158288558323809,0.8112744420547382,u,False,1582,0.014277394902151462,True
1.1637579174659523,L640_sub02602,xi,45.97553697348189,1619,0.012881468929034221,0.8592852387870064,u,False,1435,0.014990911454755234,True
1.1577689601880854,L640_sub02602,xi,48.977035434987286,1689,0.01413607457105695,0.8637301865801835,u,False,1523,0.01636630835727384,True
1.2679330142521286,L640_sub02602,xi,52.22068555658763,1714,0.01372949586414156,0.7886851976875412,u,False,1542,0.01740808107518314,True
1.137285236278267,L640_sub02602,xi,55.72252686302013,1644,0.014875709555998186,0.8792868913628661,u,False,1457,0.01691792485720027,True
1.2773622442480779,L640_sub02602,xi,59.22415047934415,1623,0.01621688289636237,0.782863282912086,u,False,1480,0.020714833931205708,True
1.1540258721578571,L640_sub02602,xi,62.96824596572466,1653,0.017784922242289555,0.8665316992678409,u,False,1515,0.020524260401917873,True
1.078956286662936,L640_sub02602,xi,66.97014260101288,1664,0.017733451215946723,0.9268216074748152,u,False,1442,0.019133618673676207,True
1.249913232839481,L640_sub02602,xi,71.21446482281532,1599,0.01873630700404267,0.8000555348376123,u,False,1427,0.023418758058895983,True
1.216564635834679,L640_sub02602,xi,75.95887044973747,1619,0.018594469503172454,0.82198674081456,u,False,1400,0.022621374019666043,True
1.2124741313126453,L640_sub02602,xi,80.96141056083448,1663,0.020886954325847546,0.824759864292843,u,False,1418,0.025324891801998903,True
1.1417602680031156,L640_sub02602,xi,86.20614827261453,1678,0.02272286805562449,0.8758406015905181,u,False,1451,0.025944067920989255,True
1.266029986043388,L640_sub02602,xi,91.95107394696377,1719,0.022597524958661845,0.7898707068741808,u,False,1480,0.028609144208029763,True
1.3027392602069043,L640_sub02602,xi,97.95407086997457,1657,0.022293147766043547,0.7676133133818178,u,False,1448,0.029042158828418773,True
1.160559108373014,L640_sub02602,xi,104.19932821280567,1679,0.02584884146922526,0.8616536570911054,u,False,1454,0.029999108407999457,True
1.1606975109220286,L640_sub02602,xi,110.94480609744649,1747,0.029229668751065793,0.8615509127831467,u,False,1500,0.03392680376443746,True
1.2214103351491727,L640_sub02602,xi,117.94808179873041,1693,0.028361658827553024,0.8187256741018721,u,False,1468,0.03464122321394803,True
1.2533488869386484,L640_sub02602,xi,125.193849689192,1723,0.03166350163070294,0.7978624391190369,u,False,1448,0.039685414525421604,True
1.2638144475820556,L640_sub02602,xi,133.18220601867202,1785,0.0321169438478058,0.7912553950567756,u,False,1482,0.04058985764703859,True
1.2547886866621742,L640_sub02602,xi,141.92867927237256,1736,0.03347928139158358,0.7969469366671371,u,False,1480,0.04200942352773853,True
1.3203278193330055,L640_sub02602,xi,151.17539482336403,1746,0.037573628631797265,0.7573876618801938,u,False,1441,0.04960950715584906,True
1.3690273252586782,L640_sub02602,xi,160.92234151913152,1749,0.03608166568039648,0.7304456102153035,u,False,1438,0.04939678625731104,True
1.2079421027838577,L640_sub02602,xi,171.1695066301238,1707,0.04301461518510406,0.8278542470664542,u,False,1351,0.05195916471713306,True
1.2904138536447058,L640_sub02602,xi,182.15927096911648,1782,0.04211573471216131,0.774945183032213,u,False,1436,0.05434672752899819,True
1.1196217068836238,L640_sub02602,xi,194.14942698859556,1751,0.048970463878070594,0.8931588177076513,u,False,1405,0.054828394354048245,True
1.225671170041733,L640_sub02602,xi,206.89792169086667,1736,0.051440240952486484,0.815879515193256,u,False,1356,0.06304882031546279,True
1.2089876235165473,L640_sub02602,xi,220.14654210320907,1755,0.04916899293838096,0.8271383267690772,u,False,1424,0.05944470392327509,True
1.1900670554653536,L640_sub02602,xi,234.13777995018233,1682,0.0545553216518106,0.8402887849113415,u,False,1395,0.06492449099813549,True
1.1671196044797312,L640_sub02602,xi,249.1294844051984,1656,0.06392935417468418,0.8568102156468974,u,False,1327,0.07461320255900204,True
1.2787555070202354,L640_sub02602,xi,265.12167018182424,1698,0.05678376384117192,0.7820103174610811,u,False,1407,0.07261255072123511,True
1.3506193797244619,L640_sub02602,xi,282.35660077285246,1637,0.06191698255551598,0.7404010448924616,u,False,1366,0.08362627657354132,True
1.3330155475754737,L640_sub02602,xi,300.85004570383563,1595,0.06450468429827998,0.7501787971031757,u,False,1360,0.08598574706105475,True
1.66050947105929,L640_sub02602,xi,315.46037786067524,892,0.08307216934454499,0.6022248095712873,u,False,727,0.13794212397805816,True
1.134472815874374,L640_sub02602,lambda,33.98529093593286,2761,0.022745520212400738,0.8814666918477623,u,False,2582,0.025804174363889754,True
1.1519591563884708,L640_sub02602,lambda,35.98610843089316,2656,0.023113180686142196,0.8680863331431985,u,False,2543,0.026625440124662662,True
1.1719023052796624,L640_sub02602,lambda,38.22956970723055,2710,0.02411129674689992,0.8533134506987426,u,False,2532,0.02825608424097404,True
1.1614331953033161,L640_sub02602,lambda,40.7308237088326,2679,0.026518028323108837,0.8610051822557415,u,False,2568,0.03079891836845214,True
1.1782090567723802,L640_sub02602,lambda,43.23193264243457,2724,0.028109658356273725,0.8487458097966322,u,False,2551,0.03311905405813912,True
1.1746611563056457,L640_sub02602,lambda,45.97553697348189,2738,0.028806461301662672,0.8513093283385978,u,False,2537,0.03383783114168491,True
1.2015413321968877,L640_sub02602,lambda,48.977035434987286,2726,0.02974617180363797,0.8322643368177844,u,False,2591,0.035741254896700665,True
1.2277250382897118,L640_sub02602,lambda,52.22068555658763,2617,0.034802091284303394,0.814514625679586,u,False,2501,0.04272739885458343,True
1.168354156204236,L640_sub02602,lambda,55.72252686302013,2608,0.03456529734282365,0.8559048595751246,u,False,2545,0.04038450881092326,True
1.1841774407595702,L640_sub02602,lambda,59.22415047934415,2615,0.035645567771946426,0.8444680379644517,u,False,2515,0.04221067721860534,True
1.241277974988241,L640_sub02602,lambda,62.96824596572466,2773,0.03609698159537871,0.8056213194385192,u,False,2576,0.04480638821789949,True
1.1352197941871218,L640_sub02602,lambda,66.97014260101288,2693,0.04065828672409348,0.8808866839007626,u,False,2559,0.04615609188692639,True
1.2033602038083409,L640_sub02602,lambda,71.21446482281532,2686,0.04278891949211371,0.8310063743468037,u,False,2540,0.05149048288076864,True
1.143704488737405,L640_sub02602,lambda,75.95887044973747,2663,0.04236657816651415,0.8743517314546454,u,False,2547,0.04845484562148637,True
1.2003445857128527,L640_sub02602,lambda,80.96141056083448,2718,0.048623279389536804,0.8330941063945622,u,False,2648,0.058364690154833844,True
1.1879550621719694,L640_sub02602,lambda,86.20614827261453,2711,0.0554949747214107,0.8417826834052744,u,False,2698,0.06592553614540532,True
1.1612041509955198,L640_sub02602,lambda,91.95107394696377,2688,0.0555078995660432,0.8611750131470708,u,False,2596,0.06445600338913178,True
1.1468162583561767,L640_sub02602,lambda,97.95407086997457,2625,0.0582825872955852,0.8719792666990785,u,False,2612,0.06683941868964026,True
1.2523818312373274,L640_sub02602,lambda,104.19932821280567,2705,0.058530361541949086,0.7984785271214137,u,False,2628,0.07330236137088904,True
1.1784473994820885,L640_sub02602,lambda,110.94480609744649,2731,0.06747430657896944,0.8485741497155378,u,False,2665,0.07951492111984372,True
1.1734875070269029,L640_sub02602,lambda,117.94808179873041,2697,0.06706975369191497,0.8521607550246161,u,False,2670,0.0787055180568337,True
1.1138361597097104,L640_sub02602,lambda,125.193849689192,2726,0.07198301378426429,0.8977981108645472,u,False,2672,0.08017728363779608,True
1.1809130332647608,L640_sub02602,lambda,133.18220601867202,2628,0.07692281231263519,0.8468024078245565,u,False,2685,0.0908391516153699,True
1.137068548328489,L640_sub02602,lambda,141.92867927237256,2741,0.08045534076675803,0.8794544545885274,u,False,2719,0.09148323753093146,True
1.1299018267502652,L640_sub02602,lambda,151.17539482336403,2844,0.08071668058852273,0.8850326429475041,u,False,2843,0.0912019248461895,True
1.1122738753426442,L640_sub02602,lambda,160.92234151913152,2797,0.08329624037907024,0.8990591455651538,u,False,2749,0.09264823208790089,True
1.0666043125867215,L640_sub02602,lambda,171.1695066301238,2923,0.08623540706592074,0.9375548065944032,u,False,2877,0.0919790570741825,True
1.0495062349452136,L640_sub02602,lambda,182.15927096911648,2875,0.08766963718476528,0.952829022547162,u,False,2816,0.0920098308407959,True
1.0558082804504578,L640_sub02602,lambda,194.14942698859556,2803,0.08440380768431648,0.9471416530029036,u,False,2769,0.08911423905464932,True
1.0967964249674647,L640_sub02602,lambda,206.89792169086667,2840,0.08239987625956578,0.9117462249475001,u,False,2817,0.09037588969925321,True
1.0521440265107327,L640_sub02602,lambda,220.14654210320907,2876,0.08100205453866081,0.9504402199728681,u,False,2844,0.08522582781794856,True
1.0469574099674925,L640_sub02602,lambda,234.13777995018233,2929,0.07733481633727766,0.9551486913216933,u,False,2958,0.08096625901278795,True
1.057403690497531,L640_sub02602,lambda,249.1294844051984,3101,0.07960761403980657,0.9457126062511457,u,False,3028,0.08417738487739454,True
1.0186486068505103,L640_sub02602,lambda,265.12167018182424,3016,0.08308860383008872,0.9816927969811212,u,False,2970,0.08463809053667384,True
1.0230758680659724,L640_sub02602,lambda,282.35660077285246,3079,0.08297749998411164,0.9774446169768474,u,False,3116,0.08489227782618922,True
1.0103200989930947,L640_sub02602,lambda,300.85004570383563,3202,0.08337817707071622,1.0103200989930947,u,False,3115,0.08252649546793396,True
1.2797703369795501,L640_sub02602,lambda,315.46037786067524,923,0.034672224947372605,1.2797703369795501,u,False,606,0.027092536797816594,True
,L640_sub02249,parallel,33.98529093593286,1612,0.012114698694555694,,B,False,0,,False
,L640_sub02249,parallel,35.98610843089316,1584,0.011398729683657287,,B,False,0,,False
,L640_sub02249,parallel,38.22956970723055,1738,0.012156960297001885,,B,False,0,,False
,L640_sub02249,parallel,40.7308237088326,1738,0.012900774828247023,,B,False,0,,False
,L640_sub02249,parallel,43.23193264243457,1687,0.01564416789809276,,B,False,0,,False
,L640_sub02249,parallel,45.97553697348189,1748,0.015452085028067624,,B,False,0,,False
,L640_sub02249,parallel,48.977035434987286,1693,0.017321563742742713,,B,False,0,,False
,L640_sub02249,parallel,52.22068555658763,1640,0.017939055587594874,,B,False,0,,False
,L640_sub02249,parallel,55.72252686302013,1726,0.019824053331746146,,B,False,0,,False
,L640_sub02249,parallel,59.22415047934415,1714,0.021229674450076928,,B,False,0,,False
,L640_sub02249,parallel,62.96824596572466,1682,0.023465827204608977,,B,False,0,,False
,L640_sub02249,parallel,66.97014260101288,1726,0.02378466655343518,,B,False,0,,False
,L640_sub02249,parallel,71.21446482281532,1702,0.027424296894540744,,B,False,0,,False
,L640_sub02249,parallel,75.95887044973747,1688,0.02543981146538194,,B,False,0,,False
,L640_sub02249,parallel,80.96141056083448,1718,0.02834928247754399,,B,False,0,,False
,L640_sub02249,parallel,86.20614827261453,1710,0.03041604417566199,,B,False,0,,False
,L640_sub02249,parallel,91.95107394696377,1687,0.03354177900682528,,B,False,0,,False
,L640_sub02249,parallel,97.95407086997457,1667,0.03588414892661308,,B,False,0,,False
,L640_sub02249,parallel,104.19932821280567,1668,0.03263689320897729,,B,False,0,,False
,L640_sub02249,parallel,110.94480609744649,1635,0.04381678048762297,,B,False,0,,False
,L640_sub02249,parallel,117.94808179873041,1712,0.04165350804242451,,B,False,0,,False
,L640_sub02249,parallel,125.193849689192,1665,0.04377805234243759,,B,False,0,,False
,L640_sub02249,parallel,133.18220601867202,1631,0.05086473244114149,,B,False,0,,False
,L640_sub02249,parallel,141.92867927237256,1622,0.052019358221269955,,B,False,0,,False
,L640_sub02249,parallel,151.17539482336403,1688,0.05338274195683588,,B,False,0,,False
,L640_sub02249,parallel,160.92234151913152,1707,0.05977436581807432,,B,False,0,,False
,L640_sub02249,parallel,171.1695066301238,1707,0.06625311716671223,,B,False,0,,False
,L640_sub02249,parallel,182.15927096911648,1705,0.06821554329444338,,B,False,0,,False
,L640_sub02249,parallel,194.14942698859556,1614,0.07293066592912219,,B,False,0,,False
,L640_sub02249,parallel,206.89792169086667,1631,0.07711896901026037,,B,False,0,,False
,L640_sub02249,parallel,220.14654210320907,1675,0.07915237928611168,,B,False,0,,False
,L640_sub02249,parallel,234.13777995018233,1745,0.09597408117579666,,B,False,0,,False
,L640_sub02249,parallel,249.1294844051984,1701,0.09443125344864456,,B,False,0,,False
,L640_sub02249,parallel,265.12167018182424,1675,0.10518008632001087,,B,False,0,,False
,L640_sub02249,parallel,282.35660077285246,1757,0.10595617373697037,,B,False,0,,False
,L640_sub02249,parallel,300.85004570383563,1731,0.10774515297609813,,B,False,0,,False
,L640_sub02249,parallel,315.46037786067524,1065,0.0735331799578038,,B,False,0,,False
1.2187894960521084,L640_sub02249,xi,33.98529093593286,1512,0.01820385271022498,0.8204862310014901,B,False,1154,0.022186664470901913,True
1.3080701006323074,L640_sub02249,xi,35.98610843089316,1544,0.017057141487424522,0.7644850222603593,B,False,1128,0.0223119367819549,True
1.2588051500708708,L640_sub02249,xi,38.22956970723055,1534,0.020359927025227893,0.7944041219911596,B,False,1160,0.025629180994423975,True
1.3438662205645069,L640_sub02249,xi,40.7308237088326,1572,0.020298050465080698,0.744121687633415,B,False,1156,0.027277864363335628,True
1.1775631518810037,L640_sub02249,xi,43.23193264243457,1518,0.022307867370824783,0.8492113551639505,B,False,1194,0.02626892261293183,True
1.182196527701122,L640_sub02249,xi,45.97553697348189,1525,0.024433921375709485,0.845883046150188,B,False,1177,0.02888569700848597,True
1.0914826132584141,L640_sub02249,xi,48.977035434987286,1576,0.02635612426379635,0.9161850018065701,B,False,1179,0.028767251386811937,True
1.1516914916949244,L640_sub02249,xi,52.22068555658763,1633,0.027934929820153057,0.8682880851436329,B,False,1188,0.0321724209949651,True
1.215079115665269,L640_sub02249,xi,55.72252686302013,1555,0.028804183709314205,0.8229916777497153,B,False,1185,0.03499936206897345,True
1.1378436821356943,L640_sub02249,xi,59.22415047934415,1630,0.029833994887084124,0.878855343400979,B,False,1155,0.03394642259513728,True
1.1829776144873452,L640_sub02249,xi,62.96824596572466,1534,0.03496518623499314,0.8453245334091632,B,False,1151,0.04136303260237794,True
1.1518596998857646,L640_sub02249,xi,66.97014260101288,1513,0.03482020465826294,0.8681612874373283,B,False,1176,0.04010799048762765,True
1.1427820499048627,L640_sub02249,xi,71.21446482281532,1633,0.0382905792780126,0.8750574968194947,B,False,1220,0.04375778667937189,True
1.0727406809917444,L640_sub02249,xi,75.95887044973747,1631,0.04227940087476775,0.9321917381519493,B,False,1186,0.04535483328632131,True
1.1276139829098488,L640_sub02249,xi,80.96141056083448,1581,0.04359448333386508,0.886828307520153,B,False,1219,0.04915774898499663,True
1.2036420627100726,L640_sub02249,xi,86.20614827261453,1639,0.04323171207995653,0.830811776175751,B,False,1203,0.05203550710240684,True
1.1023814888109482,L640_sub02249,xi,91.95107394696377,1628,0.05013334985627869,0.9071269883882221,B,False,1169,0.05526607685364463,True
1.140442336777676,L640_sub02249,xi,97.95407086997457,1614,0.048914197424695084,0.8768527506840054,B,False,1208,0.055783821612623845,True
1.0622477549945473,L640_sub02249,xi,104.19932821280567,1692,0.056830866375122496,0.9413999655900739,B,False,1186,0.06036846022136898,True
1.1106073217932295,L640_sub02249,xi,110.94480609744649,1626,0.055800972365070346,0.9004082544542938,B,False,1157,0.06197296847182879,True
1.056049905666708,L640_sub02249,xi,117.94808179873041,1666,0.06277285327477475,0.9469249460977675,B,False,1205,0.06629126577925598,True
1.0694018221408084,L640_sub02249,xi,125.193849689192,1824,0.06861098909148232,0.9351022032093843,B,False,1160,0.07337271675331432,True
1.147988621493822,L640_sub02249,xi,133.18220601867202,1720,0.06741025589315426,0.8710887732482474,B,False,1185,0.07738620673732795,True
1.0765930979477183,L640_sub02249,xi,141.92867927237256,1690,0.07671695694790966,0.9288560384664125,B,False,1182,0.08259294634567178,True
1.110380534573129,L640_sub02249,xi,151.17539482336403,1784,0.07846624552609162,0.9005921563497478,B,False,1109,0.08712739165320801,True
1.0278266788547772,L640_sub02249,xi,160.92234151913152,1795,0.08293660550910036,0.9729266816796562,B,False,1193,0.08524445579590743,True
1.1093908116944498,L640_sub02249,xi,171.1695066301238,1775,0.08729121019295746,0.9013956032974804,B,False,1166,0.09684006652975591,True
1.1007868094377558,L640_sub02249,xi,182.15927096911648,1834,0.09160885866949439,0.9084411181405468,B,False,1184,0.10084182325102703,True
1.02221315707749,L640_sub02249,xi,194.14942698859556,1832,0.10122052507987102,0.9782695449342508,B,False,1191,0.10346895250293621,True
1.0501181959611028,L640_sub02249,xi,206.89792169086667,1841,0.1039406307630804,0.9522737572266968,B,False,1209,0.10914994766398509,True
1.0226559334098377,L640_sub02249,xi,220.14654210320907,1869,0.10730589872558875,0.9778459864460022,B,False,1206,0.1097370140215985,True
1.0250005909389686,L640_sub02249,xi,234.13777995018233,1874,0.11551505219887105,0.9756091936336676,B,False,1271,0.11840299676618864,True
1.0357685024052568,L640_sub02249,xi,249.1294844051984,1968,0.12042372776685896,0.9654667019491371,B,False,1234,0.12473110416313783,True
1.0815241596349836,L640_sub02249,xi,265.12167018182424,1966,0.12342383871911383,1.0815241596349836,B,False,1259,0.11412027888565117,True
1.0410409391595532,L640_sub02249,xi,282.35660077285246,1951,0.12678319870900107,1.0410409391595532,B,False,1278,0.12178502683223477,True
1.0818977081540357,L640_sub02249,xi,300.85004570383563,1935,0.13171852360222414,0.9243018008663945,B,False,1219,0.14250596880667954,True
,L640_sub02249,xi,315.46037786067524,976,0.15527941079138244,,B,False,0,,False
1.1739531567021502,L640_sub02249,lambda,33.98529093593286,2559,0.05441938989076129,1.1739531567021502,B,False,1411,0.046355674057417535,True
1.1094572763425228,L640_sub02249,lambda,35.98610843089316,2547,0.05604822185748081,1.1094572763425228,B,False,1468,0.05051859413843444,True
1.1953171695070532,L640_sub02249,lambda,38.22956970723055,2442,0.05887924461420131,1.1953171695070532,B,False,1349,0.049258260582405095,True
1.21196180252245,L640_sub02249,lambda,40.7308237088326,2606,0.06495306146838166,1.21196180252245,B,False,1423,0.05359332392588214,True
1.1474046485429776,L640_sub02249,lambda,43.23193264243457,2490,0.06556221758099433,1.1474046485429776,B,False,1322,0.05713957814642635,True
1.0925038744437916,L640_sub02249,lambda,45.97553697348189,2546,0.07153298754814486,1.0925038744437916,B,False,1433,0.06547618660351504,True
1.1213226945700558,L640_sub02249,lambda,48.977035434987286,2513,0.07443392722653097,1.1213226945700558,B,False,1354,0.06638046976751047,True
1.112312824326694,L640_sub02249,lambda,52.22068555658763,2482,0.08087644713786352,1.112312824326694,B,False,1368,0.07271016333630757,True
1.2019511931131315,L640_sub02249,lambda,55.72252686302013,2539,0.08126808270493555,1.2019511931131315,B,False,1414,0.06761346315106685,True
1.1602171858339048,L640_sub02249,lambda,59.22415047934415,2481,0.085531205547191,1.1602171858339048,B,False,1375,0.07371999535217671,True
1.1237704617626505,L640_sub02249,lambda,62.96824596572466,2508,0.09056912280107668,1.1237704617626505,B,False,1328,0.08059396992782465,True
1.2653261418913342,L640_sub02249,lambda,66.97014260101288,2534,0.09817665827462133,1.2653261418913342,B,False,1418,0.07759000231187249,True
1.1183854040093433,L640_sub02249,lambda,71.21446482281532,2488,0.09591654404255671,1.1183854040093433,B,False,1359,0.08576340830155844,True
1.1324019907377418,L640_sub02249,lambda,75.95887044973747,2417,0.10110386207593453,1.1324019907377418,B,False,1419,0.08928266013561754,True
1.0652773436418657,L640_sub02249,lambda,80.96141056083448,2529,0.10653711467126277,1.0652773436418657,B,False,1422,0.10000880550697167,True
1.130003555001262,L640_sub02249,lambda,86.20614827261453,2539,0.11094749728808087,1.130003555001262,B,False,1427,0.09818331703209285,True
1.1015707472263376,L640_sub02249,lambda,91.95107394696377,2449,0.11710279214682627,1.1015707472263376,B,False,1435,0.10630528492308028,True
1.1579291282253892,L640_sub02249,lambda,97.95407086997457,2516,0.11956596857157085,1.1579291282253892,B,False,1390,0.10325845136551183,True
1.0316792301881321,L640_sub02249,lambda,104.19932821280567,2437,0.12413926393225592,1.0316792301881321,B,False,1403,0.12032738500475432,True
1.0875223548040467,L640_sub02249,lambda,110.94480609744649,2464,0.12547883319389433,1.0875223548040467,B,False,1455,0.11538046334367398,True
1.1243152249433954,L640_sub02249,lambda,117.94808179873041,2323,0.13007223032198206,1.1243152249433954,B,False,1411,0.11569017961891485,True
1.079177796328955,L640_sub02249,lambda,125.193849689192,2313,0.1319873973569089,1.079177796328955,B,False,1477,0.1223036628495241,True
1.1335423276086363,L640_sub02249,lambda,133.18220601867202,2365,0.13675823647118518,1.1335423276086363,B,False,1555,0.12064678410350634,True
1.14010664559549,L640_sub02249,lambda,141.92867927237256,2329,0.14601980012563812,1.14010664559549,B,False,1470,0.12807556265876374,True
1.0518219784868583,L640_sub02249,lambda,151.17539482336403,2383,0.14702500638640367,1.0518219784868583,B,False,1589,0.1397812646945375,True
1.1437360595469834,L640_sub02249,lambda,160.92234151913152,2368,0.15363904482255053,1.1437360595469834,B,False,1559,0.13433085679173623,True
1.0590507912785965,L640_sub02249,lambda,171.1695066301238,2328,0.1599140044385643,1.0590507912785965,B,False,1497,0.15099748355364473,True
1.0834356781151473,L640_sub02249,lambda,182.15927096911648,2368,0.16658593618024173,1.0834356781151473,B,False,1523,0.15375710763933048,True
1.0775507401665612,L640_sub02249,lambda,194.14942698859556,2345,0.17220098336356668,1.0775507401665612,B,False,1499,0.1598077723346456,True
1.0365648791545905,L640_sub02249,lambda,206.89792169086667,2268,0.1704493579775162,1.0365648791545905,B,False,1489,0.1644367481527375,True
1.0019120494235436,L640_sub02249,lambda,220.14654210320907,2309,0.1739467429514513,0.9980915995324703,B,False,1521,0.1742793377210389,True
1.1130814520233923,L640_sub02249,lambda,234.13777995018233,2280,0.1869184585375953,1.1130814520233923,B,False,1484,0.16792882335592732,True
1.0033113081808644,L640_sub02249,lambda,249.1294844051984,2297,0.18541339882594557,1.0033113081808644,B,False,1452,0.18480146422561955,True
1.0267107847867707,L640_sub02249,lambda,265.12167018182424,2350,0.18695469768302486,1.0267107847867707,B,False,1400,0.18209090666350797,True
1.079545777366725,L640_sub02249,lambda,282.35660077285246,2250,0.1995094585322701,1.079545777366725,B,False,1418,0.18480870632361904,True
1.0914505864930282,L640_sub02249,lambda,300.85004570383563,2269,0.20663546817766001,1.0914505864930282,B,False,1469,0.18932187195171749,True
,L640_sub02249,lambda,315.46037786067524,895,0.24162560836041083,,B,False,0,,False
,L640_sub02249,parallel,33.98529093593286,1612,0.005005063643879843,,u,False,0,,False
,L640_sub02249,parallel,35.98610843089316,1584,0.004783066198301885,,u,False,0,,False
,L640_sub02249,parallel,38.22956970723055,1738,0.005587326528132028,,u,False,0,,False
,L640_sub02249,parallel,40.7308237088326,1738,0.005702559193288461,,u,False,0,,False
,L640_sub02249,parallel,43.23193264243457,1687,0.00616981753091193,,u,False,0,,False
,L640_sub02249,parallel,45.97553697348189,1748,0.0062056611317242265,,u,False,0,,False
,L640_sub02249,parallel,48.977035434987286,1693,0.0073735118633827075,,u,False,0,,False
,L640_sub02249,parallel,52.22068555658763,1640,0.007360684606973285,,u,False,0,,False
,L640_sub02249,parallel,55.72252686302013,1726,0.008464762010149653,,u,False,0,,False
,L640_sub02249,parallel,59.22415047934415,1714,0.008946214796244972,,u,False,0,,False
,L640_sub02249,parallel,62.96824596572466,1682,0.008566625242267766,,u,False,0,,False
,L640_sub02249,parallel,66.97014260101288,1726,0.009573068286206302,,u,False,0,,False
,L640_sub02249,parallel,71.21446482281532,1702,0.01117090038812061,,u,False,0,,False
,L640_sub02249,parallel,75.95887044973747,1688,0.01074788466424104,,u,False,0,,False
,L640_sub02249,parallel,80.96141056083448,1718,0.010778198189174585,,u,False,0,,False
,L640_sub02249,parallel,86.20614827261453,1710,0.011766728932509341,,u,False,0,,False
,L640_sub02249,parallel,91.95107394696377,1687,0.012808523923104,,u,False,0,,False
,L640_sub02249,parallel,97.95407086997457,1667,0.014331347158452233,,u,False,0,,False
,L640_sub02249,parallel,104.19932821280567,1668,0.013362265913575517,,u,False,0,,False
,L640_sub02249,parallel,110.94480609744649,1635,0.015231024042491775,,u,False,0,,False
,L640_sub02249,parallel,117.94808179873041,1712,0.015062177113594966,,u,False,0,,False
,L640_sub02249,parallel,125.193849689192,1665,0.016608214325701542,,u,False,0,,False
,L640_sub02249,parallel,133.18220601867202,1631,0.019219725834012092,,u,False,0,,False
,L640_sub02249,parallel,141.92867927237256,1622,0.022214863862307435,,u,False,0,,False
,L640_sub02249,parallel,151.17539482336403,1688,0.020175650951280998,,u,False,0,,False
,L640_sub02249,parallel,160.92234151913152,1707,0.022502923486581932,,u,False,0,,False
,L640_sub02249,parallel,171.1695066301238,1707,0.025940185297368037,,u,False,0,,False
,L640_sub02249,parallel,182.15927096911648,1705,0.026067786805084717,,u,False,0,,False
,L640_sub02249,parallel,194.14942698859556,1614,0.026802617254843144,,u,False,0,,False
,L640_sub02249,parallel,206.89792169086667,1631,0.027969001393404497,,u,False,0,,False
,L640_sub02249,parallel,220.14654210320907,1675,0.029952572889916082,,u,False,0,,False
,L640_sub02249,parallel,234.13777995018233,1745,0.037774683634839906,,u,False,0,,False
,L640_sub02249,parallel,249.1294844051984,1701,0.03768610711573885,,u,False,0,,False
,L640_sub02249,parallel,265.12167018182424,1675,0.042430187207266164,,u,False,0,,False
,L640_sub02249,parallel,282.35660077285246,1757,0.042912376861154365,,u,False,0,,False
,L640_sub02249,parallel,300.85004570383563,1731,0.045107527982800884,,u,False,0,,False
,L640_sub02249,parallel,315.46037786067524,1065,0.027570226780743886,,u,False,0,,False
1.3302122062516109,L640_sub02249,xi,33.98529093593286,1601,0.008644651215340762,0.7517597532937155,u,False,1126,0.011499220565434105,True
1.225134376525458,L640_sub02249,xi,35.98610843089316,1566,0.009730888078252556,0.8162369933950019,u,False,1123,0.011921645498788956,True
1.348292365566688,L640_sub02249,xi,38.22956970723055,1614,0.01007922362228446,0.7416789010591923,u,False,1116,0.013589740260765556,True
1.3176993139342632,L640_sub02249,xi,40.7308237088326,1614,0.010446062684757328,0.7588984751113619,u,False,1041,0.013764769633019038,True
1.3195619781944434,L640_sub02249,xi,43.23193264243457,1643,0.01070779036676886,0.7578272309484848,u,False,1139,0.014129593038464923,True
1.3104618993419752,L640_sub02249,xi,45.97553697348189,1619,0.01135407844618894,0.7630897170700895,u,False,1130,0.01487908720587054,True
1.2205058051086914,L640_sub02249,xi,48.977035434987286,1590,0.012168667922696955,0.819332440545783,u,False,1097,0.014851929840091555,True
1.2434565717978001,L640_sub02249,xi,52.22068555658763,1597,0.013418612183128816,0.804209831433189,u,False,1116,0.016685461503517553,True
1.3602698913484554,L640_sub02249,xi,55.72252686302013,1644,0.01303802333876179,0.7351482278334378,u,False,1062,0.017735230590416127,True
1.3424824420839472,L640_sub02249,xi,59.22415047934415,1558,0.013916081672577,0.7448886992128487,u,False,1054,0.01868209530804083,True
1.2707338422703283,L640_sub02249,xi,62.96824596572466,1678,0.015153862946100827,0.7869468544359944,u,False,1149,0.01925652648673666,True
1.3461272784679117,L640_sub02249,xi,66.97014260101288,1594,0.015456313874338769,0.742871804171553,u,False,1138,0.02080616573080947,True
1.3197691925088169,L640_sub02249,xi,71.21446482281532,1659,0.017162201035947976,0.7577082460146298,u,False,1078,0.02265014420288704,True
1.2161622848079283,L640_sub02249,xi,75.95887044973747,1664,0.018615352324985988,0.8222586841343568,u,False,1082,0.02263928941605954,True
1.3312077929557151,L640_sub02249,xi,80.96141056083448,1673,0.017838205270002194,0.7511975255040193,u,False,1136,0.023746357867770625,True
1.3909093087307087,L640_sub02249,xi,86.20614827261453,1651,0.01882174242187989,0.7189541357750796,u,False,1090,0.026179336741124413,True
1.293045145658508,L640_sub02249,xi,91.95107394696377,1653,0.02137390269683174,0.7733682024618954,u,False,1140,0.02763742112591557,True
1.3479140929454134,L640_sub02249,xi,97.95407086997457,1581,0.02158942371938231,0.741887042530163,u,False,1104,0.0291006884899254,True
1.2119727093542756,L640_sub02249,xi,104.19932821280567,1712,0.025509416764267653,0.8251010870804079,u,False,1175,0.030916716949836845,True
1.2950216097578635,L640_sub02249,xi,110.94480609744649,1715,0.023947915983802453,0.7721878866461347,u,False,1124,0.031013068707689922,True
1.2783538207631338,L640_sub02249,xi,117.94808179873041,1669,0.027507555247435856,0.7822560419172793,u,False,1090,0.03516438835041261,True
1.1886572021364863,L640_sub02249,xi,125.193849689192,1669,0.029595766467962067,0.8412854422642669,u,False,1136,0.03517922096489263,True
1.1906937762365517,L640_sub02249,xi,133.18220601867202,1665,0.027863852651346,0.8398464995430805,u,False,1145,0.03317731593393002,True
1.1822004464502842,L640_sub02249,xi,141.92867927237256,1626,0.032234985264934915,0.8458802422234185,u,False,1156,0.03810821397152439,True
1.1537114033675655,L640_sub02249,xi,151.17539482336403,1718,0.032695219495721566,0.8667678910697271,u,False,1171,0.037720847567819515,True
1.1537410590474486,L640_sub02249,xi,160.92234151913152,1738,0.033514572243731416,0.8667456117281808,u,False,1124,0.03866713807400491,True
1.0994902722301507,L640_sub02249,xi,171.1695066301238,1626,0.03642830397055513,0.9095123670095329,u,False,1187,0.04005256584946834,True
1.1262644782613358,L640_sub02249,xi,182.15927096911648,1598,0.03756167459639616,0.8878909166555126,u,False,1217,0.04230437984193219,True
1.0437725243632963,L640_sub02249,xi,194.14942698859556,1630,0.04019045548632943,0.9580631571136656,u,False,1228,0.04194969317827675,True
1.0474010328304775,L640_sub02249,xi,206.89792169086667,1681,0.04104822697426291,0.9547441415993434,u,False,1228,0.042993955328702836,True
1.013753263578426,L640_sub02249,xi,220.14654210320907,1654,0.043243953229202776,0.986433322512937,u,False,1174,0.04383869871613713,True
1.0633104126882513,L640_sub02249,xi,234.13777995018233,1638,0.04758718317111538,1.0633104126882513,u,False,1215,0.04475380152706857,True
1.0839473175612742,L640_sub02249,xi,249.1294844051984,1861,0.045640990893252124,1.0839473175612742,u,False,1223,0.042106281508162036,True
1.1168409130232064,L640_sub02249,xi,265.12167018182424,1852,0.04849298715467495,1.1168409130232064,u,False,1262,0.043419780372665605,True
1.1580997811940823,L640_sub02249,xi,282.35660077285246,1878,0.04695974232721156,1.1580997811940823,u,False,1266,0.04054896053843717,True
1.1404925232034386,L640_sub02249,xi,300.85004570383563,1834,0.04816174898266315,1.1404925232034386,u,False,1306,0.042228903743608465,True
,L640_sub02249,xi,315.46037786067524,957,0.06246596401148282,,u,False,0,,False
1.0206096380422303,L640_sub02249,lambda,33.98529093593286,2603,0.02170557701781997,1.0206096380422303,u,False,1549,0.021267266356073594,True
1.069614255911582,L640_sub02249,lambda,35.98610843089316,2504,0.022809403006089427,0.9349164845860688,u,False,1534,0.024397262624145745,True
1.0160930541608588,L640_sub02249,lambda,38.22956970723055,2539,0.023905839455140562,1.0160930541608588,u,False,1474,0.023527214714486183,True
1.0699147433106235,L640_sub02249,lambda,40.7308237088326,2417,0.026164159889080253,1.0699147433106235,u,False,1554,0.024454434386165038,True
1.0514761694459789,L640_sub02249,lambda,43.23193264243457,2546,0.02956070036077451,1.0514761694459789,u,False,1478,0.028113523843673983,True
1.0129357290535632,L640_sub02249,lambda,45.97553697348189,2487,0.02927476297718958,1.0129357290535632,u,False,1533,0.02890090865344681,True
1.0923823234469114,L640_sub02249,lambda,48.977035434987286,2432,0.03276753491885489,1.0923823234469114,u,False,1493,0.02999639797855751,True
1.0825518051211767,L640_sub02249,lambda,52.22068555658763,2520,0.03466519643495829,1.0825518051211767,u,False,1513,0.032021743690204274,True
1.0728373925401626,L640_sub02249,lambda,55.72252686302013,2497,0.0345351441555918,1.0728373925401626,u,False,1507,0.032190473967189714,True
1.0576709548574297,L640_sub02249,lambda,59.22415047934415,2459,0.03731390221015635,1.0576709548574297,u,False,1479,0.0352793106767181,True
1.0603291901962626,L640_sub02249,lambda,62.96824596572466,2405,0.039398928282724094,1.0603291901962626,u,False,1517,0.037157260827113056,True
1.134762920037972,L640_sub02249,lambda,66.97014260101288,2480,0.0409355663980462,1.134762920037972,u,False,1493,0.03607411352203541,True
1.0022947154421695,L640_sub02249,lambda,71.21446482281532,2567,0.04123792095950495,1.0022947154421695,u,False,1504,0.04114350831562805,True
1.0500041850101063,L640_sub02249,lambda,75.95887044973747,2536,0.04534109591839386,1.0500041850101063,u,False,1485,0.043181824001927625,True
1.0288356120120488,L640_sub02249,lambda,80.96141056083448,2466,0.04698502133812892,1.0288356120120488,u,False,1504,0.04566815221942247,True
1.040895845979356,L640_sub02249,lambda,86.20614827261453,2530,0.05094143784716811,1.040895845979356,u,False,1470,0.04893999533568936,True
1.0512310208093594,L640_sub02249,lambda,91.95107394696377,2495,0.05238825104885997,1.0512310208093594,u,False,1522,0.04983514566429502,True
1.0667329421248308,L640_sub02249,lambda,97.95407086997457,2472,0.05366161349645879,1.0667329421248308,u,False,1531,0.05030463706274032,True
1.0061912480003854,L640_sub02249,lambda,104.19932821280567,2540,0.056636357268386,1.0061912480003854,u,False,1452,0.05628786513591729,True
1.0564674395866396,L640_sub02249,lambda,110.94480609744649,2460,0.05709446894111837,1.0564674395866396,u,False,1474,0.05404280984131185,True
1.0267219254297903,L640_sub02249,lambda,117.94808179873041,2387,0.054865353492903876,0.9739735513891901,u,False,1435,0.05633146137762034,True
1.0085511371464242,L640_sub02249,lambda,125.193849689192,2416,0.058271388789307176,0.9915213648257651,u,False,1456,0.05876967542655715,True
1.0957528763291475,L640_sub02249,lambda,133.18220601867202,2489,0.0593208954283333,0.9126145334430453,u,False,1462,0.0650010417920168,True
1.0117932576953326,L640_sub02249,lambda,141.92867927237256,2316,0.06238581372354604,1.0117932576953326,u,False,1443,0.061658657288988804,True
1.0147317148774602,L640_sub02249,lambda,151.17539482336403,2440,0.06098422102722726,0.9854821578339658,u,False,1488,0.061882623183424385,True
1.0457493741901567,L640_sub02249,lambda,160.92234151913152,2441,0.06483092542889285,0.9562520663944115,u,False,1559,0.06779689969543341,True
1.0700721349024545,L640_sub02249,lambda,171.1695066301238,2252,0.06688918254743535,0.9345164380821467,u,False,1449,0.07157625037041414,True
1.062247984969738,L640_sub02249,lambda,182.15927096911648,2381,0.06632866192813357,0.941399761778309,u,False,1432,0.07045748747889885,True
1.0488571736847079,L640_sub02249,lambda,194.14942698859556,2248,0.06798582019183103,0.9534186589837877,u,False,1445,0.07130741521704063,True
1.044723018002602,L640_sub02249,lambda,206.89792169086667,2231,0.06760253809685086,0.9571915070004798,u,False,1453,0.07062592762517791,True
1.2330524564019143,L640_sub02249,lambda,220.14654210320907,2228,0.06603136837145424,0.8109955053477865,u,False,1490,0.08142014097000132,True
1.1352829383660448,L640_sub02249,lambda,234.13777995018233,2262,0.06631705698564004,0.8808376891836754,u,False,1445,0.07528862331844587,True
1.1336527045993798,L640_sub02249,lambda,249.1294844051984,2159,0.0708055188505521,0.882104365775221,u,False,1449,0.08026886794549076,True
1.2020875750760933,L640_sub02249,lambda,265.12167018182424,2132,0.06957282035853667,0.8318861460128635,u,False,1419,0.083632622915998,True
1.160083205015996,L640_sub02249,lambda,282.35660077285246,2151,0.06893422500092156,0.8620071350711532,u,False,1506,0.07996943667436288,True
1.1958965242157784,L640_sub02249,lambda,300.85004570383563,2063,0.07083037771027995,0.8361927472410378,u,False,1429,0.08470580251261453,True
,L640_sub02249,lambda,315.46037786067524,673,0.06023869899007255,,u,False,0,,False
,L640_sub00738,parallel,33.98529093593286,989,0.11788842822888013,,B,True,0,,False
,L640_sub00738,parallel,35.98610843089316,1033,0.14940680042707274,,B,True,0,,False
,L640_sub00738,parallel,38.22956970723055,971,0.14883872511497018,,B,True,0,,False
,L640_sub00738,parallel,40.7308237088326,1005,0.18189572094652992,,B,True,0,,False
,L640_sub00738,parallel,43.23193264243457,997,0.18459585441493861,,B,True,0,,False
,L640_sub00738,parallel,45.97553697348189,996,0.21921338911813704,,B,True,0,,False
,L640_sub00738,parallel,48.977035434987286,1038,0.1973813868215375,,B,True,0,,False
,L640_sub00738,parallel,52.22068555658763,964,0.22978716377182304,,B,True,0,,False
,L640_sub00738,parallel,55.72252686302013,1029,0.2512735462092766,,B,True,0,,False
,L640_sub00738,parallel,59.22415047934415,1007,0.2899524860643233,,B,True,0,,False
,L640_sub00738,parallel,62.96824596572466,1133,0.38053973733971586,,B,True,0,,False
,L640_sub00738,parallel,66.97014260101288,993,0.37105579700271113,,B,True,0,,False
,L640_sub00738,parallel,71.21446482281532,1022,0.3077749913883487,,B,True,0,,False
,L640_sub00738,parallel,75.95887044973747,1059,0.359038658442194,,B,True,0,,False
,L640_sub00738,parallel,80.96141056083448,947,0.4305448292715736,,B,True,0,,False
,L640_sub00738,parallel,86.20614827261453,1076,0.4652780637825496,,B,True,0,,False
,L640_sub00738,parallel,91.95107394696377,1070,0.5095788270703502,,B,True,0,,False
,L640_sub00738,parallel,97.95407086997457,1075,0.5497069004783963,,B,True,0,,False
,L640_sub00738,parallel,104.19932821280567,1134,0.5399922437123506,,B,True,0,,False
,L640_sub00738,parallel,110.94480609744649,1080,0.6781684239458363,,B,True,0,,False
,L640_sub00738,parallel,117.94808179873041,1108,0.747416715769413,,B,True,0,,False
,L640_sub00738,parallel,125.193849689192,1124,0.7188678611991737,,B,True,0,,False
,L640_sub00738,parallel,133.18220601867202,1166,0.7702478871798931,,B,True,0,,False
,L640_sub00738,parallel,141.92867927237256,1140,0.8457109081861269,,B,True,0,,False
,L640_sub00738,parallel,151.17539482336403,1203,0.8259925827083267,,B,True,0,,False
,L640_sub00738,parallel,160.92234151913152,1211,0.9371820097753529,,B,True,0,,False
,L640_sub00738,parallel,171.1695066301238,1153,0.8919105964684065,,B,True,0,,False
,L640_sub00738,parallel,182.15927096911648,1233,0.8739507608209256,,B,True,0,,False
,L640_sub00738,parallel,194.14942698859556,1219,0.911306899966921,,B,True,0,,False
,L640_sub00738,parallel,206.89792169086667,1212,0.9545898806058422,,B,True,0,,False
,L640_sub00738,parallel,220.14654210320907,1228,1.00224598972356,,B,True,0,,False
,L640_sub00738,parallel,234.13777995018233,1204,1.0012734161615382,,B,True,0,,False
,L640_sub00738,parallel,249.1294844051984,1267,0.9679048784669887,,B,True,0,,False
,L640_sub00738,parallel,265.12167018182424,1188,1.0534842150958534,,B,True,0,,False
,L640_sub00738,parallel,282.35660077285246,1205,1.0242346424202704,,B,True,0,,False
,L640_sub00738,parallel,300.85004570383563,1240,1.032691314136697,,B,True,0,,False
,L640_sub00738,parallel,315.46037786067524,757,0.611012583876572,,B,True,0,,False
1.5353592942133858,L640_sub00738,xi,33.98529093593286,1478,0.09476236488892065,0.6513133465039089,B,True,1260,0.14549427767384454,True
1.5195726280835238,L640_sub00738,xi,35.98610843089316,1502,0.10004589938925586,0.6580797663229787,B,True,1256,0.15202701026391133,True
1.4647840015887905,L640_sub00738,xi,38.22956970723055,1433,0.1045479659958015,0.6826945125802449,B,True,1243,0.1531401879892989,True
1.3841964551803962,L640_sub00738,xi,40.7308237088326,1468,0.12205190409171064,0.72244080401844,B,True,1294,0.16894381299176356,True
1.532242560893505,L640_sub00738,xi,43.23193264243457,1528,0.11548912131516588,0.652638182440817,B,True,1313,0.17695734699929047,True
1.4745523731588233,L640_sub00738,xi,45.97553697348189,1469,0.13000249633395625,0.6781719104746173,B,True,1351,0.1916954894858064,True
1.4048271532971484,L640_sub00738,xi,48.977035434987286,1467,0.14532254131527803,0.7118313435592318,B,True,1336,0.20415305202584924,True
1.345653571011008,L640_sub00738,xi,52.22068555658763,1523,0.1625909274533482,0.7431333156933446,B,True,1218,0.21879106214158975,True
1.3800209535046688,L640_sub00738,xi,55.72252686302013,1543,0.16722854875505233,0.7246266786460187,B,True,1314,0.2307789013061493,True
1.4666196174388617,L640_sub00738,xi,59.22415047934415,1496,0.18324165333124914,0.681840054578219,B,True,1335,0.2687458035075411,True
1.4204755932364275,L640_sub00738,xi,62.96824596572466,1470,0.18009969813113752,0.7039895685371044,B,True,1346,0.2558272255445291,True
1.3173610647012102,L640_sub00738,xi,66.97014260101288,1542,0.2111865780226293,0.7590933319612033,B,True,1316,0.2782089752744961,True
1.3862647747665728,L640_sub00738,xi,71.21446482281532,1583,0.21494672631047768,0.7213629158025643,B,True,1349,0.2979730751356065,True
1.484861205670873,L640_sub00738,xi,75.95887044973747,1513,0.24642870749950122,0.673463618135401,B,True,1308,0.3659124277296243,True
1.4398262811476625,L640_sub00738,xi,80.96141056083448,1519,0.23759249699869278,0.6945282310050043,B,True,1286,0.342091921382215,True
1.1217888925213446,L640_sub00738,xi,86.20614827261453,1510,0.2970079800571242,0.8914333228530988,B,True,1328,0.33318025301828297,True
1.3068124079739791,L640_sub00738,xi,91.95107394696377,1565,0.3184448684915043,0.7652207722379628,B,True,1329,0.4161477054003398,True
1.3414554777695968,L640_sub00738,xi,97.95407086997457,1475,0.3189922065844526,0.7454589560159491,B,True,1314,0.4279138428885248,True
1.4224397636205934,L640_sub00738,xi,104.19932821280567,1606,0.32688110529955045,0.7030174672948256,B,True,1396,0.46496868215433085,True
1.1278375334126431,L640_sub00738,xi,110.94480609744649,1629,0.3962637039551292,0.8866525278460732,B,True,1343,0.44692107844971074,True
1.3065701644608765,L640_sub00738,xi,117.94808179873041,1627,0.4025018221997651,0.7653626473344621,B,True,1396,0.5258968720273496,True
1.2304275208539919,L640_sub00738,xi,125.193849689192,1566,0.4275211805269392,0.8127256445840376,B,True,1363,0.5260338262683337,True
1.2689476624681846,L640_sub00738,xi,133.18220601867202,1587,0.46613170743852944,0.7880545664546447,B,True,1353,0.5914967405564256,True
1.3147531721842907,L640_sub00738,xi,141.92867927237256,1660,0.4652025236483692,0.7605990395433925,B,True,1315,0.6116264936748309,True
1.2158233830721936,L640_sub00738,xi,151.17539482336403,1660,0.5566335049365995,0.8224878826340368,B,True,1355,0.6767680311033489,True
1.3631819794600535,L640_sub00738,xi,160.92234151913152,1676,0.5287633264840631,0.733577772496738,B,True,1410,0.7208006380624277,True
1.2573254944252787,L640_sub00738,xi,171.1695066301238,1701,0.5985890817835777,0.7953389988780099,B,True,1349,0.7526213132111105,True
1.365789287857898,L640_sub00738,xi,182.15927096911648,1653,0.5968772733556857,0.7321773635876135,B,True,1336,0.815208586115026,True
1.3904705700146838,L640_sub00738,xi,194.14942698859556,1701,0.6355305817475082,0.7191809892024106,B,True,1389,0.8836865702642214,True
1.443698496155781,L640_sub00738,xi,206.89792169086667,1826,0.6315247273271904,0.6926654025496026,B,True,1391,0.9117312991274545,True
1.5133909108299706,L640_sub00738,xi,220.14654210320907,1810,0.6438328392836926,0.6607678114384751,B,True,1428,0.9743707670657936,True
1.473559994913661,L640_sub00738,xi,234.13777995018233,1901,0.6576152138158496,0.6786286296124591,B,True,1380,0.9690354711256296,True
1.5520436655113998,L640_sub00738,xi,249.1294844051984,1869,0.6495961880450611,0.6443117691991604,B,True,1367,1.0082016487956893,True
1.388871626672008,L640_sub00738,xi,265.12167018182424,1904,0.6954490799649865,0.7200089488444544,B,True,1414,0.9658894949585222,True
1.3903881069461574,L640_sub00738,xi,282.35660077285246,1889,0.7283687594072944,0.719223643387166,B,True,1389,1.0127152605510292,True
1.3752193324083744,L640_sub00738,xi,300.85004570383563,2021,0.6958036515976174,0.7271567352450858,B,True,1445,0.9568826332373844,True
,L640_sub00738,xi,315.46037786067524,727,1.2606325988948526,,B,True,0,,False
3.400632591639444,L640_sub00738,lambda,33.98529093593286,2280,0.25969822678958526,3.400632591639444,B,True,1092,0.07636762272644833,True
3.6708719464976265,L640_sub00738,lambda,35.98610843089316,2127,0.27909458683628463,3.6708719464976265,B,True,1097,0.07602950767666204,True
3.5442324187114473,L640_sub00738,lambda,38.22956970723055,2197,0.28015515031247956,3.5442324187114473,B,True,1094,0.0790453664475914,True
4.186187305050274,L640_sub00738,lambda,40.7308237088326,2213,0.31612563950886563,4.186187305050274,B,True,1108,0.07551636285540479,True
3.648909787457678,L640_sub00738,lambda,43.23193264243457,2290,0.308240230899293,3.648909787457678,B,True,1064,0.08447460991192512,True
3.9638502872361325,L640_sub00738,lambda,45.97553697348189,2081,0.320844380470531,3.9638502872361325,B,True,1070,0.08094260812616251,True
4.086551908576128,L640_sub00738,lambda,48.977035434987286,2088,0.3431857963624222,4.086551908576128,B,True,1022,0.08397930677014157,True
4.727222403159847,L640_sub00738,lambda,52.22068555658763,2140,0.4289892929407364,4.727222403159847,B,True,1070,0.09074870110913004,True
3.8691847493557607,L640_sub00738,lambda,55.72252686302013,2088,0.4159014191683176,3.8691847493557607,B,True,937,0.1074907108629453,True
4.475418859433895,L640_sub00738,lambda,59.22415047934415,2154,0.45154961815137373,4.475418859433895,B,True,1006,0.10089549879773514,True
4.733117071773983,L640_sub00738,lambda,62.96824596572466,2036,0.5177706488232289,4.733117071773983,B,True,971,0.10939316331534711,True
4.414363907719562,L640_sub00738,lambda,66.97014260101288,2059,0.5079620975621187,4.414363907719562,B,True,971,0.11507028151300044,True
4.3340132186245075,L640_sub00738,lambda,71.21446482281532,2095,0.5244472085585112,4.3340132186245075,B,True,925,0.12100729326454521,True
4.407861817460453,L640_sub00738,lambda,75.95887044973747,2081,0.5591831403024193,4.407861817460453,B,True,937,0.12686040612420726,True
4.629064877326979,L640_sub00738,lambda,80.96141056083448,2033,0.5775875392000565,4.629064877326979,B,True,917,0.12477412922619922,True
5.147542979894112,L640_sub00738,lambda,86.20614827261453,1934,0.607845438060009,5.147542979894112,B,True,936,0.11808457752255869,True
4.786531294352393,L640_sub00738,lambda,91.95107394696377,2083,0.6732675343988371,4.786531294352393,B,True,838,0.1406587553690963,True
5.306364365096316,L640_sub00738,lambda,97.95407086997457,1981,0.6987134278851906,5.306364365096316,B,True,830,0.13167460426975566,True
5.191648225480838,L640_sub00738,lambda,104.19932821280567,1900,0.7133882986046285,5.191648225480838,B,True,828,0.1374107542770882,True
5.093081578300827,L640_sub00738,lambda,110.94480609744649,1935,0.7242367163519297,5.093081578300827,B,True,794,0.14220010129772007,True
4.257093511598323,L640_sub00738,lambda,117.94808179873041,1881,0.7612380402421411,4.257093511598323,B,True,803,0.17881637745757076,True
4.41253779294029,L640_sub00738,lambda,125.193849689192,1914,0.7622232102511917,4.41253779294029,B,True,832,0.17274032450683782,True
4.24928306281443,L640_sub00738,lambda,133.18220601867202,1858,0.7609832534883231,4.24928306281443,B,True,787,0.17908509323553998,True
3.698974481520499,L640_sub00738,lambda,141.92867927237256,1846,0.7466889666054716,3.698974481520499,B,True,779,0.20186377882189063,True
3.733077357400684,L640_sub00738,lambda,151.17539482336403,1936,0.7754856730981965,3.733077357400684,B,True,787,0.20773361997463718,True
3.5496513580374747,L640_sub00738,lambda,160.92234151913152,1928,0.786140235244759,3.5496513580374747,B,True,679,0.22146970390900556,True
3.3365881516718683,L640_sub00738,lambda,171.1695066301238,1962,0.7536509463102274,3.3365881516718683,B,True,790,0.22587472952950297,True
3.2675261233346844,L640_sub00738,lambda,182.15927096911648,1884,0.7718783461020601,3.2675261233346844,B,True,720,0.23622713850388963,True
3.026071091739696,L640_sub00738,lambda,194.14942698859556,1929,0.7672708468807734,3.026071091739696,B,True,674,0.2535534769738894,True
2.7281976872591818,L640_sub00738,lambda,206.89792169086667,1918,0.7777316016679411,2.7281976872591818,B,True,700,0.2850715713527602,True
2.5332756447340112,L640_sub00738,lambda,220.14654210320907,1820,0.7409491288319325,2.5332756447340112,B,True,704,0.292486579726199,True
2.6873278487736414,L640_sub00738,lambda,234.13777995018233,1975,0.7721832742192255,2.6873278487736414,B,True,683,0.2873424150952071,True
2.6597158831461667,L640_sub00738,lambda,249.1294844051984,1893,0.7481162321674599,2.6597158831461667,B,True,679,0.2812767472300524,True
2.1527577632618953,L640_sub00738,lambda,265.12167018182424,1886,0.6651187737698788,2.1527577632618953,B,True,709,0.30896127057141787,True
2.5397584496403334,L640_sub00738,lambda,282.35660077285246,1879,0.7122634152156687,2.5397584496403334,B,True,716,0.2804453373573914,True
2.4133983203160003,L640_sub00738,lambda,300.85004570383563,1883,0.7579480457495916,2.4133983203160003,B,True,648,0.3140584127241578,True
,L640_sub00738,lambda,315.46037786067524,257,0.6034053366511433,,B,True,0,,False
,L640_sub00738,parallel,33.98529093593286,989,0.03232848180605349,,u,True,0,,False
,L640_sub00738,parallel,35.98610843089316,1033,0.03851999051229933,,u,True,0,,False
,L640_sub00738,parallel,38.22956970723055,971,0.037096241342262117,,u,True,0,,False
,L640_sub00738,parallel,40.7308237088326,1005,0.045467146834212886,,u,True,0,,False
,L640_sub00738,parallel,43.23193264243457,997,0.04542279327439175,,u,True,0,,False
,L640_sub00738,parallel,45.97553697348189,996,0.04672275932836975,,u,True,0,,False
,L640_sub00738,parallel,48.977035434987286,1038,0.0477088986425233,,u,True,0,,False
,L640_sub00738,parallel,52.22068555658763,964,0.051926553659929466,,u,True,0,,False
,L640_sub00738,parallel,55.72252686302013,1029,0.05988692253112338,,u,True,0,,False
,L640_sub00738,parallel,59.22415047934415,1007,0.06830895282680348,,u,True,0,,False
,L640_sub00738,parallel,62.96824596572466,1133,0.0775390491269409,,u,True,0,,False
,L640_sub00738,parallel,66.97014260101288,993,0.0745123303051614,,u,True,0,,False
,L640_sub00738,parallel,71.21446482281532,1022,0.06443061684917398,,u,True,0,,False
,L640_sub00738,parallel,75.95887044973747,1059,0.07726980279979831,,u,True,0,,False
,L640_sub00738,parallel,80.96141056083448,947,0.08738202199970828,,u,True,0,,False
,L640_sub00738,parallel,86.20614827261453,1076,0.09264807165458468,,u,True,0,,False
,L640_sub00738,parallel,91.95107394696377,1070,0.09590018208417128,,u,True,0,,False
,L640_sub00738,parallel,97.95407086997457,1075,0.1138920139823314,,u,True,0,,False
,L640_sub00738,parallel,104.19932821280567,1134,0.09426299054349925,,u,True,0,,False
,L640_sub00738,parallel,110.94480609744649,1080,0.10988775029815752,,u,True,0,,False
,L640_sub00738,parallel,117.94808179873041,1108,0.12883530913476493,,u,True,0,,False
,L640_sub00738,parallel,125.193849689192,1124,0.11350022586298665,,u,True,0,,False
,L640_sub00738,parallel,133.18220601867202,1166,0.12115991928593728,,u,True,0,,False
,L640_sub00738,parallel,141.92867927237256,1140,0.12154359884875496,,u,True,0,,False
,L640_sub00738,parallel,151.17539482336403,1203,0.1240450623476587,,u,True,0,,False
,L640_sub00738,parallel,160.92234151913152,1211,0.12319546173384287,,u,True,0,,False
,L640_sub00738,parallel,171.1695066301238,1153,0.13780039944572922,,u,True,0,,False
,L640_sub00738,parallel,182.15927096911648,1233,0.13005319986668476,,u,True,0,,False
,L640_sub00738,parallel,194.14942698859556,1219,0.1347040136880332,,u,True,0,,False
,L640_sub00738,parallel,206.89792169086667,1212,0.1368893222763607,,u,True,0,,False
,L640_sub00738,parallel,220.14654210320907,1228,0.13417893270299083,,u,True,0,,False
,L640_sub00738,parallel,234.13777995018233,1204,0.1471520005367516,,u,True,0,,False
,L640_sub00738,parallel,249.1294844051984,1267,0.14362773889920002,,u,True,0,,False
,L640_sub00738,parallel,265.12167018182424,1188,0.1536484670815029,,u,True,0,,False
,L640_sub00738,parallel,282.35660077285246,1205,0.1318361938905508,,u,True,0,,False
,L640_sub00738,parallel,300.85004570383563,1240,0.14755538986232686,,u,True,0,,False
,L640_sub00738,parallel,315.46037786067524,757,0.10762943325964931,,u,True,0,,False
2.203739859916221,L640_sub00738,xi,33.98529093593286,1540,0.03328444207892543,0.4537740675244748,u,True,1376,0.07335025172440071,True
1.9419663824710551,L640_sub00738,xi,35.98610843089316,1521,0.034562665132793,0.5149419727480298,u,True,1366,0.0671195337764885,True
2.392171200911311,L640_sub00738,xi,38.22956970723055,1475,0.03375041703252273,0.4180302812854884,u,True,1412,0.08073677564394748,True
2.05380055143012,L640_sub00738,xi,40.7308237088326,1591,0.03741300333516886,0.4869021966634839,u,True,1383,0.07683884688042672,True
1.9375822127207658,L640_sub00738,xi,43.23193264243457,1564,0.037782708239650714,0.5161071326082176,u,True,1349,0.07320710343356554,True
2.2447383951512934,L640_sub00738,xi,45.97553697348189,1550,0.042303634092611814,0.4454862099565953,u,True,1355,0.09496059170211699,True
1.828417897396003,L640_sub00738,xi,48.977035434987286,1604,0.04926726709253176,0.5469209207720951,u,True,1407,0.0900811529077742,True
2.093339747107793,L640_sub00738,xi,52.22068555658763,1532,0.045034009264706694,0.47770554272502747,u,True,1369,0.09427148156543112,True
2.148473601761825,L640_sub00738,xi,55.72252686302013,1545,0.0464930463941657,0.4654467242138625,u,True,1348,0.09988908284335281,True
1.920721206050967,L640_sub00738,xi,59.22415047934415,1560,0.05189315042471948,0.5206377671312411,u,True,1454,0.09967227446955146,True
2.046865919458293,L640_sub00738,xi,62.96824596572466,1564,0.05376424628318092,0.4885517856805452,u,True,1399,0.11004820340240522,True
1.9828058119820398,L640_sub00738,xi,66.97014260101288,1616,0.05405261071769671,0.5043358224779392,u,True,1429,0.10717583068385172,True
2.172699837007932,L640_sub00738,xi,71.21446482281532,1697,0.0589487544658722,0.4602568578350518,u,True,1412,0.12807794921982113,True
2.0872835182843357,L640_sub00738,xi,75.95887044973747,1580,0.06397905472592645,0.4790915997947228,u,True,1407,0.13354242644483783,True
2.0160352440855847,L640_sub00738,xi,80.96141056083448,1529,0.0674161846042213,0.49602307446444033,u,True,1470,0.1359134041838901,True
1.8340803613946466,L640_sub00738,xi,86.20614827261453,1565,0.07339818239141654,0.5452323796976887,u,True,1444,0.13461816488615944,True
1.889709994433442,L640_sub00738,xi,91.95107394696377,1623,0.07532001689884167,0.5291817278554491,u,True,1411,0.14233298871463684,True
1.9687538482888949,L640_sub00738,xi,97.95407086997457,1570,0.07388629384105654,0.507935515081853,u,True,1426,0.14546392533538413,True
1.8173454450151056,L640_sub00738,xi,104.19932821280567,1546,0.08224397164560883,0.5502531193191441,u,True,1434,0.14946570725009872,True
1.7601997235439193,L640_sub00738,xi,110.94480609744649,1570,0.09318691699944137,0.5681173486305509,u,True,1406,0.16402758554032684,True
1.9393311988345572,L640_sub00738,xi,117.94808179873041,1547,0.08883393675559503,0.5156416813182559,u,True,1384,0.17227842506542135,True
2.104817216104712,L640_sub00738,xi,125.193849689192,1524,0.09172082572354139,0.47510063693352617,u,True,1422,0.19305557305824983,True
1.7481382657348563,L640_sub00738,xi,133.18220601867202,1532,0.09930980141504538,0.572037132074124,u,True,1463,0.17360726401617038,True
1.8650409701633086,L640_sub00738,xi,141.92867927237256,1524,0.09918539029069545,0.5361812507059494,u,True,1471,0.18498481653378507,True
1.8999500566753063,L640_sub00738,xi,151.17539482336403,1626,0.10543423213084888,0.5263296245533342,u,True,1468,0.20031977531252373,True
2.1669067145772822,L640_sub00738,xi,160.92234151913152,1661,0.09917286445437272,0.4614873327369235,u,True,1431,0.21489834589004295,True
1.8937550664809353,L640_sub00738,xi,171.1695066301238,1597,0.11315616499338417,0.5280513925479534,u,True,1449,0.21429006075977391,True
1.9275084740770911,L640_sub00738,xi,182.15927096911648,1589,0.10779003112652183,0.5188044636114034,u,True,1482,0.20776619841740426,True
2.0122728468491315,L640_sub00738,xi,194.14942698859556,1631,0.11371067194672747,0.4969505013029548,u,True,1548,0.228816897555369,True
2.003633876576867,L640_sub00738,xi,206.89792169086667,1641,0.11409850988506942,0.49909317849449736,u,True,1542,0.22861163967266562,True
2.0374454666559654,L640_sub00738,xi,220.14654210320907,1630,0.11475156451114606,0.4908106824774496,u,True,1548,0.23380005490491407,True
2.009126497884925,L640_sub00738,xi,234.13777995018233,1663,0.12168946308062975,0.497728739854227,u,True,1584,0.24448952478868252,True
1.953563808580127,L640_sub00738,xi,249.1294844051984,1596,0.12228182360474502,0.5118849948017883,u,True,1598,0.23888534504140896,True
2.117954608533722,L640_sub00738,xi,265.12167018182424,1636,0.11927583761933833,0.4721536504941003,u,True,1489,0.2526208099725975,True
1.8089593358397282,L640_sub00738,xi,282.35660077285246,1529,0.13175260151780044,0.5528040239421937,u,True,1532,0.23833509853679666,True
1.8355394596862236,L640_sub00738,xi,300.85004570383563,1511,0.13571839913579292,0.5447989661692945,u,True,1583,0.24911647701919257,True
,L640_sub00738,xi,315.46037786067524,505,0.16909007232464884,,u,True,0,,False
1.6461822819363359,L640_sub00738,lambda,33.98529093593286,2362,0.06325937205464284,1.6461822819363359,u,True,1031,0.03842792669365477,True
1.584761217915802,L640_sub00738,lambda,35.98610843089316,2152,0.06519927781850078,1.584761217915802,u,True,1057,0.0411413890505521,True
1.6058472531605505,L640_sub00738,lambda,38.22956970723055,2175,0.06750300344666468,1.6058472531605505,u,True,1013,0.04203575608689342,True
1.4952861441714087,L640_sub00738,lambda,40.7308237088326,2232,0.07063454329665048,1.4952861441714087,u,True,1066,0.047238144733690146,True
1.5242131517380906,L640_sub00738,lambda,43.23193264243457,2388,0.06966830972741486,1.5242131517380906,u,True,1032,0.045707721159583686,True
1.5539819987832293,L640_sub00738,lambda,45.97553697348189,2230,0.07735346312451231,1.5539819987832293,u,True,1120,0.04977757991088714,True
1.615078716431724,L640_sub00738,lambda,48.977035434987286,2197,0.08432802465030105,1.615078716431724,u,True,1036,0.0522129502372561,True
1.587297357543599,L640_sub00738,lambda,52.22068555658763,2263,0.08831236011774433,1.587297357543599,u,True,1068,0.055636935132564555,True
1.711556327409304,L640_sub00738,lambda,55.72252686302013,2211,0.09591916749835654,1.711556327409304,u,True,1101,0.05604207466753053,True
1.7426396645310769,L640_sub00738,lambda,59.22415047934415,2203,0.09789520566843997,1.7426396645310769,u,True,1046,0.05617639014017414,True
1.8796217090731506,L640_sub00738,lambda,62.96824596572466,2196,0.1066791969907487,1.8796217090731506,u,True,1017,0.0567556740145083,True
1.5142803798565188,L640_sub00738,lambda,66.97014260101288,2213,0.10088524248000295,1.5142803798565188,u,True,1030,0.06662256463334884,True
1.9644122726716786,L640_sub00738,lambda,71.21446482281532,2228,0.1120403546143141,1.9644122726716786,u,True,958,0.05703505123287321,True
1.8541650839780657,L640_sub00738,lambda,75.95887044973747,2197,0.11488497926545495,1.8541650839780657,u,True,1038,0.061960491144063636,True
1.6468694704389195,L640_sub00738,lambda,80.96141056083448,2189,0.11414463085419033,1.6468694704389195,u,True,1016,0.0693100654927854,True
1.7492467942022045,L640_sub00738,lambda,86.20614827261453,2198,0.11805537490565324,1.7492467942022045,u,True,1032,0.06748926183368875,True
1.702508977096811,L640_sub00738,lambda,91.95107394696377,2332,0.13057737333464906,1.702508977096811,u,True,963,0.07669702485640635,True
1.8357211151372221,L640_sub00738,lambda,97.95407086997457,2298,0.13788684688156233,1.8357211151372221,u,True,1006,0.07511317800103592,True
1.8436313086938567,L640_sub00738,lambda,104.19932821280567,2169,0.13404327428995963,1.8436313086938567,u,True,984,0.07270611735538611,True
1.6654458265234335,L640_sub00738,lambda,110.94480609744649,2274,0.14010767209538935,1.6654458265234335,u,True,1029,0.08412622606155841,True
1.7556751017351448,L640_sub00738,lambda,117.94808179873041,2230,0.1471872464762965,1.7556751017351448,u,True,997,0.08383512776984216,True
1.4874338755094771,L640_sub00738,lambda,125.193849689192,2166,0.13156869679920646,1.4874338755094771,u,True,955,0.08845347612789943,True
1.6575293138876783,L640_sub00738,lambda,133.18220601867202,2118,0.14740685734855133,1.6575293138876783,u,True,963,0.08893167445878443,True
1.7173260527384258,L640_sub00738,lambda,141.92867927237256,2176,0.15559792005396153,1.7173260527384258,u,True,971,0.0906047630302045,True
1.5012575852499381,L640_sub00738,lambda,151.17539482336403,2132,0.1412388613914553,1.5012575852499381,u,True,952,0.09408036487485326,True
1.4102919857342324,L640_sub00738,lambda,160.92234151913152,2163,0.15386582407735816,1.4102919857342324,u,True,1017,0.10910210483629165,True
1.4423769064300145,L640_sub00738,lambda,171.1695066301238,2241,0.1462963933585694,1.4423769064300145,u,True,1023,0.10142729872226211,True
1.2527155259041365,L640_sub00738,lambda,182.15927096911648,2242,0.13901721985274554,1.2527155259041365,u,True,1022,0.1109726964966057,True
1.2962645784877294,L640_sub00738,lambda,194.14942698859556,2154,0.14552271880024534,1.2962645784877294,u,True,979,0.11226312993140457,True
1.2453391204448692,L640_sub00738,lambda,206.89792169086667,2297,0.14285894639501678,1.2453391204448692,u,True,1002,0.11471489496289466,True
1.1360837596024371,L640_sub00738,lambda,220.14654210320907,2236,0.13783867952240147,1.1360837596024371,u,True,963,0.12132792002117603,True
1.13968231604162,L640_sub00738,lambda,234.13777995018233,2255,0.14244580792357744,1.13968231604162,u,True,1032,0.12498729331725059,True
1.0636326001948364,L640_sub00738,lambda,249.1294844051984,2399,0.13916898290832413,1.0636326001948364,u,True,978,0.13084309646284922,True
1.0479924821638873,L640_sub00738,lambda,265.12167018182424,2389,0.14390727712379084,1.0479924821638873,u,True,1023,0.13731708917095678,True
1.1045342893396501,L640_sub00738,lambda,282.35660077285246,2362,0.1428590948229715,1.1045342893396501,u,True,1011,0.12933875951318843,True
1.0714301779853475,L640_sub00738,lambda,300.85004570383563,2547,0.14263809067219715,1.0714301779853475,u,True,922,0.1331286850071791,True
,L640_sub00738,lambda,315.46037786067524,659,0.17008604439833475,,u,True,0,,False
,L640_sub01591,parallel,33.98529093593286,2050,0.04718454330204826,,B,False,0,,False
,L640_sub01591,parallel,35.98610843089316,2029,0.06431423247578538,,B,False,0,,False
,L640_sub01591,parallel,38.22956970723055,2006,0.05263597608841555,,B,False,0,,False
,L640_sub01591,parallel,40.7308237088326,2109,0.07166328528675098,,B,False,0,,False
,L640_sub01591,parallel,43.23193264243457,2122,0.08321335999753625,,B,False,0,,False
,L640_sub01591,parallel,45.97553697348189,2056,0.0993186204016256,,B,False,0,,False
,L640_sub01591,parallel,48.977035434987286,2006,0.07223253867510598,,B,False,0,,False
,L640_sub01591,parallel,52.22068555658763,1974,0.09924835612067898,,B,False,0,,False
,L640_sub01591,parallel,55.72252686302013,2064,0.08833274726561721,,B,False,0,,False
,L640_sub01591,parallel,59.22415047934415,2039,0.0922372147192234,,B,False,0,,False
,L640_sub01591,parallel,62.96824596572466,2145,0.11933633435874567,,B,False,0,,False
,L640_sub01591,parallel,66.97014260101288,2107,0.10949396930776825,,B,False,0,,False
,L640_sub01591,parallel,71.21446482281532,2079,0.1381617711380391,,B,False,0,,False
,L640_sub01591,parallel,75.95887044973747,2058,0.13353820370545283,,B,False,0,,False
,L640_sub01591,parallel,80.96141056083448,2070,0.1394824416899769,,B,False,0,,False
,L640_sub01591,parallel,86.20614827261453,2081,0.15961317977396564,,B,False,0,,False
,L640_sub01591,parallel,91.95107394696377,2121,0.1687603566801212,,B,False,0,,False
,L640_sub01591,parallel,97.95407086997457,2096,0.18215722761944783,,B,False,0,,False
,L640_sub01591,parallel,104.19932821280567,2097,0.17980615581209092,,B,False,0,,False
,L640_sub01591,parallel,110.94480609744649,2219,0.22366598035494875,,B,False,0,,False
,L640_sub01591,parallel,117.94808179873041,2093,0.26356451090311933,,B,False,0,,False
,L640_sub01591,parallel,125.193849689192,2166,0.29735058861869224,,B,False,0,,False
,L640_sub01591,parallel,133.18220601867202,2169,0.2855014240809935,,B,False,0,,False
,L640_sub01591,parallel,141.92867927237256,2207,0.3329525019975934,,B,False,0,,False
,L640_sub01591,parallel,151.17539482336403,2228,0.3630816121797431,,B,False,0,,False
,L640_sub01591,parallel,160.92234151913152,2241,0.4064504593012455,,B,False,0,,False
,L640_sub01591,parallel,171.1695066301238,2291,0.4527953831862858,,B,False,0,,False
,L640_sub01591,parallel,182.15927096911648,2358,0.47576174384403086,,B,False,0,,False
,L640_sub01591,parallel,194.14942698859556,2380,0.48283292599723776,,B,False,0,,False
,L640_sub01591,parallel,206.89792169086667,2349,0.5231984569967049,,B,False,0,,False
,L640_sub01591,parallel,220.14654210320907,2400,0.5481085765404122,,B,False,0,,False
,L640_sub01591,parallel,234.13777995018233,2407,0.6589115151727829,,B,False,0,,False
,L640_sub01591,parallel,249.1294844051984,2471,0.6989624675961735,,B,False,0,,False
,L640_sub01591,parallel,265.12167018182424,2468,0.6954094452258743,,B,False,0,,False
,L640_sub01591,parallel,282.35660077285246,2520,0.783196291520731,,B,False,0,,False
,L640_sub01591,parallel,300.85004570383563,2535,0.8307042942910753,,B,False,0,,False
,L640_sub01591,parallel,315.46037786067524,812,0.803477305922943,,B,False,0,,False
1.375164527311377,L640_sub01591,xi,33.98529093593286,1351,0.08579837225955947,0.7271857149741408,B,False,2192,0.11798687803240265,True
1.139824508867818,L640_sub01591,xi,35.98610843089316,1359,0.0930368638122731,0.8773280379742799,B,False,2176,0.10604569760142625,True
1.21308385533912,L640_sub01591,xi,38.22956970723055,1319,0.09649411099668116,0.824345320893293,B,False,2232,0.11705544818537497,True
1.6844092653621072,L640_sub01591,xi,40.7308237088326,1319,0.08322972994815173,0.5936799449895119,B,False,2156,0.14019292827825283,True
1.3503177171286842,L640_sub01591,xi,43.23193264243457,1313,0.11467234251676185,0.7405664513729407,B,False,2123,0.1548440957650324,True
1.3749938671798585,L640_sub01591,xi,45.97553697348189,1316,0.11064043408071456,0.7272759710928901,B,False,2145,0.15212991832309994,True
1.4172798464422498,L640_sub01591,xi,48.977035434987286,1314,0.11380786808040506,0.7055769561038115,B,False,2172,0.1612975977969163,True
1.4139261265186938,L640_sub01591,xi,52.22068555658763,1303,0.11953710593598663,0.7072505283300449,B,False,2332,0.1690166371713243,True
1.5383490032619298,L640_sub01591,xi,55.72252686302013,1366,0.11984955886881259,0.6500475495999871,B,False,2163,0.1843704494272198,True
1.705270548786735,L640_sub01591,xi,59.22415047934415,1368,0.13191958042009955,0.5864172114574309,B,False,2261,0.22495857529869898,True
1.868787679783525,L640_sub01591,xi,62.96824596572466,1305,0.12894086539682034,0.5351062674577548,B,False,2191,0.2409631006742037,True
1.600094964923101,L640_sub01591,xi,66.97014260101288,1289,0.15187725253263573,0.6249629065285253,B,False,2181,0.24301802706382475,True
1.378836336518419,L640_sub01591,xi,71.21446482281532,1312,0.19112537326116255,0.7252492362690512,B,False,2132,0.2635306094831368,True
1.1990216261230697,L640_sub01591,xi,75.95887044973747,1296,0.2105584022074572,0.8340133140328848,B,False,2259,0.2524640778086607,True
1.3905153346716963,L640_sub01591,xi,80.96141056083448,1342,0.19893440737470905,0.7191578367138988,B,False,2186,0.2766213440483591,True
1.510770564206849,L640_sub01591,xi,86.20614827261453,1387,0.2012738313379658,0.6619138760656207,B,False,2264,0.30407857973053276,True
1.5849773022768436,L640_sub01591,xi,91.95107394696377,1295,0.20615193145524507,0.6309238615363671,B,False,2152,0.32674613217709514,True
1.5595077958136763,L640_sub01591,xi,97.95407086997457,1342,0.22715064748892794,0.6412279583881452,B,False,2157,0.3542432055831074,True
1.4899200077303474,L640_sub01591,xi,104.19932821280567,1384,0.24136202581310484,0.6711769724626616,B,False,2263,0.3596101113652735,True
1.5484037928850343,L640_sub01591,xi,110.94480609744649,1380,0.2472474725357089,0.6458263694489981,B,False,2235,0.38283892425552996,True
1.4561543866627864,L640_sub01591,xi,117.94808179873041,1385,0.2733068116691029,0.6867403684384039,B,False,2294,0.39797691271678426,True
1.395905689721778,L640_sub01591,xi,125.193849689192,1364,0.3034590247001679,0.7163807751219302,B,False,2301,0.4236001791763859,True
1.4564884982452997,L640_sub01591,xi,133.18220601867202,1387,0.29718245706530877,0.6865828334413537,B,False,2327,0.43284283059589984,True
1.5052402417938373,L640_sub01591,xi,141.92867927237256,1397,0.3080125260889823,0.6643457783245761,B,False,2423,0.46363284924571035,True
1.5728446801722094,L640_sub01591,xi,151.17539482336403,1485,0.32139724790723795,0.6357906871583219,B,False,2342,0.505507951592888,True
1.5228372687766274,L640_sub01591,xi,160.92234151913152,1373,0.3706965479241021,0.6566689826309221,B,False,2405,0.5645105185856638,True
1.6072888586647032,L640_sub01591,xi,171.1695066301238,1324,0.36273896551912826,0.6221657013355869,B,False,2503,0.5830262978824547,True
1.7300724337937639,L640_sub01591,xi,182.15927096911648,1250,0.38719811241461866,0.578010481218503,B,False,2438,0.6698807807055106,True
1.7326775507846275,L640_sub01591,xi,194.14942698859556,1262,0.4126066201638523,0.5771414303527849,B,False,2466,0.7149142280630267,True
1.7342018541150708,L640_sub01591,xi,206.89792169086667,1273,0.4542402297341716,0.5766341430365269,B,False,2554,0.7877442486186562,True
1.709412920329803,L640_sub01591,xi,220.14654210320907,1210,0.5199260313548252,0.5849961633652954,B,False,2585,0.8887682756137364,True
1.5671450631378216,L640_sub01591,xi,234.13777995018233,1189,0.5849756992219206,0.6381030215529292,B,False,2467,0.9167417790912282,True
1.6948946961991977,L640_sub01591,xi,249.1294844051984,1143,0.599720688303566,0.5900071563398602,B,False,2509,1.0164634138066462,True
1.6307165777099237,L640_sub01591,xi,265.12167018182424,1151,0.617724200051568,0.6132273465965112,B,False,2507,1.0073330934766933,True
1.6663562187138037,L640_sub01591,xi,282.35660077285246,1193,0.6443099270046092,0.6001117820845423,B,False,2582,1.0736498536431673,True
1.7840617217966763,L640_sub01591,xi,300.85004570383563,1181,0.6352761518742589,0.5605187240904027,B,False,2465,1.1333718653291571,True
1.8431091994258884,L640_sub01591,xi,315.46037786067524,737,0.8145992645899338,0.5425614501362648,B,False,1583,1.5013953984112702,True
1.1951839220142884,L640_sub01591,lambda,33.98529093593286,2464,0.16543589543400813,1.1951839220142884,B,False,3303,0.13841877587776852,True
1.0875179322004367,L640_sub01591,lambda,35.98610843089316,2383,0.17310691948631315,1.0875179322004367,B,False,3207,0.15917615182313005,True
1.2522847156206867,L640_sub01591,lambda,38.22956970723055,2384,0.1948132840265118,1.2522847156206867,B,False,3127,0.155566287439637,True
1.1362784194405107,L640_sub01591,lambda,40.7308237088326,2409,0.2089641341410573,1.1362784194405107,B,False,3304,0.1839022290363911,True
1.2288268120894246,L640_sub01591,lambda,43.23193264243457,2467,0.2257444054837537,1.2288268120894246,B,False,3369,0.18370725903995475,True
1.0877273556115545,L640_sub01591,lambda,45.97553697348189,2488,0.2127914363132941,1.0877273556115545,B,False,3254,0.195629387470591,True
1.0994828117345896,L640_sub01591,lambda,48.977035434987286,2385,0.24778811031929482,1.0994828117345896,B,False,3264,0.22536787994745824,True
1.1703368228547384,L640_sub01591,lambda,52.22068555658763,2405,0.26796814194604607,1.1703368228547384,B,False,3209,0.2289666843878381,True
1.2732120828833091,L640_sub01591,lambda,55.72252686302013,2482,0.3089608145878133,1.2732120828833091,B,False,3334,0.24266249020205835,True
1.125013757238137,L640_sub01591,lambda,59.22415047934415,2346,0.3033412681716423,1.125013757238137,B,False,3242,0.2696333855652866,True
1.1881010279102218,L640_sub01591,lambda,62.96824596572466,2403,0.30455541835219224,1.1881010279102218,B,False,3312,0.25633798069166036,True
1.1775954668359003,L640_sub01591,lambda,66.97014260101288,2444,0.3473712064336124,1.1775954668359003,B,False,3233,0.2949834779569673,True
1.2164504050993197,L640_sub01591,lambda,71.21446482281532,2507,0.36381316665912006,1.2164504050993197,B,False,3374,0.29907768137034385,True
1.179629040744859,L640_sub01591,lambda,75.95887044973747,2488,0.3907546302756992,1.179629040744859,B,False,3339,0.3312521282359775,True
1.2431417665850137,L640_sub01591,lambda,80.96141056083448,2472,0.3978979351961292,1.2431417665850137,B,False,3372,0.3200744644668959,True
1.2201618742498934,L640_sub01591,lambda,86.20614827261453,2487,0.4382667230757558,1.2201618742498934,B,False,3298,0.3591873605665516,True
1.159419890916383,L640_sub01591,lambda,91.95107394696377,2425,0.4639570714229921,1.159419890916383,B,False,3272,0.40016311179230274,True
1.2722410817471157,L640_sub01591,lambda,97.95407086997457,2482,0.5383452408021392,1.2722410817471157,B,False,3410,0.4231471916178435,True
1.2461459452586896,L640_sub01591,lambda,104.19932821280567,2361,0.5564972777455001,1.2461459452586896,B,False,3332,0.4465747209328485,True
1.3271040784594483,L640_sub01591,lambda,110.94480609744649,2483,0.5793641817182132,1.3271040784594483,B,False,3424,0.43656273168172366,True
1.2839156508880623,L640_sub01591,lambda,117.94808179873041,2378,0.6251099664845698,1.2839156508880623,B,False,3461,0.486877752484902,True
1.3936352954493,L640_sub01591,lambda,125.193849689192,2396,0.693124813500173,1.3936352954493,B,False,3383,0.4973502147681424,True
1.3379079282272426,L640_sub01591,lambda,133.18220601867202,2367,0.713252090340563,1.3379079282272426,B,False,3276,0.5331099960560348,True
1.2682441971835934,L640_sub01591,lambda,141.92867927237256,2269,0.7164959529916802,1.2682441971835934,B,False,3365,0.5649510989940362,True
1.2977254921775043,L640_sub01591,lambda,151.17539482336403,2333,0.757419848067983,1.2977254921775043,B,False,3293,0.5836518220791661,True
1.3435072043791867,L640_sub01591,lambda,160.92234151913152,2318,0.8554652289481124,1.3435072043791867,B,False,3234,0.6367403361587549,True
1.4065660017013606,L640_sub01591,lambda,171.1695066301238,2361,0.9046265909151081,1.4065660017013606,B,False,3236,0.6431454974888385,True
1.4650152533037044,L640_sub01591,lambda,182.15927096911648,2458,0.998711022474122,1.4650152533037044,B,False,3291,0.6817069107109731,True
1.4574674188691046,L640_sub01591,lambda,194.14942698859556,2327,0.9866546260262262,1.4574674188691046,B,False,3332,0.6769651336643964,True
1.6159368127299036,L640_sub01591,lambda,206.89792169086667,2261,1.1460805898918647,1.6159368127299036,B,False,3310,0.7092360176854432,True
1.5233103748334622,L640_sub01591,lambda,220.14654210320907,2268,1.1389864400902068,1.5233103748334622,B,False,3330,0.7477047743567872,True
1.6487437905008346,L640_sub01591,lambda,234.13777995018233,2338,1.2633612107049947,1.6487437905008346,B,False,3190,0.7662568423206778,True
1.70740089031099,L640_sub01591,lambda,249.1294844051984,2350,1.3558361309730458,1.70740089031099,B,False,3284,0.794093606643306,True
1.752236268816533,L640_sub01591,lambda,265.12167018182424,2225,1.5002166059895352,1.752236268816533,B,False,3144,0.8561725565712592,True
1.653084486196538,L640_sub01591,lambda,282.35660077285246,2248,1.5774942429704562,1.653084486196538,B,False,3092,0.9542732123752478,True
1.628185795565678,L640_sub01591,lambda,300.85004570383563,2167,1.6829444665246776,1.628185795565678,B,False,2969,1.0336317090519604,True
1.4822716788702943,L640_sub01591,lambda,315.46037786067524,1725,1.9890301377209083,1.4822716788702943,B,False,2244,1.341879606872633,True
,L640_sub01591,parallel,33.98529093593286,2050,0.02478656120486374,,u,False,0,,False
,L640_sub01591,parallel,35.98610843089316,2029,0.02503888703692943,,u,False,0,,False
,L640_sub01591,parallel,38.22956970723055,2006,0.024684453636854044,,u,False,0,,False
,L640_sub01591,parallel,40.7308237088326,2109,0.032366429327828294,,u,False,0,,False
,L640_sub01591,parallel,43.23193264243457,2122,0.03201721326957377,,u,False,0,,False
,L640_sub01591,parallel,45.97553697348189,2056,0.03424338748531444,,u,False,0,,False
,L640_sub01591,parallel,48.977035434987286,2006,0.030837033933922,,u,False,0,,False
,L640_sub01591,parallel,52.22068555658763,1974,0.0360080987588553,,u,False,0,,False
,L640_sub01591,parallel,55.72252686302013,2064,0.039813792838192516,,u,False,0,,False
,L640_sub01591,parallel,59.22415047934415,2039,0.04123781446815544,,u,False,0,,False
,L640_sub01591,parallel,62.96824596572466,2145,0.04917315096496917,,u,False,0,,False
,L640_sub01591,parallel,66.97014260101288,2107,0.04785735478781721,,u,False,0,,False
,L640_sub01591,parallel,71.21446482281532,2079,0.05505114124483435,,u,False,0,,False
,L640_sub01591,parallel,75.95887044973747,2058,0.05400401368637222,,u,False,0,,False
,L640_sub01591,parallel,80.96141056083448,2070,0.05516553829724785,,u,False,0,,False
,L640_sub01591,parallel,86.20614827261453,2081,0.0603048879435346,,u,False,0,,False
,L640_sub01591,parallel,91.95107394696377,2121,0.06694117285567167,,u,False,0,,False
,L640_sub01591,parallel,97.95407086997457,2096,0.07135349456656573,,u,False,0,,False
,L640_sub01591,parallel,104.19932821280567,2097,0.0736532965990872,,u,False,0,,False
,L640_sub01591,parallel,110.94480609744649,2219,0.08121986796650088,,u,False,0,,False
,L640_sub01591,parallel,117.94808179873041,2093,0.09041010329504327,,u,False,0,,False
,L640_sub01591,parallel,125.193849689192,2166,0.0921981878321711,,u,False,0,,False
,L640_sub01591,parallel,133.18220601867202,2169,0.10301581821289427,,u,False,0,,False
,L640_sub01591,parallel,141.92867927237256,2207,0.10632390683951788,,u,False,0,,False
,L640_sub01591,parallel,151.17539482336403,2228,0.12616833551713869,,u,False,0,,False
,L640_sub01591,parallel,160.92234151913152,2241,0.12833951037164223,,u,False,0,,False
,L640_sub01591,parallel,171.1695066301238,2291,0.14826291023411167,,u,False,0,,False
,L640_sub01591,parallel,182.15927096911648,2358,0.15381085629936972,,u,False,0,,False
,L640_sub01591,parallel,194.14942698859556,2380,0.15193943099944388,,u,False,0,,False
,L640_sub01591,parallel,206.89792169086667,2349,0.1664670704117013,,u,False,0,,False
,L640_sub01591,parallel,220.14654210320907,2400,0.17909010815410492,,u,False,0,,False
,L640_sub01591,parallel,234.13777995018233,2407,0.20801579155477204,,u,False,0,,False
,L640_sub01591,parallel,249.1294844051984,2471,0.20486311570810245,,u,False,0,,False
,L640_sub01591,parallel,265.12167018182424,2468,0.22069951169197985,,u,False,0,,False
,L640_sub01591,parallel,282.35660077285246,2520,0.2389555976430885,,u,False,0,,False
,L640_sub01591,parallel,300.85004570383563,2535,0.24007270435927894,,u,False,0,,False
,L640_sub01591,parallel,315.46037786067524,812,0.34047522298100424,,u,False,0,,False
1.9501652441519104,L640_sub01591,xi,33.98529093593286,1488,0.04030956007287748,0.5127770597895569,u,False,2528,0.07861030306117922,True
1.9151432978595326,L640_sub01591,xi,35.98610843089316,1591,0.043086443460874015,0.522154139127685,u,False,2428,0.08251671342269656,True
2.086261500896469,L640_sub01591,xi,38.22956970723055,1512,0.041252208841399685,0.47932629709664815,u,False,2481,0.0860628951327531,True
1.9348641855036648,L640_sub01591,xi,40.7308237088326,1564,0.04662913248649352,0.516832141238735,u,False,2518,0.09022103844922176,True
2.1118480597518974,L640_sub01591,xi,43.23193264243457,1608,0.04694109505703545,0.47351891410098945,u,False,2507,0.0991324605188297,True
2.1262691196684553,L640_sub01591,xi,45.97553697348189,1538,0.04684776662664716,0.47030735232420995,u,False,2548,0.0996109595036743,True
1.9833542415104763,L640_sub01591,xi,48.977035434987286,1574,0.055755835457221584,0.5041963654654165,u,False,2540,0.11058357274304063,True
1.9222120026655345,L640_sub01591,xi,52.22068555658763,1588,0.06110092178420322,0.5202339797136312,u,False,2620,0.11744892522752344,True
1.934904117320479,L640_sub01591,xi,55.72252686302013,1542,0.062442886905195165,0.5168214750531587,u,False,2562,0.12082099897023917,True
2.2706849766541777,L640_sub01591,xi,59.22415047934415,1570,0.058568693427591335,0.4403957441395001,u,False,2502,0.1329910522682959,True
2.1527803980807327,L640_sub01591,xi,62.96824596572466,1552,0.06317138703008998,0.4645155636364627,u,False,2666,0.13599412371794914,True
2.336495120914065,L640_sub01591,xi,66.97014260101288,1563,0.05934447889602719,0.427991477940167,u,False,2634,0.13865808539375524,True
2.5031641145144032,L640_sub01591,xi,71.21446482281532,1693,0.059276648809466995,0.3994943816114882,u,False,2682,0.1483791801285307,True
2.081037840342897,L640_sub01591,xi,75.95887044973747,1638,0.07463194530028794,0.4805294649688964,u,False,2545,0.15531190226830044,True
2.0731090176127744,L640_sub01591,xi,80.96141056083448,1659,0.08133007499638979,0.4823673002742131,u,False,2692,0.1686061118781389,True
2.1470727148508093,L640_sub01591,xi,86.20614827261453,1738,0.07802196233496615,0.4657504112847364,u,False,2702,0.16751882648852337,True
2.2571333573439465,L640_sub01591,xi,91.95107394696377,1618,0.07855458245059381,0.4430398393370685,u,False,2611,0.17730816842146066,True
2.194061170267026,L640_sub01591,xi,97.95407086997457,1620,0.08419028357468696,0.4557758067785759,u,False,2725,0.18471863210499043,True
2.049113425532276,L640_sub01591,xi,104.19932821280567,1649,0.09077966439860279,0.4880159329102248,u,False,2729,0.18601782908449133,True
2.104738666442533,L640_sub01591,xi,110.94480609744649,1588,0.09627538570915971,0.4751183678732989,u,False,2736,0.20263452692873732,True
2.1613324876216673,L640_sub01591,xi,117.94808179873041,1572,0.10183418340799956,0.4626775406963882,u,False,2766,0.22009752895013282,True
2.199473942935031,L640_sub01591,xi,125.193849689192,1620,0.10616484364129017,0.4546541700173887,u,False,2737,0.23350680724478956,True
1.9355703774437623,L640_sub01591,xi,133.18220601867202,1708,0.11701664202771367,0.5166435752755546,u,False,2728,0.22649394597678335,True
2.1376678439270447,L640_sub01591,xi,141.92867927237256,1694,0.10830870789368023,0.46779952406587655,u,False,2773,0.23152804208160752,True
2.2581281498411445,L640_sub01591,xi,151.17539482336403,1687,0.11095387517426628,0.4428446632093702,u,False,2703,0.2505480688649712,True
2.4292743638509435,L640_sub01591,xi,160.92234151913152,1617,0.11937258491981939,0.41164555757085264,u,False,2810,0.289988760292337,True
2.292499895405331,L640_sub01591,xi,171.1695066301238,1545,0.12198738410125683,0.4362050362594205,u,False,2632,0.2796560652929012,True
2.334299244423668,L640_sub01591,xi,182.15927096911648,1636,0.12698692724088806,0.42839408974186477,u,False,2784,0.2964254883100883,True
2.436404593727547,L640_sub01591,xi,194.14942698859556,1540,0.13232933389302787,0.4104408613308606,u,False,2862,0.3224077969818795,True
2.4355903816207896,L640_sub01591,xi,206.89792169086667,1549,0.13933511859923667,0.4105780707405074,u,False,2854,0.3393632746822928,True
2.5487902959718345,L640_sub01591,xi,220.14654210320907,1497,0.1465324753172785,0.3923429878010845,u,False,2868,0.3734805511334118,True
2.254483232339981,L640_sub01591,xi,234.13777995018233,1450,0.15912916165103339,0.4435606287309028,u,False,2963,0.3587540267185731,True
2.3645209481581673,L640_sub01591,xi,249.1294844051984,1466,0.1655478970366896,0.4229186469161736,u,False,2928,0.39144147046678396,True
2.299885834390421,L640_sub01591,xi,265.12167018182424,1498,0.17870154255460483,0.4348041911676227,u,False,2905,0.4109931463050526,True
2.003611605443794,L640_sub01591,xi,282.35660077285246,1467,0.20169564390726227,0.4990987261618017,u,False,2991,0.40411973290004954,True
2.226607351946123,L640_sub01591,xi,300.85004570383563,1519,0.20172719894453692,0.44911376005561526,u,False,2962,0.4491672642574041,True
1.9149509812820074,L640_sub01591,xi,315.46037786067524,971,0.24397732286317292,0.5222065785362962,u,False,1739,0.4672046138273901,True
1.2236803974106838,L640_sub01591,lambda,33.98529093593286,2157,0.06783161756086807,0.8172068475690278,u,False,2806,0.08300422073389255,True
1.309538304535575,L640_sub01591,lambda,35.98610843089316,2197,0.06975865856216722,0.7636279111015755,u,False,2770,0.09135163546017654,True
1.3105318317165637,L640_sub01591,lambda,38.22956970723055,2160,0.06902060257401471,0.7630489972076281,u,False,2778,0.09045369671750447,True
1.4717315552341623,L640_sub01591,lambda,40.7308237088326,2176,0.07336606726138767,0.6794717395597958,u,False,2863,0.10797515627201625,True
1.384503186427443,L640_sub01591,lambda,43.23193264243457,2213,0.07619531341831873,0.7222807500937496,u,False,2773,0.10549265421849999,True
1.1951719621979404,L640_sub01591,lambda,45.97553697348189,2133,0.08788132372017568,0.8366996814090115,u,False,2842,0.10503329411119479,True
1.345130277852838,L640_sub01591,lambda,48.977035434987286,2189,0.08362947316030994,0.743422415259471,u,False,2752,0.11249253646881416,True
1.3340920813461863,L640_sub01591,lambda,52.22068555658763,2153,0.08697014067555532,0.7495734469774639,u,False,2844,0.11602617598882221,True
1.3484243585919042,L640_sub01591,lambda,55.72252686302013,2170,0.09431651566906386,0.7416063004410961,u,False,2736,0.12717868714568073,True
1.3970381040730357,L640_sub01591,lambda,59.22415047934415,2104,0.09444687882312555,0.7158000895498273,u,False,2850,0.13194588852667508,True
1.3776805265526166,L640_sub01591,lambda,62.96824596572466,2104,0.0982257222730579,0.7258576866890248,u,False,2741,0.1353236647821575,True
1.3626976622801648,L640_sub01591,lambda,66.97014260101288,2136,0.09923327223772395,0.7338384938055352,u,False,2756,0.1352249480987576,True
1.2818505137577683,L640_sub01591,lambda,71.21446482281532,2133,0.10515347594587329,0.7801221665609679,u,False,2757,0.1347910371646328,True
1.2743592120616807,L640_sub01591,lambda,75.95887044973747,2171,0.1221304950304248,0.784708103127518,u,False,2742,0.15563812141567515,True
1.3071917787945058,L640_sub01591,lambda,80.96141056083448,2045,0.11662602160318636,0.7649986912572243,u,False,2800,0.15245257663319564,True
1.4064554609896471,L640_sub01591,lambda,86.20614827261453,2067,0.11086986444124158,0.7110072289785513,u,False,2777,0.15593352630256613,True
1.5148624559147896,L640_sub01591,lambda,91.95107394696377,1969,0.11939906020666377,0.6601259382298993,u,False,2713,0.18087315357858452,True
1.4960566382422837,L640_sub01591,lambda,97.95407086997457,2169,0.1183382627955656,0.6684238914743893,u,False,2772,0.1770407436133658,True
1.3209463169898927,L640_sub01591,lambda,104.19932821280567,2039,0.13801465929656667,0.7570330354368606,u,False,2722,0.18230995588841462,True
1.2576657509369202,L640_sub01591,lambda,110.94480609744649,2060,0.14655314454031856,0.7951238230468091,u,False,2642,0.18431487058046675,True
1.3282945789698462,L640_sub01591,lambda,117.94808179873041,2088,0.14676612356358607,0.7528450509641816,u,False,2738,0.19494864630592995,True
1.2444484624016041,L640_sub01591,lambda,125.193849689192,2035,0.155446202075138,0.8035688340762186,u,False,2654,0.19344478715857455,True
1.3139526376890396,L640_sub01591,lambda,133.18220601867202,1999,0.15227341348566417,0.7610624396316028,u,False,2695,0.2000800532994022,True
1.3565442385784008,L640_sub01591,lambda,141.92867927237256,1921,0.1542913705513206,0.7371672604263584,u,False,2659,0.2093030697837591,True
1.212564196356242,L640_sub01591,lambda,151.17539482336403,1941,0.18375553721290477,0.8246986040038146,u,False,2673,0.22281538530657538,True
1.1245409046679011,L640_sub01591,lambda,160.92234151913152,2009,0.19920323521929414,0.8892517789695872,u,False,2758,0.22401218634627773,True
1.008493657448735,L640_sub01591,lambda,171.1695066301238,1987,0.22880116697808955,0.9915778771775103,u,False,2703,0.23074452571427229,True
1.0922905379465915,L640_sub01591,lambda,182.15927096911648,2056,0.25666789479845575,1.0922905379465915,u,False,2766,0.23498134047830208,True
1.074011227264621,L640_sub01591,lambda,194.14942698859556,2037,0.2728105533970256,1.074011227264621,u,False,2690,0.2540108952974744,True
1.2404148345594364,L640_sub01591,lambda,206.89792169086667,1966,0.3246605395017563,1.2404148345594364,u,False,2634,0.2617354537017186,True
1.2459199091695246,L640_sub01591,lambda,220.14654210320907,2100,0.3179184009590149,1.2459199091695246,u,False,2677,0.25516760637601926,True
1.2256450079429273,L640_sub01591,lambda,234.13777995018233,2075,0.3482420069914627,1.2256450079429273,u,False,2656,0.2841295846143394,True
1.2035476275828043,L640_sub01591,lambda,249.1294844051984,2135,0.347899465147303,1.2035476275828043,u,False,2680,0.2890616517154552,True
1.2002369623407125,L640_sub01591,lambda,265.12167018182424,2054,0.366387597050614,1.2002369623407125,u,False,2663,0.305262717735406,True
1.2413236903729887,L640_sub01591,lambda,282.35660077285246,2011,0.36077528953775834,1.2413236903729887,u,False,2660,0.2906375608036239,True
1.1778814747093118,L640_sub01591,lambda,300.85004570383563,1954,0.35062889771328704,1.1778814747093118,u,False,2614,0.29767757218511176,True
1.2874688285074896,L640_sub01591,lambda,315.46037786067524,1516,0.41965701960994795,1.2874688285074896,u,False,2312,0.3259550913527276,True
4.418870604228794,L640_sub01651,parallel,33.98529093593286,1820,0.027372756754667948,0.22630216848690132,B,False,4096,0.12095667017990736,True
4.131775341748894,L640_sub01651,parallel,35.98610843089316,1844,0.02907809057283736,0.24202671183393065,B,False,4096,0.12014413761399038,True
3.322570077070225,L640_sub01651,parallel,38.22956970723055,1876,0.03948879098611208,0.3009718310837795,B,False,4096,0.1312042753101364,True
3.6876526350720287,L640_sub01651,parallel,40.7308237088326,1946,0.037521084374168165,0.2711752160410487,B,False,4096,0.13836472566316116,True
3.5899547270323584,L640_sub01651,parallel,43.23193264243457,1890,0.04044538534738954,0.278555044850566,B,False,4096,0.1451971023145064,True
4.047880167436417,L640_sub01651,parallel,45.97553697348189,1857,0.040934981233788026,0.24704288630987686,B,False,4096,0.16569989869063245,True
3.832892876974537,L640_sub01651,parallel,48.977035434987286,1903,0.0424167589034134,0.2608995430076673,B,False,4096,0.1625788930652395,True
3.32885334193366,L640_sub01651,parallel,52.22068555658763,1864,0.053368669801739335,0.30040374185398067,B,False,4096,0.17765647482407398,True
3.4076925489650103,L640_sub01651,parallel,55.72252686302013,1973,0.05290873664544844,0.2934537038277475,B,False,4096,0.18029670764184663,True
3.084156329265436,L640_sub01651,parallel,59.22415047934415,1870,0.06128060993637784,0.3242377795545057,B,False,4096,0.1889989809965261,True
3.3089080718742134,L640_sub01651,parallel,62.96824596572466,1948,0.06072232846715699,0.3022145004571207,B,False,4096,0.2009246028079731,True
3.159212631516235,L640_sub01651,parallel,66.97014260101288,1919,0.06460986514078751,0.31653456624730547,B,False,4096,0.20411630207333636,True
3.1843816543321872,L640_sub01651,parallel,71.21446482281532,1905,0.06888502674077449,0.3140327098165358,B,False,4096,0.2193562154115044,True
3.059738856018766,L640_sub01651,parallel,75.95887044973747,1931,0.07513500113173023,0.3268252772725735,B,False,4096,0.22989348240976892,True
3.0587714708161946,L640_sub01651,parallel,80.96141056083448,1973,0.07775425850223526,0.3269286409726983,B,False,4096,0.23783250764110475,True
2.6774287095735003,L640_sub01651,parallel,86.20614827261453,1968,0.0964231498391262,0.3734926709437184,B,False,4096,0.25816610964678394,True
2.7672087749804217,L640_sub01651,parallel,91.95107394696377,2017,0.09315051016914139,0.36137497432121835,B,False,4096,0.25776690913395106,True
3.1179521161114927,L640_sub01651,parallel,97.95407086997457,1992,0.08822407195729322,0.32072333466337355,B,False,4096,0.275078431851215,True
2.743967835613427,L640_sub01651,parallel,104.19932821280567,2019,0.10804605743712596,0.3644357586926471,B,False,4096,0.29647490637231455,True
2.5620052276715377,L640_sub01651,parallel,110.94480609744649,2069,0.1204553327695812,0.3903192660183772,B,False,4096,0.30860719225658173,True
2.491321427115864,L640_sub01651,parallel,117.94808179873041,2018,0.12093505676047887,0.4013934087813282,B,False,4096,0.30128809819685426,True
2.4390846806561353,L640_sub01651,parallel,125.193849689192,2026,0.13329613909625904,0.4099898654322207,B,False,4096,0.3251205708602948,True
2.6245075281488104,L640_sub01651,parallel,133.18220601867202,2025,0.12954025174042225,0.38102386420104783,B,False,4096,0.3399793658910302,True
2.5368633161799563,L640_sub01651,parallel,141.92867927237256,2046,0.14056278407471973,0.3941875755079362,B,False,4096,0.35658857053928067,True
2.2815654865848902,L640_sub01651,parallel,151.17539482336403,2075,0.15753707460504787,0.438295550086019,B,False,4096,0.3594311522764262,True
2.5845103278621377,L640_sub01651,parallel,160.92234151913152,2081,0.1523893520158486,0.3869204890456687,B,False,4096,0.3938518541411796,True
2.422994721008441,L640_sub01651,parallel,171.1695066301238,2064,0.16420148563707992,0.4127124138280433,B,False,4096,0.397859332880388,True
2.2721296296847036,L640_sub01651,parallel,182.15927096911648,2099,0.17961179575238062,0.44011573412682753,B,False,4096,0.40810128296986115,True
2.182164281692953,L640_sub01651,parallel,194.14942698859556,2088,0.19017171327112345,0.45826063985621934,B,False,4096,0.41498592008859936,True
2.2806756350219812,L640_sub01651,parallel,206.89792169086667,2088,0.19410772529684828,0.4384665599281337,B,False,4096,0.44269675965406174,True
2.068337734812281,L640_sub01651,parallel,220.14654210320907,2150,0.22267750683880852,0.4834800347974884,B,False,4096,0.46057229008862743,True
1.9281801822378597,L640_sub01651,parallel,234.13777995018233,2109,0.23962777295353574,0.5186237309209313,B,False,4096,0.46204552292280104,True
2.1380478339519953,L640_sub01651,parallel,249.1294844051984,2031,0.23479080174538447,0.4677163831978385,B,False,4096,0.5019939651035716,True
2.109458527536161,L640_sub01651,parallel,265.12167018182424,2073,0.24923940034851658,0.47405530231874055,B,False,4096,0.5257601784631775,True
2.0874098974787225,L640_sub01651,parallel,282.35660077285246,2174,0.2593690792004246,0.47906259389104633,B,False,4096,0.5414095830229091,True
2.1147167860618223,L640_sub01651,parallel,300.85004570383563,2175,0.2695184054948769,0.4728765603938256,B,False,4096,0.569955096252633,True
,L640_sub01651,parallel,315.46037786067524,969,0.4379141574670213,,B,False,0,,False
1.1533758324010508,L640_sub01651,xi,33.98529093593286,1640,0.04065172287897274,0.8670200743830749,B,False,1879,0.04688671471407203,True
1.1053219202329319,L640_sub01651,xi,35.98610843089316,1634,0.045338013049339584,0.9047138048155812,B,False,1884,0.050113099643241746,True
1.0473662264449775,L640_sub01651,xi,38.22956970723055,1582,0.04644531674981087,0.9547758699402117,B,False,1903,0.04864525614029111,True
1.119838929180766,L640_sub01651,xi,40.7308237088326,1593,0.05104533319328578,0.8929855659970352,B,False,1940,0.05716255126284456,True
1.182406063839568,L640_sub01651,xi,43.23193264243457,1612,0.05028709577230094,0.8457331458135035,B,False,1915,0.059459766974049734,True
1.0877058585686579,L640_sub01651,xi,45.97553697348189,1669,0.060780781382674884,0.9193661982440066,B,False,1875,0.06611161199831628,True
1.1090908139440252,L640_sub01651,xi,48.977035434987286,1596,0.06045073405471076,0.9016394216122947,B,False,1918,0.06704535383625296,True
1.2057520641530584,L640_sub01651,xi,52.22068555658763,1608,0.06351189387175056,0.8293579001271856,B,False,1844,0.07657959713413322,True
1.1825072093652653,L640_sub01651,xi,55.72252686302013,1620,0.07040979287999567,0.8456608061922686,B,False,1843,0.08326008769051,True
1.0489031577689099,L640_sub01651,xi,59.22415047934415,1629,0.08180107095461348,0.9533768609554668,B,False,1869,0.08580140163317272,True
1.2886903814313706,L640_sub01651,xi,62.96824596572466,1705,0.07122404742744574,0.7759815813083689,B,False,1925,0.09178574484636108,True
1.1037792760582112,L640_sub01651,xi,66.97014260101288,1716,0.08332203776938563,0.9059782346803745,B,False,1881,0.0919691385287874,True
1.1122994092481877,L640_sub01651,xi,71.21446482281532,1756,0.09000852531884655,0.8990385067954932,B,False,1906,0.10011642953945357,True
1.1135318743024494,L640_sub01651,xi,75.95887044973747,1648,0.09027896353102799,0.8980434445367186,B,False,1872,0.10052850347078807,True
1.002741593450408,L640_sub01651,xi,80.96141056083448,1758,0.10716569394697509,0.9972659023338463,B,False,1951,0.10745949871160855,True
1.1263702373581326,L640_sub01651,xi,86.20614827261453,1742,0.11085183494925889,0.8878075492703623,B,False,1970,0.12486020764338128,True
1.1280598593169036,L640_sub01651,xi,91.95107394696377,1758,0.10987614547093551,0.8864777801822944,B,False,1970,0.12394686920222714,True
1.1031712182372209,L640_sub01651,xi,97.95407086997457,1707,0.1156235048643165,0.9064776015439561,B,False,2017,0.12755252271802525,True
1.0560809735934433,L640_sub01651,xi,104.19932821280567,1683,0.12759187125989577,0.9468970893371736,B,False,1951,0.13474734762276,True
1.1584015004455668,L640_sub01651,xi,110.94480609744649,1785,0.13158133252672521,0.8632585503518087,B,False,1890,0.15242401302958555,True
1.1602130043670438,L640_sub01651,xi,117.94808179873041,1769,0.13932134724278894,0.8619106976356912,B,False,2022,0.16164243885702032,True
1.136331966147732,L640_sub01651,xi,125.193849689192,1780,0.15181998069385572,0.8800245260987336,B,False,1992,0.17251789716235977,True
1.289919470482535,L640_sub01651,xi,133.18220601867202,1795,0.14339207944728966,0.7752421937052539,B,False,1988,0.18496423519203747,True
1.2439178210448472,L640_sub01651,xi,141.92867927237256,1813,0.1529139692759784,0.8039116275060961,B,False,1970,0.19021241146909376,True
1.2464926233835347,L640_sub01651,xi,151.17539482336403,1809,0.16943447242179266,0.8022510372227921,B,False,1958,0.21119882002064552,True
1.2731400997926772,L640_sub01651,xi,160.92234151913152,1847,0.17681326433345546,0.7854595108290467,B,False,2030,0.2251080569981645,True
1.2202178624917908,L640_sub01651,xi,171.1695066301238,1914,0.18335833774902532,0.8195257836644951,B,False,1972,0.2237371189581635,True
1.153655458873557,L640_sub01651,xi,182.15927096911648,1878,0.19393753133641836,0.86680992345532,B,False,2006,0.22373709170672054,True
1.2444503901542325,L640_sub01651,xi,194.14942698859556,1927,0.19330571565668817,0.8035675892841849,B,False,2026,0.24055937326800872,True
1.258152412930096,L640_sub01651,xi,206.89792169086667,1893,0.20532774860107209,0.7948162636918622,B,False,2064,0.25833360234394304,True
1.1215478770635035,L640_sub01651,xi,220.14654210320907,1878,0.22511438367324704,0.8916248877562439,B,False,2030,0.25247655910518924,True
1.2834246805648792,L640_sub01651,xi,234.13777995018233,2012,0.22924872912478272,0.7791653184975886,B,False,2003,0.2942234769468788,True
1.365531566126047,L640_sub01651,xi,249.1294844051984,2000,0.22307428057228076,0.7323155500805859,B,False,2092,0.3046149717123077,True
1.3969254032714447,L640_sub01651,xi,265.12167018182424,1983,0.23379914525740667,0.7158578386921096,B,False,2049,0.3265999652732219,True
1.3210090767792846,L640_sub01651,xi,282.35660077285246,1953,0.24759978797284432,0.7569970695720518,B,False,2025,0.32708156732075366,True
1.3843241958729404,L640_sub01651,xi,300.85004570383563,2061,0.2683125084220136,0.7223741396569395,B,False,2080,0.37143149746395554,True
1.213456039297836,L640_sub01651,xi,315.46037786067524,635,0.3350310033753692,1.213456039297836,B,False,398,0.27609653133312867,True
1.9617771386345904,L640_sub01651,lambda,33.98529093593286,2625,0.11321898697175455,1.9617771386345904,B,False,1855,0.05771246118738834,True
1.8886714470214676,L640_sub01651,lambda,35.98610843089316,2635,0.11707013197757334,1.8886714470214676,B,False,1799,0.06198544069811559,True
2.17731021658647,L640_sub01651,lambda,38.22956970723055,2664,0.12198254759078292,2.17731021658647,B,False,1815,0.05602442254738692,True
1.583668846871039,L640_sub01651,lambda,40.7308237088326,2657,0.12164041360485768,1.583668846871039,B,False,1814,0.0768092482498414,True
1.9250880306436515,L640_sub01651,lambda,43.23193264243457,2625,0.13738469308782433,1.9250880306436515,B,False,1785,0.07136540817922486,True
1.912550921422507,L640_sub01651,lambda,45.97553697348189,2646,0.13321902177695014,1.912550921422507,B,False,1679,0.06965515024189013,True
1.8940801197744683,L640_sub01651,lambda,48.977035434987286,2643,0.13819991664068043,1.8940801197744683,B,False,1832,0.07296413451461396,True
1.8630398020846861,L640_sub01651,lambda,52.22068555658763,2663,0.15385355984790824,1.8630398020846861,B,False,1864,0.08258200371014655,True
1.8415188219983905,L640_sub01651,lambda,55.72252686302013,2630,0.1629829066840348,1.8415188219983905,B,False,1752,0.08850461083377255,True
1.770221963060907,L640_sub01651,lambda,59.22415047934415,2643,0.16385521565737388,1.770221963060907,B,False,1705,0.0925619606334848,True
1.8961333640591347,L640_sub01651,lambda,62.96824596572466,2562,0.17820916290296746,1.8961333640591347,B,False,1754,0.09398556361113092,True
1.710486766476086,L640_sub01651,lambda,66.97014260101288,2626,0.1642586691693674,1.710486766476086,B,False,1744,0.09603036538410066,True
1.866421485029716,L640_sub01651,lambda,71.21446482281532,2564,0.19172972714879755,1.866421485029716,B,False,1711,0.1027258465928691,True
1.7111871117089614,L640_sub01651,lambda,75.95887044973747,2582,0.18234570869465927,1.7111871117089614,B,False,1743,0.10656094090876522,True
1.6930435856772368,L640_sub01651,lambda,80.96141056083448,2536,0.20272324404151995,1.6930435856772368,B,False,1742,0.11973893983386631,True
1.7218130621241015,L640_sub01651,lambda,86.20614827261453,2494,0.20021859589920174,1.7218130621241015,B,False,1770,0.11628358519490124,True
1.619893307773307,L640_sub01651,lambda,91.95107394696377,2527,0.2039398246703953,1.619893307773307,B,False,1749,0.12589707216627088,True
1.8709560277737727,L640_sub01651,lambda,97.95407086997457,2432,0.2179999918217604,1.8709560277737727,B,False,1609,0.11651796652920587,True
1.7561731398699885,L640_sub01651,lambda,104.19932821280567,2451,0.236279732956758,1.7561731398699885,B,False,1686,0.1345423908341122,True
1.5968721990509573,L640_sub01651,lambda,110.94480609744649,2433,0.24538249394588882,1.5968721990509573,B,False,1675,0.15366445360607,True
1.6956226097624676,L640_sub01651,lambda,117.94808179873041,2332,0.2400394216736071,1.6956226097624676,B,False,1633,0.14156417842719918,True
1.66204719091723,L640_sub01651,lambda,125.193849689192,2515,0.26386647823383785,1.66204719091723,B,False,1655,0.15875991949916807,True
1.7544267282307,L640_sub01651,lambda,133.18220601867202,2352,0.2736523147637781,1.7544267282307,B,False,1675,0.15597819524771508,True
1.8061517904357614,L640_sub01651,lambda,141.92867927237256,2453,0.2808730193067059,1.8061517904357614,B,False,1726,0.1555090888783722,True
1.8545679247585758,L640_sub01651,lambda,151.17539482336403,2332,0.30656448675011644,1.8545679247585758,B,False,1692,0.16530237725858676,True
1.7606202812812908,L640_sub01651,lambda,160.92234151913152,2259,0.3082797596762028,1.7606202812812908,B,False,1665,0.17509724439380667,True
1.8207240537261393,L640_sub01651,lambda,171.1695066301238,2321,0.3300356282940957,1.8207240537261393,B,False,1585,0.18126614388307377,True
1.749661986860008,L640_sub01651,lambda,182.15927096911648,2331,0.3344129032269047,1.749661986860008,B,False,1584,0.191130004388477,True
1.7163521856277877,L640_sub01651,lambda,194.14942698859556,2333,0.3376772279115203,1.7163521856277877,B,False,1631,0.19674122289069043,True
1.6708490153115312,L640_sub01651,lambda,206.89792169086667,2279,0.34783249069966615,1.6708490153115312,B,False,1601,0.20817709291034445,True
1.8240540204261757,L640_sub01651,lambda,220.14654210320907,2267,0.3766183557581295,1.8240540204261757,B,False,1605,0.20647324670249384,True
1.6717903154816798,L640_sub01651,lambda,234.13777995018233,2192,0.3592199607835927,1.6717903154816798,B,False,1529,0.2148714210490527,True
1.6036873211068394,L640_sub01651,lambda,249.1294844051984,2162,0.3667608268766367,1.6036873211068394,B,False,1550,0.2286984638773001,True
1.643473067612685,L640_sub01651,lambda,265.12167018182424,2270,0.3726221822973906,1.643473067612685,B,False,1612,0.22672849932287784,True
1.727737425370824,L640_sub01651,lambda,282.35660077285246,2117,0.3796999403557456,1.727737425370824,B,False,1555,0.21976715603891644,True
1.5544278114574461,L640_sub01651,lambda,300.85004570383563,2152,0.37419165252533965,1.5544278114574461,B,False,1546,0.24072629797744935,True
1.5307891267558862,L640_sub01651,lambda,315.46037786067524,510,0.41328349477796567,1.5307891267558862,B,False,528,0.2699806835274652,True
6.221296791397618,L640_sub01651,parallel,33.98529093593286,1820,0.013926558451248535,0.16073819229822492,u,False,4096,0.08664125340796389,True
6.451030376451458,L640_sub01651,parallel,35.98610843089316,1844,0.014221087254854504,0.15501399646951805,u,False,4096,0.09174066586723308,True
5.560974046260124,L640_sub01651,parallel,38.22956970723055,1876,0.016765778115197954,0.17982461196209354,u,False,4096,0.0932340569639718,True
5.585507626714419,L640_sub01651,parallel,40.7308237088326,1946,0.01712383905531136,0.17903475687996387,u,False,4096,0.09564533364207184,True
4.965806902788085,L640_sub01651,parallel,43.23193264243457,1890,0.02068979167690452,0.20137714163604378,u,False,4096,0.10274151032641993,True
5.25754513612921,L640_sub01651,parallel,45.97553697348189,1857,0.020527330561320153,0.19020283689589687,u,False,4096,0.10792336695038525,True
4.683234791940715,L640_sub01651,parallel,48.977035434987286,1903,0.02286088922158694,0.2135276244788922,u,False,4096,0.10706291177723845,True
5.061388545349593,L640_sub01651,parallel,52.22068555658763,1864,0.023459096942640714,0.19757424094990705,u,False,4096,0.11873560454972736,True
5.154109573630783,L640_sub01651,parallel,55.72252686302013,1973,0.023283367127441845,0.194019934134919,u,False,4096,0.12000502541790828,True
4.523300943843801,L640_sub01651,parallel,59.22415047934415,1870,0.02739029994689294,0.22107748575981817,u,False,4096,0.12389456960194564,True
4.753777434121749,L640_sub01651,parallel,62.96824596572466,1948,0.026981027729778263,0.21035902792212824,u,False,4096,0.12826180077123306,True
4.211242895185233,L640_sub01651,parallel,66.97014260101288,1919,0.03094298699316391,0.23745958732119504,u,False,4096,0.1303084341307706,True
4.200147412870421,L640_sub01651,parallel,71.21446482281532,1905,0.031313520156352914,0.23808688164984917,u,False,4096,0.13152140067257145,True
4.24071060728332,L640_sub01651,parallel,75.95887044973747,1931,0.03470426960447918,0.23580953585527004,u,False,4096,0.14717076422973496,True
4.1527299174127705,L640_sub01651,parallel,80.96141056083448,1973,0.03446828421314243,0.24080545084497548,u,False,4096,0.14313747505380287,True
3.7686377766404355,L640_sub01651,parallel,86.20614827261453,1968,0.04147998555125775,0.265347868186858,u,False,4096,0.15632304052296941,True
3.793519076485543,L640_sub01651,parallel,91.95107394696377,2017,0.042456048196489585,0.2636074789233529,u,False,4096,0.16105782874557287,True
4.394727269667669,L640_sub01651,parallel,97.95407086997457,1992,0.03801369672713528,0.22754540580981725,u,False,4096,0.16705982962761806,True
3.9831642732081343,L640_sub01651,parallel,104.19932821280567,2019,0.0459228923968031,0.25105668042020685,u,False,4096,0.18291842431732758,True
3.751517642810173,L640_sub01651,parallel,110.94480609744649,2069,0.049668950249821424,0.26655878905874575,u,False,4096,0.1863339431620658,True
3.6601717354964234,L640_sub01651,parallel,117.94808179873041,2018,0.05554285998505359,0.2732112240259053,u,False,4096,0.20329640622592846,True
3.810763474673772,L640_sub01651,parallel,125.193849689192,2026,0.056602748859102915,0.26241460711113984,u,False,4096,0.2156996879184019,True
3.7075188043285405,L640_sub01651,parallel,133.18220601867202,2025,0.05986337951534652,0.2697221653555733,u,False,4096,0.22194460524380313,True
4.0145205419189045,L640_sub01651,parallel,141.92867927237256,2046,0.06121850428345164,0.2490957486848502,u,False,4096,0.245762942991467,True
3.846173290805738,L640_sub01651,parallel,151.17539482336403,2075,0.06798865943253447,0.25999868554817746,u,False,4096,0.2614961659871017,True
4.232732142775669,L640_sub01651,parallel,160.92234151913152,2081,0.06708631156096075,0.2362540237058887,u,False,4096,0.28395838728434153,True
4.00791492175334,L640_sub01651,parallel,171.1695066301238,2064,0.0723233408166612,0.24950629430091062,u,False,4096,0.2898657968501488,True
3.7545668201330513,L640_sub01651,parallel,182.15927096911648,2099,0.08448814424415849,0.26634231002035086,u,False,4096,0.3172163830737327,True
3.931815604343508,L640_sub01651,parallel,194.14942698859556,2088,0.08603055581581366,0.2543354268433372,u,False,4096,0.3382562818069613,True
3.7307527162935252,L640_sub01651,parallel,206.89792169086667,2088,0.09289355013882958,0.26804242361940633,u,False,4096,0.34656286450658724,True
4.240346520857684,L640_sub01651,parallel,220.14654210320907,2150,0.091451998145334,0.23582978303332922,u,False,4096,0.3877881621610504,True
3.9509374888770368,L640_sub01651,parallel,234.13777995018233,2109,0.10220785199018936,0.25310448540764613,u,False,4096,0.4038168340856346,True
4.1092208902642255,L640_sub01651,parallel,249.1294844051984,2031,0.10771168926433984,0.24335513390610145,u,False,4096,0.4426111236506742,True
4.075591122607106,L640_sub01651,parallel,265.12167018182424,2073,0.11970782585953052,0.2453631804360964,u,False,4096,0.48788015237969995,True
4.2503391919721425,L640_sub01651,parallel,282.35660077285246,2174,0.12361677944064382,0.23527534035136702,u,False,4096,0.5254132424419445,True
4.198035315937736,L640_sub01651,parallel,300.85004570383563,2175,0.1346140080850942,0.2382066668671235,u,False,4096,0.5651143599611534,True
,L640_sub01651,parallel,315.46037786067524,969,0.20357050330962145,,u,False,0,,False
1.6163786907341338,L640_sub01651,xi,33.98529093593286,1700,0.022189893517784033,0.6186669038217868,u,False,1939,0.0358672710318056,True
1.455687247011748,L640_sub01651,xi,35.98610843089316,1688,0.02478480802899379,0.686960747957923,u,False,1993,0.03607892896744063,True
1.5648495218149834,L640_sub01651,xi,38.22956970723055,1677,0.024273760052697817,0.639039080792992,u,False,2001,0.03798478181111582,True
1.5822826200085043,L640_sub01651,xi,40.7308237088326,1632,0.026457732787170726,0.6319983467900477,u,False,1971,0.0418636107539694,True
1.5302556968617431,L640_sub01651,xi,43.23193264243457,1710,0.028227507338001282,0.6534855593420142,u,False,1880,0.04319530391218312,True
1.5084941942842494,L640_sub01651,xi,45.97553697348189,1701,0.030052962555857234,0.6629127270022277,u,False,1967,0.045334719536552576,True
1.539195984764223,L640_sub01651,xi,48.977035434987286,1742,0.030689754746497093,0.6496898445022788,u,False,2019,0.04723754727920708,True
1.399038930438104,L640_sub01651,xi,52.22068555658763,1632,0.03510559599873883,0.7147763927390167,u,False,1995,0.049114095478467755,True
1.7005176557862893,L640_sub01651,xi,55.72252686302013,1738,0.03335862137257639,0.5880562289943515,u,False,2032,0.05672692461675601,True
1.5044674499915347,L640_sub01651,xi,59.22415047934415,1725,0.03658821469100067,0.6646870292910803,u,False,1932,0.055045778055912584,True
1.5190436618652277,L640_sub01651,xi,62.96824596572466,1674,0.03903743455932753,0.6583089249535488,u,False,2017,0.05929956754282508,True
1.4285933598757168,L640_sub01651,xi,66.97014260101288,1723,0.04081462120821383,0.6999892538258731,u,False,1982,0.05830749684389688,True
1.4536304520621894,L640_sub01651,xi,71.21446482281532,1805,0.042625819415042426,0.6879327538724525,u,False,1960,0.06196218914580938,True
1.60601682312519,L640_sub01651,xi,75.95887044973747,1744,0.041572266426381246,0.6226584837723393,u,False,1984,0.0667657592562108,True
1.6245997959906737,L640_sub01651,xi,80.96141056083448,1820,0.044875321279731505,0.6155362092669748,u,False,1989,0.07290443779606774,True
1.5902281227369643,L640_sub01651,xi,86.20614827261453,1794,0.047498291378865604,0.6288405956994936,u,False,1999,0.07553311873262679,True
1.5218918444896654,L640_sub01651,xi,91.95107394696377,1799,0.051459522827479794,0.6570769162215526,u,False,1977,0.07831582811247126,True
1.4862570111345903,L640_sub01651,xi,97.95407086997457,1790,0.05246357914460284,0.6728311405822148,u,False,2017,0.07797436233288045,True
1.5258189248537901,L640_sub01651,xi,104.19932821280567,1731,0.05661329301925037,0.6553857628262304,u,False,1983,0.08638163388706518,True
1.4934068001145686,L640_sub01651,xi,110.94480609744649,1820,0.057593001199909885,0.6696099146751466,u,False,1986,0.08600977963095192,True
1.4428593538004064,L640_sub01651,xi,117.94808179873041,1797,0.06070972895403839,0.6930682449166365,u,False,2024,0.08759560028802164,True
1.6211227906242973,L640_sub01651,xi,125.193849689192,1907,0.06287277858775325,0.6168564193801126,u,False,1945,0.10192449427848212,True
1.3734895626662915,L640_sub01651,xi,133.18220601867202,1831,0.0678573281717832,0.7280725148422289,u,False,2013,0.09320133199436552,True
1.4585185980411959,L640_sub01651,xi,141.92867927237256,1866,0.06803001881650526,0.6856271845576802,u,False,2051,0.09922304766896543,True
1.4119410028707877,L640_sub01651,xi,151.17539482336403,1883,0.07544088583833126,0.70824488981252,u,False,2028,0.10651808000803405,True
1.4543698126759133,L640_sub01651,xi,160.92234151913152,1789,0.07954231704861245,0.6875830282533762,u,False,2033,0.11568394474579859,True
1.4551841713187152,L640_sub01651,xi,171.1695066301238,1849,0.074774781731805,0.6871982390337446,u,False,1941,0.10881107878993448,True
1.4179658722335817,L640_sub01651,xi,182.15927096911648,1816,0.08163935010726919,0.7052355910546695,u,False,1992,0.11576181228343672,True
1.3596702317370446,L640_sub01651,xi,194.14942698859556,1785,0.08816316262431927,0.7354724525537722,u,False,2041,0.11987282775607892,True
1.2952756968164276,L640_sub01651,xi,206.89792169086667,1711,0.09589196548332864,0.7720364108257677,u,False,2027,0.12420653241051532,True
1.2845496002892103,L640_sub01651,xi,220.14654210320907,1842,0.09281752358434797,0.7784829793842564,u,False,2012,0.11922871282010852,True
1.3958935924156703,L640_sub01651,xi,234.13777995018233,1877,0.10184172025539724,0.7163869835303458,u,False,2050,0.1421602047450982,True
1.3681440737475632,L640_sub01651,xi,249.1294844051984,1776,0.11051319730355351,0.7309171739938483,u,False,1962,0.1511979759617519,True
1.2056465711767845,L640_sub01651,xi,265.12167018182424,1756,0.11712891085352582,0.829430468187654,u,False,2013,0.14121606975622467,True
1.2993475154046767,L640_sub01651,xi,282.35660077285246,1743,0.12337780194046906,0.7696170486681185,u,False,1940,0.16031064040743878,True
1.1901498111089255,L640_sub01651,xi,300.85004570383563,1782,0.13228609046611664,0.8402303564357558,u,False,2039,0.15744026558058696,True
2.1335886188046502,L640_sub01651,xi,315.46037786067524,552,0.14720093139806906,2.1335886188046502,u,False,287,0.0689921806390863,True
1.2617986872269171,L640_sub01651,lambda,33.98529093593286,2529,0.045730819311040616,1.2617986872269171,u,False,1678,0.03624256371001958,True
1.1234151732014652,L640_sub01651,lambda,35.98610843089316,2633,0.04512637986496358,1.1234151732014652,u,False,1630,0.04016892502561111,True
1.21230742038313,L640_sub01651,lambda,38.22956970723055,2607,0.04946321069356625,1.21230742038313,u,False,1648,0.04080088091676796,True
1.0458875646824448,L640_sub01651,lambda,40.7308237088326,2608,0.050621073560492336,1.0458875646824448,u,False,1657,0.04840011036545983,True
1.170356059510853,L640_sub01651,lambda,43.23193264243457,2556,0.05227133901616248,1.170356059510853,u,False,1684,0.04466276616537461,True
1.2306750969825866,L640_sub01651,lambda,45.97553697348189,2531,0.05575459810154178,1.2306750969825866,u,False,1665,0.04530407598093347,True
1.1517167272867885,L640_sub01651,lambda,48.977035434987286,2489,0.05354059162079804,1.1517167272867885,u,False,1642,0.04648763914971422,True
1.214313502075426,L640_sub01651,lambda,52.22068555658763,2555,0.061415474042930476,1.214313502075426,u,False,1652,0.05057629182082149,True
1.1204753254433313,L640_sub01651,lambda,55.72252686302013,2442,0.06094530980149453,1.1204753254433313,u,False,1565,0.05439237118173994,True
1.0859180383857012,L640_sub01651,lambda,59.22415047934415,2459,0.059041475656785074,1.0859180383857012,u,False,1566,0.054370103055433786,True
1.185634906333839,L640_sub01651,lambda,62.96824596572466,2467,0.06532799376317862,1.185634906333839,u,False,1649,0.05509958707708984,True
1.2287110785732616,L640_sub01651,lambda,66.97014260101288,2543,0.06735631768975335,1.2287110785732616,u,False,1609,0.05481867858468833,True
1.1307517823463489,L640_sub01651,lambda,71.21446482281532,2406,0.0655261885512788,1.1307517823463489,u,False,1597,0.05794922420136248,True
1.056131062315768,L640_sub01651,lambda,75.95887044973747,2407,0.06737179108946059,1.056131062315768,u,False,1572,0.0637911273452512,True
1.1685471403925076,L640_sub01651,lambda,80.96141056083448,2510,0.0740872908511856,1.1685471403925076,u,False,1551,0.06340119990905985,True
1.0654932905005532,L640_sub01651,lambda,86.20614827261453,2469,0.07375237080947725,1.0654932905005532,u,False,1583,0.06921899130385839,True
1.052757714626451,L640_sub01651,lambda,91.95107394696377,2487,0.07539261233178639,1.052757714626451,u,False,1519,0.07161440024074094,True
1.110547129754824,L640_sub01651,lambda,97.95407086997457,2484,0.08183884797751259,1.110547129754824,u,False,1559,0.07369236818934483,True
1.1161373368913725,L640_sub01651,lambda,104.19932821280567,2360,0.0856200256997533,1.1161373368913725,u,False,1522,0.07671101294596887,True
1.1237760433272792,L640_sub01651,lambda,110.94480609744649,2414,0.09067674725862607,1.1237760433272792,u,False,1573,0.08068934001311338,True
1.1196503440126464,L640_sub01651,lambda,117.94808179873041,2440,0.08756063852837512,1.1196503440126464,u,False,1483,0.07820355613393723,True
1.2552873879363047,L640_sub01651,lambda,125.193849689192,2514,0.09824169253161641,1.2552873879363047,u,False,1441,0.07826231146409109,True
1.1386229443158842,L640_sub01651,lambda,133.18220601867202,2378,0.09894645818896591,1.1386229443158842,u,False,1559,0.0869001091914722,True
1.2083213654021023,L640_sub01651,lambda,141.92867927237256,2410,0.10307025932574707,1.2083213654021023,u,False,1464,0.08530036981630924,True
1.2717785127326178,L640_sub01651,lambda,151.17539482336403,2337,0.10883964121133427,1.2717785127326178,u,False,1476,0.08558065741925065,True
1.2868360685950226,L640_sub01651,lambda,160.92234151913152,2325,0.11734306117150926,1.2868360685950226,u,False,1485,0.09118726466816034,True
1.2191600634723452,L640_sub01651,lambda,171.1695066301238,2384,0.11181240807295839,1.2191600634723452,u,False,1512,0.09171265646161374,True
1.2152950003283487,L640_sub01651,lambda,182.15927096911648,2375,0.11821801548830205,1.2152950003283487,u,False,1520,0.09727515990468312,True
1.2101893665805805,L640_sub01651,lambda,194.14942698859556,2390,0.12341616564916133,1.2101893665805805,u,False,1455,0.10198087097548766,True
1.2256797786498468,L640_sub01651,lambda,206.89792169086667,2343,0.12384192062137328,1.2256797786498468,u,False,1453,0.10103937649831501,True
1.2679735266120848,L640_sub01651,lambda,220.14654210320907,2345,0.12688140821248953,1.2679735266120848,u,False,1539,0.10006629125097401,True
1.3825380521478952,L640_sub01651,lambda,234.13777995018233,2374,0.13619851231965635,1.3825380521478952,u,False,1545,0.09851339144558077,True
1.3922439266866626,L640_sub01651,lambda,249.1294844051984,2408,0.14454498867713766,1.3922439266866626,u,False,1460,0.10382159757100441,True
1.3656619008366193,L640_sub01651,lambda,265.12167018182424,2318,0.14751211155686716,1.3656619008366193,u,False,1555,0.1080151034941369,True
1.3154267487952906,L640_sub01651,lambda,282.35660077285246,2385,0.15252201411374636,1.3154267487952906,u,False,1584,0.11594869440919522,True
1.406934388683019,L640_sub01651,lambda,300.85004570383563,2352,0.16986460605445078,1.406934388683019,u,False,1577,0.12073385043452876,True
1.8022294515804949,L640_sub01651,lambda,315.46037786067524,486,0.10198266607075432,0.5548683044342847,u,False,688,0.18379616434341228,True
